month;hour;holiday;weekday;workingday;temperature;humidity;windspeed;count;weather_clear;weather_cloudy;weather_heavy rain/snow;weather_light rain/snow
12;6;0.0;4;True;6.1;65.0;0.0;118;False;True;False;False
11;9;0.0;3;True;6.1;52.0;26.0;332;True;False;False;False
8;3;0.0;4;True;21.14;83.0;6.0;9;True;False;False;False
5;8;0.0;4;True;21.14;73.0;9.0;692;True;False;False;False
10;13;0.0;6;False;22.08;57.0;35.0;710;False;True;False;False
12;15;0.0;5;True;10.8;47.0;11.0;309;True;False;False;False
7;21;0.0;0;False;25.84;70.0;9.0;271;True;False;False;False
2;14;0.0;3;True;6.1;56.0;11.0;108;False;True;False;False
11;1;0.0;3;True;3.28;60.0;20.0;12;True;False;False;False
1;22;0.0;2;True;7.04;81.0;0.0;125;True;False;False;False
10;10;0.0;5;True;23.02;54.0;0.0;260;True;False;False;False
1;21;0.0;3;True;6.1;65.0;0.0;185;True;False;False;False
10;18;0.0;0;False;16.44;39.0;13.0;413;True;False;False;False
1;20;0.0;3;True;2.34;37.0;17.0;165;True;False;False;False
7;21;0.0;3;True;25.84;58.0;15.0;391;True;False;False;False
9;23;0.0;2;True;17.38;68.0;7.0;109;True;False;False;False
8;20;0.0;0;False;22.08;73.0;13.0;274;False;True;False;False
4;4;0.0;1;True;6.1;81.0;19.0;3;False;False;False;True
7;8;0.0;1;True;23.02;83.0;11.0;455;False;True;False;False
2;9;0.0;4;True;6.1;70.0;11.0;202;False;True;False;False
1;5;0.0;0;False;-0.48;47.0;22.0;5;False;True;False;False
11;7;0.0;5;True;3.28;81.0;0.0;77;True;False;False;False
7;0;0.0;6;False;28.66;66.0;9.0;150;True;False;False;False
4;16;0.0;3;True;11.74;77.0;15.0;235;False;True;False;False
2;5;0.0;0;False;-3.3;49.0;26.0;3;True;False;False;False
3;6;0.0;6;False;16.44;83.0;11.0;28;False;True;False;False
9;7;0.0;0;False;17.38;73.0;11.0;70;True;False;False;False
12;18;0.0;1;True;15.5;68.0;6.0;692;True;False;False;False
12;17;0.0;1;True;3.28;93.0;11.0;26;False;False;False;True
12;11;0.0;3;True;12.68;44.0;19.0;172;True;False;False;False
11;1;0.0;2;True;7.98;66.0;7.0;13;True;False;False;False
4;12;0.0;4;True;12.68;33.0;0.0;276;True;False;False;False
4;6;0.0;4;True;10.8;82.0;7.0;120;False;True;False;False
7;15;0.0;6;False;37.12;26.0;0.0;306;True;False;False;False
2;11;0.0;3;True;4.22;65.0;15.0;102;False;True;False;False
9;6;0.0;6;False;23.96;79.0;0.0;36;True;False;False;False
12;11;0.0;3;True;10.8;54.0;15.0;200;True;False;False;False
5;13;0.0;3;True;22.08;53.0;17.0;266;False;True;False;False
8;23;0.0;1;True;24.9;70.0;15.0;128;True;False;False;False
6;9;0.0;3;True;18.32;60.0;6.0;303;True;False;False;False
1;21;0.0;0;False;12.68;67.0;17.0;71;False;True;False;False
12;11;0.0;5;True;5.16;52.0;15.0;178;False;True;False;False
3;21;0.0;2;True;18.32;73.0;0.0;277;True;False;False;False
10;1;0.0;5;True;10.8;66.0;6.0;37;True;False;False;False
1;15;0.0;0;False;8.92;25.0;19.0;310;True;False;False;False
10;17;0.0;2;True;16.44;39.0;13.0;943;True;False;False;False
7;3;0.0;5;True;24.9;74.0;11.0;12;True;False;False;False
6;2;0.0;6;False;22.08;89.0;0.0;61;False;True;False;False
3;22;0.0;1;True;3.28;35.0;22.0;78;True;False;False;False
7;22;0.0;6;False;31.48;59.0;13.0;220;True;False;False;False
11;19;0.0;4;True;10.8;50.0;11.0;452;False;True;False;False
11;18;0.0;5;True;7.98;61.0;0.0;509;False;True;False;False
8;1;0.0;4;True;23.96;79.0;7.0;42;True;False;False;False
12;15;0.0;3;True;11.74;50.0;19.0;237;True;False;False;False
10;2;0.0;5;True;17.38;73.0;6.0;11;True;False;False;False
1;17;0.0;5;True;2.34;32.0;6.0;349;False;True;False;False
1;0;0.0;5;True;4.22;48.0;20.0;27;False;True;False;False
3;20;0.0;1;True;10.8;26.0;35.0;221;True;False;False;False
3;10;0.0;4;True;13.62;47.0;30.0;166;True;False;False;False
7;22;0.0;2;True;26.78;66.0;17.0;269;True;False;False;False
1;0;0.0;5;True;10.8;71.0;19.0;42;False;True;False;False
4;12;0.0;0;False;22.08;44.0;19.0;635;True;False;False;False
2;11;0.0;5;True;8.92;81.0;7.0;163;False;True;False;False
3;10;0.0;4;True;16.44;68.0;7.0;164;True;False;False;False
2;20;0.0;6;False;3.28;93.0;13.0;77;False;False;False;True
12;17;0.0;0;False;7.04;49.0;13.0;114;True;False;False;False
6;13;0.0;5;True;36.18;38.0;13.0;239;True;False;False;False
12;4;0.0;5;True;4.22;75.0;7.0;10;True;False;False;False
12;23;0.0;1;True;11.74;82.0;7.0;102;True;False;False;False
10;5;0.0;6;False;6.1;61.0;13.0;11;True;False;False;False
8;10;0.0;2;True;24.9;79.0;7.0;208;True;False;False;False
7;10;0.0;5;True;24.9;79.0;11.0;233;False;True;False;False
2;0;0.0;3;True;6.1;56.0;15.0;23;True;False;False;False
7;22;0.0;2;True;29.6;55.0;15.0;244;True;False;False;False
11;6;0.0;5;True;6.1;70.0;11.0;122;True;False;False;False
7;13;0.0;1;True;27.72;55.0;17.0;255;False;True;False;False
1;21;0.0;1;True;6.1;42.0;11.0;162;True;False;False;False
12;8;0.0;1;True;8.92;93.0;0.0;731;True;False;False;False
11;0;0.0;6;False;7.04;76.0;6.0;122;True;False;False;False
1;18;0.0;1;True;1.4;86.0;6.0;164;False;False;True;False
7;22;0.0;1;True;24.9;74.0;15.0;230;False;True;False;False
6;18;0.0;2;True;20.2;43.0;13.0;790;True;False;False;False
11;14;0.0;0;False;20.2;33.0;11.0;654;True;False;False;False
5;18;0.0;0;False;21.14;61.0;13.0;463;False;True;False;False
6;6;0.0;1;True;22.08;78.0;11.0;158;True;False;False;False
2;8;0.0;2;True;4.22;48.0;19.0;559;True;False;False;False
7;12;0.0;1;True;31.48;32.0;13.0;257;True;False;False;False
9;10;0.0;6;False;23.02;65.0;22.0;474;True;False;False;False
8;4;0.0;3;True;22.08;83.0;7.0;4;True;False;False;False
9;16;1.0;1;False;26.78;70.0;15.0;500;True;False;False;False
7;18;0.0;2;True;27.72;55.0;19.0;857;True;False;False;False
6;6;0.0;4;True;13.62;88.0;7.0;170;True;False;False;False
8;8;0.0;0;False;23.02;54.0;15.0;119;True;False;False;False
1;4;1.0;1;False;5.16;45.0;22.0;4;True;False;False;False
5;22;0.0;4;True;21.14;78.0;0.0;246;True;False;False;False
5;15;0.0;0;False;28.66;52.0;19.0;535;True;False;False;False
7;7;0.0;6;False;19.26;88.0;17.0;37;False;True;False;False
8;10;0.0;6;False;25.84;62.0;6.0;407;True;False;False;False
12;18;0.0;5;True;8.92;46.0;9.0;455;True;False;False;False
8;17;0.0;1;True;24.9;58.0;19.0;893;True;False;False;False
6;15;0.0;2;True;28.66;59.0;11.0;259;True;False;False;False
1;15;0.0;0;False;-0.48;80.0;13.0;176;False;True;False;False
4;19;0.0;3;True;20.2;20.0;13.0;543;True;False;False;False
1;22;0.0;2;True;-3.3;46.0;17.0;33;True;False;False;False
2;2;0.0;3;True;7.98;66.0;19.0;6;True;False;False;False
9;6;0.0;5;True;18.32;94.0;6.0;138;False;True;False;False
6;19;0.0;5;True;21.14;88.0;24.0;45;False;False;False;True
11;12;0.0;0;False;15.5;48.0;6.0;585;True;False;False;False
10;4;0.0;6;False;6.1;65.0;11.0;11;True;False;False;False
9;17;0.0;0;False;24.9;37.0;17.0;671;True;False;False;False
11;3;0.0;4;True;4.22;70.0;6.0;2;False;True;False;False
7;13;0.0;3;True;29.6;42.0;11.0;273;False;True;False;False
6;3;0.0;5;True;25.84;58.0;13.0;8;True;False;False;False
12;13;0.0;4;True;8.92;57.0;13.0;217;False;True;False;False
10;16;0.0;3;True;11.74;54.0;15.0;424;False;True;False;False
8;20;0.0;6;False;21.14;83.0;17.0;241;False;False;False;True
5;18;0.0;2;True;29.6;49.0;33.0;710;True;False;False;False
7;11;0.0;5;True;27.72;45.0;9.0;288;False;True;False;False
9;23;1.0;1;False;24.9;84.0;17.0;70;False;True;False;False
4;23;0.0;2;True;11.74;38.0;6.0;73;True;False;False;False
2;21;0.0;2;True;7.98;61.0;11.0;154;True;False;False;False
3;16;0.0;1;True;14.56;25.0;43.0;305;True;False;False;False
9;3;0.0;2;True;23.02;89.0;6.0;10;False;True;False;False
5;4;0.0;4;True;13.62;88.0;17.0;2;False;True;False;False
4;20;0.0;4;True;12.68;41.0;13.0;312;True;False;False;False
8;12;0.0;3;True;26.78;51.0;0.0;312;True;False;False;False
3;18;0.0;4;True;15.5;39.0;20.0;681;True;False;False;False
2;16;0.0;6;False;7.04;26.0;39.0;195;True;False;False;False
4;19;0.0;0;False;8.92;87.0;35.0;35;False;False;False;True
4;8;0.0;1;True;6.1;75.0;22.0;482;False;True;False;False
3;11;0.0;6;False;16.44;77.0;9.0;585;False;True;False;False
10;12;0.0;4;True;25.84;54.0;13.0;288;False;True;False;False
4;19;1.0;1;False;27.72;35.0;26.0;522;True;False;False;False
10;16;0.0;2;True;6.1;87.0;17.0;98;False;False;False;True
1;6;0.0;0;False;1.4;40.0;7.0;5;True;False;False;False
8;20;0.0;2;True;25.84;48.0;7.0;435;True;False;False;False
3;12;0.0;6;False;18.32;68.0;11.0;651;True;False;False;False
9;10;0.0;3;True;21.14;61.0;9.0;205;True;False;False;False
4;8;0.0;3;True;15.5;39.0;13.0;576;False;False;False;True
3;17;0.0;5;True;14.56;82.0;6.0;258;False;False;False;True
4;9;0.0;3;True;7.04;49.0;20.0;302;False;True;False;False
12;22;0.0;6;False;6.1;87.0;0.0;147;False;True;False;False
6;0;0.0;1;True;18.32;73.0;17.0;40;True;False;False;False
12;13;0.0;3;True;11.74;50.0;13.0;213;True;False;False;False
9;7;0.0;6;False;14.56;67.0;19.0;73;True;False;False;False
9;20;0.0;5;True;23.02;61.0;7.0;404;True;False;False;False
1;10;0.0;4;True;3.28;52.0;6.0;86;False;True;False;False
10;22;0.0;0;False;11.74;54.0;0.0;113;True;False;False;False
8;20;0.0;0;False;22.08;89.0;11.0;211;True;False;False;False
2;12;0.0;6;False;7.04;29.0;44.0;258;True;False;False;False
9;5;0.0;4;True;12.68;77.0;7.0;56;True;False;False;False
11;11;0.0;6;False;9.86;43.0;13.0;423;True;False;False;False
2;20;0.0;4;True;7.04;36.0;0.0;199;True;False;False;False
7;16;0.0;5;True;31.48;47.0;15.0;499;True;False;False;False
9;3;0.0;0;False;13.62;67.0;6.0;58;True;False;False;False
1;14;1.0;1;False;3.28;44.0;26.0;181;True;False;False;False
6;11;0.0;2;True;23.02;83.0;24.0;65;False;False;False;True
10;5;0.0;4;True;22.08;89.0;7.0;39;False;False;False;True
2;22;0.0;0;False;4.22;60.0;7.0;191;True;False;False;False
5;4;0.0;4;True;20.2;64.0;22.0;16;True;False;False;False
3;12;0.0;4;True;17.38;88.0;13.0;272;False;True;False;False
10;14;0.0;4;True;21.14;50.0;20.0;285;False;True;False;False
7;6;0.0;1;True;23.02;83.0;11.0;161;True;False;False;False
8;11;0.0;4;True;27.72;37.0;6.0;274;True;False;False;False
6;14;0.0;6;False;30.54;23.0;13.0;593;True;False;False;False
10;12;0.0;1;True;20.2;43.0;11.0;323;False;True;False;False
8;13;0.0;6;False;26.78;40.0;13.0;644;True;False;False;False
12;0;0.0;3;True;6.1;52.0;11.0;34;True;False;False;False
9;15;0.0;1;True;22.08;65.0;17.0;338;False;True;False;False
1;17;0.0;0;False;14.56;48.0;11.0;111;False;True;False;False
5;3;0.0;5;True;18.32;88.0;15.0;14;True;False;False;False
11;3;0.0;1;True;1.4;69.0;0.0;5;True;False;False;False
2;23;0.0;2;True;8.92;50.0;6.0;57;False;True;False;False
8;0;0.0;1;True;21.14;83.0;0.0;32;True;False;False;False
5;18;0.0;1;True;20.2;53.0;24.0;680;False;True;False;False
3;16;0.0;1;True;21.14;35.0;30.0;332;True;False;False;False
11;2;0.0;1;True;8.92;66.0;17.0;5;False;True;False;False
3;10;0.0;2;True;4.22;35.0;15.0;138;True;False;False;False
8;0;0.0;5;True;25.84;70.0;13.0;71;True;False;False;False
8;20;0.0;5;True;28.66;66.0;15.0;389;False;True;False;False
2;8;0.0;5;True;1.4;59.0;11.0;448;True;False;False;False
9;21;0.0;1;True;15.5;51.0;9.0;256;True;False;False;False
8;16;0.0;0;False;27.72;40.0;7.0;513;True;False;False;False
6;23;0.0;2;True;25.84;79.0;9.0;125;True;False;False;False
12;9;0.0;3;True;5.16;75.0;7.0;317;True;False;False;False
7;10;0.0;3;True;25.84;62.0;9.0;195;False;True;False;False
2;18;1.0;1;False;7.98;34.0;15.0;242;True;False;False;False
6;16;0.0;2;True;29.6;55.0;15.0;334;True;False;False;False
11;23;0.0;3;True;3.28;70.0;9.0;87;True;False;False;False
3;10;0.0;1;True;15.5;36.0;39.0;153;True;False;False;False
12;9;0.0;4;True;4.22;60.0;33.0;133;True;False;False;False
8;2;0.0;3;True;23.96;65.0;0.0;8;True;False;False;False
7;16;0.0;0;False;29.6;43.0;9.0;521;True;False;False;False
9;19;0.0;1;True;21.14;73.0;7.0;486;False;True;False;False
2;2;0.0;4;True;12.68;62.0;15.0;9;False;True;False;False
2;2;0.0;0;False;-3.3;58.0;39.0;27;False;True;False;False
7;14;0.0;3;True;29.6;29.0;9.0;247;True;False;False;False
2;8;0.0;4;True;1.4;64.0;17.0;484;True;False;False;False
9;7;0.0;6;False;19.26;78.0;17.0;77;True;False;False;False
9;19;0.0;6;False;19.26;88.0;7.0;215;False;False;False;True
6;18;0.0;1;True;21.14;69.0;11.0;642;False;True;False;False
10;4;0.0;0;False;8.92;71.0;11.0;21;True;False;False;False
10;7;0.0;0;False;10.8;62.0;0.0;56;True;False;False;False
5;1;0.0;6;False;15.5;48.0;0.0;104;True;False;False;False
11;13;0.0;3;True;8.92;43.0;17.0;214;True;False;False;False
2;9;0.0;4;True;8.92;81.0;17.0;242;True;False;False;False
6;7;0.0;5;True;24.9;61.0;7.0;380;True;False;False;False
8;2;0.0;0;False;22.08;69.0;9.0;86;True;False;False;False
3;8;0.0;6;False;11.74;94.0;7.0;218;False;True;False;False
12;10;0.0;4;True;3.28;52.0;13.0;145;True;False;False;False
11;17;0.0;0;False;5.16;41.0;11.0;181;True;False;False;False
12;3;0.0;4;True;3.28;87.0;15.0;1;False;True;False;False
10;11;0.0;6;False;11.74;35.0;9.0;527;True;False;False;False
7;14;0.0;1;True;32.42;34.0;15.0;230;True;False;False;False
11;14;0.0;5;True;10.8;40.0;7.0;251;False;True;False;False
3;12;0.0;4;True;18.32;37.0;15.0;220;True;False;False;False
3;23;0.0;1;True;18.32;56.0;15.0;63;True;False;False;False
7;6;0.0;6;False;24.9;70.0;7.0;50;True;False;False;False
12;11;0.0;0;False;3.28;52.0;13.0;152;True;False;False;False
8;10;0.0;0;False;23.96;69.0;0.0;425;False;True;False;False
5;6;0.0;3;True;20.2;78.0;7.0;144;False;True;False;False
2;3;0.0;2;True;10.8;32.0;24.0;6;True;False;False;False
10;2;0.0;1;True;13.62;72.0;0.0;12;True;False;False;False
5;5;0.0;1;True;18.32;88.0;20.0;15;False;False;False;True
2;4;0.0;5;True;4.22;56.0;6.0;2;True;False;False;False
2;1;0.0;3;True;5.16;61.0;11.0;10;True;False;False;False
8;10;0.0;5;True;23.02;89.0;7.0;193;True;False;False;False
6;11;0.0;2;True;22.08;36.0;28.0;235;True;False;False;False
2;8;0.0;5;True;3.28;65.0;15.0;441;True;False;False;False
6;16;0.0;6;False;25.84;37.0;7.0;542;False;True;False;False
8;5;0.0;2;True;23.96;89.0;13.0;36;False;True;False;False
2;8;0.0;3;True;5.16;75.0;7.0;116;False;True;False;False
5;14;0.0;0;False;25.84;39.0;26.0;543;True;False;False;False
8;8;0.0;3;True;26.78;72.0;6.0;737;False;True;False;False
11;20;0.0;0;False;8.92;66.0;11.0;129;True;False;False;False
12;22;0.0;2;True;15.5;63.0;20.0;181;False;True;False;False
8;16;0.0;1;True;31.48;41.0;7.0;451;True;False;False;False
8;20;0.0;2;True;26.78;70.0;9.0;448;False;True;False;False
6;8;0.0;5;True;27.72;55.0;9.0;613;True;False;False;False
7;23;0.0;0;False;28.66;52.0;11.0;110;False;False;False;True
5;13;0.0;5;True;26.78;62.0;9.0;333;True;False;False;False
4;10;0.0;1;True;11.74;41.0;11.0;157;False;True;False;False
1;7;0.0;5;True;11.74;100.0;20.0;134;False;True;False;False
8;3;0.0;0;False;22.08;89.0;17.0;53;False;True;False;False
10;21;0.0;3;True;21.14;61.0;7.0;313;False;True;False;False
4;3;0.0;4;True;11.74;41.0;20.0;5;True;False;False;False
3;13;0.0;4;True;23.02;41.0;6.0;273;False;True;False;False
2;8;0.0;6;False;2.34;87.0;0.0;102;True;False;False;False
8;5;0.0;1;True;20.2;83.0;0.0;37;False;True;False;False
5;11;0.0;5;True;24.9;61.0;0.0;258;False;True;False;False
7;7;0.0;4;True;22.08;73.0;9.0;512;True;False;False;False
10;23;0.0;1;True;13.62;82.0;7.0;163;True;False;False;False
12;17;0.0;0;False;9.86;82.0;7.0;243;False;True;False;False
6;5;0.0;5;True;21.14;78.0;6.0;45;False;True;False;False
12;21;0.0;5;True;3.28;70.0;9.0;92;False;True;False;False
9;9;0.0;0;False;21.14;61.0;17.0;299;True;False;False;False
4;9;1.0;1;False;21.14;69.0;15.0;297;True;False;False;False
1;19;1.0;1;False;3.28;38.0;15.0;93;True;False;False;False
1;11;0.0;2;True;10.8;37.0;19.0;139;True;False;False;False
12;8;0.0;3;True;3.28;87.0;7.0;678;True;False;False;False
2;12;0.0;6;False;8.92;43.0;13.0;369;True;False;False;False
2;2;0.0;5;True;6.1;52.0;15.0;6;True;False;False;False
8;19;0.0;1;True;26.78;58.0;11.0;555;True;False;False;False
4;19;0.0;1;True;17.38;64.0;17.0;471;False;True;False;False
7;20;0.0;0;False;31.48;39.0;9.0;332;True;False;False;False
12;12;0.0;3;True;2.34;87.0;22.0;10;False;False;False;True
7;11;0.0;6;False;36.18;38.0;13.0;367;True;False;False;False
9;3;0.0;0;False;14.56;55.0;20.0;54;True;False;False;False
9;14;0.0;6;False;20.2;40.0;17.0;750;True;False;False;False
5;15;0.0;4;True;22.08;36.0;17.0;316;True;False;False;False
3;8;0.0;2;True;16.44;88.0;7.0;516;False;True;False;False
5;12;0.0;1;True;18.32;88.0;19.0;185;False;True;False;False
10;2;0.0;5;True;10.8;66.0;6.0;16;True;False;False;False
3;2;0.0;4;True;20.2;28.0;20.0;6;True;False;False;False
3;4;0.0;0;False;11.74;94.0;11.0;14;False;True;False;False
9;20;0.0;6;False;19.26;88.0;6.0;194;False;True;False;False
3;11;0.0;6;False;6.1;33.0;22.0;274;True;False;False;False
4;13;0.0;4;True;14.56;36.0;30.0;203;True;False;False;False
3;12;0.0;0;False;10.8;94.0;15.0;360;False;True;False;False
4;17;0.0;0;False;24.9;42.0;22.0;623;True;False;False;False
1;1;0.0;1;True;0.46;86.0;7.0;4;False;True;False;False
2;23;0.0;4;True;7.04;81.0;6.0;73;True;False;False;False
6;7;0.0;6;False;19.26;64.0;7.0;87;True;False;False;False
4;6;0.0;0;False;15.5;63.0;9.0;16;True;False;False;False
11;3;0.0;1;True;8.92;66.0;15.0;2;False;True;False;False
5;9;0.0;3;True;21.14;69.0;13.0;305;False;True;False;False
12;7;0.0;2;True;7.98;66.0;28.0;380;True;False;False;False
3;8;0.0;0;False;10.8;94.0;22.0;89;False;True;False;False
8;1;0.0;5;True;23.02;65.0;7.0;54;True;False;False;False
7;12;0.0;2;True;34.3;35.0;0.0;254;False;True;False;False
10;22;0.0;2;True;14.56;77.0;6.0;162;False;True;False;False
10;12;0.0;1;True;19.26;35.0;0.0;283;True;False;False;False
7;18;0.0;3;True;29.6;27.0;9.0;891;True;False;False;False
7;7;0.0;5;True;24.9;54.0;0.0;380;False;True;False;False
5;1;0.0;2;True;15.5;63.0;9.0;21;False;True;False;False
11;0;0.0;3;True;6.1;56.0;19.0;283;False;True;False;False
4;21;0.0;4;True;16.44;83.0;15.0;250;True;False;False;False
4;12;0.0;0;False;17.38;24.0;17.0;457;True;False;False;False
2;10;0.0;4;True;2.34;51.0;15.0;97;True;False;False;False
4;8;0.0;3;True;12.68;72.0;7.0;684;False;True;False;False
5;4;0.0;3;True;17.38;94.0;9.0;4;True;False;False;False
5;20;0.0;1;True;19.26;88.0;13.0;189;False;True;False;False
2;0;0.0;6;False;6.1;70.0;9.0;53;False;True;False;False
3;23;0.0;5;True;7.04;33.0;20.0;86;True;False;False;False
10;14;0.0;0;False;18.32;35.0;13.0;640;True;False;False;False
11;13;0.0;6;False;7.04;36.0;22.0;225;True;False;False;False
10;3;0.0;0;False;15.5;63.0;22.0;79;False;True;False;False
5;19;0.0;2;True;28.66;52.0;24.0;526;True;False;False;False
12;18;0.0;6;False;6.1;70.0;13.0;110;True;False;False;False
2;18;0.0;6;False;6.1;28.0;39.0;133;True;False;False;False
9;0;0.0;4;True;20.2;78.0;6.0;65;True;False;False;False
11;4;0.0;5;True;7.04;53.0;24.0;14;True;False;False;False
7;14;0.0;0;False;29.6;46.0;13.0;522;True;False;False;False
6;15;0.0;1;True;23.02;39.0;20.0;292;True;False;False;False
9;12;0.0;4;True;21.14;43.0;9.0;290;True;False;False;False
8;7;0.0;3;True;22.08;65.0;6.0;554;True;False;False;False
2;21;0.0;4;True;12.68;51.0;15.0;222;True;False;False;False
8;11;0.0;6;False;26.78;66.0;11.0;499;True;False;False;False
7;21;0.0;2;True;24.9;70.0;19.0;196;False;True;False;False
1;14;0.0;2;True;8.92;81.0;15.0;173;True;False;False;False
11;5;0.0;4;True;6.1;42.0;15.0;35;False;True;False;False
9;6;0.0;0;False;12.68;62.0;17.0;16;True;False;False;False
1;19;0.0;6;False;1.4;47.0;15.0;102;True;False;False;False
11;7;0.0;3;True;3.28;65.0;19.0;415;True;False;False;False
4;5;0.0;0;False;12.68;77.0;15.0;6;False;True;False;False
1;4;1.0;1;False;-2.36;58.0;7.0;8;True;False;False;False
6;18;0.0;6;False;30.54;26.0;20.0;481;True;False;False;False
8;7;0.0;5;True;22.08;78.0;0.0;425;False;True;False;False
12;11;0.0;4;True;5.16;56.0;30.0;103;False;True;False;False
4;10;0.0;0;False;19.26;53.0;15.0;421;True;False;False;False
9;21;0.0;2;True;20.2;56.0;20.0;297;True;False;False;False
6;8;0.0;2;True;18.32;49.0;22.0;656;True;False;False;False
4;9;0.0;0;False;17.38;56.0;15.0;251;True;False;False;False
9;16;0.0;5;True;23.02;50.0;15.0;502;False;True;False;False
10;12;0.0;5;True;22.08;69.0;15.0;332;True;False;False;False
8;18;0.0;1;True;27.72;52.0;19.0;812;True;False;False;False
6;6;0.0;2;True;16.44;52.0;20.0;188;True;False;False;False
12;12;0.0;3;True;7.98;42.0;0.0;232;False;True;False;False
10;4;0.0;6;False;15.5;88.0;11.0;13;False;True;False;False
8;21;0.0;3;True;26.78;66.0;7.0;381;True;False;False;False
3;12;0.0;4;True;15.5;42.0;33.0;292;True;False;False;False
5;17;0.0;4;True;20.2;31.0;26.0;732;True;False;False;False
6;20;0.0;5;True;21.14;94.0;17.0;39;False;False;False;True
11;11;0.0;4;True;8.92;62.0;13.0;170;False;False;False;True
6;21;0.0;2;True;23.96;83.0;7.0;274;True;False;False;False
5;10;0.0;5;True;16.44;36.0;22.0;210;True;False;False;False
10;18;0.0;3;True;16.44;59.0;11.0;884;True;False;False;False
7;13;0.0;0;False;32.42;41.0;7.0;480;True;False;False;False
2;19;0.0;6;False;1.4;40.0;37.0;87;False;True;False;False
2;4;0.0;3;True;7.98;71.0;11.0;2;True;False;False;False
10;3;0.0;2;True;11.74;67.0;7.0;2;True;False;False;False
1;0;0.0;1;True;3.28;60.0;15.0;15;True;False;False;False
12;7;0.0;0;False;3.28;93.0;9.0;31;False;True;False;False
6;3;0.0;0;False;22.08;73.0;7.0;29;True;False;False;False
10;0;0.0;6;False;18.32;83.0;11.0;191;True;False;False;False
3;1;0.0;3;True;16.44;63.0;6.0;27;True;False;False;False
5;13;0.0;3;True;24.9;51.0;0.0;289;True;False;False;False
10;18;0.0;2;True;15.5;42.0;11.0;838;True;False;False;False
7;20;0.0;5;True;26.78;48.0;9.0;389;True;False;False;False
4;20;0.0;1;True;13.62;31.0;11.0;329;True;False;False;False
2;4;0.0;4;True;10.8;82.0;6.0;1;False;False;False;True
5;17;0.0;6;False;23.02;36.0;13.0;576;False;True;False;False
10;6;0.0;2;True;11.74;67.0;11.0;172;True;False;False;False
10;10;0.0;3;True;17.38;73.0;0.0;171;False;True;False;False
12;18;0.0;5;True;3.28;60.0;9.0;213;True;False;False;False
4;19;0.0;4;True;13.62;31.0;20.0;433;True;False;False;False
3;8;0.0;3;True;14.56;94.0;7.0;535;False;False;False;True
2;15;1.0;1;False;7.98;34.0;15.0;289;True;False;False;False
11;1;0.0;2;True;3.28;60.0;11.0;8;True;False;False;False
2;3;0.0;0;False;3.28;87.0;6.0;17;False;False;False;True
6;7;0.0;1;True;23.02;74.0;15.0;485;True;False;False;False
7;16;0.0;1;True;28.66;40.0;19.0;413;True;False;False;False
6;10;0.0;5;True;22.08;57.0;11.0;216;True;False;False;False
1;1;0.0;0;False;8.92;66.0;9.0;93;True;False;False;False
6;7;0.0;0;False;22.08;69.0;7.0;71;True;False;False;False
6;21;0.0;1;True;21.14;73.0;7.0;273;False;True;False;False
6;22;0.0;0;False;21.14;50.0;26.0;226;True;False;False;False
12;16;0.0;3;True;7.98;46.0;9.0;329;False;True;False;False
8;8;0.0;5;True;21.14;91.0;11.0;119;False;False;False;True
2;6;0.0;5;True;10.8;87.0;11.0;82;False;True;False;False
5;19;0.0;6;False;26.78;66.0;15.0;373;False;True;False;False
8;1;0.0;0;False;21.14;78.0;9.0;113;True;False;False;False
9;23;0.0;0;False;18.32;52.0;19.0;92;True;False;False;False
1;12;0.0;0;False;7.04;26.0;15.0;288;True;False;False;False
7;0;0.0;5;True;24.9;54.0;11.0;95;False;True;False;False
5;23;0.0;6;False;20.2;56.0;11.0;239;True;False;False;False
6;10;0.0;6;False;20.2;53.0;20.0;493;True;False;False;False
8;21;0.0;1;True;25.84;66.0;13.0;290;True;False;False;False
5;18;0.0;6;False;23.02;31.0;13.0;546;False;True;False;False
5;22;0.0;0;False;18.32;73.0;11.0;157;True;False;False;False
12;15;0.0;2;True;20.2;49.0;17.0;300;False;True;False;False
4;20;0.0;6;False;18.32;46.0;9.0;321;False;True;False;False
3;11;0.0;4;True;18.32;43.0;13.0;168;True;False;False;False
4;3;0.0;1;True;7.04;81.0;19.0;1;False;True;False;False
10;11;0.0;6;False;18.32;64.0;19.0;585;True;False;False;False
3;23;0.0;4;True;18.32;83.0;6.0;151;True;False;False;False
7;3;0.0;2;True;24.9;65.0;9.0;2;True;False;False;False
7;6;0.0;4;True;23.02;78.0;17.0;181;True;False;False;False
10;18;0.0;5;True;22.08;57.0;9.0;761;True;False;False;False
2;7;0.0;4;True;6.1;70.0;9.0;288;False;True;False;False
8;7;0.0;2;True;24.9;74.0;9.0;502;False;True;False;False
1;14;0.0;6;False;9.86;50.0;26.0;362;True;False;False;False
12;17;0.0;1;True;16.44;63.0;7.0;708;True;False;False;False
11;5;0.0;4;True;1.4;69.0;0.0;42;True;False;False;False
6;9;0.0;2;True;16.44;72.0;17.0;335;False;True;False;False
9;2;0.0;4;True;17.38;77.0;0.0;9;True;False;False;False
2;8;0.0;3;True;6.1;75.0;6.0;576;True;False;False;False
9;12;1.0;1;False;27.72;62.0;20.0;543;False;True;False;False
6;11;0.0;5;True;34.3;42.0;19.0;188;False;True;False;False
11;17;0.0;5;True;14.56;39.0;6.0;300;False;True;False;False
9;23;0.0;6;False;21.14;50.0;13.0;171;True;False;False;False
12;15;0.0;1;True;15.5;87.0;11.0;236;False;True;False;False
3;5;0.0;1;True;7.98;61.0;13.0;16;True;False;False;False
8;9;0.0;4;True;27.72;66.0;7.0;343;True;False;False;False
2;18;0.0;5;True;6.1;61.0;9.0;359;False;False;False;True
3;22;0.0;1;True;8.92;25.0;24.0;93;True;False;False;False
12;23;0.0;4;True;3.28;65.0;11.0;93;True;False;False;False
4;11;0.0;1;True;11.74;47.0;30.0;209;True;False;False;False
7;22;0.0;0;False;24.9;70.0;7.0;148;True;False;False;False
10;20;0.0;0;False;14.56;44.0;13.0;195;True;False;False;False
3;4;0.0;5;True;10.8;87.0;17.0;3;False;True;False;False
4;18;0.0;3;True;20.2;20.0;19.0;709;True;False;False;False
7;14;0.0;6;False;32.42;39.0;17.0;494;True;False;False;False
12;14;0.0;0;False;7.98;31.0;20.0;175;True;False;False;False
1;14;0.0;2;True;15.5;29.0;22.0;160;True;False;False;False
4;2;0.0;4;True;7.04;61.0;19.0;4;True;False;False;False
10;5;0.0;3;True;8.92;81.0;0.0;41;False;True;False;False
3;18;0.0;1;True;22.08;57.0;17.0;801;True;False;False;False
10;16;0.0;6;False;18.32;64.0;19.0;612;False;True;False;False
6;12;0.0;4;True;34.3;35.0;13.0;215;True;False;False;False
7;8;0.0;0;False;22.08;78.0;0.0;153;False;True;False;False
1;21;0.0;5;True;10.8;43.0;15.0;154;True;False;False;False
12;4;0.0;0;False;4.22;93.0;0.0;7;False;True;False;False
6;12;0.0;5;True;35.24;40.0;17.0;226;False;True;False;False
12;20;0.0;6;False;7.04;81.0;0.0;198;True;False;False;False
5;14;0.0;3;True;25.84;42.0;6.0;263;True;False;False;False
12;20;1.0;2;False;7.04;66.0;19.0;40;False;True;False;False
8;8;0.0;4;True;25.84;74.0;7.0;698;True;False;False;False
9;11;0.0;1;True;21.14;43.0;20.0;236;True;False;False;False
8;1;0.0;4;True;21.14;83.0;0.0;25;True;False;False;False
7;8;1.0;3;False;24.9;61.0;7.0;153;True;False;False;False
1;13;0.0;4;True;2.34;47.0;19.0;124;True;False;False;False
3;21;0.0;5;True;8.92;87.0;6.0;101;False;False;False;True
5;10;0.0;6;False;23.96;79.0;15.0;437;True;False;False;False
5;6;0.0;2;True;16.44;77.0;7.0;26;False;False;False;True
8;23;0.0;6;False;23.02;78.0;11.0;163;False;False;False;True
3;8;0.0;3;True;9.86;46.0;24.0;658;True;False;False;False
7;11;0.0;6;False;31.48;39.0;15.0;457;True;False;False;False
3;1;0.0;5;True;17.38;88.0;0.0;50;True;False;False;False
12;20;0.0;4;True;6.1;45.0;0.0;241;True;False;False;False
4;16;0.0;2;True;21.14;21.0;11.0;485;True;False;False;False
3;18;0.0;3;True;20.2;60.0;15.0;641;True;False;False;False
12;15;0.0;1;True;5.16;45.0;9.0;315;False;True;False;False
5;9;0.0;5;True;22.08;89.0;9.0;340;False;True;False;False
9;20;0.0;2;True;20.2;56.0;20.0;425;True;False;False;False
3;20;0.0;5;True;9.86;32.0;24.0;159;True;False;False;False
9;7;0.0;3;True;16.44;63.0;15.0;545;True;False;False;False
9;3;0.0;1;True;13.62;63.0;11.0;5;True;False;False;False
5;4;0.0;0;False;21.14;83.0;13.0;11;True;False;False;False
6;10;0.0;6;False;33.36;30.0;17.0;404;True;False;False;False
4;1;0.0;6;False;16.44;77.0;15.0;88;True;False;False;False
1;22;0.0;5;True;1.4;37.0;15.0;72;False;True;False;False
10;1;0.0;2;True;13.62;77.0;11.0;17;True;False;False;False
4;15;0.0;3;True;19.26;19.0;11.0;229;True;False;False;False
10;10;0.0;4;True;17.38;83.0;9.0;225;False;True;False;False
9;20;0.0;5;True;25.84;66.0;15.0;391;True;False;False;False
9;23;0.0;0;False;23.02;89.0;6.0;123;False;False;False;True
3;13;0.0;2;True;20.2;60.0;26.0;233;True;False;False;False
10;9;0.0;1;True;16.44;63.0;0.0;340;False;True;False;False
9;13;0.0;1;True;20.2;31.0;20.0;328;True;False;False;False
8;14;0.0;6;False;23.02;65.0;17.0;482;False;False;False;True
8;16;0.0;5;True;32.42;41.0;15.0;492;False;True;False;False
8;13;0.0;4;True;29.6;31.0;15.0;300;True;False;False;False
7;15;0.0;0;False;32.42;47.0;9.0;489;True;False;False;False
12;10;0.0;6;False;4.22;48.0;22.0;118;True;False;False;False
7;13;0.0;5;True;29.6;38.0;9.0;374;False;True;False;False
8;4;0.0;6;False;23.02;69.0;7.0;12;False;True;False;False
1;22;0.0;5;True;8.92;50.0;13.0;135;True;False;False;False
6;2;0.0;6;False;22.08;50.0;15.0;89;True;False;False;False
7;3;0.0;1;True;23.02;94.0;6.0;2;False;True;False;False
5;18;0.0;6;False;23.02;69.0;24.0;434;False;True;False;False
4;0;0.0;1;True;12.68;82.0;7.0;17;False;False;False;True
1;5;0.0;3;True;4.22;70.0;19.0;33;True;False;False;False
6;12;0.0;4;True;24.9;42.0;0.0;336;True;False;False;False
7;8;0.0;3;True;28.66;62.0;7.0;679;True;False;False;False
6;17;0.0;6;False;33.36;32.0;9.0;362;True;False;False;False
5;10;0.0;5;True;20.2;46.0;9.0;255;True;False;False;False
7;18;0.0;1;True;27.72;48.0;9.0;872;True;False;False;False
2;2;0.0;3;True;12.68;44.0;19.0;7;True;False;False;False
4;9;0.0;6;False;11.74;54.0;9.0;265;True;False;False;False
10;15;0.0;2;True;23.96;41.0;15.0;346;True;False;False;False
12;8;0.0;0;False;3.28;52.0;31.0;33;True;False;False;False
9;3;0.0;6;False;23.02;89.0;15.0;43;False;True;False;False
1;19;0.0;4;True;11.74;71.0;11.0;330;False;True;False;False
8;7;0.0;1;True;23.02;65.0;9.0;436;True;False;False;False
1;4;0.0;4;True;5.16;75.0;0.0;3;True;False;False;False
6;21;0.0;0;False;21.14;43.0;11.0;246;True;False;False;False
5;8;0.0;2;True;17.38;73.0;20.0;641;False;True;False;False
6;8;0.0;6;False;23.96;69.0;15.0;167;True;False;False;False
7;12;0.0;5;True;31.48;49.0;24.0;299;True;False;False;False
1;19;0.0;3;True;2.34;37.0;26.0;256;True;False;False;False
10;0;0.0;2;True;9.86;82.0;15.0;31;False;True;False;False
6;20;0.0;5;True;23.96;44.0;13.0;385;True;False;False;False
6;3;0.0;3;True;19.26;46.0;6.0;8;True;False;False;False
1;7;0.0;2;True;-1.42;59.0;17.0;170;True;False;False;False
9;12;0.0;0;False;23.02;47.0;0.0;757;True;False;False;False
3;14;0.0;0;False;13.62;31.0;19.0;501;True;False;False;False
6;21;0.0;2;True;27.72;62.0;11.0;276;True;False;False;False
4;5;0.0;4;True;10.8;82.0;0.0;30;True;False;False;False
5;19;0.0;6;False;22.08;36.0;11.0;439;False;True;False;False
11;6;0.0;1;True;2.34;69.0;0.0;124;True;False;False;False
10;10;0.0;3;True;23.02;78.0;11.0;175;True;False;False;False
11;13;1.0;4;False;13.62;31.0;0.0;269;True;False;False;False
10;2;0.0;0;False;15.5;68.0;20.0;116;False;True;False;False
8;21;0.0;4;True;24.9;58.0;11.0;336;False;True;False;False
6;10;0.0;4;True;26.78;48.0;13.0;184;True;False;False;False
6;21;0.0;4;True;21.14;41.0;22.0;313;True;False;False;False
12;7;0.0;4;True;3.28;60.0;15.0;385;True;False;False;False
5;6;0.0;6;False;11.74;67.0;6.0;33;True;False;False;False
10;16;1.0;1;False;11.74;58.0;13.0;377;False;False;False;True
11;22;0.0;1;True;5.16;56.0;13.0;115;True;False;False;False
1;15;0.0;2;True;11.74;38.0;20.0;136;True;False;False;False
6;21;0.0;0;False;27.72;55.0;15.0;253;True;False;False;False
2;1;0.0;0;False;3.28;93.0;7.0;51;False;True;False;False
1;19;0.0;1;True;6.1;45.0;7.0;306;True;False;False;False
11;14;0.0;5;True;10.8;40.0;33.0;262;False;True;False;False
9;4;0.0;3;True;18.32;73.0;17.0;14;True;False;False;False
7;3;0.0;0;False;20.2;88.0;7.0;43;False;True;False;False
6;14;0.0;3;True;22.08;38.0;0.0;302;True;False;False;False
7;16;0.0;6;False;20.2;88.0;13.0;326;False;False;False;True
10;13;0.0;2;True;20.2;88.0;9.0;154;False;True;False;False
8;23;0.0;2;True;23.96;57.0;0.0;109;True;False;False;False
6;2;0.0;5;True;18.32;56.0;0.0;19;True;False;False;False
5;20;0.0;6;False;21.14;46.0;11.0;287;True;False;False;False
7;2;0.0;6;False;25.84;70.0;0.0;90;True;False;False;False
5;2;0.0;2;True;19.26;83.0;7.0;11;False;True;False;False
4;20;0.0;2;True;18.32;24.0;9.0;379;True;False;False;False
4;2;0.0;5;True;8.92;50.0;26.0;11;True;False;False;False
4;6;1.0;1;False;16.44;83.0;11.0;133;True;False;False;False
7;9;0.0;4;True;25.84;70.0;9.0;344;False;True;False;False
8;12;0.0;3;True;29.6;49.0;7.0;284;True;False;False;False
4;23;0.0;6;False;9.86;76.0;6.0;42;False;True;False;False
1;16;0.0;0;False;-0.48;80.0;13.0;155;False;True;False;False
2;0;0.0;5;True;12.68;58.0;6.0;46;False;True;False;False
7;4;0.0;2;True;23.96;79.0;9.0;4;True;False;False;False
3;22;0.0;6;False;17.38;68.0;0.0;211;True;False;False;False
9;18;0.0;2;True;27.72;75.0;15.0;839;True;False;False;False
12;1;0.0;4;True;7.04;66.0;0.0;20;True;False;False;False
8;4;0.0;2;True;23.02;83.0;9.0;8;True;False;False;False
11;8;0.0;5;True;3.28;87.0;6.0;94;True;False;False;False
4;19;0.0;3;True;11.74;77.0;9.0;368;False;True;False;False
2;4;0.0;2;True;2.34;64.0;0.0;2;True;False;False;False
7;12;0.0;4;True;31.48;56.0;17.0;279;True;False;False;False
1;3;0.0;3;True;-7.06;34.0;19.0;1;True;False;False;False
8;8;0.0;1;True;21.14;73.0;7.0;655;False;True;False;False
12;23;0.0;5;True;3.28;65.0;6.0;59;False;True;False;False
5;8;0.0;0;False;18.32;64.0;11.0;156;True;False;False;False
11;12;0.0;6;False;14.56;48.0;0.0;606;True;False;False;False
1;10;0.0;2;True;6.1;87.0;17.0;62;False;False;False;True
1;5;0.0;5;True;11.74;94.0;22.0;24;False;True;False;False
8;17;0.0;6;False;33.36;37.0;20.0;492;True;False;False;False
5;21;0.0;1;True;19.26;83.0;6.0;152;False;True;False;False
12;0;0.0;0;False;2.34;47.0;19.0;27;True;False;False;False
9;14;0.0;0;False;20.2;38.0;13.0;666;True;False;False;False
11;11;0.0;0;False;13.62;59.0;9.0;504;True;False;False;False
2;22;0.0;0;False;6.1;42.0;15.0;71;True;False;False;False
8;23;0.0;2;True;25.84;79.0;0.0;138;True;False;False;False
11;22;0.0;1;True;7.98;66.0;7.0;113;True;False;False;False
3;8;0.0;1;True;13.62;88.0;7.0;579;True;False;False;False
11;7;0.0;3;True;4.22;87.0;6.0;273;True;False;False;False
2;12;0.0;2;True;10.8;40.0;22.0;172;True;False;False;False
1;19;0.0;0;False;7.04;29.0;17.0;159;True;False;False;False
7;14;0.0;0;False;37.12;36.0;11.0;312;True;False;False;False
2;7;0.0;2;True;2.34;64.0;0.0;279;True;False;False;False
1;22;0.0;6;False;7.98;34.0;13.0;103;True;False;False;False
7;6;0.0;1;True;22.08;89.0;17.0;92;False;False;False;True
6;21;0.0;4;True;27.72;55.0;13.0;398;True;False;False;False
8;12;0.0;2;True;29.6;55.0;9.0;283;False;True;False;False
5;14;0.0;2;True;26.78;48.0;17.0;204;False;True;False;False
5;9;0.0;2;True;20.2;83.0;7.0;333;False;True;False;False
3;5;0.0;4;True;11.74;77.0;15.0;29;True;False;False;False
4;17;0.0;2;True;16.44;22.0;26.0;691;True;False;False;False
1;14;0.0;6;False;15.5;42.0;19.0;512;True;False;False;False
2;22;0.0;5;True;7.04;66.0;0.0;113;False;True;False;False
5;4;0.0;3;True;21.14;88.0;9.0;6;False;True;False;False
1;17;0.0;6;False;1.4;80.0;26.0;106;False;True;False;False
1;15;0.0;4;True;8.92;34.0;19.0;119;True;False;False;False
1;8;0.0;2;True;-0.48;55.0;19.0;354;True;False;False;False
12;6;1.0;2;False;2.34;93.0;9.0;7;False;True;False;False
8;12;0.0;0;False;22.08;73.0;0.0;298;False;False;False;True
10;13;0.0;1;True;20.2;43.0;11.0;305;False;True;False;False
4;5;0.0;5;True;11.74;44.0;24.0;19;True;False;False;False
7;8;0.0;6;False;21.14;78.0;19.0;151;True;False;False;False
8;13;0.0;5;True;32.42;47.0;19.0;345;False;True;False;False
5;13;0.0;6;False;26.78;55.0;9.0;524;True;False;False;False
4;22;1.0;1;False;23.96;51.0;17.0;214;True;False;False;False
5;13;0.0;3;True;23.02;74.0;11.0;270;False;True;False;False
10;10;0.0;1;True;20.2;73.0;26.0;168;False;True;False;False
3;3;0.0;2;True;17.38;88.0;0.0;3;False;True;False;False
4;0;0.0;0;False;12.68;24.0;15.0;85;True;False;False;False
8;9;0.0;6;False;23.96;79.0;13.0;271;True;False;False;False
2;9;0.0;6;False;2.34;80.0;7.0;138;True;False;False;False
4;19;0.0;5;True;15.5;27.0;26.0;441;True;False;False;False
4;12;0.0;3;True;8.92;46.0;26.0;182;False;True;False;False
3;22;0.0;4;True;16.44;68.0;9.0;169;True;False;False;False
8;5;0.0;4;True;20.2;78.0;11.0;37;True;False;False;False
12;7;0.0;3;True;1.4;86.0;22.0;26;False;False;False;True
9;23;0.0;5;True;23.02;89.0;17.0;248;True;False;False;False
2;5;0.0;3;True;10.8;50.0;11.0;18;True;False;False;False
5;20;0.0;0;False;26.78;55.0;11.0;392;True;False;False;False
12;16;0.0;6;False;11.74;82.0;11.0;507;True;False;False;False
10;9;0.0;3;True;17.38;60.0;19.0;366;True;False;False;False
6;0;0.0;0;False;23.02;69.0;7.0;158;True;False;False;False
5;7;0.0;3;True;20.2;78.0;13.0;483;False;False;False;True
4;2;0.0;6;False;8.92;29.0;24.0;36;True;False;False;False
10;12;0.0;6;False;12.68;35.0;0.0;573;True;False;False;False
9;12;0.0;5;True;24.9;54.0;17.0;380;False;True;False;False
4;5;0.0;2;True;7.04;66.0;6.0;27;True;False;False;False
11;3;0.0;6;False;6.1;81.0;0.0;20;True;False;False;False
6;3;0.0;4;True;15.5;77.0;7.0;5;True;False;False;False
1;6;0.0;3;True;-7.06;41.0;11.0;59;True;False;False;False
8;18;0.0;6;False;32.42;41.0;22.0;490;True;False;False;False
11;16;0.0;0;False;17.38;42.0;15.0;653;True;False;False;False
8;19;0.0;0;False;22.08;73.0;9.0;341;False;True;False;False
8;14;0.0;6;False;33.36;40.0;26.0;472;True;False;False;False
9;20;0.0;1;True;21.14;73.0;9.0;340;False;True;False;False
7;15;1.0;3;False;35.24;35.0;20.0;454;True;False;False;False
12;0;0.0;1;True;9.86;87.0;0.0;28;False;True;False;False
11;2;0.0;2;True;8.92;87.0;30.0;11;False;False;False;True
4;2;0.0;3;True;8.92;62.0;0.0;7;True;False;False;False
12;23;0.0;5;True;4.22;44.0;19.0;40;True;False;False;False
6;16;0.0;5;True;27.72;29.0;20.0;523;True;False;False;False
2;4;0.0;5;True;5.16;93.0;13.0;1;False;True;False;False
12;18;0.0;2;True;7.04;53.0;15.0;546;True;False;False;False
8;16;0.0;1;True;29.6;36.0;6.0;464;True;False;False;False
10;12;0.0;2;True;20.2;88.0;13.0;104;False;True;False;False
11;4;0.0;3;True;2.34;69.0;13.0;6;True;False;False;False
5;23;0.0;4;True;14.56;48.0;7.0;135;True;False;False;False
3;22;0.0;3;True;16.44;83.0;11.0;197;True;False;False;False
1;7;0.0;3;True;3.28;75.0;15.0;257;True;False;False;False
12;19;0.0;5;True;3.28;65.0;13.0;128;False;True;False;False
9;9;0.0;2;True;17.38;56.0;17.0;409;True;False;False;False
7;22;0.0;5;True;29.6;55.0;13.0;288;True;False;False;False
4;14;0.0;6;False;24.9;45.0;19.0;609;True;False;False;False
10;17;0.0;4;True;20.2;69.0;11.0;886;True;False;False;False
10;6;0.0;6;False;6.1;61.0;13.0;28;True;False;False;False
3;21;0.0;4;True;17.38;68.0;19.0;243;True;False;False;False
12;1;0.0;6;False;8.92;93.0;9.0;100;False;True;False;False
3;18;0.0;1;True;12.68;26.0;30.0;684;True;False;False;False
5;2;0.0;2;True;16.44;63.0;20.0;16;False;True;False;False
10;22;0.0;5;True;20.2;73.0;19.0;264;True;False;False;False
5;21;0.0;2;True;22.08;73.0;19.0;109;False;False;False;True
8;3;0.0;0;False;21.14;73.0;6.0;48;True;False;False;False
3;2;0.0;2;True;1.4;44.0;15.0;4;True;False;False;False
9;16;0.0;2;True;20.2;88.0;20.0;141;False;False;False;True
5;0;0.0;6;False;16.44;42.0;11.0;136;True;False;False;False
4;0;0.0;2;True;12.68;47.0;19.0;26;False;True;False;False
7;18;0.0;0;False;25.84;79.0;24.0;312;False;False;False;True
1;18;0.0;4;True;11.74;71.0;0.0;406;False;True;False;False
1;21;0.0;2;True;8.92;71.0;0.0;172;True;False;False;False
5;12;0.0;3;True;24.9;54.0;0.0;253;True;False;False;False
5;11;0.0;4;True;17.38;77.0;0.0;201;True;False;False;False
4;5;0.0;5;True;11.74;94.0;0.0;25;True;False;False;False
9;9;0.0;1;True;16.44;52.0;13.0;328;True;False;False;False
2;4;0.0;2;True;4.22;65.0;7.0;2;False;True;False;False
10;22;0.0;4;True;17.38;83.0;6.0;207;False;True;False;False
3;11;0.0;3;True;15.5;42.0;26.0;222;True;False;False;False
4;6;0.0;3;True;5.16;56.0;7.0;106;True;False;False;False
11;7;0.0;6;False;3.28;70.0;13.0;78;True;False;False;False
7;13;0.0;6;False;37.12;31.0;17.0;360;False;True;False;False
7;21;0.0;1;True;27.72;66.0;9.0;328;True;False;False;False
7;22;0.0;1;True;27.72;62.0;6.0;284;True;False;False;False
12;13;0.0;6;False;7.04;36.0;30.0;158;True;False;False;False
10;21;0.0;6;False;13.62;47.0;15.0;296;True;False;False;False
8;1;0.0;6;False;25.84;84.0;13.0;122;True;False;False;False
1;10;0.0;0;False;7.98;49.0;11.0;208;True;False;False;False
10;21;0.0;4;True;11.74;62.0;9.0;260;True;False;False;False
4;23;0.0;3;True;11.74;77.0;0.0;70;False;True;False;False
8;1;0.0;6;False;23.02;74.0;15.0;116;True;False;False;False
8;22;0.0;3;True;22.08;73.0;0.0;281;True;False;False;False
12;8;0.0;4;True;2.34;51.0;20.0;659;True;False;False;False
6;19;0.0;0;False;22.08;53.0;11.0;390;True;False;False;False
8;12;0.0;1;True;28.66;55.0;6.0;285;False;True;False;False
8;22;0.0;4;True;24.9;70.0;0.0;291;True;False;False;False
9;10;0.0;0;False;25.84;79.0;0.0;388;False;True;False;False
4;8;0.0;2;True;7.98;61.0;17.0;611;True;False;False;False
2;14;0.0;3;True;21.14;33.0;15.0;192;True;False;False;False
8;17;0.0;0;False;29.6;33.0;0.0;505;True;False;False;False
8;20;0.0;1;True;26.78;62.0;15.0;432;True;False;False;False
4;21;0.0;2;True;12.68;30.0;30.0;206;True;False;False;False
1;2;0.0;2;True;7.04;93.0;15.0;8;False;True;False;False
4;17;0.0;2;True;18.32;21.0;35.0;744;True;False;False;False
7;18;0.0;0;False;29.6;41.0;20.0;419;True;False;False;False
8;8;0.0;5;True;25.84;70.0;9.0;668;True;False;False;False
3;1;0.0;5;True;7.98;49.0;15.0;20;True;False;False;False
1;23;0.0;4;True;4.22;48.0;22.0;56;True;False;False;False
6;2;0.0;1;True;24.9;70.0;15.0;14;True;False;False;False
7;23;0.0;1;True;24.9;74.0;13.0;150;True;False;False;False
4;15;0.0;0;False;15.5;55.0;17.0;573;True;False;False;False
11;5;1.0;1;False;9.86;87.0;0.0;24;True;False;False;False
12;1;0.0;2;True;11.74;71.0;30.0;8;True;False;False;False
8;12;0.0;1;True;23.02;61.0;7.0;282;False;True;False;False
7;7;0.0;5;True;28.66;46.0;9.0;353;True;False;False;False
8;15;0.0;0;False;34.3;37.0;35.0;450;True;False;False;False
9;5;0.0;2;True;23.02;89.0;0.0;38;False;True;False;False
2;6;0.0;6;False;2.34;93.0;9.0;9;False;False;False;True
2;11;0.0;0;False;4.22;70.0;13.0;182;False;True;False;False
1;16;0.0;5;True;12.68;51.0;37.0;267;True;False;False;False
7;15;0.0;4;True;35.24;33.0;24.0;254;True;False;False;False
9;8;0.0;3;True;16.44;59.0;15.0;797;True;False;False;False
5;14;1.0;1;False;29.6;63.0;19.0;465;True;False;False;False
8;1;0.0;4;True;22.08;65.0;0.0;23;True;False;False;False
6;0;0.0;2;True;21.14;33.0;22.0;37;True;False;False;False
7;13;0.0;6;False;27.72;62.0;6.0;591;False;True;False;False
5;12;0.0;2;True;21.14;78.0;7.0;254;False;True;False;False
6;18;0.0;0;False;22.08;53.0;13.0;513;True;False;False;False
6;2;0.0;3;True;15.5;68.0;0.0;11;True;False;False;False
3;15;0.0;3;True;21.14;41.0;20.0;199;False;True;False;False
4;10;0.0;2;True;13.62;47.0;11.0;181;True;False;False;False
6;9;0.0;6;False;22.08;57.0;11.0;340;True;False;False;False
7;15;0.0;2;True;35.24;31.0;11.0;244;True;False;False;False
5;1;0.0;0;False;17.38;83.0;15.0;121;False;True;False;False
5;18;0.0;5;True;22.08;23.0;19.0;596;True;False;False;False
2;15;0.0;1;True;11.74;32.0;19.0;171;True;False;False;False
3;4;0.0;5;True;7.98;53.0;6.0;2;True;False;False;False
1;15;0.0;2;True;10.8;71.0;11.0;208;False;True;False;False
4;21;0.0;6;False;15.5;82.0;26.0;102;False;False;False;True
12;10;0.0;1;True;9.86;87.0;6.0;135;False;True;False;False
1;18;0.0;5;True;4.22;38.0;20.0;301;True;False;False;False
5;14;0.0;4;True;22.08;65.0;13.0;204;True;False;False;False
4;1;0.0;3;True;7.98;39.0;19.0;12;True;False;False;False
9;5;0.0;4;True;24.9;84.0;13.0;38;False;True;False;False
3;18;0.0;5;True;14.56;82.0;6.0;408;False;False;False;True
8;21;0.0;1;True;20.2;83.0;0.0;245;True;False;False;False
1;6;0.0;2;True;7.04;93.0;13.0;89;False;True;False;False
10;19;0.0;3;True;18.32;46.0;39.0;566;False;True;False;False
11;22;0.0;3;True;5.16;45.0;11.0;154;True;False;False;False
10;20;0.0;4;True;11.74;62.0;11.0;415;True;False;False;False
1;23;0.0;0;False;-0.48;93.0;7.0;37;False;True;False;False
2;1;0.0;4;True;12.68;58.0;19.0;15;False;True;False;False
4;18;0.0;5;True;21.14;50.0;19.0;668;True;False;False;False
12;21;0.0;5;True;4.22;41.0;28.0;70;True;False;False;False
2;19;0.0;4;True;7.04;33.0;7.0;295;True;False;False;False
6;12;0.0;6;False;29.6;29.0;17.0;531;True;False;False;False
8;17;0.0;5;True;33.36;32.0;11.0;617;True;False;False;False
9;11;0.0;0;False;26.78;70.0;0.0;489;False;True;False;False
5;14;0.0;4;True;27.72;31.0;13.0;254;True;False;False;False
2;22;0.0;1;True;4.22;56.0;7.0;102;True;False;False;False
3;17;0.0;3;True;20.2;60.0;15.0;604;True;False;False;False
5;7;0.0;1;True;16.44;94.0;13.0;75;False;False;False;True
1;6;0.0;4;True;5.16;81.0;0.0;88;False;True;False;False
3;18;0.0;3;True;20.2;69.0;0.0;779;True;False;False;False
3;18;0.0;6;False;15.5;25.0;17.0;303;True;False;False;False
8;22;0.0;0;False;25.84;79.0;6.0;157;True;False;False;False
10;20;0.0;4;True;18.32;68.0;17.0;387;False;True;False;False
12;3;0.0;5;True;13.62;94.0;26.0;3;False;False;False;True
8;15;0.0;2;True;30.54;34.0;20.0;317;True;False;False;False
12;4;0.0;5;True;3.28;60.0;7.0;4;False;True;False;False
3;6;0.0;3;True;5.16;61.0;26.0;108;True;False;False;False
7;21;0.0;2;True;30.54;52.0;9.0;333;True;False;False;False
2;23;0.0;5;True;9.86;37.0;46.0;86;True;False;False;False
4;2;0.0;0;False;17.38;56.0;7.0;74;False;True;False;False
7;19;0.0;2;True;27.72;62.0;11.0;632;True;False;False;False
10;22;0.0;2;True;6.1;81.0;9.0;66;True;False;False;False
7;11;0.0;2;True;31.48;53.0;22.0;201;False;True;False;False
1;4;0.0;5;True;2.34;60.0;7.0;3;True;False;False;False
2;22;0.0;3;True;7.98;49.0;7.0;107;True;False;False;False
5;6;0.0;4;True;20.2;73.0;15.0;178;True;False;False;False
2;18;0.0;0;False;6.1;52.0;17.0;181;True;False;False;False
7;17;0.0;4;True;32.42;41.0;0.0;771;True;False;False;False
10;21;0.0;0;False;9.86;87.0;7.0;113;True;False;False;False
5;22;0.0;3;True;22.08;73.0;11.0;286;True;False;False;False
6;21;0.0;1;True;23.96;30.0;22.0;331;True;False;False;False
5;12;0.0;2;True;21.14;65.0;22.0;263;False;True;False;False
5;4;0.0;6;False;18.32;88.0;7.0;9;True;False;False;False
8;12;0.0;0;False;32.42;47.0;35.0;491;True;False;False;False
1;21;1.0;1;False;5.16;52.0;22.0;49;True;False;False;False
10;21;0.0;5;True;10.8;54.0;13.0;190;True;False;False;False
3;2;0.0;3;True;15.5;88.0;9.0;10;True;False;False;False
9;22;0.0;1;True;21.14;83.0;17.0;129;False;False;False;True
5;9;0.0;4;True;14.56;88.0;7.0;304;False;True;False;False
12;6;0.0;0;False;3.28;93.0;9.0;16;False;True;False;False
4;18;0.0;1;True;15.5;27.0;17.0;618;True;False;False;False
10;0;0.0;5;True;18.32;83.0;7.0;56;False;True;False;False
12;10;0.0;0;False;6.1;87.0;0.0;293;False;True;False;False
7;22;0.0;0;False;24.9;74.0;13.0;191;True;False;False;False
7;4;0.0;5;True;24.9;79.0;0.0;8;True;False;False;False
1;20;0.0;2;True;7.04;76.0;0.0;229;True;False;False;False
6;16;0.0;6;False;31.48;26.0;20.0;513;True;False;False;False
4;14;0.0;5;True;13.62;33.0;22.0;300;True;False;False;False
4;22;0.0;5;True;12.68;62.0;7.0;215;True;False;False;False
7;4;0.0;0;False;24.9;79.0;13.0;4;True;False;False;False
9;8;0.0;5;True;17.38;73.0;9.0;757;True;False;False;False
8;2;0.0;4;True;24.9;84.0;6.0;14;True;False;False;False
3;22;0.0;6;False;9.86;71.0;17.0;156;False;True;False;False
10;2;0.0;4;True;22.08;89.0;0.0;13;True;False;False;False
10;14;0.0;6;False;20.2;56.0;28.0;576;False;True;False;False
8;6;0.0;0;False;25.84;79.0;17.0;19;True;False;False;False
7;2;0.0;2;True;23.02;83.0;11.0;16;True;False;False;False
9;4;0.0;0;False;15.5;72.0;0.0;8;True;False;False;False
12;21;0.0;6;False;2.34;51.0;19.0;53;True;False;False;False
5;15;0.0;5;True;23.02;36.0;13.0;391;True;False;False;False
8;6;0.0;1;True;21.14;88.0;0.0;145;True;False;False;False
6;6;0.0;2;True;20.2;88.0;9.0;136;False;True;False;False
7;20;0.0;3;True;26.78;40.0;11.0;567;True;False;False;False
8;20;0.0;5;True;29.6;49.0;9.0;356;True;False;False;False
3;20;0.0;2;True;20.2;49.0;11.0;351;True;False;False;False
7;19;0.0;4;True;33.36;39.0;17.0;503;False;True;False;False
7;4;0.0;2;True;25.84;62.0;0.0;7;True;False;False;False
5;17;0.0;3;True;25.84;51.0;13.0;873;True;False;False;False
4;3;0.0;3;True;12.68;58.0;6.0;3;True;False;False;False
3;13;0.0;2;True;20.2;78.0;13.0;284;True;False;False;False
6;9;0.0;1;True;17.38;83.0;15.0;250;False;True;False;False
11;16;0.0;0;False;10.8;40.0;22.0;435;True;False;False;False
5;8;0.0;0;False;15.5;88.0;9.0;114;False;True;False;False
8;11;0.0;1;True;27.72;66.0;9.0;260;True;False;False;False
7;13;0.0;4;True;32.42;53.0;20.0;242;True;False;False;False
12;21;0.0;0;False;8.92;100.0;7.0;96;False;True;False;False
2;19;0.0;4;True;7.04;87.0;11.0;258;False;True;False;False
12;9;1.0;2;False;3.28;87.0;0.0;28;False;True;False;False
1;18;0.0;2;True;13.62;63.0;30.0;463;True;False;False;False
1;17;0.0;3;True;7.98;87.0;15.0;134;False;False;False;True
10;8;0.0;3;True;7.04;81.0;9.0;621;True;False;False;False
2;4;0.0;4;True;6.1;70.0;6.0;3;False;False;False;True
3;6;0.0;1;True;7.98;57.0;7.0;88;True;False;False;False
7;7;0.0;6;False;28.66;66.0;7.0;71;True;False;False;False
8;23;0.0;3;True;25.84;70.0;9.0;136;True;False;False;False
6;5;0.0;1;True;22.08;78.0;9.0;37;True;False;False;False
3;8;0.0;0;False;11.74;88.0;7.0;96;False;True;False;False
10;14;0.0;6;False;14.56;33.0;13.0;597;True;False;False;False
12;1;0.0;0;False;4.22;56.0;28.0;28;False;True;False;False
10;21;0.0;2;True;18.32;68.0;0.0;295;True;False;False;False
10;3;0.0;6;False;17.38;77.0;15.0;56;True;False;False;False
1;11;0.0;4;True;6.1;49.0;0.0;84;True;False;False;False
12;3;0.0;2;True;8.92;76.0;19.0;3;False;False;False;True
3;13;0.0;2;True;8.92;27.0;0.0;211;True;False;False;False
3;22;0.0;6;False;12.68;100.0;17.0;83;False;False;False;True
6;0;0.0;6;False;22.08;53.0;7.0;206;True;False;False;False
6;17;0.0;1;True;20.2;73.0;13.0;723;False;True;False;False
5;23;0.0;2;True;20.2;78.0;22.0;63;False;False;False;True
1;22;0.0;1;True;5.16;48.0;15.0;94;True;False;False;False
10;4;1.0;1;False;7.04;87.0;9.0;7;True;False;False;False
2;15;0.0;6;False;11.74;41.0;17.0;499;True;False;False;False
1;19;0.0;0;False;-0.48;86.0;7.0;89;False;False;False;True
12;17;0.0;4;True;6.1;45.0;7.0;617;True;False;False;False
2;3;0.0;6;False;3.28;75.0;0.0;18;True;False;False;False
2;21;0.0;4;True;7.98;81.0;7.0;145;False;True;False;False
9;17;0.0;3;True;26.78;48.0;20.0;953;True;False;False;False
10;21;0.0;1;True;14.56;67.0;6.0;174;True;False;False;False
7;2;0.0;6;False;20.2;88.0;19.0;60;False;False;False;True
1;8;0.0;3;True;6.1;52.0;28.0;489;True;False;False;False
6;3;0.0;6;False;22.08;83.0;6.0;42;False;True;False;False
9;11;1.0;1;False;26.78;70.0;19.0;459;False;True;False;False
10;2;0.0;5;True;16.44;88.0;7.0;19;False;True;False;False
10;13;0.0;4;True;18.32;78.0;0.0;313;False;True;False;False
4;14;0.0;4;True;19.26;43.0;0.0;237;True;False;False;False
6;11;0.0;0;False;27.72;45.0;6.0;499;True;False;False;False
7;10;0.0;0;False;27.72;66.0;9.0;382;True;False;False;False
9;18;0.0;5;True;23.02;61.0;17.0;805;True;False;False;False
1;3;0.0;4;True;5.16;75.0;6.0;6;False;True;False;False
8;4;0.0;1;True;21.14;83.0;0.0;12;True;False;False;False
8;6;0.0;5;True;22.08;89.0;11.0;108;False;True;False;False
7;2;0.0;6;False;27.72;72.0;11.0;58;True;False;False;False
10;7;0.0;1;True;19.26;68.0;22.0;476;False;True;False;False
12;14;0.0;6;False;10.8;50.0;11.0;426;True;False;False;False
11;14;0.0;0;False;6.1;42.0;17.0;203;False;True;False;False
12;22;0.0;5;True;3.28;70.0;6.0;62;False;True;False;False
7;5;0.0;0;False;21.14;78.0;13.0;17;True;False;False;False
9;3;0.0;2;True;21.14;94.0;19.0;6;False;True;False;False
12;17;1.0;2;False;7.04;57.0;17.0;50;False;True;False;False
3;16;0.0;0;False;15.5;31.0;24.0;509;True;False;False;False
11;3;0.0;0;False;5.16;61.0;7.0;11;True;False;False;False
11;20;0.0;6;False;3.28;44.0;19.0;58;True;False;False;False
6;1;0.0;6;False;18.32;83.0;7.0;76;False;True;False;False
3;10;0.0;6;False;16.44;88.0;13.0;345;False;True;False;False
12;9;0.0;4;True;6.1;70.0;0.0;317;False;True;False;False
1;12;0.0;3;True;6.1;81.0;0.0;55;False;False;False;True
3;6;0.0;5;True;10.8;87.0;11.0;99;False;True;False;False
12;20;0.0;3;True;8.92;57.0;15.0;241;True;False;False;False
3;5;0.0;3;True;5.16;56.0;20.0;18;True;False;False;False
1;14;0.0;4;True;10.8;71.0;7.0;128;False;True;False;False
7;1;0.0;0;False;20.2;88.0;11.0;130;False;True;False;False
9;13;1.0;1;False;27.72;66.0;17.0;566;False;True;False;False
11;23;0.0;1;True;7.04;66.0;7.0;65;False;True;False;False
8;3;0.0;5;True;22.08;73.0;0.0;8;True;False;False;False
9;5;0.0;3;True;24.9;79.0;20.0;40;False;True;False;False
11;21;0.0;0;False;8.92;66.0;17.0;110;True;False;False;False
9;16;0.0;0;False;22.08;44.0;11.0;596;True;False;False;False
5;21;0.0;6;False;22.08;50.0;0.0;259;True;False;False;False
4;16;0.0;1;True;15.5;34.0;22.0;395;True;False;False;False
11;23;0.0;4;True;7.98;57.0;11.0;120;True;False;False;False
4;14;0.0;4;True;17.38;77.0;13.0;169;False;True;False;False
8;4;0.0;2;True;23.96;83.0;13.0;5;False;True;False;False
6;1;0.0;1;True;23.02;74.0;11.0;24;True;False;False;False
6;4;0.0;6;False;17.38;68.0;19.0;13;True;False;False;False
4;5;1.0;1;False;17.38;77.0;15.0;38;True;False;False;False
9;21;0.0;3;True;15.5;59.0;11.0;349;True;False;False;False
2;3;0.0;5;True;5.16;56.0;20.0;4;True;False;False;False
3;23;0.0;6;False;11.74;24.0;0.0;106;True;False;False;False
8;6;0.0;0;False;21.14;69.0;7.0;20;False;True;False;False
9;4;0.0;2;True;14.56;72.0;7.0;9;True;False;False;False
11;4;0.0;5;True;2.34;75.0;0.0;3;True;False;False;False
5;16;0.0;2;True;30.54;49.0;33.0;393;True;False;False;False
5;14;0.0;1;True;21.14;73.0;17.0;171;False;True;False;False
3;1;0.0;0;False;11.74;100.0;17.0;89;False;True;False;False
11;20;0.0;6;False;7.98;53.0;9.0;181;True;False;False;False
12;3;0.0;6;False;3.28;81.0;0.0;23;False;True;False;False
1;7;0.0;0;False;4.22;93.0;11.0;7;True;False;False;False
11;4;0.0;5;True;6.1;70.0;7.0;7;True;False;False;False
11;5;0.0;1;True;2.34;69.0;11.0;41;True;False;False;False
9;10;0.0;6;False;26.78;70.0;26.0;422;True;False;False;False
2;10;0.0;3;True;6.1;81.0;11.0;10;False;False;False;True
3;21;0.0;4;True;11.74;47.0;31.0;197;True;False;False;False
12;9;0.0;3;True;1.4;86.0;22.0;23;False;False;False;True
5;12;0.0;5;True;21.14;78.0;24.0;171;False;False;False;True
5;9;0.0;0;False;23.02;83.0;15.0;270;True;False;False;False
5;4;0.0;6;False;21.14;88.0;9.0;2;True;False;False;False
10;3;0.0;6;False;11.74;77.0;9.0;29;True;False;False;False
9;6;0.0;6;False;17.38;49.0;28.0;33;True;False;False;False
4;16;0.0;2;True;23.96;22.0;24.0;370;True;False;False;False
4;1;0.0;1;True;11.74;77.0;6.0;24;True;False;False;False
12;17;0.0;5;True;3.28;60.0;9.0;271;True;False;False;False
11;23;0.0;2;True;4.22;81.0;17.0;67;False;True;False;False
6;8;0.0;3;True;24.9;79.0;7.0;643;False;True;False;False
1;17;1.0;1;False;4.22;35.0;26.0;153;True;False;False;False
1;7;0.0;3;True;1.4;80.0;9.0;256;True;False;False;False
8;21;0.0;2;True;25.84;48.0;6.0;314;True;False;False;False
1;6;0.0;3;True;3.28;73.0;15.0;88;True;False;False;False
6;12;0.0;5;True;24.9;45.0;11.0;403;True;False;False;False
12;10;0.0;1;True;4.22;65.0;0.0;103;False;True;False;False
1;2;0.0;4;True;8.92;93.0;17.0;2;False;False;False;True
8;6;0.0;4;True;23.02;83.0;0.0;183;True;False;False;False
12;6;0.0;2;True;8.92;93.0;0.0;153;False;True;False;False
6;19;0.0;4;True;24.9;34.0;19.0;602;True;False;False;False
6;12;0.0;1;True;27.72;45.0;20.0;270;False;True;False;False
5;19;0.0;2;True;23.02;69.0;11.0;512;True;False;False;False
5;16;0.0;2;True;23.96;61.0;7.0;386;True;False;False;False
9;8;0.0;3;True;18.32;73.0;20.0;838;True;False;False;False
5;17;0.0;2;True;30.54;46.0;28.0;781;True;False;False;False
7;8;0.0;2;True;25.84;74.0;9.0;649;True;False;False;False
1;15;0.0;5;True;2.34;35.0;13.0;156;False;True;False;False
8;3;0.0;4;True;21.14;73.0;0.0;5;True;False;False;False
4;0;0.0;6;False;16.44;77.0;15.0;142;True;False;False;False
8;5;0.0;1;True;22.08;69.0;7.0;36;True;False;False;False
12;1;0.0;4;True;5.16;52.0;19.0;23;False;True;False;False
1;9;0.0;0;False;4.22;93.0;7.0;40;True;False;False;False
11;0;0.0;4;True;4.22;65.0;0.0;34;False;True;False;False
8;8;0.0;5;True;23.02;74.0;0.0;744;False;True;False;False
8;18;0.0;6;False;24.9;74.0;20.0;300;False;True;False;False
8;9;0.0;4;True;24.9;70.0;0.0;412;False;True;False;False
9;4;0.0;6;False;24.9;70.0;0.0;12;True;False;False;False
4;23;0.0;2;True;15.5;59.0;0.0;79;True;False;False;False
8;6;0.0;0;False;21.14;88.0;20.0;21;True;False;False;False
1;0;0.0;3;True;13.62;77.0;22.0;17;False;True;False;False
10;1;0.0;3;True;9.86;76.0;0.0;17;True;False;False;False
3;8;0.0;5;True;7.98;42.0;35.0;501;False;True;False;False
3;12;0.0;0;False;7.98;42.0;24.0;327;True;False;False;False
8;18;0.0;2;True;28.66;40.0;17.0;818;True;False;False;False
7;6;0.0;1;True;24.9;58.0;7.0;136;True;False;False;False
12;14;0.0;5;True;10.8;43.0;13.0;299;True;False;False;False
1;9;0.0;1;True;1.4;86.0;6.0;211;False;True;False;False
3;18;0.0;3;True;18.32;40.0;31.0;544;True;False;False;False
11;19;0.0;4;True;9.86;27.0;24.0;373;True;False;False;False
2;10;0.0;6;False;4.22;60.0;24.0;183;True;False;False;False
1;22;0.0;2;True;12.68;35.0;20.0;129;True;False;False;False
7;15;0.0;2;True;34.3;24.0;0.0;401;False;True;False;False
1;16;0.0;1;True;2.34;87.0;6.0;49;False;False;False;True
8;9;0.0;5;True;26.78;70.0;0.0;398;True;False;False;False
10;13;0.0;0;False;14.56;59.0;28.0;391;False;True;False;False
9;6;0.0;3;True;16.44;63.0;17.0;172;True;False;False;False
4;7;0.0;5;True;6.1;49.0;19.0;246;True;False;False;False
3;0;0.0;3;True;5.16;65.0;19.0;15;True;False;False;False
4;22;0.0;3;True;11.74;77.0;6.0;162;False;True;False;False
1;7;0.0;3;True;7.04;42.0;24.0;263;True;False;False;False
12;8;0.0;1;True;2.34;69.0;0.0;66;True;False;False;False
6;19;0.0;6;False;29.6;29.0;11.0;360;True;False;False;False
12;4;0.0;2;True;11.74;82.0;11.0;8;True;False;False;False
7;6;0.0;3;True;25.84;70.0;11.0;162;True;False;False;False
10;15;0.0;3;True;24.9;39.0;7.0;308;True;False;False;False
1;17;0.0;1;True;8.92;21.0;13.0;438;True;False;False;False
6;4;0.0;5;True;16.44;63.0;0.0;10;True;False;False;False
4;19;0.0;0;False;24.9;42.0;17.0;379;True;False;False;False
9;10;0.0;3;True;27.72;70.0;11.0;235;False;True;False;False
3;22;0.0;3;True;16.44;55.0;9.0;202;True;False;False;False
5;15;0.0;2;True;21.14;73.0;17.0;134;False;False;False;True
6;6;0.0;6;False;18.32;64.0;7.0;80;True;False;False;False
8;22;0.0;1;True;20.2;83.0;0.0;161;False;True;False;False
9;7;0.0;5;True;18.32;88.0;0.0;454;False;True;False;False
9;16;0.0;2;True;27.72;70.0;28.0;458;True;False;False;False
2;2;0.0;1;True;-1.42;46.0;13.0;4;True;False;False;False
11;21;0.0;2;True;6.1;49.0;24.0;187;True;False;False;False
6;22;0.0;5;True;23.96;41.0;7.0;291;True;False;False;False
12;17;0.0;6;False;10.8;50.0;15.0;309;True;False;False;False
10;6;0.0;1;True;18.32;73.0;20.0;147;False;True;False;False
7;9;0.0;5;True;25.84;51.0;0.0;414;False;True;False;False
7;2;0.0;0;False;23.96;89.0;11.0;115;False;True;False;False
8;14;0.0;4;True;28.66;46.0;15.0;305;True;False;False;False
5;17;0.0;5;True;23.02;34.0;9.0;812;True;False;False;False
12;16;0.0;0;False;9.86;82.0;7.0;400;False;True;False;False
2;0;0.0;3;True;7.04;57.0;0.0;22;True;False;False;False
8;18;0.0;4;True;30.54;46.0;17.0;811;False;True;False;False
4;8;0.0;0;False;9.86;76.0;9.0;107;True;False;False;False
5;0;0.0;3;True;20.2;78.0;7.0;47;True;False;False;False
7;7;0.0;2;True;23.96;83.0;15.0;513;True;False;False;False
8;18;0.0;0;False;22.08;78.0;7.0;377;False;True;False;False
12;16;0.0;2;True;9.86;50.0;15.0;358;False;True;False;False
6;9;0.0;5;True;21.14;53.0;11.0;382;True;False;False;False
11;20;0.0;4;True;9.86;29.0;31.0;245;True;False;False;False
12;19;0.0;6;False;10.8;87.0;0.0;246;True;False;False;False
2;22;0.0;3;True;11.74;94.0;17.0;55;False;False;False;True
7;1;0.0;1;True;24.9;74.0;13.0;11;False;True;False;False
3;13;0.0;3;True;17.38;83.0;0.0;303;False;True;False;False
2;12;0.0;0;False;6.1;39.0;9.0;305;True;False;False;False
12;11;0.0;5;True;7.04;76.0;13.0;203;False;True;False;False
6;6;0.0;4;True;24.9;84.0;6.0;150;False;True;False;False
10;22;0.0;1;True;15.5;59.0;19.0;126;True;False;False;False
1;11;0.0;2;True;7.98;87.0;9.0;153;True;False;False;False
7;12;0.0;0;False;34.3;37.0;15.0;433;True;False;False;False
8;15;0.0;6;False;22.08;73.0;22.0;233;False;True;False;False
11;7;0.0;6;False;7.04;49.0;17.0;59;False;True;False;False
4;7;0.0;1;True;11.74;28.0;13.0;331;True;False;False;False
2;19;0.0;6;False;12.68;44.0;11.0;188;True;False;False;False
5;22;0.0;5;True;18.32;52.0;22.0;251;True;False;False;False
11;2;1.0;4;False;3.28;75.0;6.0;18;True;False;False;False
11;18;0.0;2;True;7.98;49.0;19.0;559;True;False;False;False
8;20;0.0;3;True;22.08;73.0;13.0;391;True;False;False;False
3;7;0.0;6;False;10.8;100.0;9.0;86;False;True;False;False
5;3;0.0;3;True;21.14;88.0;9.0;5;False;False;False;True
4;11;0.0;4;True;16.44;48.0;0.0;229;True;False;False;False
3;16;0.0;2;True;21.14;66.0;15.0;431;True;False;False;False
6;6;0.0;5;True;17.38;83.0;9.0;151;True;False;False;False
4;16;0.0;6;False;17.38;19.0;26.0;615;True;False;False;False
12;13;0.0;5;True;7.04;39.0;28.0;240;False;True;False;False
1;11;0.0;4;True;6.1;87.0;7.0;111;False;True;False;False
4;14;0.0;1;True;15.5;55.0;9.0;218;False;True;False;False
11;19;0.0;2;True;6.1;56.0;15.0;371;True;False;False;False
10;11;0.0;6;False;22.08;65.0;17.0;647;True;False;False;False
4;1;0.0;0;False;12.68;24.0;15.0;64;True;False;False;False
7;13;1.0;3;False;34.3;35.0;0.0;499;True;False;False;False
5;14;0.0;1;True;20.2;83.0;13.0;180;False;False;False;True
8;6;0.0;6;False;20.2;83.0;15.0;27;True;False;False;False
12;20;0.0;1;True;4.22;60.0;11.0;89;False;True;False;False
4;14;0.0;6;False;22.08;27.0;30.0;660;False;True;False;False
5;3;0.0;5;True;21.14;88.0;7.0;14;False;True;False;False
4;6;0.0;3;True;15.5;39.0;19.0;134;False;True;False;False
10;1;0.0;4;True;19.26;68.0;0.0;28;True;False;False;False
1;4;0.0;2;True;-0.48;55.0;17.0;5;True;False;False;False
5;10;0.0;2;True;26.78;70.0;20.0;183;True;False;False;False
12;2;0.0;2;True;10.8;66.0;22.0;1;False;True;False;False
8;12;0.0;2;True;28.66;49.0;9.0;300;True;False;False;False
9;19;0.0;3;True;26.78;70.0;11.0;662;True;False;False;False
4;23;0.0;6;False;17.38;56.0;13.0;196;False;True;False;False
3;3;0.0;0;False;12.68;88.0;9.0;18;False;True;False;False
1;11;0.0;3;True;4.22;87.0;6.0;99;False;True;False;False
2;20;0.0;3;True;12.68;47.0;13.0;274;False;True;False;False
9;21;0.0;0;False;24.9;70.0;11.0;171;True;False;False;False
9;15;0.0;4;True;25.84;42.0;7.0;352;True;False;False;False
2;16;0.0;3;True;11.74;38.0;13.0;231;True;False;False;False
2;12;0.0;5;True;6.1;42.0;9.0;176;False;True;False;False
2;12;0.0;4;True;7.04;76.0;6.0;45;False;False;False;True
2;8;0.0;1;True;-3.3;54.0;9.0;417;True;False;False;False
10;8;0.0;5;True;17.38;88.0;9.0;734;False;True;False;False
10;12;0.0;6;False;24.9;54.0;7.0;743;True;False;False;False
12;11;1.0;2;False;6.1;75.0;6.0;86;True;False;False;False
3;19;0.0;1;True;21.14;61.0;15.0;549;True;False;False;False
12;4;0.0;2;True;10.8;87.0;9.0;7;False;True;False;False
7;20;0.0;3;True;26.78;51.0;11.0;483;True;False;False;False
9;12;0.0;4;True;23.96;44.0;7.0;297;True;False;False;False
9;14;0.0;3;True;30.54;56.0;7.0;211;True;False;False;False
12;12;1.0;2;False;7.04;76.0;6.0;114;True;False;False;False
12;5;0.0;6;False;4.22;48.0;28.0;5;True;False;False;False
7;2;0.0;3;True;23.96;61.0;15.0;12;True;False;False;False
7;7;1.0;3;False;23.96;65.0;0.0;72;True;False;False;False
10;11;0.0;0;False;15.5;51.0;26.0;462;False;True;False;False
2;2;0.0;0;False;6.1;36.0;19.0;48;False;True;False;False
7;0;0.0;2;True;24.9;74.0;9.0;64;True;False;False;False
3;9;0.0;2;True;2.34;47.0;0.0;233;True;False;False;False
12;0;0.0;5;True;2.34;64.0;6.0;47;True;False;False;False
3;13;0.0;0;False;11.74;88.0;11.0;367;False;True;False;False
12;13;0.0;3;True;2.34;87.0;22.0;15;False;False;False;True
10;18;0.0;6;False;13.62;44.0;9.0;473;True;False;False;False
12;15;0.0;6;False;10.8;62.0;0.0;484;False;True;False;False
3;8;0.0;2;True;13.62;82.0;19.0;593;True;False;False;False
6;11;0.0;3;True;21.14;43.0;6.0;226;True;False;False;False
3;3;0.0;6;False;17.38;77.0;7.0;32;True;False;False;False
11;20;0.0;6;False;12.68;54.0;0.0;192;True;False;False;False
4;13;0.0;0;False;19.26;23.0;11.0;483;True;False;False;False
7;8;0.0;3;True;24.9;42.0;17.0;788;True;False;False;False
12;19;0.0;6;False;3.28;48.0;24.0;60;True;False;False;False
11;4;0.0;3;True;4.22;70.0;13.0;4;False;True;False;False
8;0;0.0;6;False;22.08;83.0;15.0;105;False;True;False;False
12;11;0.0;1;True;10.8;87.0;6.0;170;False;True;False;False
11;8;0.0;2;True;7.04;87.0;17.0;211;False;False;False;True
6;5;0.0;2;True;16.44;48.0;26.0;39;True;False;False;False
6;15;0.0;0;False;24.9;34.0;0.0;644;True;False;False;False
10;11;0.0;6;False;17.38;52.0;15.0;612;True;False;False;False
1;0;0.0;6;False;-0.48;47.0;7.0;44;True;False;False;False
1;11;0.0;0;False;7.98;76.0;9.0;138;True;False;False;False
2;1;0.0;5;True;5.16;61.0;6.0;13;False;True;False;False
4;13;0.0;1;True;14.56;51.0;6.0;247;False;True;False;False
4;20;0.0;3;True;11.74;77.0;7.0;260;False;True;False;False
11;15;0.0;0;False;10.8;40.0;15.0;449;True;False;False;False
5;2;0.0;2;True;18.32;88.0;9.0;4;False;True;False;False
9;9;0.0;0;False;19.26;60.0;9.0;296;True;False;False;False
10;6;0.0;0;False;15.5;59.0;22.0;39;False;True;False;False
4;3;0.0;0;False;12.68;82.0;11.0;40;False;True;False;False
4;11;0.0;0;False;10.8;71.0;13.0;451;False;True;False;False
6;13;0.0;2;True;26.78;58.0;9.0;272;True;False;False;False
2;20;0.0;6;False;12.68;44.0;11.0;148;True;False;False;False
5;18;0.0;2;True;23.96;61.0;9.0;785;True;False;False;False
2;17;0.0;3;True;19.26;43.0;13.0;539;True;False;False;False
7;0;0.0;2;True;23.96;79.0;9.0;38;True;False;False;False
12;16;0.0;5;True;6.1;49.0;9.0;250;True;False;False;False
7;17;0.0;2;True;29.6;52.0;22.0;869;True;False;False;False
8;7;0.0;1;True;21.14;78.0;9.0;442;False;True;False;False
3;12;0.0;1;True;14.56;33.0;35.0;279;True;False;False;False
12;2;0.0;1;True;1.4;75.0;0.0;5;True;False;False;False
2;12;0.0;5;True;10.8;76.0;9.0;228;False;True;False;False
9;3;0.0;0;False;17.38;73.0;15.0;46;True;False;False;False
11;3;0.0;0;False;7.98;81.0;0.0;48;True;False;False;False
1;4;0.0;6;False;4.22;60.0;11.0;8;True;False;False;False
3;17;0.0;2;True;12.68;16.0;0.0;614;True;False;False;False
7;7;0.0;1;True;26.78;51.0;7.0;398;True;False;False;False
12;22;0.0;1;True;11.74;94.0;9.0;54;False;True;False;False
2;15;0.0;0;False;8.92;29.0;0.0;353;True;False;False;False
6;2;0.0;0;False;16.44;59.0;7.0;89;True;False;False;False
8;6;0.0;6;False;24.9;84.0;15.0;49;True;False;False;False
8;9;0.0;5;True;24.9;58.0;7.0;378;True;False;False;False
6;15;0.0;0;False;23.02;50.0;15.0;463;True;False;False;False
9;5;0.0;3;True;16.44;68.0;19.0;56;False;True;False;False
8;8;0.0;4;True;23.02;65.0;0.0;754;True;False;False;False
8;11;0.0;5;True;27.72;48.0;7.0;281;False;True;False;False
1;8;0.0;0;False;-0.48;74.0;15.0;32;False;True;False;False
12;23;0.0;2;True;7.98;49.0;6.0;81;True;False;False;False
12;9;0.0;0;False;1.4;59.0;7.0;56;True;False;False;False
4;12;0.0;5;True;13.62;36.0;24.0;307;True;False;False;False
9;7;0.0;0;False;23.02;94.0;6.0;42;True;False;False;False
1;5;0.0;4;True;6.1;75.0;7.0;28;False;True;False;False
6;21;0.0;0;False;21.14;57.0;13.0;246;True;False;False;False
1;8;0.0;0;False;6.1;52.0;9.0;57;True;False;False;False
3;3;0.0;6;False;10.8;82.0;17.0;31;True;False;False;False
6;13;0.0;3;True;29.6;27.0;22.0;321;True;False;False;False
1;5;0.0;6;False;-1.42;50.0;9.0;4;True;False;False;False
3;4;0.0;4;True;12.68;77.0;7.0;14;True;False;False;False
3;6;0.0;6;False;2.34;44.0;19.0;12;True;False;False;False
6;18;0.0;6;False;25.84;37.0;15.0;571;False;True;False;False
11;5;0.0;0;False;6.1;87.0;9.0;12;True;False;False;False
6;20;0.0;4;True;23.02;65.0;17.0;435;True;False;False;False
10;23;0.0;3;True;13.62;88.0;15.0;99;True;False;False;False
6;17;0.0;5;True;38.06;34.0;13.0;539;True;False;False;False
8;4;0.0;5;True;22.08;89.0;9.0;7;True;False;False;False
10;9;0.0;4;True;22.08;89.0;13.0;359;False;True;False;False
3;16;0.0;1;True;6.1;45.0;20.0;210;True;False;False;False
7;20;0.0;1;True;28.66;43.0;9.0;395;True;False;False;False
6;3;0.0;3;True;21.14;83.0;13.0;8;True;False;False;False
1;16;0.0;0;False;12.68;54.0;20.0;215;False;True;False;False
7;15;0.0;2;True;27.72;62.0;9.0;144;True;False;False;False
5;5;0.0;4;True;13.62;72.0;20.0;24;True;False;False;False
11;16;0.0;3;True;7.98;46.0;7.0;321;True;False;False;False
5;1;0.0;3;True;20.2;83.0;11.0;32;True;False;False;False
3;18;0.0;2;True;24.9;34.0;20.0;734;True;False;False;False
9;22;0.0;3;True;25.84;79.0;0.0;219;True;False;False;False
10;2;0.0;1;True;19.26;64.0;24.0;6;False;True;False;False
1;20;0.0;2;True;-2.36;33.0;17.0;115;True;False;False;False
2;1;0.0;5;True;6.1;93.0;0.0;18;False;True;False;False
4;4;0.0;4;True;9.86;43.0;19.0;1;True;False;False;False
9;3;0.0;5;True;17.38;77.0;0.0;14;True;False;False;False
6;12;0.0;3;True;27.72;29.0;20.0;322;True;False;False;False
11;11;0.0;3;True;7.04;49.0;17.0;151;True;False;False;False
12;9;0.0;5;True;7.04;45.0;37.0;267;False;True;False;False
3;7;0.0;3;True;14.56;94.0;13.0;372;False;False;False;True
11;5;0.0;5;True;3.28;81.0;0.0;10;True;False;False;False
8;12;0.0;0;False;25.84;74.0;24.0;626;False;False;False;True
9;9;0.0;3;True;26.78;70.0;17.0;290;True;False;False;False
5;11;0.0;2;True;20.2;64.0;26.0;217;False;True;False;False
3;13;0.0;0;False;11.74;41.0;20.0;464;True;False;False;False
2;18;0.0;6;False;5.16;75.0;11.0;64;False;False;False;True
3;14;0.0;4;True;19.26;35.0;15.0;211;True;False;False;False
7;12;0.0;4;True;28.66;35.0;9.0;292;True;False;False;False
6;19;0.0;4;True;33.36;39.0;15.0;499;True;False;False;False
10;17;0.0;0;False;13.62;77.0;35.0;225;False;False;False;True
2;10;0.0;4;True;11.74;77.0;7.0;78;False;False;False;True
4;10;0.0;6;False;13.62;51.0;11.0;406;True;False;False;False
12;12;0.0;4;True;5.16;41.0;0.0;235;True;False;False;False
9;6;0.0;2;True;23.96;89.0;7.0;172;False;True;False;False
3;11;0.0;6;False;15.5;94.0;13.0;273;False;True;False;False
1;21;0.0;6;False;12.68;44.0;15.0;140;True;False;False;False
6;3;0.0;1;True;23.96;69.0;17.0;5;True;False;False;False
7;0;0.0;6;False;21.14;83.0;19.0;103;False;False;False;True
12;4;0.0;6;False;8.92;93.0;0.0;12;False;True;False;False
2;14;0.0;2;True;12.68;38.0;17.0;138;True;False;False;False
1;1;0.0;3;True;6.1;70.0;15.0;13;True;False;False;False
4;20;0.0;1;True;7.04;76.0;11.0;203;False;True;False;False
6;2;0.0;3;True;23.02;83.0;11.0;6;True;False;False;False
12;11;0.0;0;False;10.8;87.0;20.0;250;False;True;False;False
11;0;0.0;6;False;6.1;52.0;11.0;106;True;False;False;False
6;19;0.0;6;False;29.6;27.0;13.0;425;True;False;False;False
9;17;0.0;3;True;27.72;66.0;17.0;863;True;False;False;False
10;8;1.0;1;False;8.92;71.0;15.0;397;False;True;False;False
10;8;0.0;2;True;12.68;62.0;0.0;835;True;False;False;False
4;17;0.0;4;True;15.5;31.0;11.0;822;True;False;False;False
12;6;0.0;3;True;14.56;55.0;26.0;124;False;False;False;True
12;19;0.0;1;True;15.5;68.0;6.0;471;True;False;False;False
7;14;0.0;4;True;32.42;44.0;6.0;197;True;False;False;False
6;21;0.0;2;True;23.96;34.0;13.0;328;True;False;False;False
10;8;0.0;3;True;21.14;88.0;7.0;809;False;True;False;False
6;20;0.0;5;True;35.24;42.0;17.0;308;True;False;False;False
7;15;0.0;6;False;20.2;88.0;17.0;380;False;False;False;True
8;18;0.0;2;True;27.72;62.0;19.0;854;True;False;False;False
8;11;0.0;3;True;29.6;52.0;0.0;239;False;True;False;False
9;22;0.0;3;True;15.5;63.0;6.0;229;True;False;False;False
7;11;0.0;5;True;31.48;32.0;6.0;233;True;False;False;False
8;9;0.0;3;True;24.9;51.0;13.0;348;True;False;False;False
8;9;0.0;3;True;27.72;66.0;0.0;341;False;True;False;False
1;0;0.0;3;True;4.22;93.0;0.0;31;True;False;False;False
3;22;0.0;5;True;8.92;71.0;11.0;153;True;False;False;False
7;20;0.0;4;True;30.54;49.0;11.0;505;True;False;False;False
5;17;0.0;5;True;24.9;54.0;31.0;643;True;False;False;False
4;23;0.0;5;True;16.44;72.0;9.0;187;True;False;False;False
1;17;0.0;2;True;-1.42;26.0;31.0;245;True;False;False;False
10;18;0.0;4;True;18.32;83.0;7.0;809;True;False;False;False
2;19;0.0;6;False;4.22;33.0;30.0;149;True;False;False;False
2;1;0.0;2;True;4.22;56.0;0.0;6;False;True;False;False
10;13;0.0;3;True;24.9;74.0;7.0;279;False;True;False;False
6;19;0.0;0;False;29.6;38.0;20.0;423;True;False;False;False
2;9;0.0;2;True;1.4;75.0;7.0;217;True;False;False;False
12;13;0.0;4;True;6.1;49.0;31.0;118;True;False;False;False
2;19;0.0;5;True;12.68;88.0;7.0;233;False;True;False;False
2;17;0.0;2;True;11.74;38.0;24.0;523;True;False;False;False
11;18;0.0;1;True;8.92;50.0;11.0;521;True;False;False;False
7;2;0.0;0;False;20.2;88.0;7.0;122;False;True;False;False
4;11;0.0;1;True;12.68;44.0;7.0;163;False;True;False;False
5;23;0.0;1;True;19.26;78.0;7.0;75;False;True;False;False
8;6;0.0;2;True;23.02;89.0;7.0;147;False;True;False;False
7;19;0.0;5;True;33.36;35.0;15.0;418;True;False;False;False
7;21;0.0;5;True;30.54;52.0;9.0;300;True;False;False;False
4;1;0.0;5;True;15.5;59.0;30.0;35;True;False;False;False
5;10;1.0;1;False;24.9;61.0;0.0;364;True;False;False;False
6;0;0.0;3;True;23.02;94.0;13.0;34;False;True;False;False
5;12;0.0;4;True;25.84;37.0;13.0;292;True;False;False;False
1;10;0.0;6;False;-0.48;93.0;17.0;45;False;False;False;True
11;20;0.0;3;True;7.98;61.0;7.0;136;True;False;False;False
11;10;0.0;5;True;9.86;46.0;20.0;204;True;False;False;False
7;15;0.0;6;False;29.6;55.0;11.0;560;True;False;False;False
5;4;0.0;0;False;17.38;68.0;13.0;9;False;True;False;False
8;7;0.0;2;True;20.2;78.0;7.0;519;True;False;False;False
6;11;0.0;0;False;21.14;57.0;7.0;546;True;False;False;False
1;10;0.0;0;False;-0.48;74.0;19.0;129;False;True;False;False
7;1;0.0;4;True;26.78;66.0;6.0;25;True;False;False;False
7;19;0.0;5;True;22.08;83.0;19.0;402;False;True;False;False
1;13;0.0;2;True;11.74;38.0;20.0;178;True;False;False;False
10;17;0.0;6;False;13.62;38.0;11.0;528;True;False;False;False
7;23;0.0;6;False;23.96;83.0;6.0;211;False;True;False;False
9;12;0.0;6;False;23.02;36.0;24.0;706;True;False;False;False
7;2;0.0;3;True;22.08;89.0;0.0;5;True;False;False;False
6;0;0.0;4;True;23.02;50.0;7.0;54;True;False;False;False
2;13;0.0;3;True;8.92;93.0;24.0;76;False;True;False;False
7;10;0.0;6;False;35.24;37.0;15.0;325;True;False;False;False
11;22;0.0;6;False;3.28;44.0;17.0;76;True;False;False;False
4;12;0.0;1;True;12.68;47.0;9.0;225;False;True;False;False
5;20;0.0;0;False;23.02;61.0;28.0;274;True;False;False;False
12;5;0.0;5;True;7.98;76.0;28.0;13;False;True;False;False
7;5;0.0;2;True;23.02;83.0;7.0;50;True;False;False;False
6;16;0.0;0;False;31.48;30.0;17.0;461;True;False;False;False
7;16;0.0;1;True;29.6;49.0;19.0;425;True;False;False;False
2;6;0.0;1;True;-3.3;54.0;15.0;72;True;False;False;False
2;3;0.0;1;True;-2.36;54.0;7.0;1;True;False;False;False
2;19;0.0;1;True;7.98;25.0;9.0;263;True;False;False;False
9;19;0.0;0;False;15.5;72.0;9.0;257;False;False;False;True
10;12;0.0;2;True;16.44;45.0;22.0;325;False;True;False;False
8;14;0.0;5;True;28.66;43.0;7.0;338;True;False;False;False
6;8;0.0;1;True;23.02;74.0;9.0;651;True;False;False;False
9;8;0.0;0;False;17.38;64.0;11.0;128;True;False;False;False
9;0;0.0;2;True;13.62;67.0;11.0;64;True;False;False;False
6;0;0.0;5;True;20.2;73.0;11.0;94;True;False;False;False
2;21;0.0;2;True;8.92;50.0;7.0;109;False;True;False;False
10;15;0.0;0;False;18.32;35.0;22.0;623;True;False;False;False
3;5;0.0;6;False;8.92;93.0;6.0;2;False;True;False;False
5;1;0.0;2;True;18.32;88.0;9.0;19;False;False;False;True
2;16;0.0;3;True;20.2;40.0;15.0;283;True;False;False;False
3;14;0.0;6;False;15.5;63.0;17.0;551;False;True;False;False
4;22;0.0;1;True;16.44;55.0;11.0;134;False;True;False;False
10;12;0.0;6;False;18.32;46.0;7.0;703;True;False;False;False
10;21;0.0;4;True;16.44;88.0;9.0;271;False;True;False;False
2;23;0.0;5;True;8.92;40.0;13.0;82;True;False;False;False
1;9;0.0;3;True;5.16;52.0;22.0;202;True;False;False;False
10;22;0.0;5;True;15.5;77.0;6.0;190;True;False;False;False
6;2;0.0;3;True;18.32;49.0;9.0;14;True;False;False;False
3;3;0.0;2;True;0.46;51.0;19.0;1;True;False;False;False
11;12;0.0;2;True;7.04;45.0;9.0;248;True;False;False;False
10;7;0.0;3;True;15.5;88.0;6.0;526;True;False;False;False
10;12;0.0;5;True;19.26;73.0;13.0;392;False;True;False;False
9;2;0.0;4;True;13.62;72.0;6.0;11;True;False;False;False
8;8;0.0;0;False;22.08;69.0;7.0;124;False;True;False;False
6;6;0.0;4;True;21.14;57.0;6.0;193;True;False;False;False
7;12;0.0;1;True;26.78;58.0;9.0;266;False;True;False;False
4;8;0.0;5;True;12.68;94.0;0.0;700;True;False;False;False
5;6;0.0;2;True;23.02;78.0;15.0;154;True;False;False;False
12;5;0.0;4;True;3.28;75.0;11.0;11;True;False;False;False
9;11;0.0;0;False;18.32;46.0;17.0;570;True;False;False;False
4;7;0.0;6;False;7.04;33.0;19.0;54;True;False;False;False
2;0;0.0;3;True;7.04;53.0;7.0;32;True;False;False;False
10;19;0.0;1;True;17.38;68.0;7.0;516;False;True;False;False
5;1;1.0;1;False;21.14;78.0;20.0;59;False;True;False;False
8;9;0.0;0;False;23.96;79.0;17.0;263;True;False;False;False
4;10;0.0;0;False;10.8;71.0;7.0;360;False;True;False;False
7;4;0.0;3;True;22.08;89.0;9.0;7;True;False;False;False
6;23;0.0;1;True;22.08;33.0;22.0;103;True;False;False;False
1;5;0.0;0;False;1.4;51.0;9.0;7;True;False;False;False
8;13;0.0;2;True;26.78;40.0;0.0;331;True;False;False;False
4;20;0.0;5;True;19.26;56.0;11.0;341;True;False;False;False
3;13;0.0;1;True;17.38;32.0;17.0;250;False;True;False;False
6;6;0.0;1;True;16.44;68.0;0.0;139;True;False;False;False
10;8;0.0;0;False;11.74;67.0;0.0;143;True;False;False;False
12;15;0.0;2;True;13.62;44.0;33.0;246;True;False;False;False
12;9;0.0;1;True;10.8;87.0;6.0;308;True;False;False;False
2;14;0.0;0;False;7.04;45.0;13.0;237;False;True;False;False
6;7;0.0;2;True;20.2;78.0;9.0;480;False;True;False;False
6;17;0.0;0;False;31.48;32.0;17.0;532;True;False;False;False
9;2;0.0;0;False;23.02;89.0;0.0;84;True;False;False;False
6;7;0.0;6;False;16.44;72.0;7.0;86;True;False;False;False
10;7;0.0;4;True;22.08;89.0;6.0;391;False;True;False;False
2;12;0.0;0;False;4.22;65.0;13.0;248;False;True;False;False
11;3;0.0;5;True;6.1;70.0;11.0;3;True;False;False;False
4;5;0.0;0;False;7.98;87.0;0.0;6;True;False;False;False
3;22;0.0;2;True;17.38;77.0;0.0;188;True;False;False;False
5;3;0.0;0;False;22.08;73.0;11.0;36;True;False;False;False
3;4;0.0;2;True;3.28;32.0;24.0;3;True;False;False;False
12;8;0.0;6;False;3.28;87.0;9.0;144;False;True;False;False
2;3;0.0;2;True;6.1;70.0;0.0;2;False;True;False;False
2;0;0.0;0;False;3.28;87.0;9.0;61;False;True;False;False
5;3;0.0;2;True;19.26;83.0;9.0;6;False;False;False;True
2;11;0.0;0;False;-2.36;42.0;20.0;124;True;False;False;False
1;3;0.0;5;True;3.28;52.0;7.0;4;True;False;False;False
2;10;0.0;4;True;7.04;70.0;9.0;44;False;False;False;True
11;19;0.0;6;False;13.62;51.0;6.0;283;True;False;False;False
3;16;0.0;0;False;8.92;29.0;33.0;299;True;False;False;False
7;9;0.0;2;True;29.6;49.0;11.0;272;True;False;False;False
10;22;0.0;0;False;12.68;88.0;24.0;37;False;False;False;True
8;10;0.0;3;True;25.84;62.0;13.0;233;False;True;False;False
11;10;0.0;6;False;8.92;46.0;17.0;320;True;False;False;False
7;0;0.0;3;True;25.84;58.0;20.0;66;True;False;False;False
4;14;0.0;0;False;14.56;55.0;15.0;561;False;True;False;False
9;14;0.0;6;False;32.42;44.0;11.0;514;False;True;False;False
8;3;0.0;5;True;23.96;79.0;15.0;6;True;False;False;False
2;13;0.0;0;False;5.16;61.0;11.0;274;False;True;False;False
3;16;0.0;4;True;16.44;36.0;22.0;388;True;False;False;False
6;17;0.0;0;False;30.54;41.0;19.0;521;True;False;False;False
5;2;0.0;3;True;21.14;94.0;6.0;5;False;False;False;True
10;10;0.0;4;True;23.02;83.0;9.0;177;False;True;False;False
2;20;0.0;2;True;9.86;46.0;9.0;184;False;True;False;False
11;16;0.0;4;True;8.92;40.0;15.0;370;True;False;False;False
9;12;0.0;1;True;18.32;35.0;20.0;342;True;False;False;False
10;22;0.0;3;True;13.62;55.0;20.0;197;True;False;False;False
2;10;0.0;5;True;4.22;48.0;9.0;124;False;True;False;False
3;21;0.0;6;False;13.62;19.0;22.0;154;True;False;False;False
8;7;0.0;3;True;22.08;83.0;9.0;487;False;True;False;False
3;15;0.0;0;False;12.68;88.0;13.0;421;False;True;False;False
10;20;0.0;0;False;11.74;94.0;31.0;55;False;False;False;True
6;5;0.0;6;False;20.2;56.0;7.0;19;True;False;False;False
11;6;0.0;5;True;6.1;61.0;6.0;130;False;True;False;False
10;16;0.0;2;True;21.14;88.0;9.0;374;False;False;False;True
9;10;0.0;4;True;22.08;61.0;6.0;212;True;False;False;False
9;20;0.0;1;True;16.44;52.0;7.0;432;True;False;False;False
7;6;0.0;0;False;21.14;83.0;6.0;19;False;True;False;False
8;4;0.0;1;True;20.2;83.0;6.0;7;False;True;False;False
5;7;0.0;2;True;18.32;88.0;7.0;324;False;False;False;True
2;12;0.0;4;True;4.22;48.0;22.0;158;True;False;False;False
3;5;0.0;6;False;11.74;94.0;6.0;8;False;True;False;False
9;23;0.0;5;True;21.14;78.0;6.0;195;True;False;False;False
8;11;0.0;0;False;30.54;56.0;28.0;437;True;False;False;False
6;16;0.0;3;True;30.54;24.0;30.0;392;True;False;False;False
2;17;0.0;5;True;10.8;37.0;6.0;488;True;False;False;False
9;12;0.0;2;True;23.96;83.0;30.0;88;False;False;False;True
11;0;0.0;2;True;7.04;70.0;9.0;29;True;False;False;False
9;15;0.0;0;False;22.08;36.0;17.0;649;True;False;False;False
4;9;0.0;2;True;11.74;67.0;13.0;319;True;False;False;False
2;10;0.0;2;True;7.98;46.0;11.0;116;True;False;False;False
3;21;0.0;5;True;21.14;53.0;7.0;284;True;False;False;False
2;1;0.0;1;True;-2.36;50.0;15.0;6;True;False;False;False
3;6;0.0;2;True;0.46;51.0;7.0;102;True;False;False;False
5;15;0.0;6;False;25.84;30.0;7.0;672;True;False;False;False
9;5;0.0;4;True;19.26;83.0;0.0;66;True;False;False;False
12;16;0.0;5;True;8.92;76.0;9.0;375;True;False;False;False
1;15;0.0;3;True;6.1;33.0;35.0;130;True;False;False;False
6;5;0.0;3;True;20.2;43.0;19.0;36;True;False;False;False
5;9;0.0;4;True;21.14;73.0;11.0;301;True;False;False;False
10;23;0.0;0;False;8.92;93.0;9.0;80;True;False;False;False
9;17;0.0;5;True;28.66;59.0;22.0;772;True;False;False;False
9;4;0.0;3;True;15.5;72.0;6.0;5;True;False;False;False
7;12;0.0;6;False;26.78;66.0;6.0;499;False;True;False;False
8;3;0.0;2;True;23.96;83.0;13.0;3;False;True;False;False
4;6;0.0;5;True;10.8;43.0;17.0;120;True;False;False;False
12;12;0.0;4;True;6.1;49.0;31.0;109;True;False;False;False
11;17;0.0;1;True;7.98;46.0;15.0;638;True;False;False;False
11;12;0.0;3;True;7.98;42.0;26.0;208;True;False;False;False
8;2;0.0;0;False;22.08;89.0;15.0;116;False;True;False;False
10;16;0.0;1;True;21.14;46.0;17.0;459;False;True;False;False
1;18;1.0;1;False;4.22;52.0;22.0;181;True;False;False;False
9;9;0.0;2;True;25.84;79.0;15.0;323;False;True;False;False
11;21;0.0;1;True;9.86;54.0;15.0;203;False;True;False;False
2;18;0.0;2;True;11.74;28.0;11.0;449;True;False;False;False
9;7;0.0;4;True;24.9;84.0;7.0;482;False;True;False;False
4;19;0.0;6;False;18.32;73.0;33.0;54;False;False;False;True
6;17;0.0;6;False;22.08;36.0;0.0;586;True;False;False;False
3;12;0.0;5;True;10.8;43.0;11.0;234;True;False;False;False
2;5;0.0;3;True;5.16;70.0;7.0;25;True;False;False;False
4;9;0.0;1;True;13.62;31.0;24.0;286;True;False;False;False
5;5;0.0;4;True;20.2;88.0;11.0;30;False;True;False;False
6;19;0.0;0;False;23.96;34.0;19.0;453;True;False;False;False
3;19;0.0;6;False;13.62;33.0;11.0;225;True;False;False;False
7;17;0.0;5;True;23.02;89.0;28.0;715;False;True;False;False
3;8;0.0;5;True;15.5;94.0;9.0;662;False;True;False;False
5;5;0.0;1;True;17.38;77.0;11.0;26;False;True;False;False
5;1;0.0;5;True;15.5;59.0;6.0;49;True;False;False;False
6;7;0.0;3;True;15.5;72.0;0.0;547;True;False;False;False
9;1;0.0;5;True;16.44;72.0;0.0;49;True;False;False;False
11;16;0.0;6;False;10.8;40.0;15.0;469;True;False;False;False
3;21;0.0;3;True;19.26;60.0;17.0;261;True;False;False;False
6;12;0.0;5;True;31.48;49.0;9.0;254;True;False;False;False
9;18;0.0;5;True;22.08;50.0;15.0;667;False;True;False;False
1;0;0.0;2;True;1.4;51.0;17.0;13;True;False;False;False
6;6;0.0;6;False;22.08;83.0;6.0;47;True;False;False;False
5;13;0.0;2;True;30.54;52.0;26.0;239;True;False;False;False
3;4;0.0;3;True;8.92;43.0;20.0;1;True;False;False;False
9;16;0.0;3;True;26.78;45.0;19.0;468;True;False;False;False
6;11;0.0;6;False;23.02;39.0;11.0;566;True;False;False;False
12;1;0.0;0;False;7.98;76.0;7.0;96;False;False;False;True
10;21;0.0;5;True;20.2;69.0;15.0;267;True;False;False;False
11;13;0.0;2;True;7.98;53.0;17.0;218;True;False;False;False
3;11;0.0;1;True;14.56;31.0;39.0;178;True;False;False;False
2;2;0.0;4;True;6.1;70.0;6.0;7;False;True;False;False
10;13;0.0;6;False;20.2;43.0;17.0;760;True;False;False;False
2;4;0.0;0;False;-3.3;46.0;48.0;1;False;True;False;False
2;9;0.0;1;True;-2.36;50.0;13.0;205;True;False;False;False
5;7;0.0;3;True;18.32;94.0;13.0;418;False;True;False;False
3;2;0.0;6;False;17.38;77.0;7.0;69;True;False;False;False
11;10;0.0;3;True;8.92;62.0;0.0;172;True;False;False;False
5;22;1.0;1;False;26.78;70.0;11.0;157;True;False;False;False
8;6;0.0;3;True;22.08;78.0;7.0;172;True;False;False;False
12;5;0.0;6;False;3.28;75.0;6.0;3;False;True;False;False
4;7;0.0;4;True;7.98;49.0;13.0;354;True;False;False;False
1;20;0.0;2;True;7.98;53.0;7.0;200;True;False;False;False
3;0;0.0;1;True;14.56;82.0;11.0;33;False;True;False;False
11;14;0.0;1;True;11.74;35.0;0.0;228;True;False;False;False
10;6;0.0;2;True;9.86;82.0;17.0;143;False;True;False;False
10;14;0.0;3;True;20.2;40.0;11.0;271;True;False;False;False
11;3;0.0;2;True;8.92;87.0;24.0;5;False;False;False;True
1;18;0.0;2;True;17.38;24.0;24.0;502;True;False;False;False
8;7;0.0;5;True;22.08;89.0;7.0;133;False;False;False;True
10;18;0.0;3;True;18.32;49.0;11.0;844;False;True;False;False
5;18;0.0;2;True;24.9;54.0;9.0;743;True;False;False;False
2;22;0.0;2;True;8.92;50.0;7.0;77;False;True;False;False
8;13;0.0;1;True;28.66;40.0;11.0;254;True;False;False;False
12;19;0.0;6;False;8.92;62.0;9.0;257;True;False;False;False
10;23;1.0;1;False;10.8;71.0;15.0;69;False;True;False;False
3;9;0.0;1;True;2.34;60.0;6.0;197;False;True;False;False
6;8;0.0;3;True;21.14;43.0;22.0;687;True;False;False;False
2;5;0.0;0;False;2.34;44.0;15.0;5;True;False;False;False
10;9;0.0;2;True;19.26;88.0;9.0;86;False;False;False;True
8;14;0.0;4;True;30.54;32.0;0.0;248;True;False;False;False
2;0;0.0;4;True;12.68;47.0;17.0;42;False;True;False;False
5;15;0.0;4;True;26.78;55.0;17.0;291;True;False;False;False
3;3;0.0;4;True;15.5;63.0;0.0;7;True;False;False;False
10;6;0.0;2;True;10.8;82.0;6.0;158;True;False;False;False
3;1;0.0;6;False;18.32;73.0;6.0;128;True;False;False;False
2;20;0.0;0;False;5.16;56.0;13.0;50;True;False;False;False
2;5;0.0;1;True;-3.3;58.0;9.0;17;True;False;False;False
2;19;0.0;4;True;9.86;43.0;35.0;327;True;False;False;False
9;22;0.0;6;False;21.14;57.0;13.0;239;True;False;False;False
11;15;0.0;4;True;10.8;54.0;11.0;214;False;True;False;False
5;11;0.0;3;True;24.9;54.0;9.0;267;True;False;False;False
3;20;0.0;4;True;12.68;44.0;28.0;254;True;False;False;False
4;14;0.0;1;True;8.92;62.0;30.0;114;False;False;False;True
7;8;0.0;1;True;26.78;66.0;7.0;667;True;False;False;False
10;2;0.0;1;True;9.86;71.0;0.0;5;True;False;False;False
4;12;0.0;6;False;13.62;23.0;26.0;590;True;False;False;False
3;19;0.0;1;True;4.22;53.0;15.0;226;True;False;False;False
10;5;0.0;3;True;13.62;88.0;6.0;40;False;True;False;False
4;10;0.0;6;False;20.2;64.0;19.0;482;True;False;False;False
11;17;0.0;4;True;8.92;57.0;15.0;563;False;True;False;False
1;3;0.0;3;True;4.22;75.0;13.0;1;True;False;False;False
5;10;0.0;4;True;15.5;51.0;28.0;154;True;False;False;False
5;13;0.0;4;True;21.14;41.0;13.0;327;True;False;False;False
2;0;0.0;3;True;7.04;66.0;15.0;24;True;False;False;False
5;10;0.0;3;True;21.14;65.0;17.0;153;False;True;False;False
9;21;0.0;4;True;22.08;89.0;11.0;272;True;False;False;False
3;6;0.0;5;True;7.04;57.0;9.0;86;True;False;False;False
12;11;0.0;2;True;14.56;77.0;13.0;207;True;False;False;False
3;23;0.0;2;True;5.16;61.0;15.0;54;True;False;False;False
3;5;0.0;0;False;3.28;60.0;11.0;7;True;False;False;False
12;17;0.0;4;True;4.22;52.0;19.0;257;False;True;False;False
12;3;0.0;6;False;4.22;81.0;9.0;15;False;True;False;False
3;5;0.0;3;True;12.68;82.0;9.0;27;True;False;False;False
9;3;1.0;1;False;23.02;89.0;9.0;28;True;False;False;False
4;16;0.0;5;True;16.44;29.0;17.0;440;True;False;False;False
6;10;0.0;3;True;24.9;37.0;17.0;172;True;False;False;False
5;0;0.0;0;False;23.96;69.0;11.0;137;False;True;False;False
5;13;0.0;0;False;20.2;64.0;0.0;565;False;True;False;False
6;11;0.0;0;False;27.72;40.0;9.0;506;True;False;False;False
11;7;0.0;0;False;4.22;65.0;7.0;50;True;False;False;False
4;15;0.0;6;False;25.84;39.0;17.0;628;True;False;False;False
1;11;0.0;6;False;6.1;56.0;9.0;296;True;False;False;False
9;5;0.0;4;True;16.44;83.0;0.0;57;True;False;False;False
11;17;0.0;2;True;7.04;53.0;15.0;627;True;False;False;False
1;20;0.0;3;True;1.4;40.0;13.0;123;False;True;False;False
5;23;0.0;0;False;16.44;77.0;13.0;102;True;False;False;False
10;19;0.0;2;True;15.5;72.0;11.0;514;False;True;False;False
10;5;0.0;1;True;12.68;77.0;0.0;36;True;False;False;False
10;9;0.0;5;True;17.38;94.0;7.0;389;False;True;False;False
12;2;0.0;4;True;3.28;87.0;30.0;2;False;True;False;False
4;1;0.0;4;True;7.04;66.0;15.0;9;True;False;False;False
11;7;0.0;2;True;7.04;76.0;6.0;418;True;False;False;False
8;5;0.0;2;True;18.32;83.0;6.0;34;True;False;False;False
7;11;0.0;3;True;27.72;58.0;9.0;229;False;True;False;False
1;11;0.0;3;True;6.1;42.0;26.0;114;True;False;False;False
7;19;1.0;3;False;32.42;47.0;15.0;432;True;False;False;False
3;8;0.0;1;True;1.4;59.0;7.0;428;True;False;False;False
10;16;0.0;4;True;20.2;69.0;11.0;499;True;False;False;False
10;4;0.0;4;True;22.08;89.0;0.0;10;False;True;False;False
8;0;0.0;2;True;24.9;84.0;17.0;38;True;False;False;False
2;17;0.0;0;False;0.46;37.0;28.0;87;True;False;False;False
10;17;0.0;0;False;22.08;44.0;13.0;539;True;False;False;False
8;10;0.0;1;True;26.78;70.0;15.0;213;True;False;False;False
6;11;0.0;3;True;26.78;30.0;22.0;209;True;False;False;False
1;2;0.0;3;True;-7.06;34.0;19.0;1;True;False;False;False
6;10;0.0;2;True;22.08;73.0;6.0;180;True;False;False;False
3;16;0.0;4;True;22.08;65.0;13.0;425;True;False;False;False
11;11;0.0;4;True;7.98;61.0;9.0;166;False;True;False;False
7;15;0.0;5;True;32.42;41.0;15.0;323;True;False;False;False
8;1;0.0;1;True;25.84;79.0;6.0;11;True;False;False;False
1;12;0.0;6;False;1.4;80.0;11.0;67;False;True;False;False
8;21;0.0;6;False;23.02;89.0;11.0;128;False;True;False;False
1;8;0.0;0;False;-2.36;54.0;15.0;36;True;False;False;False
12;0;0.0;0;False;6.1;87.0;6.0;117;False;True;False;False
10;13;0.0;2;True;15.5;67.0;9.0;238;False;True;False;False
12;2;0.0;1;True;9.86;94.0;7.0;5;False;True;False;False
1;19;0.0;6;False;0.46;80.0;26.0;85;False;True;False;False
1;0;0.0;0;False;6.1;33.0;15.0;96;True;False;False;False
9;8;0.0;6;False;27.72;58.0;17.0;162;False;True;False;False
9;17;0.0;3;True;20.2;38.0;15.0;886;True;False;False;False
8;3;0.0;2;True;24.9;84.0;0.0;6;True;False;False;False
3;14;0.0;1;True;22.08;57.0;13.0;260;False;True;False;False
6;0;0.0;2;True;24.9;58.0;15.0;28;False;True;False;False
11;8;0.0;1;True;3.28;65.0;0.0;638;True;False;False;False
5;5;0.0;6;False;21.14;83.0;17.0;10;True;False;False;False
12;13;0.0;4;True;8.92;34.0;13.0;271;True;False;False;False
7;4;0.0;1;True;25.84;54.0;20.0;12;False;True;False;False
10;1;0.0;6;False;15.5;88.0;9.0;146;False;True;False;False
2;15;0.0;6;False;6.1;61.0;20.0;124;False;True;False;False
2;22;0.0;6;False;10.8;40.0;30.0;118;True;False;False;False
12;5;0.0;6;False;3.28;87.0;6.0;13;True;False;False;False
3;0;0.0;6;False;19.26;68.0;0.0;156;True;False;False;False
9;16;0.0;0;False;20.2;33.0;22.0;691;True;False;False;False
7;20;0.0;1;True;26.78;55.0;7.0;447;False;True;False;False
10;10;0.0;4;True;16.44;68.0;15.0;218;False;True;False;False
2;4;0.0;6;False;3.28;87.0;15.0;4;False;False;False;True
7;13;0.0;2;True;31.48;53.0;20.0;273;False;True;False;False
8;20;0.0;3;True;26.78;66.0;13.0;500;True;False;False;False
4;0;0.0;2;True;10.8;43.0;9.0;33;True;False;False;False
10;0;0.0;2;True;13.62;63.0;26.0;48;True;False;False;False
9;5;0.0;6;False;23.96;79.0;0.0;22;True;False;False;False
5;18;0.0;6;False;26.78;33.0;6.0;645;True;False;False;False
8;21;0.0;6;False;23.02;61.0;0.0;338;True;False;False;False
5;22;0.0;4;True;15.5;42.0;7.0;232;True;False;False;False
12;8;1.0;2;False;3.28;87.0;0.0;11;False;True;False;False
12;14;0.0;6;False;10.8;87.0;19.0;542;False;True;False;False
12;11;0.0;1;True;2.34;60.0;13.0;157;False;True;False;False
9;21;0.0;5;True;22.08;73.0;15.0;312;True;False;False;False
12;0;0.0;2;True;13.62;77.0;31.0;31;False;False;False;True
4;4;0.0;5;True;7.98;53.0;9.0;5;False;True;False;False
2;3;0.0;3;True;7.98;71.0;15.0;4;False;True;False;False
1;22;0.0;6;False;12.68;38.0;17.0;109;True;False;False;False
3;23;0.0;2;True;8.92;37.0;13.0;64;True;False;False;False
1;8;0.0;6;False;3.28;75.0;7.0;64;True;False;False;False
4;4;0.0;3;True;7.98;66.0;6.0;6;True;False;False;False
12;17;0.0;5;True;9.86;66.0;0.0;568;False;True;False;False
7;16;0.0;0;False;29.6;66.0;15.0;291;False;True;False;False
4;16;0.0;5;True;23.02;44.0;13.0;580;True;False;False;False
10;7;0.0;1;True;12.68;77.0;11.0;483;True;False;False;False
7;12;0.0;1;True;29.6;52.0;11.0;314;False;True;False;False
4;10;0.0;1;True;7.04;70.0;22.0;100;False;True;False;False
7;17;0.0;4;True;34.3;45.0;28.0;738;True;False;False;False
12;12;0.0;0;False;5.16;36.0;39.0;144;True;False;False;False
4;18;0.0;6;False;17.38;18.0;20.0;517;True;False;False;False
8;21;0.0;0;False;25.84;51.0;6.0;220;True;False;False;False
7;20;0.0;1;True;29.6;59.0;9.0;454;True;False;False;False
12;19;0.0;4;True;3.28;60.0;19.0;117;True;False;False;False
6;20;0.0;4;True;30.54;34.0;13.0;470;True;False;False;False
3;9;0.0;2;True;17.38;88.0;11.0;325;False;True;False;False
12;6;0.0;6;False;3.28;87.0;9.0;27;True;False;False;False
6;21;0.0;3;True;22.08;44.0;24.0;396;True;False;False;False
4;0;0.0;5;True;10.8;43.0;0.0;61;True;False;False;False
7;0;0.0;6;False;26.78;62.0;9.0;191;True;False;False;False
11;23;0.0;5;True;11.74;38.0;30.0;67;True;False;False;False
7;21;0.0;0;False;25.84;79.0;6.0;223;True;False;False;False
6;0;0.0;4;True;16.44;77.0;9.0;59;True;False;False;False
11;2;0.0;2;True;7.04;76.0;6.0;5;False;True;False;False
11;1;0.0;4;True;6.1;52.0;24.0;12;False;False;False;True
10;4;0.0;6;False;12.68;72.0;0.0;18;True;False;False;False
6;7;0.0;1;True;22.08;78.0;7.0;503;True;False;False;False
6;8;0.0;6;False;21.14;61.0;7.0;244;True;False;False;False
6;17;0.0;6;False;25.84;37.0;17.0;593;False;True;False;False
4;20;0.0;5;True;13.62;31.0;19.0;289;True;False;False;False
2;17;0.0;1;True;8.92;23.0;13.0;407;True;False;False;False
11;13;0.0;3;True;12.68;35.0;15.0;365;True;False;False;False
9;3;0.0;3;True;19.26;64.0;19.0;10;False;True;False;False
4;22;0.0;4;True;16.44;59.0;13.0;248;True;False;False;False
7;0;0.0;1;True;24.9;74.0;6.0;58;True;False;False;False
6;10;0.0;3;True;22.08;65.0;28.0;198;False;True;False;False
4;11;0.0;2;True;15.5;36.0;0.0;239;True;False;False;False
5;18;0.0;3;True;22.08;69.0;7.0;327;False;False;False;True
9;23;0.0;1;True;17.38;52.0;0.0;93;True;False;False;False
9;11;0.0;6;False;29.6;55.0;15.0;492;False;True;False;False
12;7;0.0;4;True;2.34;51.0;20.0;389;True;False;False;False
2;15;0.0;5;True;7.04;45.0;9.0;191;False;True;False;False
2;2;0.0;0;False;3.28;44.0;22.0;42;True;False;False;False
2;15;0.0;5;True;11.74;35.0;28.0;221;True;False;False;False
11;5;0.0;0;False;5.16;81.0;9.0;12;True;False;False;False
11;8;0.0;5;True;7.04;57.0;11.0;693;True;False;False;False
11;7;0.0;4;True;5.16;36.0;26.0;423;True;False;False;False
11;16;0.0;4;True;8.92;57.0;13.0;342;False;True;False;False
6;14;0.0;5;True;25.84;39.0;13.0;376;True;False;False;False
3;13;0.0;6;False;16.44;94.0;17.0;196;False;False;False;True
8;4;0.0;2;True;23.96;83.0;9.0;9;True;False;False;False
11;2;0.0;5;True;4.22;75.0;6.0;5;True;False;False;False
3;11;0.0;5;True;9.86;46.0;13.0;194;True;False;False;False
8;2;0.0;2;True;23.96;83.0;13.0;11;False;True;False;False
11;19;0.0;5;True;8.92;46.0;15.0;332;True;False;False;False
4;3;0.0;2;True;7.04;81.0;15.0;2;True;False;False;False
3;9;0.0;6;False;3.28;41.0;22.0;148;True;False;False;False
8;22;0.0;1;True;26.78;70.0;6.0;207;True;False;False;False
4;17;0.0;3;True;23.02;41.0;20.0;744;True;False;False;False
4;6;0.0;2;True;6.1;61.0;6.0;100;True;False;False;False
10;6;0.0;3;True;20.2;94.0;9.0;177;False;True;False;False
2;13;0.0;3;True;10.8;43.0;19.0;170;True;False;False;False
7;20;0.0;2;True;22.08;83.0;15.0;84;False;False;False;True
2;18;0.0;4;True;7.98;31.0;11.0;417;True;False;False;False
3;11;0.0;0;False;7.04;45.0;26.0;256;True;False;False;False
2;18;0.0;1;True;9.86;43.0;15.0;437;True;False;False;False
6;15;0.0;2;True;19.26;46.0;9.0;272;False;True;False;False
12;12;0.0;5;True;7.04;39.0;24.0;224;False;True;False;False
2;16;0.0;0;False;1.4;34.0;31.0;164;True;False;False;False
9;13;0.0;6;False;26.78;51.0;24.0;707;True;False;False;False
7;22;0.0;5;True;26.78;45.0;0.0;263;True;False;False;False
1;14;0.0;4;True;3.28;44.0;13.0;119;True;False;False;False
4;4;0.0;2;True;6.1;70.0;13.0;3;True;False;False;False
12;7;0.0;5;True;1.4;72.0;7.0;308;True;False;False;False
9;4;0.0;0;False;23.02;89.0;0.0;22;True;False;False;False
5;12;0.0;2;True;24.9;58.0;15.0;269;False;True;False;False
9;3;0.0;1;True;15.5;77.0;6.0;7;True;False;False;False
12;21;0.0;0;False;12.68;77.0;15.0;99;False;True;False;False
11;11;0.0;4;True;8.92;29.0;26.0;171;True;False;False;False
1;1;0.0;4;True;1.4;51.0;6.0;5;True;False;False;False
9;11;0.0;4;True;25.84;51.0;11.0;294;False;True;False;False
7;16;0.0;4;True;36.18;38.0;26.0;374;True;False;False;False
7;17;0.0;0;False;35.24;26.0;20.0;413;True;False;False;False
9;1;0.0;6;False;25.84;74.0;9.0;79;True;False;False;False
5;8;0.0;4;True;21.14;57.0;17.0;693;True;False;False;False
6;14;0.0;6;False;28.66;33.0;17.0;609;True;False;False;False
12;4;0.0;6;False;4.22;81.0;6.0;5;True;False;False;False
12;13;0.0;5;True;6.1;49.0;9.0;222;False;True;False;False
5;9;0.0;1;True;17.38;88.0;19.0;110;False;False;False;True
11;19;0.0;2;True;7.04;49.0;24.0;356;True;False;False;False
8;8;0.0;6;False;26.78;72.0;13.0;181;True;False;False;False
1;5;0.0;4;True;7.98;93.0;6.0;16;False;False;False;True
2;1;0.0;6;False;4.22;70.0;7.0;43;True;False;False;False
6;9;0.0;5;True;22.08;83.0;15.0;298;False;True;False;False
5;5;0.0;4;True;18.32;68.0;22.0;35;True;False;False;False
7;5;0.0;1;True;23.02;83.0;7.0;47;True;False;False;False
1;23;0.0;6;False;7.04;31.0;13.0;85;True;False;False;False
9;15;0.0;0;False;20.2;33.0;15.0;640;True;False;False;False
1;3;0.0;2;True;6.1;45.0;15.0;2;True;False;False;False
10;4;0.0;4;True;16.44;88.0;7.0;5;False;True;False;False
3;9;0.0;2;True;3.28;38.0;13.0;267;True;False;False;False
6;16;0.0;5;True;26.78;58.0;30.0;222;False;False;False;True
6;3;0.0;6;False;21.14;57.0;0.0;40;True;False;False;False
7;23;0.0;2;True;22.08;89.0;7.0;103;False;True;False;False
8;18;0.0;0;False;24.9;74.0;9.0;229;False;False;False;True
1;9;0.0;2;True;7.04;81.0;17.0;68;False;False;False;True
1;3;0.0;6;False;-1.42;93.0;6.0;13;False;False;False;True
2;5;0.0;4;True;6.1;70.0;0.0;20;False;True;False;False
6;7;0.0;5;True;22.08;89.0;13.0;402;False;True;False;False
10;14;0.0;2;True;17.38;64.0;13.0;244;False;True;False;False
12;7;0.0;6;False;3.28;75.0;6.0;48;False;True;False;False
2;16;0.0;2;True;11.74;35.0;20.0;266;True;False;False;False
11;22;0.0;0;False;11.74;71.0;13.0;134;True;False;False;False
6;16;0.0;6;False;30.54;24.0;13.0;534;True;False;False;False
6;22;0.0;2;True;23.02;94.0;7.0;207;True;False;False;False
7;8;0.0;5;True;29.6;41.0;11.0;585;True;False;False;False
3;3;0.0;5;True;13.62;77.0;35.0;7;True;False;False;False
4;23;0.0;1;True;16.44;55.0;15.0;60;False;True;False;False
1;8;0.0;0;False;0.46;40.0;9.0;70;True;False;False;False
6;2;0.0;5;True;25.84;58.0;13.0;18;True;False;False;False
6;1;0.0;4;True;16.44;77.0;11.0;22;True;False;False;False
8;8;0.0;6;False;23.02;83.0;7.0;162;True;False;False;False
11;18;0.0;6;False;4.22;38.0;26.0;145;True;False;False;False
2;13;0.0;0;False;7.04;36.0;0.0;325;True;False;False;False
8;2;0.0;2;True;24.9;84.0;9.0;13;True;False;False;False
6;7;0.0;2;True;14.56;77.0;20.0;569;True;False;False;False
1;14;0.0;5;True;2.34;35.0;20.0;115;False;True;False;False
3;1;0.0;6;False;6.1;36.0;17.0;51;True;False;False;False
10;0;0.0;3;True;21.14;94.0;0.0;52;False;False;False;True
4;17;0.0;4;True;15.5;27.0;26.0;656;True;False;False;False
9;10;1.0;1;False;26.78;74.0;15.0;359;False;True;False;False
2;17;0.0;1;True;10.8;43.0;17.0;430;True;False;False;False
8;1;0.0;6;False;21.14;94.0;11.0;92;False;False;False;True
10;14;1.0;1;False;11.74;58.0;7.0;420;False;True;False;False
11;7;0.0;2;True;7.04;87.0;17.0;107;False;False;False;True
5;18;0.0;3;True;18.32;73.0;15.0;813;True;False;False;False
8;12;0.0;4;True;29.6;33.0;7.0;343;True;False;False;False
2;8;0.0;5;True;9.86;76.0;22.0;469;False;True;False;False
5;10;0.0;1;True;16.44;77.0;13.0;190;False;True;False;False
1;5;0.0;1;True;1.4;51.0;9.0;26;True;False;False;False
4;15;0.0;0;False;9.86;87.0;26.0;38;False;False;False;True
9;9;0.0;1;True;20.2;53.0;20.0;361;True;False;False;False
2;21;0.0;4;True;7.98;46.0;28.0;148;True;False;False;False
12;3;0.0;1;True;9.86;87.0;0.0;8;True;False;False;False
12;17;0.0;1;True;4.22;48.0;6.0;164;False;True;False;False
11;1;0.0;6;False;7.98;42.0;33.0;20;True;False;False;False
11;12;0.0;4;True;8.92;62.0;7.0;213;False;True;False;False
12;2;0.0;4;True;4.22;56.0;17.0;8;False;True;False;False
8;23;0.0;6;False;22.08;65.0;6.0;235;True;False;False;False
3;8;0.0;3;True;12.68;82.0;0.0;662;True;False;False;False
6;5;0.0;3;True;23.02;83.0;6.0;39;True;False;False;False
3;22;0.0;2;True;8.92;37.0;9.0;134;True;False;False;False
4;11;0.0;4;True;11.74;38.0;15.0;268;False;True;False;False
11;14;0.0;2;True;8.92;40.0;7.0;240;True;False;False;False
10;18;0.0;1;True;18.32;64.0;7.0;613;False;False;False;True
5;9;0.0;2;True;17.38;88.0;13.0;349;False;True;False;False
8;4;0.0;0;False;21.14;65.0;11.0;26;False;True;False;False
12;2;0.0;2;True;11.74;88.0;6.0;8;True;False;False;False
3;17;0.0;5;True;25.84;42.0;11.0;957;False;True;False;False
9;2;0.0;0;False;17.38;77.0;19.0;96;True;False;False;False
1;23;1.0;1;False;4.22;70.0;20.0;28;False;False;False;True
9;14;0.0;6;False;30.54;52.0;30.0;626;True;False;False;False
2;12;0.0;1;True;7.04;61.0;11.0;150;True;False;False;False
12;2;0.0;1;True;11.74;77.0;11.0;10;True;False;False;False
5;19;0.0;5;True;21.14;41.0;13.0;483;True;False;False;False
1;8;0.0;6;False;-2.36;54.0;7.0;92;True;False;False;False
5;16;0.0;5;True;23.02;34.0;17.0;568;True;False;False;False
8;8;0.0;1;True;24.9;79.0;0.0;605;False;True;False;False
2;13;0.0;5;True;6.1;42.0;6.0;192;False;True;False;False
9;2;0.0;1;True;17.38;60.0;24.0;17;True;False;False;False
2;12;0.0;0;False;5.16;52.0;17.0;255;False;True;False;False
12;22;0.0;1;True;4.22;56.0;9.0;61;True;False;False;False
3;16;0.0;6;False;15.5;27.0;20.0;467;True;False;False;False
4;1;0.0;2;True;9.86;46.0;15.0;11;True;False;False;False
2;10;0.0;4;True;11.74;67.0;13.0;148;True;False;False;False
2;12;0.0;2;True;8.92;34.0;9.0;183;True;False;False;False
12;10;0.0;0;False;10.8;87.0;19.0;219;False;True;False;False
2;20;0.0;5;True;10.8;35.0;13.0;171;True;False;False;False
5;17;0.0;0;False;21.14;65.0;9.0;511;False;True;False;False
10;6;0.0;1;True;8.92;76.0;6.0;144;True;False;False;False
12;8;0.0;0;False;4.22;93.0;6.0;93;False;True;False;False
10;10;0.0;3;True;13.62;67.0;0.0;228;False;True;False;False
1;10;0.0;6;False;5.16;75.0;6.0;203;True;False;False;False
10;14;0.0;0;False;23.02;39.0;28.0;617;True;False;False;False
3;17;0.0;6;False;22.08;50.0;9.0;648;True;False;False;False
5;1;0.0;3;True;19.26;88.0;9.0;21;False;True;False;False
5;9;0.0;6;False;17.38;49.0;0.0;335;True;False;False;False
11;23;0.0;6;False;6.1;70.0;7.0;133;False;True;False;False
2;19;0.0;0;False;6.1;52.0;17.0;119;False;True;False;False
4;11;0.0;6;False;12.68;24.0;20.0;495;True;False;False;False
6;15;0.0;4;True;32.42;25.0;22.0;219;True;False;False;False
1;11;1.0;1;False;-0.48;59.0;17.0;179;True;False;False;False
12;18;0.0;0;False;9.86;82.0;7.0;107;False;False;False;True
3;9;0.0;3;True;15.5;88.0;11.0;293;False;True;False;False
5;14;0.0;2;True;22.08;73.0;7.0;222;False;True;False;False
3;23;0.0;2;True;16.44;83.0;0.0;90;True;False;False;False
10;4;0.0;0;False;15.5;63.0;24.0;20;False;True;False;False
10;12;0.0;5;True;25.84;42.0;11.0;468;True;False;False;False
7;13;0.0;2;True;30.54;38.0;13.0;280;True;False;False;False
3;5;0.0;0;False;10.8;100.0;17.0;6;False;True;False;False
9;11;0.0;6;False;22.08;38.0;26.0;627;True;False;False;False
12;2;0.0;1;True;-0.48;59.0;11.0;11;True;False;False;False
1;7;0.0;1;True;1.4;86.0;0.0;122;False;False;False;True
6;4;0.0;0;False;17.38;64.0;6.0;18;True;False;False;False
7;23;0.0;4;True;24.9;51.0;15.0;211;False;True;False;False
7;21;0.0;1;True;27.72;45.0;9.0;258;True;False;False;False
7;10;0.0;2;True;31.48;49.0;13.0;159;False;True;False;False
9;4;0.0;4;True;12.68;77.0;7.0;6;True;False;False;False
5;23;0.0;4;True;23.02;54.0;15.0;140;True;False;False;False
8;19;0.0;6;False;24.9;45.0;11.0;488;True;False;False;False
3;4;0.0;5;True;15.5;94.0;7.0;3;False;True;False;False
6;8;0.0;3;True;17.38;68.0;0.0;668;True;False;False;False
9;15;0.0;1;True;20.2;31.0;0.0;300;True;False;False;False
2;7;0.0;4;True;8.92;81.0;15.0;326;True;False;False;False
11;3;1.0;1;False;10.8;76.0;9.0;4;True;False;False;False
4;23;0.0;0;False;8.92;81.0;31.0;17;False;False;False;True
2;16;0.0;2;True;12.68;35.0;17.0;276;True;False;False;False
11;10;0.0;1;True;7.04;49.0;19.0;142;True;False;False;False
3;4;0.0;3;True;5.16;61.0;22.0;3;True;False;False;False
4;6;0.0;6;False;7.98;49.0;13.0;28;True;False;False;False
9;10;0.0;4;True;24.9;51.0;19.0;208;False;True;False;False
3;11;0.0;3;True;16.44;83.0;11.0;192;False;True;False;False
1;4;0.0;6;False;-0.48;86.0;6.0;1;False;False;False;True
4;9;0.0;0;False;10.8;82.0;17.0;79;False;False;False;True
4;5;0.0;6;False;8.92;66.0;7.0;7;True;False;False;False
6;17;0.0;3;True;34.3;37.0;0.0;691;True;False;False;False
7;16;0.0;5;True;29.6;36.0;15.0;492;False;True;False;False
6;1;0.0;0;False;17.38;56.0;9.0;121;True;False;False;False
2;21;0.0;4;True;6.1;52.0;6.0;177;True;False;False;False
10;14;0.0;6;False;18.32;40.0;0.0;711;True;False;False;False
6;3;0.0;0;False;23.02;65.0;6.0;60;False;True;False;False
1;21;0.0;0;False;6.1;33.0;19.0;69;True;False;False;False
9;5;0.0;5;True;15.5;82.0;0.0;49;True;False;False;False
10;19;0.0;4;True;17.38;83.0;13.0;542;True;False;False;False
3;17;0.0;1;True;21.14;38.0;28.0;644;False;True;False;False
8;18;0.0;3;True;28.66;55.0;11.0;862;False;True;False;False
9;4;0.0;6;False;18.32;83.0;19.0;15;True;False;False;False
11;3;0.0;2;True;7.04;70.0;9.0;4;False;False;False;True
6;12;0.0;3;True;23.96;44.0;28.0;334;False;True;False;False
4;20;1.0;1;False;26.78;37.0;20.0;375;True;False;False;False
6;19;0.0;1;True;21.14;73.0;6.0;463;False;True;False;False
7;17;0.0;1;True;27.72;55.0;22.0;827;True;False;False;False
1;7;1.0;1;False;3.28;32.0;26.0;16;True;False;False;False
2;2;0.0;5;True;11.74;77.0;19.0;5;False;False;False;True
11;10;1.0;1;False;14.56;77.0;11.0;266;True;False;False;False
4;8;0.0;3;True;6.1;49.0;15.0;595;True;False;False;False
3;13;0.0;1;True;14.56;29.0;46.0;301;True;False;False;False
7;6;0.0;2;True;23.02;83.0;9.0;190;True;False;False;False
10;0;0.0;3;True;6.1;81.0;7.0;16;False;True;False;False
1;16;0.0;6;False;11.74;44.0;24.0;407;True;False;False;False
9;19;0.0;3;True;18.32;43.0;15.0;611;True;False;False;False
5;20;0.0;1;True;17.38;52.0;19.0;323;True;False;False;False
11;5;0.0;5;True;1.4;80.0;0.0;40;True;False;False;False
9;9;0.0;5;True;19.26;68.0;9.0;383;True;False;False;False
11;15;0.0;3;True;7.04;53.0;20.0;198;False;True;False;False
9;4;0.0;4;True;16.44;83.0;0.0;6;True;False;False;False
11;12;0.0;1;True;11.74;35.0;7.0;210;True;False;False;False
4;16;0.0;5;True;18.32;26.0;17.0;463;True;False;False;False
7;12;0.0;4;True;34.3;35.0;24.0;276;True;False;False;False
9;22;0.0;0;False;19.26;49.0;17.0;189;True;False;False;False
7;6;0.0;2;True;22.08;89.0;11.0;194;True;False;False;False
5;0;0.0;3;True;19.26;88.0;0.0;39;False;True;False;False
1;10;1.0;1;False;4.22;35.0;19.0;109;True;False;False;False
2;17;0.0;2;True;12.68;35.0;13.0;509;True;False;False;False
5;2;0.0;2;True;15.5;72.0;6.0;8;False;True;False;False
3;12;0.0;6;False;16.44;94.0;15.0;183;False;False;False;True
6;23;0.0;1;True;24.9;58.0;15.0;80;False;True;False;False
5;19;0.0;4;True;24.9;61.0;20.0;492;True;False;False;False
8;20;0.0;3;True;23.96;57.0;0.0;427;True;False;False;False
12;11;0.0;5;True;7.04;42.0;28.0;162;False;True;False;False
4;4;0.0;3;True;11.74;67.0;6.0;1;True;False;False;False
12;11;0.0;1;True;4.22;60.0;11.0;124;False;True;False;False
6;16;0.0;2;True;20.2;43.0;13.0;473;True;False;False;False
7;11;0.0;3;True;27.72;33.0;0.0;281;True;False;False;False
10;6;0.0;0;False;10.8;62.0;0.0;26;True;False;False;False
11;8;0.0;0;False;6.1;75.0;17.0;119;True;False;False;False
1;7;0.0;6;False;2.34;87.0;13.0;20;True;False;False;False
7;6;0.0;1;True;23.96;89.0;6.0;157;False;True;False;False
11;1;0.0;0;False;4.22;81.0;6.0;165;True;False;False;False
4;6;0.0;1;True;11.74;26.0;15.0;111;True;False;False;False
11;10;0.0;6;False;8.92;46.0;26.0;328;True;False;False;False
12;14;0.0;3;True;2.34;93.0;17.0;20;False;False;False;True
8;6;0.0;4;True;20.2;88.0;6.0;192;False;True;False;False
1;8;0.0;3;True;-7.06;44.0;9.0;315;True;False;False;False
7;21;0.0;2;True;26.78;66.0;15.0;378;True;False;False;False
9;6;0.0;4;True;18.32;88.0;6.0;169;True;False;False;False
10;7;0.0;1;True;9.86;66.0;6.0;452;True;False;False;False
2;21;0.0;0;False;-1.42;43.0;20.0;36;True;False;False;False
11;9;0.0;4;True;7.04;61.0;13.0;323;False;True;False;False
4;4;0.0;6;False;15.5;82.0;17.0;9;True;False;False;False
8;17;0.0;0;False;22.08;78.0;7.0;343;False;True;False;False
9;13;0.0;1;True;22.08;38.0;15.0;323;True;False;False;False
9;10;0.0;0;False;21.14;50.0;7.0;490;True;False;False;False
1;13;0.0;2;True;0.46;34.0;44.0;73;True;False;False;False
10;1;0.0;5;True;17.38;68.0;7.0;46;True;False;False;False
8;16;0.0;6;False;27.72;37.0;17.0;641;True;False;False;False
4;18;0.0;2;True;22.08;25.0;19.0;775;True;False;False;False
1;20;0.0;5;True;3.28;41.0;11.0;136;True;False;False;False
1;19;0.0;1;True;4.22;93.0;11.0;220;False;True;False;False
3;3;0.0;1;True;2.34;51.0;11.0;1;True;False;False;False
7;6;0.0;6;False;22.08;78.0;6.0;35;False;True;False;False
11;0;0.0;4;True;3.28;56.0;6.0;29;True;False;False;False
3;11;0.0;0;False;10.8;94.0;17.0;323;False;True;False;False
7;0;0.0;0;False;23.02;89.0;9.0;188;True;False;False;False
2;9;0.0;6;False;3.28;81.0;9.0;157;True;False;False;False
4;3;0.0;4;True;11.74;77.0;0.0;4;False;True;False;False
1;17;0.0;4;True;4.22;44.0;22.0;385;False;True;False;False
11;8;0.0;6;False;4.22;44.0;31.0;62;False;True;False;False
10;20;0.0;3;True;15.5;72.0;9.0;414;True;False;False;False
4;13;0.0;5;True;12.68;33.0;22.0;411;True;False;False;False
5;5;0.0;0;False;15.5;72.0;7.0;8;True;False;False;False
2;2;0.0;2;True;6.1;61.0;0.0;4;True;False;False;False
4;23;0.0;1;True;12.68;35.0;11.0;66;True;False;False;False
12;10;0.0;3;True;12.68;47.0;24.0;141;False;True;False;False
8;19;0.0;2;True;27.72;66.0;13.0;627;True;False;False;False
12;6;0.0;4;True;4.22;56.0;17.0;114;True;False;False;False
4;11;0.0;5;True;13.62;36.0;9.0;233;True;False;False;False
10;5;0.0;0;False;15.5;63.0;20.0;28;False;True;False;False
10;16;0.0;1;True;18.32;64.0;20.0;447;True;False;False;False
4;1;0.0;2;True;22.08;57.0;11.0;11;True;False;False;False
10;17;0.0;5;True;21.14;69.0;24.0;425;False;False;False;True
5;9;0.0;4;True;17.38;52.0;28.0;346;True;False;False;False
11;4;0.0;2;True;8.92;81.0;26.0;9;False;True;False;False
10;9;0.0;0;False;10.8;71.0;9.0;86;False;False;False;True
12;16;0.0;6;False;10.8;50.0;9.0;413;True;False;False;False
6;9;0.0;0;False;20.2;46.0;13.0;300;True;False;False;False
7;6;0.0;4;True;22.08;73.0;6.0;178;True;False;False;False
7;14;0.0;5;True;29.6;38.0;0.0;369;False;True;False;False
7;4;0.0;2;True;23.96;65.0;7.0;6;True;False;False;False
7;9;0.0;6;False;23.02;74.0;13.0;282;True;False;False;False
3;2;0.0;6;False;11.74;77.0;17.0;69;False;True;False;False
1;16;0.0;1;True;3.28;93.0;11.0;122;False;True;False;False
8;17;0.0;4;True;30.54;34.0;13.0;897;True;False;False;False
7;15;0.0;4;True;35.24;42.0;20.0;238;True;False;False;False
8;6;0.0;5;True;21.14;83.0;0.0;151;False;True;False;False
3;3;0.0;3;True;7.98;42.0;22.0;5;True;False;False;False
7;0;0.0;4;True;23.96;61.0;0.0;56;False;True;False;False
10;12;0.0;3;True;16.44;48.0;11.0;332;False;True;False;False
9;7;0.0;3;True;17.38;77.0;9.0;532;True;False;False;False
10;19;1.0;1;False;10.8;71.0;17.0;371;False;True;False;False
7;2;0.0;5;True;23.02;89.0;6.0;19;False;True;False;False
9;22;0.0;5;True;20.2;73.0;13.0;295;True;False;False;False
2;14;0.0;3;True;8.92;93.0;24.0;56;False;True;False;False
5;7;0.0;5;True;21.14;88.0;11.0;359;False;True;False;False
2;3;0.0;6;False;3.28;87.0;15.0;9;False;False;False;True
5;4;0.0;2;True;18.32;94.0;0.0;5;False;False;False;True
11;13;0.0;6;False;11.74;38.0;17.0;525;True;False;False;False
1;22;0.0;6;False;0.46;74.0;20.0;59;False;True;False;False
12;15;0.0;6;False;11.74;47.0;0.0;447;True;False;False;False
10;8;0.0;1;True;12.68;67.0;0.0;728;True;False;False;False
7;5;0.0;0;False;23.96;89.0;9.0;9;True;False;False;False
9;5;0.0;3;True;15.5;72.0;6.0;48;True;False;False;False
7;4;0.0;3;True;25.84;70.0;9.0;6;True;False;False;False
8;20;0.0;2;True;22.08;73.0;0.0;358;True;False;False;False
8;5;0.0;5;True;23.02;83.0;11.0;37;True;False;False;False
8;19;0.0;5;True;27.72;62.0;19.0;492;True;False;False;False
6;19;0.0;0;False;30.54;28.0;19.0;375;True;False;False;False
7;7;0.0;4;True;24.9;74.0;17.0;495;True;False;False;False
12;4;0.0;0;False;4.22;56.0;15.0;7;False;True;False;False
10;5;0.0;2;True;18.32;83.0;9.0;43;False;True;False;False
1;1;0.0;3;True;3.28;87.0;6.0;7;True;False;False;False
5;11;0.0;0;False;25.84;66.0;15.0;519;True;False;False;False
10;11;0.0;3;True;15.5;51.0;6.0;234;False;True;False;False
2;10;0.0;1;True;7.04;45.0;17.0;104;True;False;False;False
6;22;0.0;5;True;23.96;69.0;9.0;197;True;False;False;False
12;22;0.0;2;True;6.1;56.0;15.0;106;True;False;False;False
4;18;0.0;0;False;24.9;42.0;17.0;479;True;False;False;False
5;1;0.0;5;True;20.2;78.0;7.0;48;True;False;False;False
8;16;0.0;3;True;29.6;49.0;19.0;441;False;True;False;False
8;5;0.0;3;True;22.08;78.0;9.0;49;False;True;False;False
1;2;0.0;0;False;-0.48;47.0;19.0;43;False;True;False;False
10;22;0.0;1;True;13.62;82.0;9.0;183;True;False;False;False
4;11;0.0;5;True;12.68;38.0;22.0;233;True;False;False;False
8;12;0.0;4;True;31.48;44.0;7.0;277;True;False;False;False
3;15;0.0;4;True;21.14;69.0;13.0;304;True;False;False;False
11;23;0.0;0;False;8.92;66.0;15.0;59;True;False;False;False
10;7;0.0;2;True;12.68;77.0;7.0;531;False;True;False;False
5;17;0.0;0;False;28.66;49.0;20.0;522;True;False;False;False
1;17;0.0;5;True;13.62;36.0;15.0;476;True;False;False;False
6;23;0.0;0;False;26.78;58.0;7.0;87;True;False;False;False
4;19;0.0;4;True;14.56;31.0;17.0;487;True;False;False;False
7;11;0.0;1;True;31.48;53.0;15.0;182;True;False;False;False
2;8;0.0;4;True;6.1;70.0;6.0;498;False;True;False;False
4;2;0.0;3;True;15.5;42.0;13.0;9;False;True;False;False
5;2;0.0;4;True;14.56;88.0;7.0;3;False;True;False;False
3;3;0.0;6;False;8.92;93.0;11.0;21;False;True;False;False
2;7;0.0;3;True;6.1;65.0;13.0;321;False;True;False;False
5;10;0.0;0;False;17.38;77.0;7.0;333;False;True;False;False
4;13;0.0;0;False;9.86;82.0;24.0;52;False;False;False;True
12;0;0.0;2;True;12.68;94.0;9.0;18;False;True;False;False
7;4;0.0;5;True;23.02;89.0;11.0;9;False;True;False;False
5;22;0.0;2;True;21.14;88.0;6.0;55;False;True;False;False
9;15;0.0;5;True;29.6;55.0;17.0;331;True;False;False;False
8;22;0.0;6;False;21.14;83.0;24.0;182;True;False;False;False
8;16;0.0;2;True;27.72;66.0;19.0;445;False;False;False;True
7;13;0.0;6;False;32.42;41.0;19.0;498;True;False;False;False
12;9;0.0;0;False;5.16;93.0;11.0;172;False;True;False;False
3;12;0.0;6;False;14.56;67.0;0.0;621;True;False;False;False
2;5;0.0;5;True;3.28;52.0;15.0;17;True;False;False;False
6;5;0.0;1;True;16.44;83.0;9.0;23;False;False;False;True
11;7;0.0;5;True;2.34;80.0;0.0;352;True;False;False;False
8;11;0.0;4;True;27.72;40.0;6.0;276;True;False;False;False
10;18;0.0;2;True;21.14;94.0;6.0;687;False;False;False;True
6;2;0.0;2;True;16.44;72.0;20.0;8;False;False;False;True
5;14;0.0;5;True;21.14;23.0;15.0;334;True;False;False;False
12;18;0.0;6;False;10.8;87.0;7.0;304;True;False;False;False
7;14;0.0;2;True;34.3;25.0;13.0;310;True;False;False;False
2;15;0.0;1;True;8.92;27.0;9.0;155;True;False;False;False
6;13;0.0;6;False;30.54;24.0;19.0;585;True;False;False;False
12;15;0.0;6;False;11.74;82.0;11.0;541;True;False;False;False
1;0;0.0;3;True;4.22;81.0;0.0;28;True;False;False;False
11;3;1.0;4;False;3.28;75.0;7.0;6;True;False;False;False
9;22;0.0;6;False;18.32;52.0;0.0;279;True;False;False;False
12;12;0.0;0;False;9.86;82.0;13.0;417;False;True;False;False
4;19;0.0;2;True;20.2;26.0;17.0;537;True;False;False;False
11;21;0.0;1;True;7.98;49.0;0.0;181;True;False;False;False
4;2;0.0;6;False;16.44;77.0;9.0;81;True;False;False;False
12;6;0.0;6;False;4.22;70.0;7.0;7;False;True;False;False
10;6;1.0;1;False;7.98;76.0;7.0;59;True;False;False;False
11;11;0.0;1;True;10.8;37.0;20.0;130;True;False;False;False
12;19;0.0;2;True;14.56;67.0;15.0;460;True;False;False;False
8;15;0.0;5;True;34.3;27.0;20.0;526;True;False;False;False
6;4;0.0;6;False;17.38;68.0;9.0;8;True;False;False;False
4;15;0.0;1;True;16.44;55.0;7.0;231;False;True;False;False
9;4;0.0;0;False;13.62;55.0;15.0;10;True;False;False;False
8;7;0.0;4;True;22.08;69.0;15.0;464;True;False;False;False
4;14;0.0;1;True;13.62;31.0;28.0;268;True;False;False;False
1;5;0.0;6;False;4.22;75.0;7.0;9;True;False;False;False
10;2;1.0;1;False;7.98;81.0;13.0;15;True;False;False;False
5;0;0.0;4;True;14.56;82.0;15.0;90;False;True;False;False
11;15;0.0;2;True;10.8;40.0;20.0;217;True;False;False;False
11;12;1.0;1;False;18.32;64.0;15.0;419;True;False;False;False
11;16;1.0;1;False;18.32;64.0;11.0;434;True;False;False;False
6;12;0.0;6;False;21.14;43.0;24.0;668;True;False;False;False
9;9;0.0;3;True;17.38;60.0;17.0;362;True;False;False;False
5;14;0.0;3;True;22.08;53.0;17.0;243;False;True;False;False
8;14;0.0;3;True;30.54;46.0;11.0;263;True;False;False;False
10;12;0.0;3;True;24.9;70.0;7.0;358;False;True;False;False
8;5;0.0;2;True;24.9;79.0;7.0;36;True;False;False;False
5;7;1.0;1;False;21.14;78.0;7.0;67;True;False;False;False
6;9;0.0;4;True;24.9;54.0;11.0;351;True;False;False;False
4;1;0.0;4;True;14.56;48.0;6.0;23;False;True;False;False
11;2;0.0;5;True;3.28;75.0;0.0;12;True;False;False;False
5;19;0.0;4;True;17.38;37.0;24.0;553;True;False;False;False
6;7;0.0;2;True;16.44;52.0;24.0;552;True;False;False;False
11;20;0.0;3;True;7.04;36.0;9.0;263;True;False;False;False
4;17;0.0;2;True;22.08;25.0;20.0;781;True;False;False;False
10;15;0.0;4;True;20.2;60.0;13.0;353;False;True;False;False
4;5;0.0;6;False;7.04;33.0;11.0;2;True;False;False;False
8;12;0.0;5;True;26.78;66.0;24.0;315;False;True;False;False
8;23;0.0;4;True;24.9;74.0;7.0;152;True;False;False;False
3;21;0.0;1;True;17.38;56.0;15.0;205;False;True;False;False
4;9;0.0;4;True;13.62;88.0;11.0;201;False;False;False;True
9;8;0.0;2;True;24.9;84.0;11.0;632;True;False;False;False
11;12;0.0;3;True;12.68;41.0;13.0;344;True;False;False;False
3;8;0.0;2;True;-0.48;59.0;7.0;501;True;False;False;False
9;15;0.0;0;False;25.84;32.0;17.0;696;True;False;False;False
4;14;0.0;4;True;15.5;31.0;22.0;224;True;False;False;False
5;20;1.0;1;False;28.66;62.0;20.0;317;True;False;False;False
9;16;0.0;2;True;23.02;39.0;20.0;495;True;False;False;False
6;5;0.0;4;True;24.9;84.0;7.0;40;True;False;False;False
1;6;0.0;1;True;2.34;60.0;9.0;88;False;True;False;False
1;8;1.0;1;False;3.28;35.0;17.0;53;True;False;False;False
12;14;0.0;5;True;8.92;71.0;11.0;215;False;True;False;False
7;4;0.0;0;False;20.2;88.0;0.0;16;True;False;False;False
7;14;0.0;1;True;33.36;42.0;7.0;212;True;False;False;False
9;12;0.0;2;True;21.14;43.0;19.0;302;True;False;False;False
3;17;0.0;6;False;15.5;23.0;22.0;385;True;False;False;False
9;11;0.0;2;True;22.08;33.0;6.0;247;True;False;False;False
1;6;0.0;6;False;4.22;75.0;7.0;7;True;False;False;False
10;19;0.0;6;False;15.5;45.0;9.0;345;True;False;False;False
4;2;0.0;6;False;8.92;43.0;11.0;57;True;False;False;False
12;16;0.0;6;False;9.86;66.0;0.0;443;False;True;False;False
8;0;0.0;2;True;24.9;84.0;13.0;47;True;False;False;False
11;20;0.0;0;False;12.68;62.0;11.0;200;True;False;False;False
7;14;0.0;2;True;36.18;29.0;17.0;214;True;False;False;False
6;7;0.0;4;True;20.2;60.0;19.0;506;True;False;False;False
11;17;0.0;3;True;7.04;53.0;26.0;517;False;True;False;False
8;19;0.0;3;True;27.72;66.0;15.0;686;True;False;False;False
3;6;0.0;4;True;12.68;72.0;6.0;117;True;False;False;False
10;21;0.0;1;True;16.44;59.0;22.0;206;True;False;False;False
9;14;0.0;0;False;25.84;30.0;19.0;647;True;False;False;False
3;21;0.0;6;False;12.68;100.0;13.0;104;False;False;False;True
6;2;0.0;2;True;18.32;43.0;19.0;9;True;False;False;False
10;4;0.0;1;True;11.74;82.0;7.0;10;True;False;False;False
1;16;0.0;3;True;5.16;30.0;35.0;176;True;False;False;False
6;0;0.0;5;True;27.72;70.0;7.0;93;False;True;False;False
1;13;0.0;3;True;7.04;76.0;0.0;65;False;False;False;True
9;20;0.0;0;False;20.2;53.0;7.0;324;True;False;False;False
12;23;0.0;5;True;8.92;93.0;6.0;122;False;True;False;False
4;14;0.0;5;True;14.56;29.0;26.0;490;True;False;False;False
1;0;0.0;6;False;-0.48;64.0;15.0;24;False;False;False;True
11;6;1.0;1;False;9.86;87.0;7.0;71;True;False;False;False
7;7;0.0;3;True;23.02;50.0;22.0;507;True;False;False;False
2;7;0.0;6;False;5.16;45.0;30.0;23;True;False;False;False
4;1;0.0;0;False;17.38;56.0;11.0;106;False;True;False;False
3;18;0.0;6;False;13.62;94.0;15.0;137;False;False;False;True
6;19;0.0;5;True;27.72;55.0;35.0;362;False;True;False;False
12;17;0.0;2;True;16.44;59.0;15.0;743;True;False;False;False
7;11;0.0;6;False;25.84;70.0;7.0;439;False;True;False;False
6;2;0.0;0;False;22.08;69.0;9.0;73;True;False;False;False
3;7;0.0;0;False;2.34;69.0;9.0;17;True;False;False;False
7;21;0.0;5;True;28.66;59.0;7.0;260;True;False;False;False
4;9;0.0;6;False;17.38;77.0;11.0;331;True;False;False;False
11;16;0.0;3;True;12.68;33.0;9.0;469;True;False;False;False
10;4;0.0;2;True;11.74;77.0;7.0;7;True;False;False;False
5;21;0.0;3;True;16.44;77.0;15.0;239;True;False;False;False
1;13;0.0;2;True;9.86;76.0;22.0;103;False;True;False;False
2;2;0.0;6;False;4.22;81.0;13.0;26;False;False;False;True
4;23;0.0;0;False;15.5;39.0;17.0;51;True;False;False;False
1;23;0.0;3;True;7.98;87.0;15.0;9;False;False;False;True
8;11;0.0;4;True;27.72;48.0;6.0;278;True;False;False;False
12;3;0.0;1;True;8.92;93.0;0.0;3;False;True;False;False
1;12;0.0;4;True;7.98;81.0;7.0;144;False;True;False;False
8;1;0.0;4;True;22.08;73.0;0.0;21;True;False;False;False
8;11;0.0;3;True;25.84;58.0;6.0;267;True;False;False;False
5;13;0.0;4;True;20.2;69.0;13.0;265;True;False;False;False
6;7;0.0;0;False;16.44;72.0;6.0;48;True;False;False;False
7;7;0.0;0;False;21.14;83.0;0.0;38;False;True;False;False
12;16;0.0;1;True;10.8;94.0;17.0;302;False;False;False;True
6;3;0.0;5;True;17.38;60.0;6.0;8;True;False;False;False
8;5;0.0;4;True;21.14;83.0;0.0;37;True;False;False;False
7;10;0.0;4;True;26.78;48.0;11.0;214;True;False;False;False
7;8;0.0;1;True;25.84;74.0;7.0;751;False;True;False;False
1;23;0.0;4;True;10.8;76.0;22.0;67;True;False;False;False
1;13;0.0;6;False;12.68;44.0;13.0;445;True;False;False;False
8;14;0.0;3;True;27.72;40.0;6.0;301;True;False;False;False
3;22;0.0;6;False;4.22;44.0;11.0;100;True;False;False;False
3;11;0.0;2;True;6.1;31.0;11.0;175;True;False;False;False
5;4;0.0;0;False;16.44;68.0;6.0;16;True;False;False;False
1;23;0.0;5;True;-0.48;64.0;15.0;38;False;False;False;True
12;12;0.0;5;True;8.92;50.0;13.0;273;True;False;False;False
9;8;0.0;2;True;14.56;67.0;13.0;805;True;False;False;False
3;16;0.0;4;True;19.26;32.0;20.0;361;True;False;False;False
2;6;1.0;1;False;3.28;52.0;28.0;10;True;False;False;False
5;10;0.0;3;True;19.26;83.0;7.0;175;False;True;False;False
11;13;0.0;4;True;9.86;54.0;7.0;217;False;True;False;False
5;21;0.0;0;False;23.02;69.0;28.0;143;False;False;False;True
12;19;0.0;6;False;7.04;81.0;0.0;249;False;True;False;False
4;0;0.0;0;False;8.92;81.0;9.0;36;False;False;False;True
3;3;0.0;3;True;14.56;72.0;13.0;4;True;False;False;False
4;16;0.0;6;False;24.9;42.0;22.0;639;True;False;False;False
8;10;0.0;4;True;29.6;55.0;15.0;205;True;False;False;False
4;9;0.0;1;True;10.8;43.0;13.0;268;False;True;False;False
3;16;0.0;5;True;14.56;23.0;28.0;343;True;False;False;False
1;20;0.0;6;False;10.8;35.0;26.0;120;True;False;False;False
4;11;0.0;2;True;13.62;31.0;26.0;184;True;False;False;False
9;13;0.0;0;False;25.84;74.0;6.0;493;False;False;False;True
10;0;0.0;0;False;12.68;62.0;11.0;127;True;False;False;False
6;14;0.0;5;True;25.84;66.0;19.0;254;False;False;False;True
10;5;0.0;2;True;12.68;77.0;6.0;50;True;False;False;False
4;8;0.0;5;True;10.8;50.0;0.0;592;True;False;False;False
5;16;0.0;6;False;24.9;21.0;13.0;591;False;True;False;False
7;23;0.0;0;False;25.84;79.0;9.0;91;True;False;False;False
6;0;0.0;1;True;25.84;62.0;17.0;68;True;False;False;False
10;16;0.0;0;False;10.8;82.0;11.0;333;False;False;False;True
6;1;0.0;4;True;23.02;54.0;0.0;25;True;False;False;False
1;2;0.0;0;False;7.04;76.0;0.0;75;True;False;False;False
7;22;0.0;1;True;26.78;62.0;13.0;209;True;False;False;False
8;5;0.0;0;False;22.08;61.0;13.0;10;True;False;False;False
1;0;0.0;4;True;2.34;47.0;13.0;14;False;True;False;False
10;8;0.0;2;True;13.62;72.0;6.0;761;False;True;False;False
2;7;0.0;1;True;-3.3;54.0;13.0;195;True;False;False;False
3;22;0.0;3;True;13.62;59.0;20.0;159;True;False;False;False
1;18;0.0;3;True;7.04;66.0;9.0;439;True;False;False;False
1;8;0.0;3;True;1.4;82.0;7.0;499;True;False;False;False
6;22;0.0;6;False;26.78;37.0;7.0;279;True;False;False;False
7;0;0.0;0;False;23.96;89.0;11.0;187;True;False;False;False
11;20;0.0;5;True;8.92;46.0;28.0;221;False;True;False;False
7;16;1.0;3;False;35.24;35.0;17.0;389;True;False;False;False
6;3;0.0;3;True;13.62;82.0;0.0;8;True;False;False;False
12;5;0.0;1;True;9.86;94.0;7.0;27;False;True;False;False
2;21;0.0;6;False;-1.42;43.0;43.0;48;True;False;False;False
8;21;0.0;3;True;22.08;73.0;0.0;351;True;False;False;False
4;19;0.0;2;True;15.5;18.0;17.0;482;True;False;False;False
11;16;0.0;3;True;7.04;53.0;24.0;273;False;True;False;False
5;20;0.0;6;False;23.96;41.0;6.0;315;True;False;False;False
2;8;0.0;2;True;6.1;49.0;0.0;529;True;False;False;False
2;7;0.0;0;False;3.28;52.0;19.0;14;False;True;False;False
3;18;0.0;0;False;7.04;33.0;41.0;184;True;False;False;False
3;23;0.0;4;True;14.56;72.0;13.0;97;True;False;False;False
2;23;0.0;6;False;8.92;40.0;26.0;74;False;True;False;False
9;2;0.0;6;False;24.9;70.0;11.0;69;True;False;False;False
4;20;0.0;4;True;12.68;33.0;17.0;280;True;False;False;False
7;7;0.0;0;False;24.9;79.0;6.0;47;True;False;False;False
12;22;1.0;2;False;6.1;70.0;11.0;19;False;True;False;False
12;4;0.0;4;True;3.28;87.0;22.0;3;False;True;False;False
6;16;0.0;0;False;31.48;36.0;19.0;508;True;False;False;False
10;23;0.0;4;True;17.38;83.0;9.0;135;False;True;False;False
1;19;0.0;2;True;12.68;51.0;6.0;331;True;False;False;False
5;6;0.0;3;True;18.32;88.0;7.0;160;True;False;False;False
7;18;0.0;1;True;27.72;58.0;28.0;812;True;False;False;False
3;7;0.0;5;True;6.1;70.0;0.0;262;True;False;False;False
3;3;0.0;1;True;13.62;82.0;13.0;1;True;False;False;False
12;8;0.0;6;False;4.22;81.0;0.0;44;False;True;False;False
9;16;0.0;6;False;26.78;51.0;22.0;680;True;False;False;False
12;6;0.0;2;True;7.98;71.0;20.0;118;False;True;False;False
10;0;0.0;4;True;13.62;88.0;13.0;57;True;False;False;False
8;0;0.0;5;True;23.02;69.0;0.0;111;False;True;False;False
6;10;0.0;0;False;19.26;64.0;0.0;436;True;False;False;False
10;15;0.0;2;True;17.38;41.0;22.0;346;True;False;False;False
2;20;0.0;5;True;7.98;49.0;7.0;163;True;False;False;False
11;17;0.0;6;False;15.5;45.0;13.0;501;True;False;False;False
12;4;0.0;1;True;-1.42;69.0;7.0;3;True;False;False;False
4;16;0.0;0;False;25.84;39.0;24.0;616;True;False;False;False
10;9;0.0;5;True;15.5;39.0;20.0;400;True;False;False;False
9;6;0.0;4;True;12.68;77.0;0.0;170;True;False;False;False
5;23;0.0;3;True;15.5;77.0;17.0;98;False;True;False;False
8;11;0.0;0;False;22.08;78.0;11.0;272;False;False;False;True
3;22;0.0;1;True;18.32;56.0;15.0;133;False;True;False;False
5;6;0.0;3;True;18.32;88.0;7.0;126;False;True;False;False
5;6;0.0;3;True;18.32;84.0;0.0;120;False;False;False;True
11;11;0.0;0;False;9.86;62.0;19.0;359;True;False;False;False
10;20;0.0;4;True;16.44;88.0;9.0;347;False;True;False;False
9;12;0.0;5;True;23.96;57.0;11.0;389;True;False;False;False
1;15;0.0;3;True;7.98;87.0;6.0;79;False;True;False;False
12;17;0.0;4;True;7.04;42.0;7.0;550;True;False;False;False
5;15;0.0;3;True;25.84;48.0;7.0;274;False;True;False;False
1;12;0.0;3;True;6.1;39.0;33.0;161;True;False;False;False
3;17;0.0;1;True;6.1;45.0;20.0;387;False;False;False;True
7;3;0.0;6;False;26.78;74.0;9.0;31;True;False;False;False
12;19;1.0;2;False;7.04;66.0;15.0;36;False;True;False;False
4;3;0.0;5;True;7.98;53.0;22.0;8;True;False;False;False
3;13;0.0;0;False;13.62;82.0;11.0;544;False;True;False;False
5;12;0.0;5;True;21.14;41.0;13.0;360;True;False;False;False
4;7;0.0;2;True;7.04;66.0;6.0;341;True;False;False;False
9;1;0.0;2;True;12.68;72.0;9.0;13;True;False;False;False
3;7;0.0;6;False;8.92;87.0;11.0;44;False;True;False;False
9;6;0.0;3;True;15.5;72.0;6.0;205;True;False;False;False
5;17;0.0;3;True;20.2;73.0;17.0;729;True;False;False;False
6;1;0.0;5;True;27.72;75.0;11.0;31;True;False;False;False
1;7;0.0;2;True;4.22;60.0;13.0;279;True;False;False;False
4;16;0.0;0;False;9.86;87.0;30.0;36;False;False;False;True
9;1;0.0;6;False;19.26;83.0;20.0;124;True;False;False;False
2;7;0.0;2;True;5.16;45.0;20.0;325;True;False;False;False
11;3;0.0;0;False;2.34;44.0;0.0;8;True;False;False;False
6;2;0.0;4;True;16.44;77.0;6.0;12;True;False;False;False
6;3;0.0;1;True;18.32;60.0;11.0;5;False;True;False;False
9;17;0.0;6;False;30.54;52.0;0.0;463;False;True;False;False
5;7;0.0;3;True;18.32;83.0;0.0;440;True;False;False;False
9;16;0.0;4;True;26.78;70.0;15.0;416;True;False;False;False
12;9;0.0;1;True;3.28;65.0;7.0;85;False;True;False;False
1;1;0.0;2;True;2.34;93.0;7.0;5;False;True;False;False
7;21;0.0;2;True;23.96;79.0;13.0;352;True;False;False;False
12;16;0.0;2;True;19.26;49.0;19.0;435;True;False;False;False
7;8;0.0;5;True;24.9;54.0;0.0;713;False;True;False;False
4;12;0.0;4;True;16.44;83.0;9.0;204;False;True;False;False
3;4;0.0;6;False;3.28;41.0;24.0;4;True;False;False;False
8;10;0.0;3;True;29.6;52.0;9.0;214;False;True;False;False
3;19;0.0;3;True;20.2;64.0;0.0;582;True;False;False;False
10;5;0.0;5;True;16.44;88.0;7.0;50;False;True;False;False
4;12;0.0;1;True;7.98;71.0;24.0;129;False;False;False;True
5;12;0.0;4;True;18.32;73.0;9.0;301;True;False;False;False
1;6;0.0;5;True;3.28;60.0;19.0;68;True;False;False;False
4;1;0.0;4;True;11.74;77.0;7.0;13;False;False;False;True
10;6;0.0;3;True;13.62;88.0;6.0;175;False;True;False;False
7;3;0.0;5;True;26.78;70.0;13.0;7;False;True;False;False
9;18;0.0;5;True;25.84;45.0;15.0;808;True;False;False;False
7;4;0.0;1;True;23.96;79.0;7.0;12;True;False;False;False
12;4;0.0;5;True;8.92;71.0;33.0;6;False;True;False;False
12;11;0.0;1;True;13.62;94.0;15.0;134;False;False;False;True
12;14;0.0;3;True;11.74;50.0;13.0;218;True;False;False;False
11;9;0.0;5;True;7.98;53.0;7.0;382;True;False;False;False
6;5;0.0;5;True;26.78;66.0;6.0;38;False;True;False;False
2;5;0.0;2;True;7.04;49.0;6.0;15;True;False;False;False
10;18;0.0;6;False;18.32;64.0;19.0;456;False;True;False;False
9;15;1.0;1;False;26.78;70.0;15.0;449;True;False;False;False
12;1;0.0;0;False;6.1;87.0;6.0;94;False;True;False;False
3;9;0.0;4;True;13.62;72.0;31.0;301;True;False;False;False
7;8;0.0;1;True;27.72;52.0;13.0;568;True;False;False;False
7;11;0.0;5;True;25.84;74.0;13.0;212;False;False;False;True
11;14;0.0;5;True;13.62;38.0;13.0;274;True;False;False;False
7;13;0.0;0;False;29.6;49.0;15.0;483;True;False;False;False
7;19;0.0;1;True;29.6;63.0;9.0;595;True;False;False;False
1;11;0.0;2;True;11.74;38.0;20.0;101;True;False;False;False
1;5;0.0;2;True;7.04;66.0;22.0;13;False;False;False;True
4;17;0.0;5;True;22.08;47.0;19.0;819;True;False;False;False
1;13;0.0;5;True;2.34;32.0;20.0;156;True;False;False;False
11;20;0.0;4;True;6.1;52.0;11.0;252;True;False;False;False
11;8;0.0;6;False;7.98;46.0;20.0;142;False;True;False;False
8;17;0.0;6;False;27.72;37.0;15.0;635;True;False;False;False
1;4;0.0;1;True;2.34;64.0;7.0;4;True;False;False;False
9;18;0.0;1;True;21.14;73.0;11.0;774;False;True;False;False
11;22;1.0;4;False;7.04;61.0;0.0;44;True;False;False;False
12;0;0.0;1;True;11.74;82.0;11.0;21;False;True;False;False
7;5;0.0;3;True;25.84;70.0;11.0;46;True;False;False;False
8;21;0.0;4;True;24.9;61.0;9.0;329;True;False;False;False
4;18;0.0;0;False;20.2;26.0;19.0;487;True;False;False;False
11;5;0.0;1;True;8.92;66.0;15.0;39;False;True;False;False
5;2;0.0;6;False;19.26;88.0;0.0;75;True;False;False;False
7;0;0.0;2;True;25.84;84.0;7.0;53;True;False;False;False
10;7;0.0;5;True;16.44;83.0;7.0;428;True;False;False;False
10;16;0.0;0;False;22.08;41.0;20.0;581;True;False;False;False
7;18;0.0;0;False;26.78;66.0;11.0;515;True;False;False;False
7;1;0.0;4;True;23.02;61.0;0.0;21;False;True;False;False
7;17;0.0;2;True;32.42;30.0;11.0;722;False;True;False;False
4;0;0.0;1;True;14.56;39.0;19.0;37;True;False;False;False
12;5;0.0;1;True;9.86;87.0;0.0;24;False;True;False;False
2;1;0.0;6;False;7.98;42.0;24.0;46;True;False;False;False
5;19;0.0;6;False;21.14;73.0;22.0;405;False;True;False;False
11;13;0.0;4;True;12.68;18.0;28.0;228;True;False;False;False
5;2;0.0;0;False;17.38;68.0;11.0;82;False;True;False;False
9;11;0.0;2;True;20.2;46.0;20.0;218;True;False;False;False
7;15;0.0;1;True;27.72;45.0;15.0;280;False;True;False;False
10;3;0.0;5;True;8.92;76.0;6.0;6;True;False;False;False
1;15;0.0;1;True;2.34;75.0;11.0;69;False;False;False;True
6;17;0.0;2;True;29.6;55.0;13.0;811;True;False;False;False
4;8;0.0;4;True;7.04;66.0;22.0;624;True;False;False;False
11;13;0.0;6;False;16.44;39.0;0.0;651;True;False;False;False
8;12;0.0;5;True;32.42;26.0;17.0;410;True;False;False;False
11;5;0.0;3;True;5.16;52.0;22.0;27;False;True;False;False
10;0;0.0;3;True;9.86;76.0;0.0;49;True;False;False;False
12;13;0.0;6;False;9.86;54.0;17.0;456;True;False;False;False
4;15;0.0;4;True;14.56;31.0;17.0;211;True;False;False;False
9;0;0.0;5;True;17.38;68.0;0.0;66;True;False;False;False
12;12;0.0;3;True;12.68;41.0;19.0;232;True;False;False;False
8;19;0.0;0;False;26.78;40.0;9.0;465;True;False;False;False
4;14;0.0;3;True;21.14;46.0;13.0;258;False;True;False;False
8;0;0.0;3;True;21.14;83.0;7.0;55;True;False;False;False
8;5;0.0;3;True;23.96;89.0;11.0;43;False;True;False;False
2;2;0.0;6;False;3.28;70.0;6.0;44;True;False;False;False
3;15;0.0;5;True;11.74;50.0;20.0;78;False;True;False;False
11;1;0.0;5;True;7.04;66.0;11.0;24;True;False;False;False
8;8;0.0;6;False;22.08;69.0;17.0;189;True;False;False;False
2;17;0.0;0;False;6.1;49.0;17.0;157;False;True;False;False
2;20;0.0;4;True;8.92;46.0;35.0;213;True;False;False;False
4;21;0.0;0;False;8.92;87.0;26.0;11;False;False;False;True
9;17;1.0;1;False;26.78;70.0;9.0;498;True;False;False;False
7;20;0.0;4;True;32.42;41.0;15.0;321;False;True;False;False
10;14;0.0;1;True;20.2;78.0;19.0;185;False;True;False;False
12;13;0.0;0;False;6.1;36.0;44.0;169;True;False;False;False
10;21;0.0;4;True;17.38;77.0;13.0;283;False;True;False;False
8;0;0.0;5;True;23.96;83.0;11.0;82;True;False;False;False
8;21;0.0;4;True;25.84;66.0;9.0;307;True;False;False;False
12;1;1.0;2;False;4.22;87.0;11.0;13;False;True;False;False
11;15;0.0;1;True;12.68;54.0;13.0;257;True;False;False;False
2;22;0.0;2;True;7.04;57.0;13.0;118;True;False;False;False
10;15;0.0;6;False;20.2;46.0;28.0;620;True;False;False;False
8;13;0.0;0;False;23.02;78.0;28.0;541;False;False;False;True
4;4;0.0;0;False;10.8;40.0;0.0;7;True;False;False;False
8;18;0.0;4;True;29.6;38.0;9.0;853;True;False;False;False
3;1;0.0;4;True;15.5;59.0;7.0;23;True;False;False;False
4;20;0.0;6;False;15.5;82.0;20.0;39;False;False;False;True
6;13;0.0;0;False;23.96;36.0;19.0;686;True;False;False;False
2;14;0.0;2;True;10.8;40.0;15.0;124;True;False;False;False
7;17;0.0;5;True;35.24;29.0;0.0;576;True;False;False;False
6;17;0.0;6;False;30.54;26.0;17.0;530;True;False;False;False
8;16;0.0;2;True;30.54;33.0;22.0;480;True;False;False;False
5;13;0.0;0;False;27.72;58.0;13.0;498;True;False;False;False
12;22;0.0;6;False;4.22;60.0;31.0;54;False;True;False;False
5;5;0.0;3;True;17.38;90.0;9.0;33;True;False;False;False
9;9;0.0;5;True;21.14;78.0;11.0;347;False;True;False;False
11;18;0.0;5;True;7.98;53.0;11.0;505;True;False;False;False
4;10;0.0;6;False;11.74;28.0;17.0;363;True;False;False;False
7;23;0.0;3;True;23.96;57.0;20.0;239;True;False;False;False
10;7;0.0;5;True;17.38;94.0;0.0;154;False;False;False;True
2;5;0.0;0;False;4.22;48.0;20.0;2;False;True;False;False
5;0;0.0;1;True;16.44;77.0;9.0;34;False;True;False;False
7;9;0.0;1;True;26.78;74.0;9.0;345;False;True;False;False
8;1;0.0;0;False;22.08;89.0;13.0;134;True;False;False;False
11;17;0.0;0;False;17.38;45.0;11.0;493;True;False;False;False
4;5;0.0;4;True;14.56;63.0;9.0;17;False;True;False;False
5;5;0.0;4;True;21.14;69.0;17.0;33;True;False;False;False
2;19;0.0;2;True;8.92;50.0;11.0;281;False;True;False;False
6;13;0.0;6;False;30.54;34.0;13.0;564;True;False;False;False
11;4;0.0;5;True;3.28;75.0;7.0;4;True;False;False;False
4;4;0.0;6;False;7.04;36.0;11.0;7;True;False;False;False
11;20;0.0;2;True;4.22;75.0;22.0;232;True;False;False;False
12;21;0.0;6;False;6.1;87.0;0.0;158;False;True;False;False
4;16;0.0;4;True;14.56;31.0;19.0;353;True;False;False;False
9;3;0.0;5;True;15.5;77.0;6.0;12;True;False;False;False
6;14;0.0;3;True;33.36;39.0;13.0;190;True;False;False;False
3;13;0.0;1;True;21.14;61.0;17.0;263;True;False;False;False
4;19;0.0;3;True;10.8;40.0;24.0;384;True;False;False;False
10;1;0.0;6;False;7.98;53.0;9.0;146;True;False;False;False
2;3;0.0;3;True;4.22;65.0;0.0;1;True;False;False;False
12;17;0.0;6;False;4.22;79.0;7.0;118;True;False;False;False
3;23;0.0;3;True;17.38;68.0;9.0;93;True;False;False;False
4;3;0.0;3;True;15.5;42.0;15.0;6;False;True;False;False
10;2;0.0;2;True;8.92;87.0;17.0;7;False;False;False;True
10;1;0.0;4;True;12.68;47.0;13.0;11;True;False;False;False
9;15;0.0;2;True;20.2;88.0;17.0;36;False;False;False;True
11;12;0.0;5;True;12.68;38.0;17.0;379;True;False;False;False
1;9;0.0;6;False;2.34;80.0;9.0;130;True;False;False;False
4;4;0.0;0;False;17.38;52.0;0.0;12;False;True;False;False
11;10;0.0;1;True;8.92;66.0;17.0;139;False;True;False;False
12;18;0.0;3;True;9.86;50.0;24.0;569;True;False;False;False
1;2;0.0;1;True;0.46;86.0;7.0;2;False;True;False;False
8;5;0.0;1;True;24.9;79.0;13.0;25;True;False;False;False
7;10;0.0;2;True;30.54;43.0;15.0;209;True;False;False;False
12;9;0.0;5;True;6.1;81.0;9.0;301;False;True;False;False
12;18;0.0;6;False;7.98;76.0;0.0;297;False;True;False;False
10;18;0.0;2;True;15.5;72.0;15.0;784;False;True;False;False
1;18;0.0;0;False;7.98;23.0;24.0;168;True;False;False;False
3;5;0.0;0;False;10.8;94.0;7.0;6;False;True;False;False
1;13;0.0;5;True;4.22;33.0;35.0;154;True;False;False;False
1;3;0.0;1;True;3.28;52.0;11.0;3;True;False;False;False
7;9;0.0;2;True;30.54;49.0;15.0;320;False;True;False;False
1;16;0.0;0;False;8.92;21.0;28.0;322;True;False;False;False
5;21;0.0;1;True;21.14;69.0;6.0;241;True;False;False;False
1;13;0.0;3;True;7.98;49.0;9.0;212;True;False;False;False
1;0;0.0;0;False;8.92;66.0;0.0;48;True;False;False;False
7;22;0.0;1;True;25.84;58.0;7.0;224;False;True;False;False
9;20;0.0;4;True;22.08;69.0;15.0;457;False;True;False;False
5;0;0.0;4;True;20.2;78.0;9.0;79;True;False;False;False
10;3;0.0;5;True;17.38;73.0;0.0;16;True;False;False;False
1;5;0.0;5;True;2.34;60.0;7.0;19;True;False;False;False
10;17;0.0;1;True;21.14;33.0;7.0;922;True;False;False;False
5;9;0.0;6;False;18.32;43.0;11.0;292;True;False;False;False
1;20;0.0;0;False;12.68;62.0;20.0;83;False;True;False;False
10;13;0.0;0;False;18.32;37.0;17.0;626;True;False;False;False
3;0;0.0;2;True;18.32;52.0;13.0;26;False;True;False;False
2;16;0.0;2;True;11.74;28.0;6.0;287;True;False;False;False
5;21;0.0;3;True;15.5;82.0;11.0;34;False;False;False;True
5;9;0.0;0;False;20.2;56.0;9.0;222;True;False;False;False
1;22;1.0;1;False;2.34;44.0;19.0;39;False;True;False;False
6;11;0.0;0;False;22.08;41.0;17.0;511;True;False;False;False
8;4;0.0;6;False;21.14;83.0;7.0;10;True;False;False;False
7;14;0.0;4;True;34.3;47.0;17.0;213;True;False;False;False
4;7;0.0;4;True;6.1;65.0;22.0;306;True;False;False;False
6;17;0.0;2;True;25.84;28.0;28.0;900;True;False;False;False
3;12;0.0;4;True;18.32;60.0;30.0;251;False;True;False;False
10;20;0.0;5;True;20.2;78.0;9.0;372;True;False;False;False
9;20;0.0;0;False;24.9;84.0;11.0;104;False;True;False;False
8;7;0.0;2;True;23.02;83.0;7.0;269;False;True;False;False
2;4;0.0;0;False;5.16;41.0;26.0;3;False;True;False;False
3;0;0.0;4;True;16.44;83.0;6.0;41;True;False;False;False
8;2;0.0;1;True;25.84;79.0;9.0;5;False;True;False;False
6;1;0.0;6;False;23.02;78.0;9.0;123;True;False;False;False
5;11;0.0;4;True;23.02;65.0;9.0;221;True;False;False;False
4;3;0.0;4;True;14.56;55.0;6.0;6;False;True;False;False
7;11;0.0;2;True;32.42;34.0;13.0;217;True;False;False;False
9;4;0.0;2;True;23.02;89.0;0.0;8;False;True;False;False
1;6;0.0;0;False;4.22;93.0;9.0;2;True;False;False;False
11;16;0.0;2;True;6.1;75.0;20.0;257;False;True;False;False
4;18;0.0;0;False;21.14;25.0;22.0;310;True;False;False;False
4;21;0.0;6;False;15.5;20.0;13.0;234;True;False;False;False
4;5;0.0;5;True;7.98;53.0;11.0;21;False;True;False;False
3;5;0.0;5;True;7.04;61.0;6.0;26;True;False;False;False
5;10;0.0;4;True;18.32;52.0;17.0;205;True;False;False;False
11;2;0.0;4;True;4.22;70.0;11.0;7;False;True;False;False
1;21;0.0;6;False;0.46;74.0;22.0;69;True;False;False;False
3;1;0.0;1;True;13.62;88.0;7.0;15;True;False;False;False
8;4;0.0;0;False;22.08;69.0;6.0;10;True;False;False;False
1;16;0.0;4;True;8.92;34.0;19.0;197;True;False;False;False
11;8;0.0;3;True;3.28;60.0;19.0;692;True;False;False;False
5;7;0.0;6;False;11.74;71.0;9.0;67;True;False;False;False
10;22;0.0;1;True;17.38;77.0;6.0;207;False;False;False;True
4;4;0.0;5;True;11.74;94.0;7.0;3;True;False;False;False
1;4;0.0;1;True;1.4;80.0;0.0;1;False;True;False;False
10;21;0.0;2;True;6.1;87.0;7.0;64;False;True;False;False
9;6;0.0;6;False;23.02;89.0;19.0;34;False;True;False;False
7;17;0.0;5;True;32.42;41.0;19.0;699;True;False;False;False
6;12;0.0;1;True;22.08;41.0;30.0;282;True;False;False;False
11;15;0.0;3;True;8.92;32.0;22.0;179;True;False;False;False
8;12;0.0;4;True;28.66;38.0;0.0;332;True;False;False;False
6;13;0.0;4;True;34.3;35.0;0.0;172;True;False;False;False
6;9;0.0;2;True;22.08;89.0;19.0;285;False;True;False;False
2;9;0.0;1;True;0.46;80.0;7.0;277;True;False;False;False
12;14;0.0;0;False;9.86;87.0;13.0;232;False;True;False;False
7;18;0.0;6;False;36.18;29.0;6.0;277;True;False;False;False
11;7;0.0;4;True;6.1;65.0;13.0;410;False;True;False;False
2;9;0.0;1;True;4.22;60.0;13.0;230;True;False;False;False
10;17;0.0;3;True;17.38;56.0;7.0;888;True;False;False;False
4;4;0.0;2;True;23.02;44.0;15.0;9;True;False;False;False
12;18;0.0;1;True;4.22;48.0;9.0;122;False;True;False;False
5;2;0.0;4;True;13.62;88.0;9.0;17;False;True;False;False
7;21;0.0;0;False;31.48;39.0;9.0;258;True;False;False;False
6;13;0.0;1;True;22.08;41.0;24.0;274;True;False;False;False
6;12;0.0;3;True;32.42;47.0;11.0;180;True;False;False;False
8;1;0.0;2;True;24.9;84.0;9.0;18;True;False;False;False
5;18;0.0;6;False;27.72;52.0;13.0;415;False;True;False;False
9;20;0.0;6;False;27.72;67.0;17.0;207;False;False;False;True
1;16;0.0;3;True;7.98;87.0;17.0;118;False;True;False;False
2;6;0.0;4;True;8.92;90.0;0.0;74;False;False;False;True
10;2;0.0;3;True;17.38;68.0;0.0;6;True;False;False;False
12;7;0.0;1;True;7.98;93.0;0.0;396;False;True;False;False
11;8;0.0;3;True;5.16;56.0;20.0;691;True;False;False;False
10;6;0.0;0;False;10.8;82.0;11.0;24;True;False;False;False
10;10;0.0;5;True;16.44;36.0;20.0;275;True;False;False;False
5;3;0.0;2;True;15.5;77.0;0.0;3;False;True;False;False
2;15;0.0;4;True;7.04;36.0;20.0;134;True;False;False;False
6;10;0.0;6;False;24.9;51.0;7.0;466;True;False;False;False
11;12;0.0;2;True;11.74;67.0;0.0;313;False;True;False;False
8;16;0.0;0;False;30.54;46.0;17.0;421;True;False;False;False
7;3;0.0;4;True;25.84;54.0;13.0;7;True;False;False;False
8;20;0.0;3;True;26.78;66.0;11.0;513;True;False;False;False
4;20;0.0;0;False;18.32;32.0;6.0;243;True;False;False;False
1;17;0.0;4;True;11.74;71.0;0.0;413;False;True;False;False
6;14;0.0;5;True;37.12;36.0;15.0;233;True;False;False;False
3;3;0.0;1;True;8.92;50.0;9.0;2;True;False;False;False
2;17;0.0;5;True;11.74;94.0;7.0;256;False;False;False;True
7;4;0.0;2;True;23.02;83.0;6.0;6;True;False;False;False
10;21;0.0;0;False;11.74;54.0;11.0;166;True;False;False;False
3;2;0.0;5;True;8.92;53.0;20.0;7;True;False;False;False
8;7;0.0;1;True;23.02;83.0;0.0;433;True;False;False;False
7;5;0.0;2;True;23.96;74.0;6.0;38;True;False;False;False
3;12;0.0;5;True;12.68;82.0;9.0;294;False;True;False;False
6;7;0.0;4;True;24.9;84.0;6.0;463;False;True;False;False
4;16;0.0;0;False;16.44;52.0;17.0;511;True;False;False;False
4;5;0.0;3;True;7.98;66.0;0.0;24;True;False;False;False
12;23;0.0;0;False;11.74;82.0;9.0;51;False;True;False;False
9;1;0.0;0;False;15.5;59.0;0.0;116;True;False;False;False
4;3;0.0;6;False;7.98;49.0;15.0;26;True;False;False;False
7;23;0.0;6;False;23.02;83.0;6.0;208;True;False;False;False
6;5;0.0;6;False;15.5;72.0;13.0;12;True;False;False;False
10;1;0.0;2;True;12.68;67.0;13.0;13;True;False;False;False
3;4;0.0;6;False;11.74;77.0;28.0;8;True;False;False;False
2;0;0.0;2;True;6.1;70.0;13.0;23;True;False;False;False
4;19;0.0;2;True;18.32;26.0;7.0;558;True;False;False;False
10;16;0.0;6;False;17.38;42.0;19.0;691;True;False;False;False
5;18;0.0;2;True;24.9;61.0;6.0;733;True;False;False;False
6;8;0.0;1;True;17.38;83.0;13.0;474;False;True;False;False
12;6;0.0;6;False;8.92;93.0;7.0;20;False;True;False;False
4;16;0.0;4;True;16.44;83.0;15.0;318;False;True;False;False
8;4;0.0;5;True;22.08;73.0;0.0;8;False;True;False;False
6;13;0.0;1;True;29.6;41.0;20.0;248;False;True;False;False
1;16;0.0;1;True;7.98;25.0;13.0;221;True;False;False;False
1;17;0.0;3;True;8.92;53.0;11.0;470;True;False;False;False
2;17;0.0;6;False;6.1;70.0;13.0;67;False;False;False;True
6;15;0.0;0;False;31.48;30.0;15.0;475;True;False;False;False
1;22;0.0;1;True;1.4;92.0;7.0;62;False;True;False;False
6;18;0.0;5;True;29.6;55.0;13.0;505;False;True;False;False
8;4;0.0;1;True;25.84;74.0;9.0;11;False;True;False;False
5;19;0.0;3;True;15.5;77.0;24.0;98;False;False;False;True
10;12;0.0;0;False;11.74;71.0;0.0;392;False;True;False;False
4;11;0.0;0;False;13.62;51.0;0.0;411;True;False;False;False
2;22;0.0;5;True;10.8;37.0;39.0;106;True;False;False;False
12;8;0.0;2;True;12.68;88.0;11.0;721;False;True;False;False
10;0;0.0;1;True;13.62;72.0;7.0;45;True;False;False;False
9;4;0.0;1;True;16.44;68.0;19.0;5;True;False;False;False
9;6;0.0;0;False;16.44;77.0;13.0;35;True;False;False;False
8;10;0.0;1;True;27.72;40.0;0.0;199;False;True;False;False
7;13;0.0;6;False;20.2;83.0;11.0;354;False;False;False;True
5;12;0.0;3;True;21.14;57.0;15.0;280;False;True;False;False
11;22;0.0;6;False;7.04;57.0;7.0;146;True;False;False;False
3;5;0.0;6;False;10.8;82.0;15.0;5;True;False;False;False
10;15;0.0;0;False;11.74;77.0;9.0;306;False;False;False;True
12;6;0.0;5;True;7.98;57.0;39.0;80;False;True;False;False
8;9;0.0;0;False;29.6;59.0;24.0;229;True;False;False;False
12;18;0.0;1;True;13.62;88.0;19.0;564;False;True;False;False
1;21;0.0;4;True;10.8;76.0;7.0;192;False;True;False;False
4;21;0.0;3;True;7.98;57.0;26.0;165;True;False;False;False
2;19;0.0;3;True;10.8;87.0;7.0;102;False;True;False;False
4;6;0.0;5;True;7.04;57.0;11.0;84;True;False;False;False
2;2;0.0;4;True;11.74;67.0;9.0;9;False;True;False;False
11;5;0.0;2;True;6.1;81.0;15.0;31;False;True;False;False
3;11;0.0;5;True;12.68;77.0;0.0;207;False;True;False;False
8;19;0.0;4;True;27.72;48.0;9.0;610;True;False;False;False
4;7;0.0;6;False;15.5;82.0;19.0;76;True;False;False;False
7;14;0.0;0;False;34.3;37.0;17.0;476;True;False;False;False
1;8;0.0;4;True;-2.36;54.0;7.0;423;True;False;False;False
9;2;0.0;0;False;14.56;63.0;0.0;92;True;False;False;False
9;18;1.0;1;False;26.78;66.0;11.0;482;True;False;False;False
10;8;0.0;6;False;18.32;83.0;13.0;206;True;False;False;False
4;7;0.0;6;False;8.92;71.0;7.0;64;True;False;False;False
8;1;0.0;0;False;26.78;70.0;17.0;87;True;False;False;False
10;9;1.0;1;False;9.86;66.0;11.0;332;False;True;False;False
3;17;0.0;3;True;24.9;28.0;6.0;782;True;False;False;False
10;16;0.0;2;True;23.96;44.0;6.0;541;True;False;False;False
5;3;0.0;1;True;18.32;88.0;20.0;2;False;True;False;False
8;8;0.0;4;True;23.02;74.0;6.0;707;False;True;False;False
8;0;0.0;4;True;22.08;69.0;0.0;65;True;False;False;False
6;20;0.0;1;True;21.14;73.0;9.0;362;False;True;False;False
12;9;0.0;0;False;10.8;87.0;17.0;103;False;True;False;False
9;22;0.0;2;True;20.2;56.0;19.0;188;True;False;False;False
3;13;0.0;3;True;15.5;34.0;28.0;205;True;False;False;False
1;1;0.0;0;False;7.98;42.0;13.0;72;True;False;False;False
3;14;0.0;5;True;11.74;28.0;31.0;178;True;False;False;False
6;19;0.0;2;True;29.6;59.0;15.0;514;True;False;False;False
4;17;0.0;0;False;16.44;55.0;19.0;555;True;False;False;False
5;1;0.0;4;True;20.2;83.0;11.0;28;True;False;False;False
12;19;0.0;1;True;4.22;60.0;11.0;119;False;True;False;False
12;22;0.0;0;False;1.4;55.0;13.0;36;True;False;False;False
8;10;0.0;5;True;29.6;52.0;13.0;249;False;True;False;False
1;5;0.0;3;True;-7.06;41.0;13.0;14;True;False;False;False
10;4;0.0;6;False;17.38;83.0;17.0;11;True;False;False;False
9;15;0.0;6;False;18.32;88.0;17.0;512;False;False;False;True
3;9;0.0;3;True;16.44;68.0;0.0;351;True;False;False;False
11;1;0.0;0;False;7.98;76.0;6.0;108;True;False;False;False
6;5;0.0;5;True;24.9;61.0;7.0;45;True;False;False;False
2;2;0.0;4;True;2.34;80.0;9.0;2;True;False;False;False
11;7;0.0;6;False;4.22;87.0;7.0;71;True;False;False;False
6;16;0.0;3;True;25.84;30.0;33.0;392;True;False;False;False
7;17;0.0;1;True;28.66;40.0;11.0;849;True;False;False;False
10;4;0.0;3;True;15.5;77.0;6.0;6;True;False;False;False
7;13;0.0;4;True;31.48;47.0;9.0;254;True;False;False;False
8;10;0.0;5;True;27.72;62.0;6.0;256;True;False;False;False
11;22;0.0;0;False;3.28;60.0;0.0;62;True;False;False;False
2;6;0.0;6;False;3.28;70.0;0.0;9;True;False;False;False
1;21;0.0;0;False;-0.48;40.0;11.0;72;True;False;False;False
1;0;1.0;1;False;10.8;40.0;31.0;39;True;False;False;False
6;20;0.0;4;True;23.02;36.0;20.0;478;True;False;False;False
4;18;0.0;5;True;17.38;26.0;9.0;671;True;False;False;False
5;10;0.0;0;False;23.02;34.0;20.0;432;True;False;False;False
3;4;0.0;6;False;8.92;93.0;13.0;2;False;True;False;False
9;22;0.0;6;False;19.26;78.0;20.0;194;False;True;False;False
8;2;0.0;1;True;21.14;88.0;9.0;8;True;False;False;False
2;5;0.0;1;True;2.34;80.0;9.0;16;True;False;False;False
5;9;0.0;1;True;15.5;82.0;15.0;350;False;True;False;False
5;10;0.0;5;True;21.14;73.0;9.0;199;False;True;False;False
2;11;0.0;0;False;5.16;41.0;19.0;227;True;False;False;False
2;21;0.0;1;True;5.16;45.0;9.0;147;True;False;False;False
8;10;0.0;3;True;25.84;66.0;6.0;236;True;False;False;False
7;4;0.0;6;False;23.02;61.0;7.0;9;False;False;False;True
8;16;0.0;5;True;28.66;55.0;20.0;467;True;False;False;False
12;1;0.0;3;True;4.22;65.0;20.0;7;False;True;False;False
1;20;0.0;5;True;1.4;34.0;6.0;142;False;True;False;False
11;13;0.0;6;False;8.92;46.0;24.0;449;False;True;False;False
10;16;0.0;5;True;21.14;69.0;24.0;565;False;False;False;True
9;23;0.0;6;False;23.02;89.0;6.0;145;True;False;False;False
5;16;0.0;0;False;21.14;61.0;0.0;544;False;True;False;False
9;0;0.0;0;False;17.38;64.0;0.0;151;True;False;False;False
7;20;0.0;2;True;27.72;55.0;33.0;376;False;False;False;True
9;13;0.0;4;True;25.84;79.0;7.0;191;False;True;False;False
12;7;0.0;6;False;3.28;87.0;9.0;63;False;True;False;False
8;18;0.0;5;True;25.84;62.0;13.0;736;False;True;False;False
5;13;0.0;2;True;22.08;73.0;13.0;239;False;False;False;True
1;0;0.0;0;False;9.86;40.0;19.0;91;True;False;False;False
11;2;0.0;6;False;7.98;49.0;17.0;46;False;True;False;False
12;14;0.0;1;True;20.2;53.0;0.0;260;True;False;False;False
11;23;0.0;3;True;5.16;65.0;15.0;40;False;False;False;True
6;17;0.0;4;True;33.36;37.0;0.0;615;True;False;False;False
5;23;0.0;2;True;21.14;94.0;0.0;50;False;False;False;True
6;20;0.0;0;False;21.14;57.0;13.0;302;True;False;False;False
5;17;0.0;2;True;26.78;48.0;6.0;681;True;False;False;False
11;11;0.0;6;False;10.8;58.0;7.0;466;True;False;False;False
9;18;0.0;3;True;19.26;40.0;19.0;892;True;False;False;False
6;15;0.0;3;True;25.84;32.0;33.0;281;True;False;False;False
9;3;0.0;4;True;24.9;84.0;7.0;9;True;False;False;False
1;22;0.0;0;False;-0.48;93.0;6.0;58;False;True;False;False
9;11;0.0;0;False;22.08;47.0;11.0;559;True;False;False;False
5;3;0.0;6;False;14.56;59.0;0.0;34;True;False;False;False
9;20;0.0;5;True;20.2;53.0;11.0;336;False;False;False;True
3;20;0.0;1;True;18.32;49.0;15.0;286;False;True;False;False
9;6;0.0;2;True;22.08;89.0;22.0;167;False;True;False;False
4;23;0.0;5;True;11.74;30.0;19.0;113;True;False;False;False
11;13;0.0;0;False;10.8;62.0;22.0;447;True;False;False;False
4;22;0.0;6;False;14.56;82.0;20.0;110;True;False;False;False
5;8;0.0;2;True;16.44;94.0;19.0;557;False;True;False;False
10;18;0.0;4;True;13.62;44.0;11.0;692;True;False;False;False
10;3;0.0;3;True;20.2;94.0;0.0;7;False;True;False;False
1;5;0.0;2;True;10.8;47.0;15.0;23;True;False;False;False
10;22;0.0;6;False;12.68;51.0;7.0;202;True;False;False;False
10;11;0.0;1;True;19.26;46.0;0.0;272;True;False;False;False
5;11;0.0;4;True;25.84;37.0;19.0;218;True;False;False;False
1;9;0.0;4;True;2.34;69.0;0.0;227;False;True;False;False
2;6;0.0;1;True;3.28;70.0;17.0;90;True;False;False;False
5;8;0.0;3;True;18.32;88.0;0.0;666;False;True;False;False
8;6;0.0;2;True;22.08;83.0;13.0;64;False;False;False;True
10;11;0.0;3;True;17.38;52.0;13.0;291;True;False;False;False
4;16;0.0;3;True;12.68;33.0;20.0;307;True;False;False;False
9;8;0.0;6;False;15.5;68.0;19.0;211;True;False;False;False
5;22;0.0;2;True;21.14;73.0;6.0;174;True;False;False;False
3;4;0.0;4;True;14.56;100.0;6.0;6;False;True;False;False
8;5;0.0;2;True;23.02;83.0;6.0;42;False;True;False;False
5;22;0.0;1;True;17.38;45.0;17.0;173;False;True;False;False
4;10;0.0;5;True;12.68;38.0;13.0;192;True;False;False;False
12;16;1.0;2;False;8.92;50.0;17.0;86;False;True;False;False
10;15;0.0;5;True;22.08;65.0;20.0;395;True;False;False;False
4;13;0.0;1;True;13.62;36.0;20.0;281;True;False;False;False
3;18;0.0;4;True;17.38;34.0;24.0;525;True;False;False;False
6;5;0.0;6;False;22.08;83.0;13.0;12;False;True;False;False
10;2;0.0;5;True;17.38;88.0;0.0;10;False;True;False;False
11;10;0.0;4;True;5.16;65.0;6.0;178;True;False;False;False
9;22;0.0;4;True;22.08;89.0;11.0;217;True;False;False;False
12;1;0.0;1;True;0.46;55.0;13.0;19;True;False;False;False
5;22;0.0;5;True;20.2;83.0;9.0;232;True;False;False;False
5;22;0.0;3;True;23.02;69.0;7.0;217;True;False;False;False
5;8;0.0;4;True;13.62;88.0;13.0;627;False;False;False;True
10;10;0.0;2;True;17.38;60.0;0.0;221;True;False;False;False
10;2;0.0;2;True;17.38;77.0;7.0;2;False;True;False;False
8;20;0.0;6;False;23.02;89.0;28.0;160;False;False;False;True
6;6;0.0;0;False;21.14;73.0;0.0;30;True;False;False;False
12;2;0.0;5;True;3.28;60.0;17.0;5;True;False;False;False
11;14;0.0;4;True;9.86;54.0;11.0;201;False;True;False;False
4;0;0.0;3;True;17.38;32.0;11.0;38;True;False;False;False
1;22;0.0;6;False;-0.48;47.0;24.0;66;True;False;False;False
9;18;0.0;1;True;17.38;37.0;11.0;853;True;False;False;False
8;1;0.0;1;True;20.2;83.0;11.0;10;True;False;False;False
6;13;0.0;1;True;25.84;51.0;20.0;260;True;False;False;False
5;7;0.0;6;False;13.62;67.0;7.0;95;True;False;False;False
1;14;0.0;6;False;1.4;80.0;13.0;95;False;False;False;True
10;14;0.0;2;True;23.96;41.0;11.0;296;True;False;False;False
11;18;0.0;0;False;4.22;44.0;11.0;141;True;False;False;False
8;9;0.0;6;False;23.02;65.0;19.0;292;True;False;False;False
5;21;0.0;5;True;22.08;69.0;13.0;235;True;False;False;False
2;16;0.0;4;True;7.98;36.0;0.0;238;True;False;False;False
4;11;0.0;3;True;13.62;47.0;17.0;119;False;False;False;True
9;12;0.0;6;False;25.84;54.0;20.0;688;True;False;False;False
9;8;0.0;3;True;18.32;64.0;7.0;770;True;False;False;False
1;3;0.0;0;False;-0.48;48.0;26.0;25;False;True;False;False
12;16;0.0;1;True;4.22;48.0;13.0;214;False;True;False;False
3;5;0.0;4;True;14.56;100.0;6.0;34;False;True;False;False
7;4;0.0;0;False;28.66;66.0;7.0;13;True;False;False;False
4;3;0.0;4;True;7.04;61.0;17.0;5;True;False;False;False
11;16;0.0;0;False;10.8;62.0;22.0;372;False;True;False;False
9;3;0.0;6;False;20.2;73.0;17.0;37;True;False;False;False
10;17;0.0;2;True;23.96;41.0;0.0;938;True;False;False;False
4;14;0.0;6;False;11.74;38.0;7.0;440;True;False;False;False
7;8;0.0;3;True;23.96;79.0;11.0;674;False;True;False;False
11;23;0.0;4;True;7.04;61.0;11.0;125;False;True;False;False
12;5;0.0;0;False;1.4;51.0;0.0;6;True;False;False;False
6;16;0.0;5;True;25.84;37.0;13.0;558;True;False;False;False
9;12;0.0;3;True;20.2;43.0;17.0;313;True;False;False;False
7;8;0.0;4;True;29.6;49.0;9.0;550;True;False;False;False
6;19;0.0;1;True;27.72;48.0;22.0;596;False;True;False;False
9;12;0.0;6;False;29.6;55.0;11.0;471;False;True;False;False
12;17;0.0;6;False;5.16;41.0;20.0;114;True;False;False;False
2;9;0.0;6;False;2.34;75.0;22.0;122;False;False;False;True
6;23;0.0;6;False;23.96;61.0;11.0;230;True;False;False;False
10;22;0.0;4;True;22.08;47.0;9.0;232;True;False;False;False
10;16;0.0;4;True;20.2;56.0;19.0;450;True;False;False;False
6;0;0.0;4;True;20.2;53.0;20.0;48;True;False;False;False
8;10;0.0;2;True;26.78;70.0;9.0;250;False;True;False;False
8;15;0.0;6;False;29.6;46.0;19.0;562;True;False;False;False
8;11;0.0;3;True;27.72;58.0;6.0;234;True;False;False;False
4;16;0.0;0;False;20.2;28.0;13.0;587;True;False;False;False
10;0;0.0;4;True;22.08;89.0;0.0;76;False;False;False;True
3;0;0.0;6;False;8.92;93.0;6.0;22;False;False;False;True
7;14;0.0;3;True;36.18;38.0;22.0;170;True;False;False;False
12;19;0.0;4;True;6.1;45.0;11.0;348;True;False;False;False
11;21;0.0;2;True;6.1;56.0;17.0;151;False;True;False;False
1;16;0.0;4;True;13.62;67.0;13.0;281;True;False;False;False
6;18;0.0;5;True;37.12;31.0;0.0;464;True;False;False;False
10;15;0.0;4;True;25.84;54.0;19.0;325;True;False;False;False
11;10;0.0;6;False;10.8;58.0;0.0;350;True;False;False;False
12;0;0.0;1;True;8.92;100.0;6.0;20;False;False;False;True
6;21;0.0;6;False;27.72;33.0;9.0;322;True;False;False;False
3;10;0.0;3;True;16.44;83.0;11.0;154;False;True;False;False
1;8;0.0;2;True;0.46;93.0;11.0;471;False;True;False;False
11;19;0.0;1;True;7.04;49.0;11.0;372;True;False;False;False
7;17;0.0;1;True;27.72;66.0;39.0;755;False;False;False;True
6;4;0.0;2;True;17.38;45.0;20.0;10;True;False;False;False
6;9;0.0;0;False;24.9;58.0;0.0;266;True;False;False;False
2;2;0.0;5;True;6.1;93.0;7.0;12;False;True;False;False
12;6;0.0;5;True;5.16;75.0;11.0;84;False;True;False;False
5;14;0.0;4;True;22.08;38.0;13.0;270;True;False;False;False
5;17;0.0;4;True;25.84;54.0;9.0;704;True;False;False;False
10;9;0.0;2;True;15.5;72.0;7.0;334;False;True;False;False
4;7;0.0;2;True;7.04;66.0;19.0;390;True;False;False;False
5;3;0.0;4;True;13.62;88.0;0.0;6;False;True;False;False
1;7;0.0;2;True;6.1;81.0;15.0;126;False;False;False;True
2;11;0.0;0;False;4.22;56.0;22.0;226;False;True;False;False
12;2;0.0;3;True;5.16;65.0;6.0;3;True;False;False;False
11;18;0.0;2;True;7.04;57.0;20.0;497;True;False;False;False
5;12;0.0;0;False;26.78;66.0;17.0;570;True;False;False;False
4;4;0.0;4;True;11.74;71.0;0.0;4;False;True;False;False
3;17;0.0;1;True;22.08;53.0;15.0;721;True;False;False;False
11;22;0.0;5;True;7.04;53.0;17.0;162;True;False;False;False
9;11;0.0;4;True;23.02;50.0;11.0;254;True;False;False;False
4;23;0.0;6;False;13.62;82.0;19.0;91;False;True;False;False
3;1;0.0;6;False;10.8;76.0;13.0;82;False;True;False;False
11;16;0.0;1;True;12.68;30.0;0.0;346;True;False;False;False
8;0;0.0;6;False;26.78;79.0;11.0;161;True;False;False;False
5;11;0.0;3;True;23.02;65.0;13.0;208;False;True;False;False
5;8;0.0;0;False;18.32;56.0;11.0;171;True;False;False;False
1;13;0.0;3;True;-1.42;43.0;17.0;91;False;True;False;False
5;22;0.0;1;True;19.26;78.0;6.0;129;False;True;False;False
11;19;1.0;4;False;8.92;76.0;0.0;44;True;False;False;False
2;21;0.0;1;True;13.62;36.0;19.0;195;True;False;False;False
2;1;0.0;2;True;9.86;62.0;11.0;6;True;False;False;False
2;23;0.0;0;False;2.34;93.0;11.0;35;False;True;False;False
1;16;0.0;2;True;10.8;71.0;9.0;278;True;False;False;False
5;19;0.0;2;True;23.02;69.0;15.0;364;True;False;False;False
12;1;0.0;2;True;11.74;82.0;7.0;25;True;False;False;False
5;7;0.0;3;True;19.26;83.0;0.0;468;True;False;False;False
9;2;0.0;5;True;21.14;83.0;6.0;11;True;False;False;False
4;18;0.0;4;True;15.5;27.0;26.0;610;True;False;False;False
8;16;0.0;6;False;29.6;46.0;20.0;531;True;False;False;False
3;2;0.0;6;False;12.68;88.0;0.0;42;False;True;False;False
9;6;0.0;3;True;17.38;73.0;13.0;182;True;False;False;False
3;21;0.0;4;True;20.2;43.0;26.0;233;True;False;False;False
1;0;0.0;5;True;2.34;75.0;6.0;25;True;False;False;False
5;8;0.0;3;True;19.26;83.0;0.0;650;True;False;False;False
8;7;0.0;1;True;25.84;70.0;13.0;407;False;False;False;True
9;23;0.0;5;True;18.32;56.0;13.0;190;False;True;False;False
12;0;0.0;6;False;6.1;70.0;0.0;94;True;False;False;False
10;7;1.0;1;False;7.98;76.0;11.0;154;False;True;False;False
12;8;0.0;3;True;12.68;58.0;19.0;759;False;True;False;False
5;16;0.0;4;True;27.72;33.0;19.0;487;True;False;False;False
10;9;0.0;1;True;13.62;63.0;6.0;360;True;False;False;False
4;17;0.0;0;False;8.92;93.0;30.0;27;False;False;False;True
9;0;0.0;6;False;23.02;89.0;17.0;150;True;False;False;False
4;10;0.0;3;True;14.56;47.0;15.0;147;False;False;False;True
7;23;0.0;3;True;27.72;58.0;6.0;131;True;False;False;False
6;20;0.0;6;False;28.66;31.0;13.0;386;True;False;False;False
7;6;0.0;0;False;28.66;70.0;9.0;21;True;False;False;False
5;12;0.0;1;True;20.2;83.0;17.0;170;False;True;False;False
7;0;0.0;1;True;27.72;58.0;15.0;43;False;True;False;False
3;19;0.0;5;True;10.8;62.0;15.0;395;True;False;False;False
3;7;0.0;2;True;16.44;94.0;15.0;170;False;False;False;True
5;22;0.0;5;True;18.32;35.0;15.0;234;True;False;False;False
3;16;0.0;3;True;18.32;37.0;28.0;288;True;False;False;False
5;11;0.0;6;False;24.9;74.0;13.0;520;True;False;False;False
8;2;0.0;6;False;23.02;74.0;6.0;79;False;True;False;False
6;21;0.0;6;False;30.54;52.0;11.0;213;True;False;False;False
5;6;0.0;1;True;16.44;94.0;20.0;65;False;False;False;True
12;0;0.0;5;True;3.28;70.0;7.0;48;True;False;False;False
3;7;0.0;1;True;0.46;59.0;9.0;260;True;False;False;False
11;6;0.0;1;True;6.1;49.0;19.0;139;False;True;False;False
9;4;0.0;2;True;21.14;94.0;24.0;7;False;True;False;False
12;13;0.0;6;False;1.4;100.0;0.0;84;False;False;False;True
10;8;0.0;5;True;17.38;94.0;7.0;467;False;True;False;False
11;19;0.0;3;True;7.04;36.0;11.0;387;True;False;False;False
9;23;0.0;6;False;17.38;60.0;0.0;229;True;False;False;False
11;5;0.0;2;True;7.98;66.0;9.0;34;False;True;False;False
6;12;0.0;2;True;24.9;65.0;6.0;292;True;False;False;False
9;0;0.0;6;False;26.78;62.0;7.0;168;True;False;False;False
4;10;0.0;3;True;17.38;45.0;9.0;167;False;True;False;False
2;2;1.0;1;False;3.28;87.0;6.0;20;False;True;False;False
8;18;0.0;2;True;27.72;62.0;11.0;814;False;True;False;False
8;8;0.0;3;True;23.02;78.0;13.0;681;False;True;False;False
6;7;0.0;3;True;20.2;43.0;24.0;527;True;False;False;False
4;9;0.0;6;False;10.8;30.0;17.0;276;True;False;False;False
9;2;0.0;6;False;18.32;88.0;17.0;83;True;False;False;False
1;9;0.0;0;False;-0.48;74.0;15.0;63;False;True;False;False
12;17;0.0;2;True;7.04;53.0;15.0;601;True;False;False;False
10;11;0.0;3;True;19.26;64.0;0.0;236;True;False;False;False
11;14;0.0;2;True;12.68;58.0;7.0;224;False;True;False;False
9;17;0.0;6;False;26.78;51.0;22.0;646;True;False;False;False
3;14;0.0;2;True;20.2;73.0;11.0;248;False;True;False;False
12;13;0.0;2;True;17.38;64.0;11.0;272;False;True;False;False
3;3;0.0;4;True;13.62;94.0;15.0;3;True;False;False;False
11;17;0.0;3;True;7.98;31.0;9.0;563;True;False;False;False
3;21;0.0;0;False;11.74;54.0;15.0;147;True;False;False;False
10;0;0.0;6;False;8.92;57.0;6.0;249;True;False;False;False
8;23;0.0;0;False;25.84;79.0;11.0;87;False;True;False;False
2;7;0.0;6;False;3.28;70.0;0.0;41;True;False;False;False
7;20;0.0;1;True;25.84;70.0;15.0;462;True;False;False;False
2;11;0.0;3;True;6.1;87.0;13.0;10;False;False;False;True
9;19;0.0;2;True;27.72;70.0;15.0;552;True;False;False;False
5;15;0.0;3;True;25.84;51.0;9.0;275;True;False;False;False
4;8;0.0;6;False;8.92;71.0;9.0;160;True;False;False;False
10;14;0.0;2;True;17.38;39.0;17.0;308;True;False;False;False
10;3;0.0;1;True;12.68;77.0;0.0;7;True;False;False;False
9;18;0.0;2;True;22.08;36.0;11.0;877;True;False;False;False
12;9;0.0;6;False;4.22;48.0;26.0;90;True;False;False;False
5;23;0.0;5;True;16.44;55.0;0.0;174;True;False;False;False
7;12;0.0;0;False;31.48;47.0;7.0;489;True;False;False;False
10;14;0.0;5;True;20.2;64.0;9.0;351;False;True;False;False
3;15;0.0;1;True;18.32;40.0;9.0;233;True;False;False;False
12;12;0.0;1;True;3.28;56.0;13.0;224;False;True;False;False
1;4;0.0;3;True;1.4;80.0;9.0;2;True;False;False;False
1;14;0.0;5;True;13.62;36.0;13.0;178;True;False;False;False
6;4;0.0;4;True;21.14;61.0;7.0;11;True;False;False;False
8;8;0.0;0;False;23.96;79.0;19.0;133;True;False;False;False
2;13;0.0;4;True;6.1;42.0;22.0;154;True;False;False;False
12;5;0.0;3;True;15.5;59.0;19.0;49;True;False;False;False
10;1;0.0;4;True;13.62;82.0;15.0;14;True;False;False;False
9;19;0.0;4;True;23.96;74.0;17.0;558;True;False;False;False
1;6;0.0;6;False;3.28;70.0;0.0;15;True;False;False;False
3;18;0.0;4;True;21.14;38.0;37.0;590;False;True;False;False
3;22;0.0;3;True;18.32;64.0;9.0;172;True;False;False;False
5;23;0.0;1;True;21.14;73.0;19.0;97;True;False;False;False
10;7;0.0;6;False;6.1;61.0;11.0;70;True;False;False;False
4;10;0.0;6;False;9.86;40.0;11.0;291;False;True;False;False
4;17;0.0;6;False;11.74;41.0;9.0;322;False;True;False;False
7;13;0.0;1;True;31.48;49.0;19.0;239;True;False;False;False
9;3;0.0;6;False;16.44;59.0;13.0;29;False;True;False;False
12;14;0.0;4;True;8.92;53.0;13.0;214;False;True;False;False
11;14;1.0;1;False;19.26;60.0;19.0;444;True;False;False;False
7;2;0.0;0;False;25.84;74.0;6.0;90;True;False;False;False
11;22;0.0;2;True;8.92;71.0;0.0;122;True;False;False;False
5;22;0.0;2;True;22.08;65.0;0.0;211;True;False;False;False
6;8;0.0;4;True;16.44;77.0;0.0;681;True;False;False;False
10;3;0.0;5;True;18.32;83.0;0.0;5;False;True;False;False
8;21;0.0;0;False;22.08;83.0;9.0;166;True;False;False;False
4;10;0.0;3;True;16.44;34.0;0.0;182;True;False;False;False
11;19;0.0;5;True;7.98;71.0;6.0;361;True;False;False;False
5;18;0.0;3;True;25.84;51.0;15.0;846;True;False;False;False
5;11;0.0;4;True;19.26;49.0;15.0;279;True;False;False;False
1;18;0.0;6;False;11.74;41.0;15.0;241;True;False;False;False
11;9;0.0;4;True;3.28;60.0;0.0;299;True;False;False;False
3;11;0.0;2;True;4.22;41.0;11.0;130;True;False;False;False
3;14;0.0;2;True;22.08;53.0;22.0;212;True;False;False;False
3;5;0.0;3;True;15.5;88.0;9.0;39;False;True;False;False
5;0;0.0;5;True;16.44;59.0;7.0;70;True;False;False;False
8;21;0.0;1;True;25.84;74.0;13.0;278;True;False;False;False
3;21;0.0;3;True;17.38;83.0;7.0;251;True;False;False;False
10;11;0.0;4;True;18.32;56.0;15.0;268;False;True;False;False
11;0;0.0;0;False;2.34;47.0;17.0;34;True;False;False;False
9;13;0.0;5;True;24.9;54.0;13.0;408;False;True;False;False
9;10;0.0;5;True;21.14;61.0;15.0;225;True;False;False;False
12;16;0.0;6;False;6.1;75.0;7.0;147;True;False;False;False
9;4;0.0;6;False;23.02;94.0;15.0;11;False;True;False;False
6;6;0.0;3;True;14.56;77.0;0.0;172;True;False;False;False
5;8;0.0;0;False;22.08;83.0;13.0;151;True;False;False;False
9;3;0.0;3;True;24.9;79.0;19.0;4;True;False;False;False
5;14;0.0;3;True;25.84;42.0;9.0;252;True;False;False;False
4;12;0.0;2;True;20.2;33.0;24.0;244;True;False;False;False
7;16;0.0;1;True;31.48;36.0;19.0;365;True;False;False;False
8;19;0.0;3;True;23.02;74.0;0.0;580;False;True;False;False
9;12;0.0;5;True;28.66;59.0;11.0;323;True;False;False;False
9;13;0.0;4;True;24.9;42.0;0.0;283;True;False;False;False
5;4;0.0;5;True;13.62;77.0;11.0;11;True;False;False;False
12;11;0.0;0;False;8.92;87.0;9.0;295;False;True;False;False
4;13;0.0;1;True;7.98;66.0;26.0;107;False;False;False;True
3;19;0.0;5;True;8.92;87.0;13.0;174;False;False;False;True
6;22;0.0;4;True;20.2;46.0;11.0;228;True;False;False;False
9;22;0.0;4;True;17.38;73.0;7.0;287;True;False;False;False
8;7;0.0;6;False;22.08;78.0;13.0;102;False;True;False;False
7;14;0.0;1;True;26.78;55.0;17.0;242;False;True;False;False
3;9;0.0;5;True;16.44;90.0;6.0;380;False;True;False;False
11;13;0.0;2;True;5.16;87.0;17.0;77;False;False;False;True
8;17;0.0;4;True;32.42;36.0;17.0;810;True;False;False;False
12;7;0.0;5;True;5.16;81.0;11.0;215;False;False;False;True
5;7;0.0;5;True;11.74;50.0;17.0;351;True;False;False;False
9;23;0.0;2;True;25.84;74.0;20.0;95;True;False;False;False
6;14;0.0;6;False;25.84;37.0;15.0;573;True;False;False;False
7;18;0.0;4;True;35.24;40.0;24.0;688;True;False;False;False
4;8;0.0;6;False;7.98;34.0;17.0;123;True;False;False;False
4;13;0.0;0;False;23.02;44.0;19.0;681;True;False;False;False
4;10;0.0;2;True;11.74;47.0;20.0;162;True;False;False;False
4;22;0.0;0;False;15.5;63.0;7.0;68;False;False;False;True
5;17;0.0;4;True;26.78;55.0;19.0;798;True;False;False;False
1;22;0.0;4;True;9.86;82.0;7.0;142;True;False;False;False
11;17;0.0;6;False;9.86;40.0;11.0;403;True;False;False;False
3;22;0.0;4;True;18.32;49.0;22.0;153;True;False;False;False
6;14;0.0;3;True;25.84;37.0;28.0;320;False;True;False;False
10;3;0.0;1;True;10.8;62.0;0.0;6;True;False;False;False
12;0;0.0;0;False;8.92;62.0;0.0;110;False;True;False;False
12;1;0.0;4;True;3.28;93.0;30.0;5;False;False;False;True
10;0;0.0;0;False;16.44;68.0;20.0;117;False;False;False;True
5;20;0.0;2;True;22.08;73.0;17.0;373;True;False;False;False
10;1;0.0;6;False;13.62;72.0;9.0;95;True;False;False;False
11;14;0.0;1;True;12.68;54.0;17.0;217;True;False;False;False
8;2;0.0;5;True;23.96;79.0;15.0;14;True;False;False;False
8;18;0.0;5;True;30.54;59.0;17.0;671;False;True;False;False
12;2;0.0;5;True;13.62;94.0;26.0;3;False;False;False;True
5;20;0.0;4;True;22.08;73.0;13.0;420;True;False;False;False
6;16;0.0;1;True;29.6;31.0;26.0;414;True;False;False;False
6;23;0.0;6;False;18.32;52.0;7.0;238;True;False;False;False
9;20;0.0;0;False;21.14;41.0;19.0;356;True;False;False;False
1;2;0.0;2;True;0.46;51.0;17.0;3;True;False;False;False
8;6;0.0;3;True;22.08;78.0;9.0;185;True;False;False;False
11;4;0.0;2;True;6.1;81.0;13.0;5;False;False;False;True
12;21;0.0;4;True;7.98;76.0;11.0;26;False;False;False;True
11;1;0.0;5;True;6.1;65.0;6.0;21;False;True;False;False
3;7;0.0;1;True;7.98;53.0;7.0;268;True;False;False;False
9;7;0.0;4;True;13.62;82.0;7.0;534;True;False;False;False
9;13;0.0;6;False;30.54;52.0;35.0;668;True;False;False;False
7;1;0.0;6;False;21.14;83.0;17.0;72;False;True;False;False
6;22;0.0;4;True;29.6;63.0;11.0;243;True;False;False;False
7;11;0.0;6;False;20.2;83.0;17.0;305;False;True;False;False
5;17;0.0;4;True;27.72;31.0;11.0;827;True;False;False;False
10;11;0.0;5;True;24.9;48.0;13.0;304;True;False;False;False
11;17;1.0;1;False;18.32;64.0;19.0;596;True;False;False;False
9;15;0.0;0;False;26.78;74.0;9.0;355;False;False;False;True
1;22;0.0;0;False;4.22;60.0;7.0;58;True;False;False;False
12;6;0.0;6;False;4.22;44.0;28.0;13;True;False;False;False
11;21;0.0;2;True;8.92;71.0;0.0;157;True;False;False;False
9;14;0.0;0;False;21.14;41.0;17.0;612;True;False;False;False
5;20;0.0;5;True;23.96;51.0;7.0;313;True;False;False;False
8;5;0.0;6;False;20.2;78.0;17.0;9;True;False;False;False
4;12;0.0;5;True;15.5;31.0;0.0;322;True;False;False;False
11;16;0.0;6;False;8.92;46.0;22.0;400;False;True;False;False
4;15;0.0;2;True;15.5;23.0;28.0;236;True;False;False;False
11;22;0.0;0;False;6.1;52.0;19.0;79;True;False;False;False
1;8;0.0;5;True;15.5;88.0;19.0;220;False;False;False;True
10;12;0.0;2;True;21.14;46.0;6.0;378;False;True;False;False
8;2;0.0;1;True;22.08;69.0;7.0;9;True;False;False;False
4;14;0.0;3;True;8.92;57.0;13.0;135;True;False;False;False
2;19;1.0;1;False;7.98;34.0;15.0;172;True;False;False;False
3;0;0.0;5;True;10.8;47.0;20.0;59;True;False;False;False
10;7;0.0;3;True;8.92;81.0;7.0;464;True;False;False;False
2;18;0.0;2;True;11.74;38.0;13.0;518;True;False;False;False
12;12;0.0;0;False;10.8;82.0;20.0;315;False;True;False;False
8;22;0.0;5;True;23.02;83.0;13.0;213;False;False;False;True
5;9;0.0;0;False;21.14;32.0;17.0;313;True;False;False;False
12;5;0.0;1;True;7.98;93.0;6.0;38;True;False;False;False
11;7;0.0;1;True;6.1;49.0;17.0;461;False;True;False;False
2;2;0.0;5;True;4.22;52.0;6.0;16;True;False;False;False
3;17;0.0;6;False;8.92;23.0;0.0;354;True;False;False;False
11;9;0.0;0;False;7.04;70.0;17.0;204;True;False;False;False
10;23;0.0;5;True;8.92;57.0;13.0;100;True;False;False;False
11;9;0.0;4;True;7.04;31.0;24.0;275;True;False;False;False
10;2;0.0;3;True;9.86;76.0;0.0;16;True;False;False;False
5;19;0.0;6;False;24.9;39.0;9.0;432;True;False;False;False
10;16;0.0;4;True;24.9;54.0;19.0;497;True;False;False;False
7;17;0.0;1;True;30.54;52.0;9.0;847;True;False;False;False
7;19;0.0;6;False;20.2;88.0;11.0;238;False;True;False;False
8;21;0.0;0;False;25.84;79.0;7.0;208;True;False;False;False
5;16;0.0;4;True;23.02;31.0;13.0;430;True;False;False;False
9;14;0.0;2;True;23.02;39.0;22.0;293;True;False;False;False
11;19;0.0;6;False;8.92;50.0;11.0;239;True;False;False;False
10;4;0.0;5;True;8.92;76.0;7.0;8;True;False;False;False
1;17;0.0;4;True;13.62;63.0;11.0;495;True;False;False;False
4;5;0.0;0;False;15.5;68.0;11.0;10;True;False;False;False
2;23;0.0;4;True;6.1;52.0;0.0;84;False;True;False;False
3;13;0.0;6;False;7.04;29.0;19.0;357;True;False;False;False
5;5;0.0;5;True;11.74;47.0;11.0;26;True;False;False;False
1;23;0.0;4;True;10.8;82.0;0.0;91;False;True;False;False
2;3;0.0;5;True;4.22;56.0;6.0;5;True;False;False;False
1;14;0.0;3;True;6.1;33.0;26.0;105;True;False;False;False
6;3;0.0;1;True;22.08;78.0;7.0;6;True;False;False;False
11;8;0.0;1;True;6.1;49.0;15.0;648;False;True;False;False
12;7;0.0;1;True;8.92;93.0;9.0;319;False;True;False;False
8;11;0.0;6;False;25.84;62.0;19.0;457;False;True;False;False
3;13;0.0;5;True;13.62;77.0;6.0;260;False;True;False;False
11;1;0.0;2;True;7.04;70.0;9.0;6;False;True;False;False
2;12;1.0;1;False;5.16;45.0;15.0;281;True;False;False;False
12;6;0.0;5;True;2.34;64.0;19.0;51;True;False;False;False
5;4;0.0;1;True;13.62;88.0;9.0;2;False;True;False;False
9;17;0.0;2;True;23.02;39.0;19.0;967;True;False;False;False
3;10;0.0;4;True;16.44;55.0;11.0;133;True;False;False;False
1;14;0.0;0;False;1.4;32.0;24.0;188;True;False;False;False
7;9;0.0;3;True;30.54;56.0;0.0;297;True;False;False;False
6;22;0.0;0;False;26.78;55.0;7.0;178;True;False;False;False
11;2;0.0;0;False;6.1;65.0;0.0;37;True;False;False;False
4;12;0.0;6;False;19.26;35.0;17.0;678;True;False;False;False
8;11;0.0;2;True;24.9;54.0;0.0;256;True;False;False;False
5;17;0.0;1;True;23.02;69.0;17.0;508;False;True;False;False
7;2;0.0;6;False;24.9;54.0;7.0;101;False;True;False;False
2;3;0.0;5;True;11.74;82.0;9.0;5;True;False;False;False
6;2;0.0;0;False;23.96;51.0;0.0;114;False;True;False;False
7;16;0.0;0;False;26.78;66.0;7.0;628;True;False;False;False
10;4;0.0;4;True;10.8;50.0;17.0;10;True;False;False;False
1;6;0.0;4;True;1.4;75.0;9.0;78;False;True;False;False
8;1;0.0;3;True;25.84;79.0;0.0;23;True;False;False;False
1;11;0.0;2;True;7.98;87.0;7.0;75;False;True;False;False
6;20;0.0;6;False;21.14;35.0;19.0;399;True;False;False;False
7;1;0.0;0;False;23.96;89.0;9.0;168;False;True;False;False
9;1;0.0;1;True;13.62;67.0;9.0;18;True;False;False;False
5;16;0.0;3;True;23.02;50.0;13.0;357;False;True;False;False
11;19;0.0;6;False;4.22;41.0;17.0;83;True;False;False;False
3;22;0.0;4;True;18.32;83.0;13.0;220;True;False;False;False
7;4;0.0;0;False;22.08;69.0;13.0;13;True;False;False;False
5;21;0.0;5;True;20.2;40.0;0.0;258;True;False;False;False
7;17;0.0;3;True;29.6;31.0;0.0;913;True;False;False;False
7;14;0.0;6;False;20.2;88.0;17.0;343;False;True;False;False
12;10;0.0;5;True;4.22;56.0;17.0;162;False;True;False;False
10;17;0.0;2;True;21.14;88.0;7.0;715;False;False;False;True
2;8;0.0;4;True;7.98;87.0;13.0;560;True;False;False;False
1;14;0.0;0;False;10.8;40.0;13.0;328;True;False;False;False
11;22;0.0;4;True;8.92;57.0;11.0;202;True;False;False;False
7;21;0.0;3;True;25.84;45.0;9.0;397;True;False;False;False
10;22;0.0;5;True;10.8;47.0;20.0;160;True;False;False;False
4;5;0.0;0;False;9.86;46.0;0.0;12;True;False;False;False
4;23;0.0;6;False;13.62;23.0;15.0;118;True;False;False;False
8;16;0.0;4;True;27.72;48.0;11.0;465;True;False;False;False
2;16;0.0;4;True;18.32;32.0;0.0;343;True;False;False;False
9;6;1.0;1;False;23.02;94.0;0.0;15;True;False;False;False
10;10;0.0;1;True;17.38;56.0;0.0;179;True;False;False;False
8;14;0.0;4;True;27.72;48.0;9.0;273;True;False;False;False
11;13;0.0;1;True;12.68;54.0;17.0;251;True;False;False;False
3;0;0.0;0;False;12.68;94.0;19.0;80;False;True;False;False
8;21;0.0;3;True;25.84;70.0;9.0;320;True;False;False;False
11;5;0.0;4;True;7.98;66.0;9.0;40;True;False;False;False
6;11;0.0;3;True;31.48;49.0;13.0;188;True;False;False;False
11;11;0.0;1;True;7.98;46.0;15.0;150;True;False;False;False
10;18;0.0;2;True;6.1;87.0;9.0;143;False;False;False;True
11;0;0.0;1;True;6.1;56.0;13.0;23;False;True;False;False
8;13;0.0;1;True;27.72;57.0;11.0;288;True;False;False;False
4;10;0.0;1;True;10.8;50.0;35.0;204;True;False;False;False
9;16;0.0;3;True;25.84;37.0;11.0;509;True;False;False;False
10;19;0.0;2;True;21.14;57.0;6.0;482;True;False;False;False
10;6;0.0;4;True;16.44;88.0;13.0;171;False;True;False;False
8;20;0.0;5;True;24.9;65.0;15.0;363;False;True;False;False
2;20;0.0;2;True;7.98;53.0;17.0;227;True;False;False;False
2;2;0.0;1;True;4.22;70.0;20.0;4;True;False;False;False
12;14;0.0;6;False;7.04;36.0;31.0;161;True;False;False;False
6;5;0.0;1;True;16.44;68.0;0.0;35;True;False;False;False
5;7;0.0;5;True;18.32;88.0;0.0;356;True;False;False;False
1;21;0.0;3;True;1.4;40.0;28.0;124;True;False;False;False
9;8;0.0;6;False;20.2;73.0;20.0;218;True;False;False;False
5;6;0.0;0;False;16.44;68.0;11.0;21;True;False;False;False
2;6;0.0;2;True;1.4;75.0;0.0;86;True;False;False;False
8;18;0.0;1;True;28.66;52.0;17.0;834;True;False;False;False
9;11;0.0;1;True;21.14;69.0;15.0;252;False;True;False;False
4;12;0.0;6;False;22.08;57.0;15.0;640;True;False;False;False
9;18;0.0;4;True;25.84;70.0;17.0;835;True;False;False;False
3;15;0.0;6;False;22.08;53.0;9.0;679;True;False;False;False
10;3;0.0;4;True;12.68;88.0;15.0;5;True;False;False;False
9;3;0.0;2;True;14.56;67.0;9.0;8;True;False;False;False
6;15;0.0;2;True;23.02;89.0;13.0;116;False;False;False;True
9;4;0.0;1;True;15.5;77.0;0.0;11;True;False;False;False
5;22;0.0;1;True;21.14;73.0;11.0;142;False;True;False;False
6;16;0.0;5;True;37.12;36.0;0.0;351;True;False;False;False
1;5;1.0;1;False;5.16;45.0;22.0;4;True;False;False;False
11;9;0.0;1;True;5.16;56.0;6.0;286;True;False;False;False
12;12;0.0;0;False;7.98;81.0;11.0;520;False;True;False;False
5;15;0.0;2;True;30.54;49.0;26.0;256;True;False;False;False
12;13;0.0;4;True;6.1;39.0;0.0;245;True;False;False;False
11;21;0.0;0;False;6.1;52.0;20.0;87;True;False;False;False
10;10;0.0;3;True;8.92;71.0;19.0;168;True;False;False;False
2;7;0.0;0;False;1.4;51.0;20.0;22;True;False;False;False
10;15;0.0;5;True;25.84;39.0;17.0;470;True;False;False;False
6;16;0.0;4;True;25.84;51.0;19.0;438;True;False;False;False
11;18;0.0;0;False;8.92;66.0;15.0;276;True;False;False;False
5;5;0.0;3;True;18.32;88.0;17.0;35;False;False;False;True
12;19;0.0;0;False;7.98;61.0;0.0;102;True;False;False;False
10;0;0.0;6;False;15.5;88.0;9.0;142;True;False;False;False
11;11;0.0;5;True;10.8;50.0;13.0;251;True;False;False;False
1;20;0.0;6;False;15.5;39.0;17.0;170;True;False;False;False
3;19;0.0;5;True;13.62;88.0;0.0;296;False;True;False;False
9;2;0.0;3;True;24.9;84.0;13.0;9;True;False;False;False
7;2;0.0;0;False;23.02;74.0;9.0;112;True;False;False;False
3;21;0.0;0;False;14.56;77.0;11.0;149;True;False;False;False
7;7;0.0;2;True;24.9;74.0;11.0;516;True;False;False;False
8;20;0.0;6;False;24.9;45.0;7.0;341;True;False;False;False
10;2;0.0;0;False;11.74;62.0;9.0;74;True;False;False;False
3;0;0.0;6;False;9.86;82.0;13.0;92;True;False;False;False
2;10;0.0;2;True;4.22;60.0;9.0;98;False;True;False;False
11;4;0.0;4;True;5.16;65.0;9.0;5;False;True;False;False
5;9;0.0;3;True;21.14;78.0;0.0;297;False;True;False;False
5;14;0.0;0;False;20.2;64.0;7.0;518;False;True;False;False
11;10;0.0;5;True;7.98;61.0;11.0;201;True;False;False;False
5;4;0.0;0;False;16.44;83.0;11.0;16;False;False;False;True
3;2;0.0;0;False;8.92;40.0;11.0;80;False;True;False;False
9;20;0.0;6;False;20.2;43.0;6.0;330;True;False;False;False
10;5;0.0;3;True;21.14;94.0;7.0;34;False;True;False;False
1;7;1.0;1;False;-3.3;54.0;7.0;33;True;False;False;False
1;10;0.0;1;True;2.34;41.0;19.0;85;True;False;False;False
1;9;0.0;5;True;2.34;47.0;26.0;214;True;False;False;False
3;1;0.0;0;False;3.28;52.0;11.0;61;True;False;False;False
7;10;0.0;2;True;25.84;66.0;0.0;227;True;False;False;False
6;10;0.0;4;True;22.08;65.0;28.0;179;True;False;False;False
2;1;0.0;3;True;7.98;53.0;0.0;5;True;False;False;False
5;21;0.0;3;True;23.96;57.0;7.0;304;True;False;False;False
3;10;0.0;2;True;3.28;44.0;0.0;129;True;False;False;False
12;18;0.0;2;True;9.86;46.0;22.0;525;True;False;False;False
1;1;0.0;6;False;-0.48;47.0;13.0;50;True;False;False;False
7;19;0.0;6;False;25.84;84.0;6.0;431;True;False;False;False
9;19;0.0;3;True;24.9;54.0;11.0;627;True;False;False;False
7;1;0.0;5;True;25.84;70.0;7.0;54;True;False;False;False
9;20;0.0;1;True;20.2;40.0;13.0;390;True;False;False;False
2;11;0.0;5;True;5.16;45.0;7.0;153;False;True;False;False
12;10;0.0;0;False;2.34;64.0;13.0;93;True;False;False;False
9;7;0.0;2;True;15.5;72.0;7.0;596;True;False;False;False
7;22;0.0;4;True;23.02;89.0;17.0;68;False;False;False;True
3;18;0.0;6;False;21.14;57.0;20.0;560;True;False;False;False
7;14;0.0;2;True;29.6;55.0;19.0;260;True;False;False;False
9;17;0.0;1;True;23.02;34.0;22.0;871;True;False;False;False
1;17;0.0;3;True;4.22;33.0;30.0;346;True;False;False;False
5;12;0.0;6;False;22.08;36.0;11.0;559;True;False;False;False
9;14;0.0;1;True;23.02;36.0;19.0;340;True;False;False;False
10;11;0.0;3;True;23.02;78.0;11.0;230;True;False;False;False
5;9;0.0;2;True;19.26;88.0;6.0;355;False;True;False;False
3;17;0.0;5;True;8.92;81.0;15.0;128;False;False;False;True
6;20;0.0;3;True;27.72;31.0;13.0;445;True;False;False;False
11;5;1.0;4;False;3.28;75.0;7.0;8;True;False;False;False
1;1;0.0;2;True;6.1;42.0;20.0;8;True;False;False;False
10;23;0.0;1;True;17.38;77.0;0.0;105;False;False;False;True
5;14;0.0;5;True;26.78;58.0;9.0;367;True;False;False;False
12;7;0.0;1;True;1.4;69.0;0.0;30;True;False;False;False
9;8;0.0;4;True;18.32;73.0;0.0;758;True;False;False;False
11;9;0.0;1;True;8.92;66.0;17.0;278;False;True;False;False
8;16;0.0;3;True;27.72;37.0;9.0;493;True;False;False;False
7;16;0.0;5;True;35.24;29.0;7.0;369;True;False;False;False
11;9;0.0;6;False;4.22;41.0;30.0;122;False;True;False;False
11;2;0.0;4;True;7.04;66.0;9.0;20;True;False;False;False
11;10;0.0;6;False;4.22;44.0;20.0;142;False;True;False;False
2;16;0.0;5;True;10.8;37.0;7.0;311;True;False;False;False
5;12;0.0;0;False;23.96;36.0;22.0;637;True;False;False;False
10;16;0.0;1;True;21.14;33.0;11.0;524;True;False;False;False
10;22;0.0;2;True;10.8;71.0;6.0;181;True;False;False;False
5;7;0.0;6;False;21.14;88.0;11.0;54;False;True;False;False
12;0;0.0;3;True;6.1;61.0;0.0;41;True;False;False;False
7;21;0.0;6;False;23.02;78.0;6.0;300;True;False;False;False
3;18;0.0;5;True;11.74;54.0;13.0;560;True;False;False;False
2;18;0.0;0;False;-0.48;40.0;31.0;96;True;False;False;False
2;6;0.0;2;True;7.04;45.0;20.0;100;True;False;False;False
5;15;0.0;6;False;23.02;74.0;13.0;541;False;False;False;True
9;11;0.0;5;True;23.02;57.0;15.0;321;True;False;False;False
3;0;0.0;5;True;18.32;83.0;0.0;95;True;False;False;False
6;1;0.0;4;True;20.2;56.0;15.0;21;True;False;False;False
4;18;0.0;4;True;15.5;31.0;7.0;698;True;False;False;False
6;7;0.0;4;True;15.5;82.0;11.0;526;True;False;False;False
8;20;0.0;6;False;30.54;52.0;20.0;312;True;False;False;False
5;8;0.0;6;False;19.26;83.0;6.0;197;True;False;False;False
1;3;0.0;4;True;8.92;93.0;17.0;3;False;False;False;True
8;7;0.0;4;True;22.08;73.0;0.0;532;True;False;False;False
3;7;0.0;4;True;14.56;100.0;6.0;361;False;True;False;False
8;11;0.0;5;True;27.72;52.0;19.0;303;True;False;False;False
8;6;0.0;4;True;20.2;83.0;11.0;163;True;False;False;False
8;7;0.0;5;True;24.9;74.0;7.0;421;True;False;False;False
6;8;0.0;0;False;18.32;68.0;17.0;119;True;False;False;False
10;11;0.0;5;True;18.32;78.0;11.0;290;False;True;False;False
5;13;0.0;6;False;22.08;36.0;13.0;659;True;False;False;False
6;9;0.0;2;True;19.26;46.0;28.0;328;True;False;False;False
1;6;0.0;0;False;6.1;52.0;0.0;2;False;True;False;False
8;16;0.0;3;True;26.78;55.0;15.0;460;False;False;False;True
7;5;0.0;1;True;23.02;78.0;7.0;50;True;False;False;False
8;19;0.0;5;True;29.6;63.0;15.0;469;False;True;False;False
7;3;0.0;2;True;23.02;83.0;6.0;6;True;False;False;False
11;19;1.0;1;False;17.38;73.0;19.0;353;True;False;False;False
5;0;0.0;0;False;18.32;83.0;9.0;134;False;True;False;False
11;14;0.0;1;True;9.86;40.0;11.0;196;True;False;False;False
4;0;0.0;1;True;8.92;81.0;28.0;6;False;False;False;True
5;11;0.0;5;True;23.96;79.0;9.0;283;True;False;False;False
10;4;0.0;2;True;8.92;87.0;11.0;7;False;False;False;True
5;5;0.0;6;False;18.32;88.0;6.0;22;True;False;False;False
7;12;0.0;1;True;27.72;58.0;7.0;278;False;True;False;False
5;21;0.0;3;True;21.14;83.0;0.0;245;False;True;False;False
7;1;0.0;1;True;24.9;74.0;0.0;19;True;False;False;False
1;11;0.0;0;False;8.92;46.0;15.0;256;True;False;False;False
6;11;0.0;5;True;24.9;42.0;17.0;264;True;False;False;False
10;7;0.0;4;True;8.92;50.0;17.0;478;True;False;False;False
7;11;0.0;4;True;27.72;45.0;7.0;215;True;False;False;False
8;23;0.0;4;True;25.84;70.0;17.0;177;True;False;False;False
2;6;0.0;0;False;4.22;70.0;17.0;4;False;True;False;False
2;22;1.0;1;False;6.1;45.0;6.0;62;True;False;False;False
4;19;0.0;6;False;8.92;71.0;9.0;139;False;False;False;True
7;1;0.0;4;True;23.02;65.0;15.0;29;True;False;False;False
2;11;0.0;2;True;8.92;46.0;13.0;129;True;False;False;False
5;20;0.0;6;False;20.2;78.0;17.0;309;True;False;False;False
8;18;0.0;6;False;23.02;69.0;31.0;383;False;True;False;False
5;4;0.0;4;True;20.2;88.0;11.0;5;False;True;False;False
6;12;0.0;2;True;23.02;34.0;30.0;308;True;False;False;False
7;4;0.0;6;False;26.78;74.0;11.0;16;True;False;False;False
4;5;0.0;4;True;6.1;61.0;15.0;21;True;False;False;False
3;5;0.0;4;True;15.5;45.0;15.0;32;True;False;False;False
9;7;1.0;1;False;23.96;85.0;0.0;43;True;False;False;False
4;13;0.0;2;True;18.32;19.0;17.0;345;True;False;False;False
5;0;0.0;2;True;16.44;52.0;17.0;38;False;True;False;False
5;15;0.0;5;True;27.72;62.0;13.0;466;True;False;False;False
12;19;0.0;2;True;9.86;46.0;26.0;353;True;False;False;False
1;7;0.0;0;False;6.1;52.0;0.0;24;False;True;False;False
3;6;0.0;0;False;3.28;70.0;11.0;10;True;False;False;False
2;23;0.0;3;True;11.74;94.0;17.0;33;False;False;False;True
9;1;0.0;5;True;18.32;73.0;6.0;41;True;False;False;False
1;4;0.0;3;True;-7.06;41.0;13.0;2;True;False;False;False
12;1;0.0;5;True;12.68;88.0;26.0;9;False;False;False;True
9;19;0.0;5;True;23.96;57.0;11.0;579;True;False;False;False
7;14;0.0;1;True;28.66;59.0;11.0;271;False;True;False;False
7;21;0.0;4;True;29.6;49.0;41.0;271;True;False;False;False
9;12;0.0;1;True;21.14;69.0;13.0;295;False;True;False;False
12;11;0.0;0;False;4.22;41.0;28.0;136;True;False;False;False
3;19;0.0;6;False;7.98;25.0;0.0;184;True;False;False;False
2;19;0.0;5;True;9.86;37.0;15.0;282;True;False;False;False
8;15;0.0;5;True;27.72;48.0;9.0;350;False;True;False;False
6;7;0.0;1;True;16.44;94.0;15.0;145;False;False;False;True
5;11;0.0;3;True;21.14;59.0;20.0;201;False;True;False;False
3;10;0.0;5;True;18.32;88.0;7.0;275;False;True;False;False
10;13;0.0;2;True;22.08;44.0;0.0;303;False;True;False;False
2;8;1.0;1;False;1.4;59.0;24.0;120;True;False;False;False
3;11;0.0;4;True;15.5;45.0;28.0;220;True;False;False;False
9;1;0.0;0;False;23.02;89.0;0.0;73;True;False;False;False
12;1;0.0;0;False;2.34;47.0;13.0;20;True;False;False;False
2;23;0.0;1;True;6.1;65.0;9.0;46;True;False;False;False
7;16;0.0;4;True;31.48;47.0;6.0;358;True;False;False;False
12;3;0.0;1;True;9.86;94.0;7.0;4;False;True;False;False
11;21;0.0;5;True;8.92;46.0;24.0;156;False;True;False;False
12;2;0.0;0;False;1.4;51.0;11.0;18;True;False;False;False
3;18;0.0;1;True;20.2;43.0;13.0;712;False;True;False;False
9;15;0.0;5;True;24.9;54.0;15.0;423;True;False;False;False
3;16;0.0;0;False;17.38;73.0;6.0;541;True;False;False;False
4;18;0.0;4;True;20.2;43.0;6.0;776;True;False;False;False
5;12;1.0;1;False;27.72;62.0;9.0;525;True;False;False;False
8;10;0.0;5;True;26.78;55.0;11.0;231;True;False;False;False
5;5;0.0;2;True;16.44;72.0;6.0;17;False;True;False;False
1;16;0.0;5;True;5.16;30.0;31.0;233;True;False;False;False
3;1;0.0;0;False;13.62;82.0;9.0;113;True;False;False;False
10;2;0.0;6;False;12.68;77.0;7.0;78;True;False;False;False
10;17;0.0;5;True;18.32;76.0;13.0;817;False;True;False;False
7;5;0.0;1;True;23.02;94.0;9.0;51;False;True;False;False
12;17;0.0;1;True;14.56;82.0;19.0;616;False;True;False;False
3;19;0.0;1;True;11.74;24.0;24.0;458;True;False;False;False
7;3;0.0;4;True;23.02;69.0;15.0;8;True;False;False;False
2;0;0.0;5;True;7.04;53.0;26.0;38;True;False;False;False
12;7;0.0;6;False;4.22;44.0;28.0;20;True;False;False;False
11;10;0.0;5;True;6.1;65.0;0.0;169;False;True;False;False
12;7;0.0;1;True;-0.48;64.0;9.0;85;True;False;False;False
8;3;0.0;0;False;25.84;74.0;17.0;41;True;False;False;False
4;12;0.0;3;True;13.62;51.0;7.0;110;False;False;False;True
7;11;1.0;3;False;30.54;46.0;9.0;485;True;False;False;False
4;19;0.0;0;False;20.2;23.0;26.0;276;True;False;False;False
3;15;0.0;6;False;14.56;29.0;20.0;399;True;False;False;False
5;4;0.0;5;True;11.74;50.0;13.0;9;True;False;False;False
3;0;0.0;4;True;12.68;62.0;22.0;46;True;False;False;False
11;3;0.0;0;False;6.1;81.0;11.0;46;False;True;False;False
2;9;1.0;1;False;1.4;59.0;24.0;110;True;False;False;False
5;22;0.0;4;True;18.32;43.0;6.0;251;True;False;False;False
9;0;0.0;3;True;25.84;74.0;17.0;37;True;False;False;False
9;18;0.0;6;False;18.32;46.0;13.0;594;True;False;False;False
10;16;0.0;3;True;20.2;40.0;15.0;566;True;False;False;False
7;8;0.0;2;True;24.9;79.0;9.0;760;True;False;False;False
1;23;0.0;1;True;2.34;87.0;7.0;52;False;True;False;False
5;20;0.0;2;True;22.08;69.0;19.0;302;False;True;False;False
10;7;0.0;3;True;20.2;94.0;13.0;515;False;True;False;False
9;4;0.0;6;False;16.44;59.0;17.0;14;True;False;False;False
6;1;0.0;3;True;23.96;79.0;13.0;27;True;False;False;False
10;6;0.0;4;True;21.14;94.0;6.0;133;False;False;False;True
7;6;0.0;5;True;26.78;66.0;13.0;131;True;False;False;False
6;14;0.0;2;True;22.08;89.0;17.0;60;False;False;False;True
4;4;0.0;1;True;10.8;76.0;33.0;4;True;False;False;False
4;19;0.0;5;True;20.2;53.0;13.0;492;True;False;False;False
4;18;0.0;3;True;10.8;43.0;28.0;585;False;False;False;True
11;7;0.0;3;True;4.22;56.0;13.0;409;False;True;False;False
5;9;0.0;0;False;16.44;83.0;11.0;191;False;True;False;False
5;22;0.0;5;True;23.02;74.0;7.0;212;True;False;False;False
5;1;0.0;0;False;17.38;68.0;9.0;94;False;True;False;False
10;5;0.0;4;True;16.44;88.0;11.0;55;False;True;False;False
10;19;0.0;6;False;12.68;44.0;11.0;332;True;False;False;False
12;4;0.0;3;True;4.22;60.0;0.0;4;True;False;False;False
2;6;0.0;4;True;8.92;87.0;13.0;91;True;False;False;False
11;11;0.0;2;True;11.74;67.0;6.0;205;False;True;False;False
8;13;0.0;4;True;32.42;41.0;7.0;281;True;False;False;False
1;5;0.0;6;False;-0.48;86.0;7.0;2;False;False;False;True
7;5;0.0;4;True;21.14;73.0;7.0;44;True;False;False;False
4;0;0.0;0;False;8.92;76.0;17.0;67;False;True;False;False
7;17;0.0;2;True;28.66;52.0;15.0;820;True;False;False;False
1;23;0.0;6;False;11.74;38.0;15.0;119;True;False;False;False
7;16;0.0;0;False;32.42;41.0;15.0;495;True;False;False;False
2;1;0.0;5;True;12.68;62.0;13.0;18;True;False;False;False
7;14;0.0;0;False;25.84;66.0;7.0;616;True;False;False;False
7;10;0.0;0;False;26.78;62.0;0.0;381;True;False;False;False
1;19;0.0;4;True;4.22;48.0;20.0;234;False;True;False;False
2;14;0.0;2;True;10.8;28.0;7.0;134;True;False;False;False
3;23;0.0;4;True;8.92;50.0;15.0;85;True;False;False;False
4;22;0.0;5;True;11.74;38.0;17.0;158;True;False;False;False
11;18;0.0;6;False;12.68;54.0;9.0;359;True;False;False;False
12;6;0.0;1;True;1.4;75.0;0.0;17;True;False;False;False
8;23;0.0;1;True;25.84;74.0;13.0;113;True;False;False;False
9;18;0.0;5;True;27.72;62.0;20.0;792;True;False;False;False
12;22;0.0;0;False;12.68;77.0;13.0;96;False;True;False;False
8;19;0.0;1;True;26.78;70.0;15.0;573;True;False;False;False
12;7;0.0;3;True;4.22;60.0;13.0;369;False;True;False;False
11;15;0.0;0;False;6.1;42.0;17.0;245;True;False;False;False
10;14;0.0;5;True;18.32;37.0;31.0;371;True;False;False;False
5;8;0.0;3;True;20.2;73.0;11.0;671;False;True;False;False
5;1;0.0;2;True;24.9;79.0;13.0;14;True;False;False;False
1;5;0.0;6;False;3.28;75.0;6.0;10;True;False;False;False
1;19;0.0;5;True;13.62;33.0;19.0;272;True;False;False;False
4;2;0.0;2;True;7.04;81.0;13.0;3;True;False;False;False
6;4;0.0;5;True;24.9;65.0;11.0;10;True;False;False;False
10;19;0.0;5;True;21.14;73.0;11.0;500;True;False;False;False
3;22;0.0;0;False;13.62;82.0;9.0;111;True;False;False;False
7;11;0.0;1;True;31.48;28.0;20.0;201;True;False;False;False
1;12;0.0;2;True;7.04;87.0;19.0;86;False;True;False;False
3;15;0.0;4;True;20.2;31.0;17.0;223;True;False;False;False
12;9;0.0;2;True;13.62;82.0;7.0;336;True;False;False;False
4;0;0.0;4;True;14.56;63.0;0.0;43;False;True;False;False
1;10;0.0;2;True;7.04;93.0;6.0;116;True;False;False;False
5;8;0.0;5;True;13.62;44.0;17.0;620;True;False;False;False
8;8;0.0;1;True;25.84;51.0;6.0;673;False;True;False;False
2;5;1.0;1;False;3.28;60.0;24.0;6;False;True;False;False
11;22;0.0;2;True;6.1;56.0;15.0;153;False;True;False;False
9;0;0.0;1;True;18.32;52.0;19.0;41;True;False;False;False
10;3;0.0;2;True;17.38;88.0;13.0;5;False;True;False;False
4;18;0.0;1;True;18.32;60.0;15.0;664;False;True;False;False
2;8;0.0;1;True;3.28;60.0;0.0;528;True;False;False;False
2;10;0.0;6;False;3.28;87.0;7.0;224;True;False;False;False
10;19;0.0;0;False;15.5;42.0;11.0;266;True;False;False;False
7;19;0.0;0;False;28.66;62.0;11.0;250;True;False;False;False
6;8;0.0;2;True;14.56;77.0;15.0;710;False;True;False;False
2;3;0.0;6;False;5.16;65.0;7.0;18;True;False;False;False
7;19;0.0;1;True;28.66;43.0;9.0;581;True;False;False;False
1;9;0.0;0;False;0.46;43.0;9.0;111;True;False;False;False
9;1;0.0;5;True;21.14;88.0;7.0;29;True;False;False;False
10;1;0.0;4;True;21.14;94.0;0.0;25;False;True;False;False
4;9;0.0;3;True;14.56;55.0;9.0;363;False;True;False;False
2;5;0.0;0;False;4.22;81.0;13.0;4;False;False;False;True
9;2;0.0;6;False;19.26;78.0;7.0;93;True;False;False;False
10;11;0.0;5;True;20.2;83.0;13.0;252;True;False;False;False
3;7;0.0;4;True;13.62;51.0;24.0;367;True;False;False;False
12;19;0.0;0;False;8.92;93.0;9.0;109;True;False;False;False
12;15;0.0;3;True;14.56;33.0;19.0;285;True;False;False;False
4;16;0.0;0;False;22.08;19.0;22.0;476;True;False;False;False
12;10;0.0;1;True;12.68;77.0;9.0;136;True;False;False;False
9;11;0.0;3;True;23.02;50.0;13.0;232;True;False;False;False
1;23;0.0;5;True;0.46;47.0;13.0;65;True;False;False;False
3;1;0.0;4;True;13.62;94.0;7.0;12;False;False;False;True
4;0;0.0;5;True;17.38;68.0;37.0;73;True;False;False;False
7;19;0.0;4;True;31.48;44.0;17.0;533;True;False;False;False
6;23;0.0;3;True;23.96;47.0;9.0;159;True;False;False;False
3;23;0.0;5;True;8.92;71.0;0.0;123;True;False;False;False
5;2;1.0;1;False;20.2;83.0;15.0;48;True;False;False;False
7;20;0.0;2;True;24.9;70.0;13.0;452;False;False;False;True
8;0;0.0;1;True;20.2;83.0;7.0;26;False;True;False;False
1;1;0.0;3;True;-6.12;38.0;20.0;3;True;False;False;False
12;21;0.0;4;True;3.28;60.0;9.0;191;False;True;False;False
9;6;0.0;6;False;18.32;83.0;20.0;41;True;False;False;False
7;12;0.0;5;True;33.36;28.0;7.0;331;True;False;False;False
8;12;0.0;5;True;30.54;41.0;15.0;365;True;False;False;False
6;22;0.0;4;True;22.08;65.0;15.0;242;False;True;False;False
1;8;0.0;2;True;7.04;93.0;9.0;490;False;True;False;False
4;14;0.0;5;True;16.44;27.0;0.0;348;True;False;False;False
6;15;0.0;1;True;20.2;69.0;13.0;237;False;True;False;False
11;13;0.0;3;True;7.04;53.0;17.0;181;False;True;False;False
3;7;0.0;5;True;10.8;87.0;13.0;278;False;True;False;False
2;13;0.0;6;False;4.22;81.0;19.0;235;False;True;False;False
4;9;0.0;5;True;13.62;88.0;6.0;359;True;False;False;False
10;23;0.0;2;True;6.1;81.0;9.0;39;True;False;False;False
5;20;0.0;5;True;24.9;65.0;11.0;350;True;False;False;False
12;12;0.0;6;False;9.86;50.0;6.0;453;True;False;False;False
3;8;0.0;4;True;15.5;94.0;6.0;649;False;True;False;False
1;2;0.0;4;True;1.4;51.0;6.0;4;True;False;False;False
9;9;0.0;6;False;22.08;69.0;17.0;377;True;False;False;False
1;2;0.0;0;False;8.92;37.0;19.0;67;True;False;False;False
2;11;0.0;3;True;10.8;58.0;11.0;143;True;False;False;False
9;11;0.0;6;False;24.9;58.0;19.0;626;True;False;False;False
6;22;0.0;5;True;30.54;63.0;13.0;163;False;False;False;True
5;23;0.0;2;True;20.2;78.0;0.0;95;True;False;False;False
1;19;0.0;2;True;13.62;63.0;28.0;308;True;False;False;False
3;22;0.0;4;True;11.74;44.0;19.0;152;True;False;False;False
6;4;0.0;6;False;21.14;94.0;0.0;18;False;True;False;False
11;11;0.0;5;True;9.86;43.0;15.0;218;True;False;False;False
9;9;0.0;6;False;24.9;74.0;26.0;348;True;False;False;False
12;6;0.0;3;True;4.22;60.0;17.0;128;False;True;False;False
5;13;0.0;3;True;19.26;78.0;13.0;228;False;True;False;False
6;8;0.0;6;False;17.38;64.0;11.0;210;True;False;False;False
12;5;0.0;6;False;8.92;93.0;7.0;6;False;True;False;False
6;8;0.0;5;True;19.26;60.0;6.0;700;True;False;False;False
5;6;0.0;5;True;11.74;50.0;17.0;135;True;False;False;False
1;6;0.0;0;False;-1.42;50.0;19.0;8;False;True;False;False
5;10;0.0;5;True;23.96;79.0;11.0;232;True;False;False;False
12;20;0.0;0;False;4.22;65.0;0.0;52;True;False;False;False
8;6;0.0;0;False;22.08;65.0;11.0;16;True;False;False;False
6;8;0.0;4;True;23.02;50.0;9.0;617;True;False;False;False
2;14;0.0;4;True;7.04;81.0;13.0;31;False;False;False;True
9;19;0.0;0;False;23.02;36.0;17.0;496;True;False;False;False
4;16;0.0;6;False;12.68;38.0;13.0;376;False;True;False;False
12;12;0.0;4;True;8.92;53.0;11.0;212;False;True;False;False
7;23;0.0;1;True;26.78;74.0;6.0;166;True;False;False;False
3;10;0.0;2;True;16.44;77.0;15.0;143;True;False;False;False
10;20;0.0;3;True;10.8;50.0;13.0;268;False;True;False;False
8;10;0.0;4;True;25.84;54.0;0.0;234;True;False;False;False
2;18;0.0;5;True;11.74;94.0;0.0;300;False;True;False;False
2;20;0.0;0;False;7.04;42.0;11.0;88;True;False;False;False
4;8;0.0;2;True;7.98;57.0;0.0;604;True;False;False;False
3;17;0.0;1;True;13.62;24.0;30.0;664;True;False;False;False
1;17;1.0;1;False;4.22;48.0;22.0;193;True;False;False;False
12;6;0.0;0;False;10.8;94.0;7.0;6;False;False;False;True
2;6;0.0;4;True;1.4;75.0;19.0;76;True;False;False;False
1;16;0.0;0;False;2.34;29.0;20.0;205;True;False;False;False
8;6;0.0;6;False;21.14;88.0;7.0;23;False;True;False;False
8;15;0.0;3;True;30.54;46.0;11.0;295;True;False;False;False
2;10;0.0;5;True;7.98;71.0;19.0;116;True;False;False;False
2;17;0.0;4;True;11.74;54.0;33.0;450;True;False;False;False
8;0;0.0;3;True;24.9;84.0;0.0;58;True;False;False;False
11;3;0.0;4;True;7.98;61.0;9.0;15;True;False;False;False
1;4;0.0;6;False;-1.42;50.0;9.0;3;True;False;False;False
10;3;0.0;2;True;12.68;77.0;9.0;1;True;False;False;False
3;4;0.0;0;False;7.98;46.0;13.0;14;False;True;False;False
1;1;0.0;6;False;6.1;52.0;11.0;58;True;False;False;False
5;15;0.0;4;True;23.02;61.0;13.0;283;True;False;False;False
10;17;0.0;1;True;18.32;60.0;17.0;856;False;False;False;True
9;11;0.0;6;False;18.32;52.0;19.0;663;True;False;False;False
1;7;0.0;1;True;2.34;44.0;19.0;225;True;False;False;False
11;3;0.0;5;True;4.22;70.0;0.0;1;True;False;False;False
7;20;0.0;6;False;20.2;88.0;11.0;214;False;False;False;True
5;19;0.0;2;True;22.08;69.0;19.0;458;False;True;False;False
4;1;0.0;6;False;10.8;28.0;17.0;69;True;False;False;False
4;3;0.0;5;True;7.98;61.0;11.0;11;True;False;False;False
7;23;0.0;0;False;23.96;83.0;6.0;123;False;False;False;True
8;7;0.0;5;True;22.08;73.0;7.0;379;True;False;False;False
4;11;0.0;5;True;17.38;68.0;11.0;254;True;False;False;False
4;1;0.0;3;True;11.74;41.0;0.0;25;True;False;False;False
8;7;0.0;0;False;22.08;65.0;9.0;39;True;False;False;False
6;7;0.0;6;False;17.38;68.0;13.0;78;True;False;False;False
5;14;0.0;6;False;24.9;61.0;20.0;428;False;False;False;True
8;0;0.0;0;False;22.08;89.0;17.0;134;True;False;False;False
8;18;0.0;5;True;32.42;36.0;17.0;546;True;False;False;False
4;11;0.0;4;True;13.62;94.0;15.0;151;False;True;False;False
12;2;0.0;3;True;5.16;56.0;11.0;9;True;False;False;False
11;4;0.0;6;False;3.28;70.0;13.0;7;True;False;False;False
10;3;0.0;4;True;16.44;88.0;9.0;8;False;True;False;False
8;6;0.0;3;True;24.9;84.0;11.0;173;False;True;False;False
7;11;0.0;4;True;29.6;55.0;7.0;216;True;False;False;False
5;13;0.0;4;True;25.84;54.0;11.0;302;True;False;False;False
6;10;0.0;2;True;21.14;41.0;24.0;190;True;False;False;False
8;13;0.0;1;True;24.9;58.0;9.0;291;True;False;False;False
11;8;0.0;4;True;6.1;33.0;19.0;668;True;False;False;False
3;14;0.0;3;True;24.9;23.0;22.0;224;True;False;False;False
8;9;0.0;3;True;23.96;74.0;6.0;350;False;True;False;False
9;10;0.0;3;True;18.32;52.0;13.0;192;True;False;False;False
3;20;0.0;4;True;20.2;43.0;26.0;302;False;True;False;False
8;5;0.0;5;True;22.08;78.0;0.0;38;True;False;False;False
5;23;0.0;4;True;22.08;78.0;9.0;167;False;True;False;False
12;19;0.0;3;True;9.86;43.0;24.0;414;True;False;False;False
12;1;0.0;5;True;3.28;60.0;13.0;9;True;False;False;False
1;20;0.0;3;True;7.04;93.0;11.0;57;False;False;False;True
4;3;0.0;0;False;7.98;81.0;9.0;25;False;True;False;False
7;2;1.0;3;False;23.02;83.0;9.0;93;True;False;False;False
12;4;1.0;2;False;3.28;87.0;6.0;1;False;True;False;False
3;1;0.0;5;True;11.74;82.0;22.0;26;False;True;False;False
8;19;0.0;6;False;22.08;78.0;20.0;354;False;True;False;False
11;9;0.0;6;False;7.98;49.0;20.0;219;False;True;False;False
5;23;0.0;0;False;21.14;57.0;15.0;74;False;True;False;False
2;6;0.0;3;True;5.16;75.0;6.0;104;False;True;False;False
8;23;0.0;5;True;23.96;69.0;6.0;178;False;True;False;False
7;1;0.0;6;False;24.9;51.0;7.0;118;False;True;False;False
10;7;0.0;0;False;11.74;58.0;11.0;35;False;False;False;True
9;21;0.0;2;True;26.78;74.0;17.0;268;True;False;False;False
10;19;0.0;3;True;24.9;65.0;0.0;593;True;False;False;False
4;9;0.0;3;True;14.56;44.0;20.0;265;False;False;False;True
8;5;0.0;3;True;20.2;78.0;0.0;40;True;False;False;False
8;21;0.0;6;False;21.14;83.0;24.0;208;True;False;False;False
11;14;0.0;6;False;17.38;37.0;0.0;627;True;False;False;False
11;4;0.0;2;True;7.98;66.0;13.0;6;False;True;False;False
3;1;0.0;6;False;8.92;93.0;0.0;44;False;False;False;True
12;22;0.0;5;True;4.22;44.0;20.0;63;True;False;False;False
4;7;0.0;5;True;11.74;94.0;0.0;359;True;False;False;False
7;12;0.0;6;False;31.48;41.0;15.0;487;True;False;False;False
8;14;0.0;0;False;34.3;42.0;31.0;526;True;False;False;False
8;2;0.0;5;True;23.02;89.0;9.0;20;True;False;False;False
3;17;0.0;5;True;13.62;24.0;26.0;566;True;False;False;False
5;7;0.0;1;True;18.32;88.0;20.0;153;False;False;False;True
1;10;0.0;5;True;2.34;44.0;19.0;97;False;True;False;False
11;13;0.0;5;True;10.8;43.0;24.0;294;True;False;False;False
6;2;0.0;6;False;17.38;88.0;0.0;41;False;True;False;False
8;18;0.0;1;True;30.54;41.0;9.0;843;True;False;False;False
1;19;0.0;5;True;8.92;50.0;26.0;251;True;False;False;False
10;11;0.0;1;True;20.2;73.0;26.0;263;False;True;False;False
12;21;0.0;5;True;6.1;75.0;11.0;172;True;False;False;False
3;5;0.0;5;True;6.1;70.0;0.0;24;True;False;False;False
11;21;0.0;4;True;4.22;65.0;9.0;208;True;False;False;False
4;13;0.0;6;False;10.8;37.0;0.0;389;False;True;False;False
9;12;0.0;0;False;18.32;43.0;7.0;776;True;False;False;False
11;21;0.0;6;False;7.04;57.0;7.0;139;False;True;False;False
1;6;0.0;5;True;2.34;73.0;7.0;70;False;True;False;False
1;2;0.0;0;False;5.16;26.0;22.0;51;True;False;False;False
7;19;0.0;5;True;26.78;51.0;11.0;488;True;False;False;False
5;14;0.0;0;False;27.72;58.0;17.0;547;True;False;False;False
7;4;0.0;4;True;25.84;70.0;7.0;8;True;False;False;False
1;20;0.0;5;True;7.98;53.0;24.0;159;True;False;False;False
8;11;0.0;2;True;26.78;62.0;0.0;196;True;False;False;False
9;14;0.0;6;False;23.96;34.0;22.0;715;True;False;False;False
12;23;0.0;0;False;1.4;51.0;15.0;49;True;False;False;False
12;17;0.0;3;True;12.68;35.0;19.0;605;True;False;False;False
10;5;0.0;4;True;12.68;82.0;15.0;42;True;False;False;False
6;16;0.0;4;True;34.3;35.0;9.0;320;True;False;False;False
8;10;0.0;1;True;25.84;74.0;9.0;206;True;False;False;False
10;11;0.0;2;True;14.56;69.0;13.0;193;False;True;False;False
2;20;0.0;4;True;13.62;44.0;9.0;269;True;False;False;False
10;5;0.0;2;True;11.74;67.0;17.0;52;True;False;False;False
10;18;0.0;3;True;23.02;44.0;0.0;858;True;False;False;False
12;19;0.0;3;True;9.86;50.0;26.0;336;True;False;False;False
4;11;0.0;6;False;21.14;61.0;22.0;608;True;False;False;False
7;10;0.0;5;True;31.48;47.0;0.0;231;True;False;False;False
7;12;0.0;4;True;31.48;49.0;19.0;274;True;False;False;False
1;4;0.0;0;False;-0.48;47.0;26.0;6;False;True;False;False
4;17;0.0;3;True;11.74;35.0;26.0;579;True;False;False;False
8;4;0.0;3;True;22.08;78.0;9.0;4;False;True;False;False
8;22;0.0;1;True;25.84;62.0;22.0;192;True;False;False;False
8;10;0.0;2;True;26.78;62.0;17.0;204;True;False;False;False
3;0;0.0;6;False;12.68;94.0;6.0;100;False;True;False;False
12;11;0.0;6;False;7.04;76.0;7.0;392;False;True;False;False
12;13;0.0;5;True;8.92;66.0;9.0;220;False;True;False;False
12;0;0.0;6;False;4.22;44.0;39.0;31;True;False;False;False
11;19;0.0;2;True;4.22;73.0;20.0;350;True;False;False;False
2;9;0.0;0;False;3.28;56.0;17.0;93;False;True;False;False
11;16;0.0;5;True;11.74;35.0;19.0;383;True;False;False;False
10;9;0.0;2;True;11.74;77.0;15.0;382;False;True;False;False
4;22;0.0;2;True;17.38;30.0;17.0;162;True;False;False;False
2;5;0.0;6;False;2.34;93.0;11.0;2;False;False;False;True
7;1;1.0;3;False;23.96;74.0;0.0;123;True;False;False;False
12;23;0.0;1;True;4.22;65.0;9.0;49;True;False;False;False
9;7;0.0;0;False;15.5;77.0;7.0;71;True;False;False;False
11;17;0.0;6;False;8.92;46.0;20.0;410;False;True;False;False
3;14;0.0;5;True;12.68;44.0;19.0;205;False;True;False;False
11;13;0.0;4;True;10.8;58.0;11.0;248;False;True;False;False
2;15;0.0;5;True;9.86;40.0;0.0;216;True;False;False;False
11;22;0.0;6;False;9.86;71.0;6.0;193;True;False;False;False
8;1;0.0;6;False;23.96;69.0;0.0;115;False;True;False;False
11;4;0.0;1;True;2.34;69.0;0.0;10;True;False;False;False
11;23;0.0;2;True;6.1;56.0;15.0;205;True;False;False;False
9;15;0.0;2;True;23.02;36.0;22.0;303;True;False;False;False
11;14;0.0;4;True;10.8;50.0;15.0;185;False;True;False;False
11;2;0.0;2;True;7.04;70.0;11.0;5;False;True;False;False
5;1;0.0;2;True;19.26;83.0;9.0;27;False;True;False;False
6;8;0.0;5;True;22.08;89.0;13.0;694;False;True;False;False
6;1;0.0;6;False;22.08;89.0;15.0;58;False;False;False;True
9;3;0.0;6;False;24.9;70.0;7.0;35;True;False;False;False
8;2;0.0;6;False;21.14;88.0;11.0;43;False;False;False;True
11;22;0.0;4;True;7.04;66.0;11.0;153;False;True;False;False
9;2;0.0;1;True;16.44;72.0;0.0;13;True;False;False;False
6;19;0.0;3;True;28.66;29.0;22.0;643;True;False;False;False
4;21;0.0;6;False;8.92;71.0;13.0;84;False;False;False;True
4;7;0.0;2;True;20.2;43.0;17.0;461;True;False;False;False
2;9;0.0;3;True;7.04;70.0;6.0;252;True;False;False;False
3;6;0.0;4;True;11.74;94.0;0.0;109;False;True;False;False
12;8;0.0;3;True;4.22;65.0;11.0;688;False;True;False;False
6;17;0.0;4;True;33.36;22.0;13.0;705;True;False;False;False
7;10;0.0;6;False;19.26;88.0;17.0;268;False;False;False;True
5;14;0.0;4;True;18.32;37.0;28.0;247;True;False;False;False
1;13;0.0;3;True;6.1;42.0;31.0;130;True;False;False;False
11;22;0.0;4;True;7.98;42.0;20.0;161;True;False;False;False
5;1;0.0;1;True;16.44;77.0;13.0;9;False;True;False;False
4;22;0.0;0;False;15.5;36.0;15.0;118;True;False;False;False
2;17;0.0;4;True;17.38;32.0;11.0;610;True;False;False;False
12;2;0.0;3;True;4.22;65.0;20.0;1;False;True;False;False
3;20;0.0;4;True;13.62;38.0;20.0;335;True;False;False;False
8;19;0.0;4;True;27.72;40.0;7.0;677;True;False;False;False
10;19;0.0;6;False;14.56;55.0;15.0;341;True;False;False;False
5;1;0.0;3;True;18.32;83.0;0.0;15;True;False;False;False
10;16;0.0;3;True;18.32;52.0;13.0;466;True;False;False;False
5;8;0.0;3;True;20.2;83.0;9.0;622;False;True;False;False
2;19;0.0;3;True;3.28;87.0;7.0;161;False;False;False;True
3;16;0.0;2;True;25.84;34.0;26.0;365;True;False;False;False
6;19;0.0;6;False;22.08;36.0;11.0;554;True;False;False;False
11;14;0.0;0;False;10.8;40.0;13.0;509;True;False;False;False
12;15;0.0;6;False;3.28;87.0;0.0;129;False;True;False;False
2;1;0.0;4;True;6.1;70.0;0.0;5;False;True;False;False
4;10;0.0;2;True;12.68;33.0;0.0;219;True;False;False;False
8;7;0.0;3;True;23.02;69.0;13.0;492;False;True;False;False
8;9;0.0;4;True;24.9;58.0;0.0;396;True;False;False;False
7;10;0.0;5;True;26.78;48.0;0.0;268;False;True;False;False
12;8;0.0;6;False;9.86;94.0;6.0;111;False;True;False;False
8;23;0.0;2;True;25.84;66.0;11.0;167;True;False;False;False
4;21;0.0;5;True;18.32;68.0;9.0;287;True;False;False;False
3;2;0.0;1;True;9.86;54.0;7.0;9;True;False;False;False
11;15;0.0;4;True;12.68;18.0;28.0;233;True;False;False;False
6;17;0.0;1;True;29.6;24.0;31.0;833;True;False;False;False
11;23;1.0;4;False;6.1;70.0;0.0;36;True;False;False;False
7;23;0.0;5;True;27.72;66.0;0.0;189;True;False;False;False
8;10;0.0;3;True;25.84;48.0;11.0;178;True;False;False;False
9;0;0.0;1;True;17.38;68.0;11.0;45;True;False;False;False
2;0;0.0;6;False;8.92;43.0;26.0;61;True;False;False;False
4;8;0.0;4;True;11.74;82.0;7.0;677;False;True;False;False
12;17;0.0;6;False;7.98;76.0;7.0;320;False;True;False;False
1;8;0.0;4;True;5.16;81.0;6.0;530;False;True;False;False
8;11;0.0;6;False;32.42;47.0;17.0;470;True;False;False;False
6;4;0.0;3;True;20.2;83.0;9.0;10;True;False;False;False
5;19;0.0;4;True;25.84;34.0;11.0;591;True;False;False;False
7;7;0.0;1;True;24.9;79.0;6.0;469;True;False;False;False
2;16;0.0;4;True;13.62;55.0;19.0;229;True;False;False;False
8;4;0.0;5;True;23.02;83.0;17.0;12;True;False;False;False
12;10;0.0;4;True;7.04;66.0;0.0;161;False;True;False;False
9;20;0.0;2;True;19.26;56.0;9.0;461;True;False;False;False
1;10;0.0;5;True;14.56;100.0;11.0;126;False;False;False;True
9;16;0.0;4;True;25.84;39.0;6.0;491;True;False;False;False
9;10;0.0;5;True;25.84;74.0;9.0;224;True;False;False;False
6;4;0.0;5;True;21.14;73.0;6.0;6;False;True;False;False
3;12;0.0;1;True;20.2;64.0;17.0;282;True;False;False;False
1;18;0.0;3;True;3.28;32.0;24.0;355;True;False;False;False
7;5;0.0;5;True;24.9;84.0;0.0;37;True;False;False;False
9;10;0.0;5;True;22.08;78.0;9.0;245;False;True;False;False
4;2;0.0;2;True;8.92;53.0;11.0;5;True;False;False;False
1;11;0.0;3;True;6.1;61.0;20.0;157;False;True;False;False
3;21;0.0;0;False;5.16;36.0;15.0;79;True;False;False;False
1;22;0.0;1;True;4.22;100.0;19.0;68;False;True;False;False
10;17;0.0;3;True;23.02;47.0;0.0;963;True;False;False;False
8;4;0.0;6;False;25.84;79.0;13.0;13;True;False;False;False
2;7;0.0;5;True;1.4;59.0;11.0;230;True;False;False;False
4;14;1.0;1;False;27.72;45.0;22.0;288;True;False;False;False
9;23;0.0;6;False;15.5;59.0;6.0;196;True;False;False;False
7;20;1.0;3;False;32.42;47.0;15.0;551;True;False;False;False
6;5;0.0;4;True;20.2;56.0;17.0;40;False;True;False;False
2;7;0.0;5;True;3.28;65.0;15.0;226;True;False;False;False
1;1;0.0;5;True;4.22;48.0;9.0;15;True;False;False;False
7;10;0.0;1;True;23.02;83.0;13.0;175;False;True;False;False
7;3;0.0;4;True;25.84;70.0;7.0;5;True;False;False;False
5;5;0.0;0;False;16.44;83.0;11.0;11;False;False;False;True
11;13;0.0;3;True;7.98;42.0;13.0;214;True;False;False;False
2;20;0.0;5;True;7.04;57.0;0.0;151;False;True;False;False
12;11;0.0;3;True;7.04;49.0;15.0;172;False;True;False;False
6;4;0.0;2;True;20.2;78.0;9.0;10;False;True;False;False
11;10;0.0;5;True;8.92;50.0;22.0;197;True;False;False;False
3;7;0.0;3;True;12.68;82.0;7.0;368;True;False;False;False
3;7;0.0;6;False;15.5;88.0;9.0;70;False;True;False;False
2;20;0.0;0;False;-1.42;42.0;22.0;57;True;False;False;False
12;9;0.0;6;False;4.22;75.0;7.0;220;True;False;False;False
4;13;0.0;4;True;13.62;31.0;0.0;291;True;False;False;False
8;19;0.0;5;True;26.78;55.0;26.0;491;False;True;False;False
9;13;0.0;0;False;22.08;41.0;11.0;694;True;False;False;False
7;10;0.0;0;False;34.3;45.0;0.0;319;True;False;False;False
4;3;0.0;1;True;12.68;30.0;11.0;3;True;False;False;False
8;2;0.0;3;True;22.08;83.0;7.0;13;True;False;False;False
5;20;0.0;4;True;23.96;44.0;11.0;479;True;False;False;False
11;12;0.0;2;True;5.16;87.0;26.0;76;False;False;False;True
6;9;0.0;4;True;19.26;68.0;0.0;337;True;False;False;False
5;16;0.0;5;True;27.72;48.0;11.0;440;True;False;False;False
3;18;0.0;0;False;18.32;64.0;11.0;459;True;False;False;False
4;2;0.0;2;True;8.92;71.0;9.0;2;True;False;False;False
2;20;0.0;6;False;4.22;30.0;37.0;105;True;False;False;False
10;15;0.0;3;True;25.84;62.0;11.0;319;False;True;False;False
4;20;0.0;4;True;17.38;77.0;13.0;337;True;False;False;False
5;7;0.0;0;False;16.44;68.0;13.0;90;True;False;False;False
7;7;0.0;1;True;23.02;83.0;15.0;230;False;False;False;True
7;0;0.0;1;True;25.84;79.0;7.0;43;False;False;False;True
2;19;0.0;2;True;11.74;26.0;0.0;306;True;False;False;False
2;0;0.0;4;True;6.1;70.0;9.0;23;False;True;False;False
4;18;0.0;4;True;17.38;77.0;13.0;664;False;True;False;False
7;8;0.0;0;False;24.9;84.0;9.0;133;False;True;False;False
5;14;0.0;5;True;23.02;34.0;9.0;350;True;False;False;False
2;18;0.0;4;True;17.38;37.0;9.0;522;True;False;False;False
12;15;0.0;5;True;6.1;42.0;26.0;263;False;True;False;False
12;15;1.0;2;False;8.92;50.0;17.0;107;True;False;False;False
2;11;0.0;4;True;10.8;82.0;17.0;105;False;False;False;True
11;15;0.0;5;True;14.56;41.0;17.0;447;True;False;False;False
9;8;0.0;4;True;15.5;68.0;6.0;790;True;False;False;False
4;14;0.0;0;False;17.38;34.0;0.0;653;True;False;False;False
4;17;0.0;1;True;6.1;82.0;22.0;232;False;False;False;True
3;23;0.0;1;True;7.98;25.0;35.0;48;True;False;False;False
11;11;0.0;5;True;7.98;53.0;6.0;201;False;True;False;False
9;9;0.0;5;True;24.9;79.0;9.0;344;True;False;False;False
9;7;0.0;0;False;13.62;59.0;15.0;57;True;False;False;False
11;23;1.0;1;False;17.38;77.0;15.0;63;False;True;False;False
6;8;0.0;1;True;23.02;69.0;13.0;608;True;False;False;False
7;12;0.0;2;True;29.6;41.0;9.0;272;True;False;False;False
5;13;0.0;2;True;25.84;51.0;15.0;249;False;True;False;False
10;23;0.0;2;True;10.8;71.0;0.0;199;True;False;False;False
2;0;0.0;0;False;7.98;39.0;24.0;74;False;True;False;False
10;21;0.0;5;True;15.5;77.0;0.0;206;True;False;False;False
8;13;0.0;4;True;27.72;48.0;7.0;290;True;False;False;False
1;12;0.0;0;False;9.86;43.0;15.0;351;True;False;False;False
10;23;0.0;0;False;12.68;54.0;0.0;66;True;False;False;False
8;3;0.0;2;True;23.02;89.0;9.0;4;True;False;False;False
6;5;0.0;5;True;15.5;72.0;7.0;29;True;False;False;False
4;10;0.0;4;True;11.74;35.0;19.0;246;True;False;False;False
12;8;0.0;2;True;7.98;61.0;20.0;724;False;True;False;False
7;19;0.0;4;True;26.78;48.0;15.0;629;True;False;False;False
1;1;0.0;6;False;-1.42;86.0;13.0;23;False;False;True;False
6;4;0.0;4;True;13.62;88.0;7.0;6;True;False;False;False
4;17;0.0;1;True;18.32;60.0;11.0;683;True;False;False;False
8;15;0.0;0;False;22.08;65.0;0.0;276;False;True;False;False
12;3;0.0;0;False;10.8;87.0;7.0;48;False;True;False;False
6;14;0.0;2;True;27.72;58.0;7.0;227;True;False;False;False
6;23;0.0;4;True;18.32;52.0;9.0;177;True;False;False;False
3;15;0.0;1;True;22.08;57.0;15.0;286;True;False;False;False
6;10;0.0;1;True;22.08;41.0;31.0;187;True;False;False;False
6;20;0.0;2;True;23.96;83.0;13.0;386;True;False;False;False
1;19;0.0;0;False;-0.48;37.0;11.0;110;True;False;False;False
2;11;0.0;6;False;6.1;39.0;41.0;210;True;False;False;False
5;6;0.0;0;False;21.14;83.0;11.0;22;True;False;False;False
3;13;0.0;2;True;6.1;39.0;9.0;164;True;False;False;False
10;21;0.0;2;True;13.62;63.0;0.0;195;True;False;False;False
8;1;0.0;1;True;21.14;88.0;6.0;7;True;False;False;False
8;3;0.0;1;True;25.84;79.0;6.0;5;False;False;False;True
7;2;0.0;1;True;26.78;51.0;17.0;15;False;True;False;False
4;21;0.0;0;False;15.5;59.0;11.0;134;False;True;False;False
2;23;1.0;1;False;6.1;39.0;0.0;26;True;False;False;False
3;14;0.0;6;False;7.98;27.0;19.0;379;True;False;False;False
3;6;0.0;6;False;8.92;87.0;11.0;23;False;True;False;False
12;18;0.0;0;False;3.28;44.0;20.0;125;False;True;False;False
8;1;0.0;2;True;23.96;79.0;17.0;27;True;False;False;False
12;17;0.0;3;True;4.22;93.0;24.0;53;False;False;False;True
4;5;0.0;2;True;6.1;70.0;13.0;22;True;False;False;False
7;19;0.0;2;True;33.36;35.0;17.0;547;True;False;False;False
1;22;0.0;0;False;7.04;26.0;26.0;64;True;False;False;False
4;15;0.0;6;False;16.44;19.0;28.0;626;True;False;False;False
10;11;1.0;1;False;10.8;62.0;6.0;308;False;True;False;False
3;12;0.0;2;True;20.2;78.0;17.0;261;True;False;False;False
4;23;0.0;2;True;17.38;32.0;15.0;82;True;False;False;False
6;0;0.0;0;False;17.38;60.0;11.0;169;True;False;False;False
2;20;0.0;3;True;3.28;87.0;9.0;125;False;False;False;True
2;11;0.0;1;True;2.34;37.0;13.0;90;True;False;False;False
4;7;0.0;1;True;6.1;81.0;17.0;207;False;False;False;True
8;3;0.0;1;True;20.2;88.0;7.0;3;True;False;False;False
7;20;0.0;6;False;25.84;84.0;6.0;356;True;False;False;False
8;6;0.0;3;True;20.2;73.0;13.0;181;True;False;False;False
11;11;0.0;2;True;6.1;87.0;20.0;65;False;False;False;True
7;21;0.0;1;True;25.84;70.0;13.0;322;True;False;False;False
6;7;0.0;1;True;18.32;60.0;15.0;517;True;False;False;False
5;22;0.0;2;True;19.26;78.0;15.0;83;True;False;False;False
11;11;0.0;3;True;10.8;50.0;13.0;241;True;False;False;False
4;21;0.0;2;True;17.38;45.0;0.0;243;True;False;False;False
9;8;0.0;0;False;23.96;89.0;6.0;129;True;False;False;False
2;22;0.0;1;True;12.68;44.0;17.0;92;True;False;False;False
5;5;0.0;1;True;13.62;88.0;7.0;23;True;False;False;False
10;20;0.0;2;True;6.1;81.0;13.0;81;False;True;False;False
9;18;0.0;6;False;25.84;54.0;19.0;598;True;False;False;False
6;11;0.0;4;True;32.42;41.0;9.0;161;True;False;False;False
7;22;0.0;6;False;24.9;79.0;13.0;225;True;False;False;False
5;2;0.0;6;False;15.5;51.0;7.0;69;True;False;False;False
9;8;0.0;0;False;19.26;68.0;15.0;170;True;False;False;False
5;20;0.0;5;True;21.14;41.0;11.0;337;True;False;False;False
4;15;0.0;6;False;11.74;41.0;15.0;408;True;False;False;False
1;7;0.0;0;False;-0.48;74.0;15.0;13;False;True;False;False
1;15;0.0;4;True;4.22;44.0;20.0;127;True;False;False;False
4;15;0.0;3;True;11.74;77.0;13.0;98;False;False;False;True
7;22;0.0;2;True;22.08;83.0;9.0;139;False;True;False;False
3;9;0.0;5;True;11.74;82.0;0.0;312;False;True;False;False
4;11;0.0;2;True;14.56;23.0;0.0;258;True;False;False;False
11;19;0.0;0;False;8.92;66.0;11.0;210;True;False;False;False
6;1;0.0;2;True;23.96;65.0;11.0;16;False;True;False;False
7;19;0.0;3;True;27.72;33.0;9.0;698;True;False;False;False
2;11;0.0;1;True;4.22;70.0;9.0;116;True;False;False;False
10;19;0.0;3;True;10.8;50.0;13.0;410;False;True;False;False
6;0;0.0;2;True;17.38;68.0;28.0;34;True;False;False;False
10;21;1.0;1;False;10.8;76.0;15.0;151;False;True;False;False
3;9;0.0;5;True;7.98;57.0;11.0;321;True;False;False;False
8;17;0.0;5;True;30.54;36.0;22.0;791;True;False;False;False
8;23;0.0;1;True;24.9;84.0;11.0;114;True;False;False;False
12;21;0.0;4;True;3.28;60.0;17.0;63;False;True;False;False
2;7;0.0;6;False;2.34;93.0;9.0;19;False;False;False;True
2;19;0.0;5;True;7.04;57.0;0.0;262;False;True;False;False
9;8;0.0;5;True;23.02;83.0;7.0;719;True;False;False;False
10;16;0.0;2;True;15.5;72.0;11.0;424;False;True;False;False
1;12;0.0;3;True;7.04;53.0;9.0;193;True;False;False;False
8;22;0.0;2;True;25.84;66.0;6.0;189;True;False;False;False
11;0;0.0;3;True;7.98;81.0;0.0;26;True;False;False;False
3;2;0.0;5;True;17.38;88.0;6.0;32;True;False;False;False
12;6;0.0;1;True;-0.48;64.0;11.0;40;True;False;False;False
7;4;0.0;4;True;23.02;74.0;13.0;4;True;False;False;False
3;19;0.0;3;True;22.08;33.0;11.0;472;True;False;False;False
1;11;0.0;6;False;0.46;86.0;7.0;63;False;True;False;False
7;9;0.0;0;False;30.54;56.0;0.0;219;True;False;False;False
5;19;0.0;3;True;25.84;54.0;11.0;556;True;False;False;False
3;2;0.0;5;True;7.98;53.0;19.0;6;True;False;False;False
8;9;0.0;2;True;22.08;69.0;0.0;328;True;False;False;False
9;1;0.0;1;True;16.44;72.0;6.0;21;True;False;False;False
11;17;0.0;4;True;10.8;20.0;20.0;592;True;False;False;False
11;19;0.0;5;True;7.04;66.0;0.0;377;True;False;False;False
8;20;0.0;2;True;26.78;74.0;15.0;436;True;False;False;False
9;9;0.0;4;True;23.02;65.0;0.0;335;True;False;False;False
8;9;0.0;6;False;23.96;69.0;19.0;288;False;True;False;False
3;11;0.0;2;True;19.26;83.0;9.0;230;True;False;False;False
11;17;0.0;1;True;11.74;32.0;0.0;553;True;False;False;False
2;14;0.0;6;False;7.04;29.0;37.0;216;True;False;False;False
7;1;0.0;1;True;23.02;89.0;13.0;27;True;False;False;False
12;16;0.0;6;False;6.1;39.0;30.0;147;True;False;False;False
7;22;1.0;3;False;30.54;56.0;15.0;502;True;False;False;False
11;5;0.0;5;True;6.1;65.0;6.0;36;False;True;False;False
9;16;0.0;1;True;22.08;69.0;17.0;453;False;True;False;False
11;13;0.0;1;True;11.74;35.0;7.0;217;True;False;False;False
1;7;0.0;5;True;3.28;65.0;0.0;205;False;True;False;False
4;8;0.0;1;True;10.8;43.0;13.0;596;True;False;False;False
3;15;0.0;3;True;17.38;37.0;30.0;209;True;False;False;False
11;20;0.0;1;True;9.86;62.0;17.0;259;False;True;False;False
11;20;0.0;5;True;8.92;66.0;9.0;255;True;False;False;False
1;10;0.0;3;True;4.22;70.0;22.0;141;False;True;False;False
7;7;0.0;0;False;23.02;69.0;17.0;40;True;False;False;False
11;18;0.0;3;True;11.74;38.0;7.0;311;True;False;False;False
4;20;0.0;0;False;15.5;59.0;15.0;232;False;True;False;False
11;23;0.0;5;True;7.04;81.0;6.0;162;True;False;False;False
6;10;0.0;2;True;22.08;89.0;19.0;125;False;False;False;True
7;3;0.0;0;False;25.84;84.0;9.0;33;True;False;False;False
2;22;0.0;3;True;15.5;55.0;13.0;140;True;False;False;False
5;14;0.0;0;False;24.9;48.0;9.0;552;True;False;False;False
5;0;0.0;3;True;19.26;83.0;13.0;35;False;True;False;False
12;22;0.0;6;False;9.86;94.0;7.0;160;False;True;False;False
7;18;0.0;2;True;24.9;74.0;15.0;819;False;False;False;True
11;9;0.0;2;True;8.92;71.0;0.0;326;False;True;False;False
5;3;0.0;4;True;20.2;88.0;7.0;4;False;True;False;False
12;5;0.0;2;True;12.68;88.0;0.0;46;False;True;False;False
5;7;0.0;2;True;15.5;94.0;17.0;169;False;True;False;False
5;17;0.0;5;True;22.08;23.0;17.0;779;True;False;False;False
8;12;0.0;0;False;26.78;42.0;13.0;505;True;False;False;False
4;15;0.0;4;True;20.2;43.0;0.0;262;True;False;False;False
12;1;0.0;3;True;16.44;55.0;22.0;11;True;False;False;False
8;9;0.0;0;False;24.9;48.0;15.0;217;True;False;False;False
8;10;0.0;4;True;26.78;48.0;9.0;199;True;False;False;False
9;10;0.0;0;False;22.08;57.0;20.0;495;True;False;False;False
11;17;0.0;2;True;7.98;49.0;24.0;608;True;False;False;False
5;3;0.0;3;True;18.32;88.0;11.0;2;False;False;False;True
11;23;0.0;3;True;7.04;61.0;0.0;57;True;False;False;False
3;15;0.0;4;True;22.08;38.0;46.0;185;True;False;False;False
1;7;0.0;6;False;-1.42;50.0;9.0;24;True;False;False;False
7;21;0.0;1;True;26.78;55.0;6.0;331;False;True;False;False
2;6;0.0;0;False;-3.3;49.0;26.0;2;True;False;False;False
4;15;0.0;0;False;21.14;17.0;24.0;486;True;False;False;False
12;12;0.0;5;True;7.98;71.0;13.0;240;False;True;False;False
6;17;0.0;2;True;20.2;43.0;0.0;850;True;False;False;False
10;18;1.0;1;False;11.74;66.0;19.0;456;False;True;False;False
1;1;0.0;5;True;10.8;87.0;15.0;29;False;True;False;False
5;19;0.0;5;True;24.9;51.0;9.0;452;True;False;False;False
10;23;0.0;5;True;19.26;78.0;15.0;171;True;False;False;False
5;15;0.0;1;True;22.08;73.0;13.0;225;False;True;False;False
7;17;0.0;0;False;28.66;59.0;0.0;270;True;False;False;False
3;11;0.0;1;True;18.32;68.0;11.0;201;True;False;False;False
9;21;0.0;5;True;20.2;73.0;17.0;312;True;False;False;False
11;19;0.0;3;True;9.86;43.0;13.0;243;True;False;False;False
8;7;0.0;4;True;21.14;83.0;6.0;481;False;True;False;False
1;20;0.0;3;True;7.04;61.0;13.0;235;True;False;False;False
8;23;0.0;2;True;21.14;83.0;0.0;136;True;False;False;False
4;0;0.0;2;True;23.02;54.0;13.0;43;True;False;False;False
1;13;0.0;5;True;15.5;59.0;31.0;201;True;False;False;False
1;12;0.0;4;True;1.4;51.0;13.0;111;True;False;False;False
6;12;0.0;0;False;23.02;39.0;20.0;684;True;False;False;False
9;22;0.0;0;False;14.56;72.0;0.0;91;True;False;False;False
6;13;0.0;6;False;25.84;34.0;11.0;617;True;False;False;False
11;12;0.0;3;True;7.04;53.0;19.0;212;False;True;False;False
7;13;0.0;1;True;29.6;52.0;7.0;240;False;True;False;False
9;22;1.0;1;False;24.9;84.0;9.0;121;False;True;False;False
1;20;0.0;5;True;11.74;41.0;13.0;177;True;False;False;False
9;19;0.0;0;False;24.9;84.0;15.0;292;False;True;False;False
8;12;0.0;3;True;26.78;55.0;15.0;307;True;False;False;False
3;3;0.0;2;True;4.22;30.0;22.0;4;True;False;False;False
2;23;0.0;5;True;6.1;70.0;6.0;65;False;True;False;False
7;17;0.0;2;True;28.66;49.0;13.0;872;True;False;False;False
5;10;0.0;6;False;23.02;65.0;9.0;432;True;False;False;False
4;13;0.0;2;True;16.44;23.0;11.0;283;True;False;False;False
5;23;0.0;6;False;19.26;56.0;6.0;176;True;False;False;False
8;16;0.0;1;True;25.84;54.0;17.0;460;True;False;False;False
1;12;0.0;2;True;10.8;43.0;20.0;194;True;False;False;False
5;21;0.0;5;True;24.9;65.0;9.0;255;True;False;False;False
6;18;0.0;1;True;27.72;27.0;30.0;791;True;False;False;False
6;4;0.0;2;True;20.2;88.0;11.0;4;False;False;False;True
8;8;0.0;0;False;27.72;66.0;22.0;108;True;False;False;False
11;16;0.0;5;True;10.8;43.0;9.0;405;True;False;False;False
5;23;0.0;3;True;21.14;78.0;7.0;133;True;False;False;False
7;3;0.0;1;True;23.96;79.0;6.0;6;True;False;False;False
11;21;0.0;5;True;7.98;49.0;13.0;178;True;False;False;False
1;4;0.0;0;False;5.16;81.0;6.0;8;True;False;False;False
9;15;0.0;0;False;22.08;41.0;11.0;557;True;False;False;False
5;15;0.0;0;False;21.14;61.0;7.0;571;False;True;False;False
9;8;0.0;4;True;21.14;71.0;6.0;794;True;False;False;False
5;16;0.0;4;True;19.26;30.0;31.0;421;True;False;False;False
3;0;0.0;2;True;2.34;37.0;20.0;8;True;False;False;False
5;6;1.0;1;False;21.14;73.0;11.0;20;True;False;False;False
2;13;0.0;5;True;8.92;46.0;0.0;198;True;False;False;False
1;13;0.0;0;False;-0.48;80.0;9.0;199;False;True;False;False
6;14;0.0;1;True;28.66;43.0;17.0;251;True;False;False;False
11;4;0.0;5;True;6.1;65.0;7.0;5;False;True;False;False
8;4;0.0;4;True;21.14;83.0;0.0;6;True;False;False;False
6;12;0.0;1;True;18.32;78.0;9.0;168;False;False;False;True
12;10;0.0;6;False;4.22;81.0;9.0;41;False;False;False;True
7;14;0.0;5;True;32.42;47.0;20.0;326;True;False;False;False
3;0;0.0;1;True;9.86;54.0;13.0;24;True;False;False;False
2;5;0.0;4;True;10.8;76.0;15.0;32;True;False;False;False
1;13;0.0;4;True;7.98;42.0;20.0;118;True;False;False;False
3;11;0.0;5;True;8.92;53.0;0.0;201;False;True;False;False
6;15;0.0;5;True;25.84;66.0;19.0;258;False;False;False;True
6;7;0.0;5;True;26.78;58.0;11.0;359;True;False;False;False
8;5;0.0;1;True;21.14;88.0;0.0;36;True;False;False;False
8;15;0.0;3;True;27.72;40.0;13.0;338;True;False;False;False
12;3;0.0;2;True;10.8;87.0;9.0;4;False;True;False;False
11;6;0.0;0;False;2.34;47.0;7.0;11;False;True;False;False
9;5;0.0;0;False;13.62;59.0;17.0;6;True;False;False;False
12;17;0.0;3;True;10.8;50.0;26.0;562;True;False;False;False
4;11;0.0;0;False;15.5;25.0;19.0;404;True;False;False;False
4;17;0.0;3;True;20.2;20.0;20.0;732;True;False;False;False
1;2;0.0;4;True;-1.42;50.0;9.0;3;True;False;False;False
9;17;0.0;4;True;23.02;69.0;20.0;905;False;True;False;False
3;14;0.0;6;False;21.14;53.0;6.0;690;True;False;False;False
3;13;0.0;4;True;20.2;49.0;43.0;233;False;True;False;False
4;20;0.0;2;True;13.62;28.0;26.0;282;True;False;False;False
10;3;0.0;2;True;8.92;87.0;19.0;3;False;False;False;True
11;5;0.0;6;False;3.28;70.0;11.0;11;True;False;False;False
4;21;0.0;1;True;13.62;28.0;9.0;238;True;False;False;False
1;13;0.0;4;True;11.74;77.0;11.0;183;True;False;False;False
1;18;0.0;4;True;12.68;67.0;13.0;421;True;False;False;False
6;22;0.0;0;False;24.9;65.0;11.0;159;True;False;False;False
1;0;0.0;4;True;7.98;93.0;13.0;3;False;False;False;True
4;22;0.0;6;False;8.92;71.0;9.0;83;False;True;False;False
9;3;0.0;1;True;16.44;68.0;19.0;12;True;False;False;False
8;17;0.0;3;True;29.6;49.0;11.0;837;True;False;False;False
2;0;0.0;2;True;11.74;54.0;9.0;10;True;False;False;False
9;20;0.0;4;True;18.32;64.0;9.0;417;True;False;False;False
6;0;0.0;5;True;23.02;50.0;17.0;86;True;False;False;False
11;2;0.0;3;True;3.28;60.0;20.0;1;True;False;False;False
1;3;0.0;4;True;-2.36;54.0;7.0;4;True;False;False;False
2;10;0.0;0;False;4.22;65.0;19.0;148;False;True;False;False
9;20;0.0;3;True;16.44;48.0;11.0;409;True;False;False;False
9;5;0.0;5;True;17.38;83.0;0.0;41;True;False;False;False
2;7;0.0;2;True;3.28;60.0;6.0;280;False;True;False;False
12;20;0.0;4;True;3.28;60.0;7.0;227;False;True;False;False
6;21;0.0;3;True;26.78;35.0;9.0;367;True;False;False;False
7;4;0.0;4;True;22.08;73.0;7.0;5;True;False;False;False
5;15;0.0;6;False;23.96;24.0;13.0;590;True;False;False;False
11;8;0.0;3;True;5.16;81.0;6.0;551;False;True;False;False
11;18;0.0;1;True;7.98;46.0;15.0;542;True;False;False;False
8;13;0.0;3;True;28.66;49.0;13.0;294;False;True;False;False
1;22;0.0;5;True;1.4;47.0;22.0;65;True;False;False;False
5;18;0.0;5;True;24.9;54.0;31.0;641;True;False;False;False
12;7;0.0;2;True;8.92;93.0;9.0;355;True;False;False;False
10;19;0.0;3;True;15.5;72.0;13.0;516;True;False;False;False
5;14;0.0;3;True;23.96;65.0;9.0;248;True;False;False;False
10;11;0.0;0;False;11.74;71.0;7.0;336;False;True;False;False
3;3;0.0;5;True;16.44;88.0;7.0;10;True;False;False;False
8;1;0.0;3;True;21.14;78.0;0.0;21;True;False;False;False
11;5;0.0;6;False;7.04;49.0;17.0;9;False;True;False;False
1;23;0.0;1;True;4.22;60.0;13.0;52;True;False;False;False
1;18;0.0;4;True;4.22;44.0;22.0;361;False;True;False;False
6;17;0.0;1;True;22.08;38.0;30.0;834;True;False;False;False
7;23;0.0;0;False;23.96;79.0;11.0;123;True;False;False;False
1;1;0.0;3;True;13.62;77.0;22.0;10;False;True;False;False
9;11;0.0;3;True;20.2;43.0;17.0;247;True;False;False;False
3;19;0.0;5;True;11.74;28.0;41.0;244;True;False;False;False
12;8;0.0;0;False;-1.42;69.0;7.0;48;True;False;False;False
6;11;0.0;1;True;22.08;38.0;33.0;239;True;False;False;False
1;13;0.0;0;False;11.74;58.0;19.0;223;True;False;False;False
5;2;0.0;5;True;19.26;83.0;9.0;11;True;False;False;False
2;18;0.0;5;True;9.86;40.0;9.0;385;True;False;False;False
3;16;0.0;3;True;25.84;25.0;13.0;356;True;False;False;False
9;14;0.0;2;True;29.6;55.0;28.0;274;True;False;False;False
7;3;0.0;0;False;23.96;89.0;11.0;57;False;True;False;False
10;20;0.0;0;False;17.38;73.0;15.0;246;True;False;False;False
11;3;0.0;2;True;2.34;64.0;7.0;4;True;False;False;False
7;10;0.0;6;False;25.84;70.0;6.0;401;False;True;False;False
7;6;0.0;0;False;24.9;79.0;6.0;27;True;False;False;False
10;15;0.0;6;False;18.32;43.0;0.0;711;True;False;False;False
12;7;0.0;5;True;2.34;64.0;11.0;112;True;False;False;False
1;14;0.0;2;True;11.74;38.0;20.0;106;True;False;False;False
8;0;0.0;3;True;24.9;61.0;13.0;60;True;False;False;False
11;9;0.0;0;False;7.04;53.0;0.0;217;True;False;False;False
1;10;0.0;0;False;-1.42;54.0;19.0;126;True;False;False;False
12;3;0.0;0;False;4.22;93.0;0.0;25;False;True;False;False
4;5;0.0;6;False;15.5;82.0;17.0;1;True;False;False;False
10;19;0.0;0;False;18.32;64.0;15.0;336;True;False;False;False
4;2;0.0;5;True;14.56;59.0;28.0;22;True;False;False;False
5;8;0.0;3;True;19.26;83.0;0.0;719;True;False;False;False
4;6;0.0;4;True;6.1;65.0;17.0;96;True;False;False;False
3;21;0.0;3;True;12.68;62.0;17.0;188;True;False;False;False
12;4;0.0;1;True;8.92;93.0;0.0;5;True;False;False;False
10;20;0.0;0;False;10.8;82.0;9.0;116;True;False;False;False
10;7;0.0;6;False;14.56;83.0;13.0;86;True;False;False;False
1;5;0.0;0;False;7.04;49.0;7.0;2;False;True;False;False
9;19;0.0;5;True;22.08;65.0;17.0;588;True;False;False;False
6;7;0.0;2;True;21.14;88.0;17.0;303;False;False;False;True
2;10;0.0;3;True;7.98;71.0;6.0;139;True;False;False;False
2;0;1.0;1;False;3.28;87.0;6.0;41;False;True;False;False
7;12;0.0;3;True;27.72;33.0;0.0;310;True;False;False;False
9;12;0.0;5;True;24.9;54.0;13.0;409;False;True;False;False
6;13;0.0;6;False;21.14;41.0;17.0;679;True;False;False;False
3;13;0.0;5;True;10.8;50.0;0.0;242;False;False;False;True
4;7;0.0;6;False;7.98;49.0;11.0;55;True;False;False;False
9;0;0.0;2;True;20.2;94.0;17.0;13;False;False;False;True
11;9;0.0;3;True;5.16;52.0;13.0;322;True;False;False;False
2;11;0.0;6;False;6.1;70.0;0.0;270;True;False;False;False
1;19;0.0;0;False;11.74;67.0;26.0;105;False;False;False;True
2;12;0.0;3;True;12.68;54.0;7.0;179;True;False;False;False
12;21;0.0;2;True;7.04;53.0;13.0;207;True;False;False;False
2;10;0.0;2;True;3.28;70.0;13.0;85;True;False;False;False
11;9;0.0;4;True;8.92;57.0;7.0;331;False;False;False;True
5;5;0.0;2;True;16.44;72.0;19.0;20;False;True;False;False
9;5;0.0;5;True;18.32;88.0;0.0;38;True;False;False;False
10;13;0.0;4;True;15.5;31.0;7.0;291;True;False;False;False
11;4;0.0;2;True;2.34;69.0;6.0;7;True;False;False;False
10;11;0.0;4;True;13.62;36.0;0.0;251;True;False;False;False
12;19;0.0;0;False;10.8;82.0;13.0;174;False;True;False;False
5;23;0.0;2;True;18.32;88.0;7.0;71;False;False;False;True
1;15;0.0;0;False;13.62;51.0;20.0;265;True;False;False;False
12;4;0.0;3;True;3.28;75.0;9.0;7;True;False;False;False
3;4;0.0;2;True;16.44;88.0;9.0;6;False;True;False;False
8;22;0.0;3;True;25.84;74.0;7.0;233;True;False;False;False
4;8;0.0;1;True;12.68;30.0;13.0;617;True;False;False;False
11;4;1.0;1;False;10.8;76.0;6.0;4;True;False;False;False
1;6;0.0;2;True;6.1;75.0;17.0;57;False;False;False;True
1;20;1.0;1;False;4.22;60.0;19.0;90;True;False;False;False
7;18;0.0;6;False;30.54;43.0;19.0;481;True;False;False;False
9;1;0.0;3;True;16.44;72.0;7.0;21;True;False;False;False
10;5;0.0;5;True;17.38;88.0;0.0;36;False;True;False;False
8;13;0.0;3;True;27.72;48.0;7.0;316;True;False;False;False
9;6;0.0;2;True;12.68;77.0;15.0;194;True;False;False;False
1;15;0.0;2;True;-0.48;37.0;28.0;77;True;False;False;False
8;16;0.0;6;False;34.3;39.0;20.0;450;True;False;False;False
10;6;0.0;4;True;12.68;88.0;20.0;153;True;False;False;False
3;17;0.0;4;True;16.44;38.0;26.0;703;True;False;False;False
11;0;0.0;4;True;8.92;57.0;6.0;60;True;False;False;False
2;4;0.0;5;True;4.22;60.0;15.0;2;True;False;False;False
8;21;0.0;2;True;22.08;73.0;0.0;280;True;False;False;False
1;12;0.0;1;True;4.22;56.0;7.0;103;False;True;False;False
3;20;0.0;3;True;15.5;51.0;17.0;260;True;False;False;False
8;5;0.0;5;True;22.08;89.0;11.0;29;True;False;False;False
4;7;0.0;5;True;7.98;61.0;15.0;296;True;False;False;False
1;10;0.0;3;True;3.28;87.0;9.0;97;False;True;False;False
3;3;0.0;5;True;10.8;87.0;19.0;3;False;True;False;False
4;15;0.0;1;True;8.92;62.0;26.0;112;False;True;False;False
3;21;0.0;5;True;12.68;94.0;0.0;152;False;True;False;False
7;3;0.0;6;False;20.2;88.0;17.0;25;False;False;False;True
3;19;0.0;4;True;22.08;50.0;13.0;425;False;True;False;False
3;13;0.0;1;True;4.22;55.0;20.0;120;False;True;False;False
12;13;0.0;1;True;3.28;81.0;7.0;70;False;False;False;True
11;18;1.0;4;False;10.8;43.0;0.0;70;True;False;False;False
9;13;0.0;4;True;26.78;48.0;0.0;326;False;True;False;False
3;13;0.0;6;False;12.68;51.0;19.0;339;True;False;False;False
2;14;1.0;1;False;7.04;36.0;13.0;263;True;False;False;False
3;12;0.0;2;True;7.04;31.0;11.0;220;True;False;False;False
6;4;0.0;1;True;17.38;77.0;13.0;9;False;True;False;False
12;18;1.0;2;False;7.04;66.0;17.0;43;False;True;False;False
10;22;0.0;6;False;12.68;62.0;9.0;185;True;False;False;False
4;2;0.0;2;True;18.32;83.0;7.0;4;True;False;False;False
3;3;0.0;5;True;7.04;57.0;13.0;3;True;False;False;False
9;20;0.0;5;True;21.14;69.0;13.0;369;True;False;False;False
12;8;0.0;5;True;6.1;75.0;13.0;441;False;True;False;False
11;17;0.0;6;False;4.22;41.0;26.0;126;True;False;False;False
7;16;0.0;0;False;35.24;33.0;20.0;313;True;False;False;False
6;22;0.0;4;True;27.72;52.0;11.0;274;True;False;False;False
2;0;0.0;1;True;-1.42;46.0;15.0;9;True;False;False;False
1;4;0.0;1;True;1.4;51.0;9.0;5;True;False;False;False
3;23;0.0;5;True;12.68;94.0;0.0;126;False;True;False;False
6;6;0.0;4;True;19.26;60.0;19.0;181;True;False;False;False
4;11;0.0;3;True;9.86;43.0;22.0;180;False;True;False;False
4;9;0.0;2;True;20.2;38.0;33.0;400;True;False;False;False
4;10;0.0;5;True;15.5;77.0;13.0;237;True;False;False;False
7;21;0.0;6;False;33.36;37.0;13.0;201;True;False;False;False
10;3;0.0;3;True;6.1;81.0;7.0;3;False;True;False;False
9;7;0.0;3;True;16.44;72.0;0.0;557;True;False;False;False
11;1;0.0;3;True;7.04;81.0;7.0;14;True;False;False;False
5;11;0.0;1;True;18.32;83.0;15.0;79;False;True;False;False
6;8;0.0;6;False;22.08;89.0;11.0;194;True;False;False;False
8;2;0.0;2;True;23.96;83.0;17.0;15;True;False;False;False
12;7;0.0;3;True;4.22;75.0;9.0;363;True;False;False;False
9;13;0.0;6;False;23.96;36.0;13.0;704;True;False;False;False
8;13;0.0;2;True;29.6;46.0;6.0;286;True;False;False;False
1;4;0.0;0;False;3.28;30.0;0.0;5;True;False;False;False
8;12;0.0;5;True;32.42;50.0;20.0;338;False;True;False;False
3;20;0.0;3;True;21.14;35.0;7.0;330;True;False;False;False
3;13;0.0;5;True;24.9;48.0;0.0;428;False;True;False;False
10;16;0.0;2;True;17.38;39.0;19.0;446;True;False;False;False
1;18;0.0;0;False;-0.48;86.0;7.0;121;False;False;False;True
9;10;0.0;1;True;21.14;50.0;19.0;210;True;False;False;False
8;15;0.0;4;True;28.66;46.0;9.0;305;True;False;False;False
11;1;0.0;3;True;5.16;61.0;17.0;92;False;True;False;False
10;1;0.0;2;True;8.92;87.0;15.0;13;False;False;False;True
7;21;0.0;5;True;21.14;83.0;22.0;122;False;False;False;True
12;10;0.0;6;False;10.8;87.0;9.0;287;False;True;False;False
5;1;0.0;3;True;20.2;78.0;17.0;14;False;True;False;False
5;20;0.0;5;True;21.14;25.0;9.0;341;True;False;False;False
4;18;0.0;2;True;17.38;22.0;28.0;704;True;False;False;False
2;20;0.0;3;True;8.92;46.0;11.0;211;True;False;False;False
8;15;0.0;2;True;30.54;46.0;15.0;283;True;False;False;False
10;6;0.0;4;True;8.92;50.0;11.0;159;True;False;False;False
3;21;0.0;1;True;4.22;37.0;26.0;120;True;False;False;False
10;2;0.0;6;False;18.32;78.0;13.0;75;True;False;False;False
7;1;0.0;3;True;22.08;89.0;0.0;14;True;False;False;False
7;23;0.0;2;True;23.02;83.0;0.0;171;True;False;False;False
10;2;0.0;2;True;12.68;88.0;9.0;7;True;False;False;False
1;10;0.0;1;True;3.28;60.0;0.0;108;True;False;False;False
9;5;0.0;5;True;21.14;88.0;0.0;40;True;False;False;False
12;5;0.0;2;True;9.86;87.0;6.0;36;True;False;False;False
7;7;0.0;4;True;26.78;58.0;19.0;473;True;False;False;False
11;12;0.0;5;True;12.68;41.0;22.0;262;True;False;False;False
6;14;0.0;6;False;22.08;38.0;20.0;647;True;False;False;False
2;22;0.0;4;True;12.68;54.0;17.0;137;True;False;False;False
11;5;0.0;1;True;6.1;52.0;22.0;39;False;True;False;False
12;0;0.0;4;True;5.16;52.0;15.0;32;False;True;False;False
3;19;0.0;1;True;18.32;49.0;15.0;446;False;True;False;False
8;12;0.0;6;False;27.72;37.0;13.0;654;True;False;False;False
12;12;0.0;0;False;6.1;42.0;13.0;196;True;False;False;False
12;12;0.0;5;True;6.1;49.0;9.0;222;False;True;False;False
3;6;0.0;0;False;10.8;100.0;17.0;18;False;True;False;False
4;12;0.0;6;False;9.86;43.0;0.0;381;False;True;False;False
4;17;0.0;3;True;11.74;77.0;13.0;488;False;True;False;False
4;1;0.0;1;True;13.62;41.0;9.0;16;True;False;False;False
2;1;0.0;1;True;4.22;65.0;15.0;6;True;False;False;False
4;23;0.0;1;True;12.68;44.0;20.0;67;True;False;False;False
9;8;0.0;6;False;18.32;49.0;28.0;212;True;False;False;False
1;9;0.0;1;True;1.4;47.0;15.0;198;True;False;False;False
4;20;0.0;5;True;13.62;24.0;19.0;252;True;False;False;False
10;5;0.0;0;False;12.68;54.0;9.0;10;False;True;False;False
1;11;0.0;6;False;1.4;40.0;13.0;178;True;False;False;False
12;20;0.0;5;True;7.04;61.0;9.0;221;True;False;False;False
3;4;0.0;0;False;11.74;94.0;22.0;8;False;True;False;False
7;6;0.0;4;True;25.84;66.0;9.0;152;True;False;False;False
5;18;0.0;4;True;25.84;58.0;9.0;706;True;False;False;False
1;16;0.0;3;True;7.98;53.0;11.0;246;True;False;False;False
3;5;0.0;4;True;13.62;67.0;0.0;26;True;False;False;False
9;23;0.0;2;True;18.32;83.0;15.0;78;False;True;False;False
10;1;0.0;3;True;6.1;81.0;6.0;8;False;True;False;False
12;2;0.0;6;False;4.22;81.0;0.0;69;True;False;False;False
5;5;1.0;1;False;20.2;78.0;9.0;9;True;False;False;False
9;20;0.0;4;True;21.14;69.0;7.0;463;True;False;False;False
5;9;0.0;3;True;18.32;88.0;0.0;315;False;True;False;False
10;22;0.0;3;True;8.92;57.0;9.0;165;True;False;False;False
9;13;0.0;6;False;21.14;41.0;20.0;686;True;False;False;False
8;6;0.0;1;True;21.14;73.0;6.0;159;True;False;False;False
6;9;0.0;1;True;21.14;43.0;19.0;282;True;False;False;False
11;7;1.0;1;False;10.8;87.0;0.0;264;True;False;False;False
8;17;0.0;5;True;26.78;51.0;15.0;812;False;True;False;False
3;2;0.0;4;True;16.44;83.0;6.0;6;True;False;False;False
1;22;0.0;0;False;0.46;37.0;6.0;60;True;False;False;False
4;6;0.0;1;True;6.1;81.0;20.0;45;False;True;False;False
4;0;0.0;5;True;10.8;37.0;17.0;55;True;False;False;False
1;17;0.0;5;True;5.16;33.0;28.0;332;True;False;False;False
9;0;0.0;2;True;24.9;84.0;17.0;29;False;True;False;False
1;4;0.0;4;True;8.92;93.0;13.0;2;False;False;False;True
8;5;0.0;3;True;20.2;73.0;13.0;40;True;False;False;False
7;1;0.0;5;True;28.66;55.0;15.0;29;True;False;False;False
2;18;0.0;0;False;6.1;49.0;22.0;167;False;True;False;False
2;13;0.0;4;True;16.44;39.0;13.0;218;True;False;False;False
9;7;0.0;6;False;26.78;58.0;9.0;66;False;True;False;False
8;23;0.0;0;False;23.96;61.0;0.0;110;True;False;False;False
5;20;0.0;3;True;21.14;83.0;6.0;295;False;True;False;False
11;8;0.0;2;True;7.98;71.0;9.0;665;True;False;False;False
2;7;0.0;3;True;9.86;62.0;6.0;208;False;False;False;True
8;20;0.0;4;True;24.9;54.0;19.0;478;True;False;False;False
7;7;0.0;2;True;26.78;58.0;0.0;483;True;False;False;False
3;3;0.0;1;True;13.62;88.0;6.0;2;True;False;False;False
6;15;0.0;3;True;29.6;26.0;31.0;249;True;False;False;False
1;7;0.0;4;True;1.4;69.0;6.0;215;False;True;False;False
3;6;0.0;3;True;14.56;94.0;15.0;149;False;True;False;False
12;20;0.0;3;True;6.1;52.0;19.0;268;True;False;False;False
1;9;0.0;2;True;6.1;52.0;13.0;261;True;False;False;False
7;15;0.0;1;True;29.6;55.0;13.0;281;True;False;False;False
9;17;0.0;2;True;24.9;28.0;0.0;970;True;False;False;False
12;6;0.0;1;True;8.92;93.0;0.0;138;True;False;False;False
6;4;0.0;3;True;20.2;40.0;17.0;11;True;False;False;False
2;22;0.0;5;True;7.98;49.0;7.0;119;True;False;False;False
6;8;0.0;4;True;20.2;64.0;22.0;719;True;False;False;False
12;14;0.0;1;True;15.5;94.0;15.0;210;False;True;False;False
5;13;0.0;6;False;27.72;66.0;13.0;539;True;False;False;False
1;18;0.0;3;True;1.4;37.0;9.0;289;False;True;False;False
8;21;0.0;5;True;23.96;69.0;20.0;255;False;True;False;False
6;0;0.0;1;True;19.26;53.0;0.0;49;True;False;False;False
12;8;0.0;3;True;1.4;86.0;22.0;31;False;False;False;True
1;2;0.0;4;True;5.16;75.0;11.0;7;False;True;False;False
6;11;0.0;5;True;24.9;74.0;19.0;235;False;True;False;False
6;16;0.0;2;True;25.84;26.0;33.0;416;True;False;False;False
5;7;0.0;4;True;20.2;83.0;7.0;415;True;False;False;False
9;23;0.0;6;False;19.26;73.0;11.0;133;False;True;False;False
5;3;0.0;2;True;23.96;79.0;19.0;3;True;False;False;False
11;1;0.0;4;True;2.34;64.0;6.0;16;True;False;False;False
5;2;0.0;5;True;13.62;44.0;11.0;31;True;False;False;False
4;4;0.0;5;True;7.98;49.0;17.0;5;True;False;False;False
11;1;0.0;1;True;1.4;69.0;0.0;10;True;False;False;False
1;2;0.0;3;True;1.4;85.0;11.0;5;True;False;False;False
8;9;0.0;1;True;24.9;79.0;11.0;276;False;False;False;True
10;3;0.0;3;True;15.5;77.0;6.0;4;True;False;False;False
1;16;0.0;3;True;0.46;40.0;19.0;131;False;True;False;False
9;20;0.0;4;True;23.02;78.0;15.0;406;True;False;False;False
5;23;0.0;6;False;24.9;74.0;17.0;150;True;False;False;False
5;19;0.0;5;True;26.78;62.0;17.0;404;True;False;False;False
8;8;0.0;2;True;24.9;70.0;11.0;705;False;True;False;False
7;22;0.0;4;True;29.6;49.0;41.0;234;True;False;False;False
5;14;0.0;3;True;21.14;69.0;6.0;240;True;False;False;False
9;6;0.0;0;False;15.5;72.0;0.0;35;True;False;False;False
4;5;0.0;6;False;7.98;46.0;9.0;5;True;False;False;False
4;2;1.0;1;False;20.2;64.0;17.0;14;True;False;False;False
1;12;0.0;3;True;-3.3;46.0;13.0;84;False;True;False;False
9;19;1.0;1;False;25.84;74.0;13.0;374;True;False;False;False
6;1;0.0;6;False;18.32;56.0;0.0;95;True;False;False;False
7;8;0.0;4;True;24.9;74.0;17.0;729;False;True;False;False
5;16;0.0;1;True;20.2;53.0;26.0;388;False;True;False;False
4;14;0.0;2;True;15.5;25.0;26.0;216;True;False;False;False
9;12;0.0;4;True;26.78;48.0;9.0;335;False;True;False;False
12;6;0.0;2;True;8.92;93.0;11.0;118;True;False;False;False
4;20;0.0;2;True;14.56;21.0;22.0;285;True;False;False;False
12;23;0.0;6;False;4.22;60.0;0.0;32;False;True;False;False
12;7;0.0;3;True;13.62;59.0;20.0;398;False;False;False;True
6;10;0.0;4;True;31.48;49.0;7.0;150;True;False;False;False
3;10;0.0;1;True;16.44;72.0;9.0;184;True;False;False;False
8;17;0.0;4;True;30.54;52.0;17.0;865;True;False;False;False
5;16;0.0;1;True;22.08;73.0;17.0;315;False;True;False;False
10;20;0.0;5;True;16.44;77.0;13.0;229;True;False;False;False
11;20;0.0;3;True;7.04;49.0;22.0;256;False;True;False;False
10;3;0.0;3;True;13.62;88.0;0.0;6;False;True;False;False
9;15;0.0;6;False;32.42;44.0;19.0;563;False;True;False;False
12;7;0.0;2;True;11.74;88.0;9.0;502;True;False;False;False
7;8;0.0;0;False;31.48;53.0;9.0;130;True;False;False;False
9;2;0.0;2;True;20.2;94.0;13.0;4;False;False;False;True
10;5;0.0;1;True;18.32;73.0;19.0;40;False;True;False;False
9;10;0.0;1;True;17.38;49.0;15.0;198;True;False;False;False
11;16;0.0;5;True;14.56;41.0;7.0;357;False;True;False;False
4;11;1.0;1;False;22.08;65.0;17.0;251;True;False;False;False
9;0;1.0;1;False;23.02;94.0;0.0;104;False;True;False;False
2;0;0.0;0;False;-3.3;68.0;26.0;21;False;False;False;True
9;14;0.0;6;False;27.72;48.0;19.0;654;True;False;False;False
6;4;0.0;0;False;15.5;72.0;6.0;13;True;False;False;False
6;0;0.0;0;False;24.9;51.0;0.0;163;True;False;False;False
3;8;0.0;5;True;5.16;75.0;6.0;549;True;False;False;False
10;9;0.0;0;False;13.62;55.0;11.0;269;True;False;False;False
3;2;0.0;2;True;16.44;72.0;20.0;1;False;False;False;True
1;2;0.0;1;True;3.28;48.0;24.0;7;True;False;False;False
2;6;0.0;2;True;6.1;45.0;22.0;101;True;False;False;False
4;12;0.0;2;True;16.44;25.0;0.0;331;True;False;False;False
6;13;0.0;5;True;26.78;37.0;17.0;416;True;False;False;False
9;22;0.0;2;True;26.78;70.0;19.0;179;True;False;False;False
2;4;0.0;1;True;0.46;80.0;7.0;2;True;False;False;False
3;22;0.0;5;True;7.98;31.0;33.0;107;True;False;False;False
11;3;0.0;3;True;5.16;52.0;22.0;11;False;True;False;False
6;1;0.0;2;True;20.2;35.0;26.0;30;True;False;False;False
9;7;0.0;6;False;17.38;52.0;19.0;73;True;False;False;False
3;6;0.0;0;False;6.1;52.0;20.0;5;False;True;False;False
6;9;0.0;6;False;25.84;62.0;13.0;332;True;False;False;False
3;10;0.0;1;True;10.8;50.0;15.0;137;True;False;False;False
9;15;0.0;3;True;21.14;35.0;0.0;311;True;False;False;False
7;9;0.0;0;False;23.02;69.0;0.0;258;False;True;False;False
6;0;0.0;3;True;16.44;59.0;6.0;49;True;False;False;False
4;17;1.0;1;False;29.6;33.0;26.0;712;True;False;False;False
1;10;0.0;5;True;4.22;65.0;13.0;116;True;False;False;False
8;16;0.0;6;False;23.02;74.0;20.0;434;False;True;False;False
2;21;0.0;6;False;3.28;93.0;9.0;78;False;False;False;True
5;0;0.0;0;False;19.26;53.0;7.0;170;True;False;False;False
8;14;0.0;5;True;27.72;58.0;24.0;307;True;False;False;False
8;6;0.0;2;True;18.32;83.0;7.0;169;True;False;False;False
3;6;0.0;2;True;16.44;94.0;11.0;100;False;True;False;False
9;22;0.0;6;False;23.02;89.0;0.0;78;False;True;False;False
12;23;0.0;4;True;4.22;60.0;0.0;120;True;False;False;False
8;0;0.0;3;True;23.96;79.0;11.0;47;True;False;False;False
11;12;0.0;6;False;10.8;40.0;11.0;476;True;False;False;False
3;21;0.0;1;True;20.2;64.0;11.0;223;True;False;False;False
10;1;0.0;5;True;16.44;88.0;6.0;36;False;True;False;False
11;16;0.0;2;True;7.98;46.0;11.0;402;True;False;False;False
3;9;0.0;3;True;10.8;43.0;30.0;314;True;False;False;False
10;2;0.0;6;False;15.5;88.0;13.0;90;False;True;False;False
5;5;0.0;3;True;17.38;94.0;7.0;38;True;False;False;False
10;11;0.0;4;True;17.38;83.0;7.0;238;False;True;False;False
8;18;0.0;3;True;23.02;61.0;15.0;683;False;False;False;True
1;13;0.0;0;False;10.8;37.0;20.0;343;True;False;False;False
11;13;0.0;2;True;7.98;46.0;9.0;278;True;False;False;False
12;21;0.0;6;False;8.92;62.0;9.0;184;True;False;False;False
5;19;0.0;4;True;24.9;61.0;13.0;522;True;False;False;False
9;1;0.0;1;True;17.38;60.0;13.0;18;True;False;False;False
4;15;0.0;2;True;20.2;20.0;13.0;316;True;False;False;False
6;19;0.0;6;False;24.9;42.0;13.0;461;False;True;False;False
10;14;0.0;1;True;20.2;43.0;7.0;244;False;True;False;False
1;5;0.0;2;True;6.1;49.0;13.0;22;True;False;False;False
12;7;0.0;0;False;-0.48;64.0;6.0;19;True;False;False;False
8;6;0.0;1;True;24.9;79.0;15.0;141;False;True;False;False
1;0;0.0;5;True;10.8;82.0;17.0;38;False;True;False;False
1;20;0.0;2;True;13.62;63.0;24.0;180;True;False;False;False
2;6;0.0;1;True;-0.48;86.0;7.0;72;True;False;False;False
11;23;0.0;2;True;7.04;81.0;7.0;83;True;False;False;False
1;18;0.0;2;True;-1.42;26.0;35.0;224;True;False;False;False
1;5;0.0;4;True;1.4;59.0;6.0;26;False;True;False;False
11;3;0.0;3;True;4.22;70.0;15.0;3;False;True;False;False
5;5;0.0;6;False;11.74;67.0;9.0;13;True;False;False;False
9;21;0.0;2;True;18.32;60.0;7.0;310;True;False;False;False
5;19;0.0;1;True;23.02;69.0;6.0;448;True;False;False;False
2;21;0.0;3;True;11.74;88.0;11.0;39;False;False;False;True
2;7;0.0;5;True;10.8;76.0;15.0;272;False;True;False;False
9;19;0.0;5;True;26.78;62.0;19.0;568;True;False;False;False
5;20;0.0;2;True;24.9;61.0;35.0;204;False;False;False;True
4;10;0.0;4;True;14.56;63.0;6.0;189;True;False;False;False
10;1;0.0;3;True;17.38;68.0;0.0;27;True;False;False;False
2;23;0.0;0;False;3.28;70.0;9.0;42;True;False;False;False
6;20;0.0;3;True;23.96;36.0;28.0;448;True;False;False;False
4;21;0.0;3;True;20.2;23.0;22.0;298;True;False;False;False
8;1;0.0;5;True;22.08;73.0;0.0;42;False;True;False;False
11;10;0.0;3;True;5.16;56.0;20.0;178;False;True;False;False
8;14;0.0;5;True;32.42;44.0;17.0;331;False;True;False;False
8;0;0.0;3;True;23.02;69.0;0.0;47;True;False;False;False
4;7;0.0;0;False;8.92;71.0;9.0;84;False;True;False;False
10;13;0.0;0;False;22.08;41.0;30.0;619;True;False;False;False
3;9;0.0;0;False;6.1;49.0;30.0;118;True;False;False;False
9;16;0.0;1;True;23.02;34.0;22.0;488;True;False;False;False
8;10;0.0;5;True;27.72;48.0;0.0;262;False;True;False;False
12;16;0.0;2;True;12.68;41.0;31.0;363;True;False;False;False
5;18;0.0;0;False;23.96;44.0;24.0;389;False;True;False;False
10;16;0.0;3;True;25.84;58.0;0.0;478;False;True;False;False
8;2;0.0;3;True;24.9;84.0;0.0;6;True;False;False;False
12;12;0.0;1;True;12.68;100.0;15.0;173;False;False;False;True
6;23;0.0;6;False;28.66;62.0;6.0;152;True;False;False;False
7;12;0.0;2;True;29.6;46.0;0.0;248;True;False;False;False
3;9;0.0;1;True;9.86;54.0;11.0;281;True;False;False;False
1;23;0.0;5;True;8.92;50.0;0.0;101;True;False;False;False
3;15;0.0;5;True;13.62;82.0;7.0;107;False;False;False;True
12;9;0.0;5;True;3.28;75.0;9.0;343;True;False;False;False
3;20;0.0;5;True;10.8;62.0;11.0;209;True;False;False;False
5;12;0.0;3;True;24.9;54.0;13.0;330;True;False;False;False
4;1;0.0;3;True;13.62;59.0;0.0;11;True;False;False;False
5;21;0.0;4;True;23.96;44.0;11.0;359;True;False;False;False
4;15;0.0;3;True;22.08;44.0;19.0;268;False;True;False;False
12;8;0.0;4;True;6.1;70.0;0.0;599;False;True;False;False
5;3;0.0;3;True;18.32;88.0;7.0;6;True;False;False;False
12;1;0.0;1;True;8.92;100.0;0.0;4;False;True;False;False
12;7;0.0;0;False;3.28;56.0;24.0;13;True;False;False;False
1;14;0.0;0;False;12.68;54.0;20.0;267;True;False;False;False
4;8;0.0;5;True;6.1;49.0;22.0;508;True;False;False;False
9;17;0.0;3;True;24.9;41.0;20.0;925;True;False;False;False
4;16;0.0;3;True;22.08;44.0;19.0;390;False;True;False;False
8;14;0.0;1;True;25.84;54.0;11.0;275;True;False;False;False
12;23;0.0;6;False;8.92;62.0;9.0;119;False;True;False;False
1;7;0.0;6;False;-0.48;93.0;11.0;13;False;False;False;True
2;6;0.0;3;True;7.04;76.0;11.0;90;True;False;False;False
12;23;0.0;2;True;14.56;67.0;17.0;96;True;False;False;False
5;21;0.0;5;True;20.2;28.0;7.0;270;True;False;False;False
3;8;0.0;0;False;6.1;52.0;22.0;66;True;False;False;False
11;10;0.0;0;False;7.98;49.0;13.0;360;True;False;False;False
5;17;0.0;0;False;25.84;45.0;22.0;549;True;False;False;False
12;15;0.0;0;False;8.92;93.0;11.0;225;False;False;False;True
4;8;0.0;5;True;9.86;46.0;11.0;563;True;False;False;False
2;13;0.0;2;True;8.92;40.0;17.0;173;False;True;False;False
2;3;0.0;2;True;4.22;52.0;0.0;3;False;True;False;False
9;1;0.0;6;False;20.2;73.0;0.0;109;True;False;False;False
6;15;0.0;1;True;28.66;38.0;31.0;233;True;False;False;False
7;19;0.0;6;False;35.24;33.0;9.0;287;True;False;False;False
8;1;0.0;3;True;22.08;69.0;9.0;14;True;False;False;False
12;16;0.0;3;True;11.74;50.0;24.0;334;True;False;False;False
12;9;0.0;4;True;3.28;48.0;13.0;276;True;False;False;False
5;4;0.0;5;True;21.14;88.0;0.0;9;False;True;False;False
1;23;0.0;2;True;7.04;76.0;0.0;99;True;False;False;False
6;14;0.0;5;True;27.72;31.0;26.0;373;True;False;False;False
4;11;0.0;6;False;16.44;45.0;13.0;564;True;False;False;False
7;13;0.0;0;False;24.9;65.0;6.0;626;False;True;False;False
11;0;0.0;6;False;10.8;37.0;28.0;42;True;False;False;False
6;22;0.0;0;False;20.2;60.0;13.0;153;True;False;False;False
12;6;0.0;4;True;3.28;70.0;33.0;45;True;False;False;False
9;19;0.0;2;True;21.14;50.0;17.0;539;True;False;False;False
4;13;0.0;4;True;18.32;46.0;0.0;238;True;False;False;False
8;14;0.0;2;True;31.48;38.0;22.0;251;True;False;False;False
4;19;0.0;5;True;17.38;24.0;11.0;427;True;False;False;False
11;12;0.0;6;False;8.92;46.0;31.0;394;False;True;False;False
1;6;1.0;1;False;4.22;41.0;26.0;14;True;False;False;False
9;19;0.0;6;False;24.9;58.0;13.0;407;True;False;False;False
1;18;0.0;2;True;10.8;40.0;7.0;385;True;False;False;False
9;4;0.0;3;True;16.44;68.0;24.0;10;False;True;False;False
3;1;0.0;5;True;9.86;50.0;19.0;27;True;False;False;False
9;23;0.0;4;True;21.14;83.0;11.0;45;False;False;False;True
3;4;0.0;3;True;14.56;67.0;6.0;5;True;False;False;False
7;5;0.0;3;True;22.08;65.0;11.0;59;True;False;False;False
3;22;0.0;1;True;18.32;73.0;11.0;148;False;True;False;False
4;21;0.0;0;False;21.14;57.0;17.0;229;True;False;False;False
4;0;0.0;0;False;13.62;82.0;13.0;117;False;True;False;False
1;15;0.0;3;True;0.46;37.0;22.0;90;False;True;False;False
9;3;0.0;0;False;15.5;68.0;0.0;48;True;False;False;False
6;22;0.0;3;True;21.14;50.0;20.0;238;True;False;False;False
6;21;0.0;5;True;24.9;37.0;9.0;339;True;False;False;False
10;14;0.0;0;False;15.5;59.0;30.0;402;False;True;False;False
8;2;0.0;4;True;21.14;73.0;0.0;17;True;False;False;False
6;9;0.0;0;False;18.32;68.0;11.0;274;True;False;False;False
6;17;0.0;5;True;24.9;70.0;17.0;227;False;False;False;True
9;17;0.0;5;True;23.02;54.0;20.0;808;False;True;False;False
10;12;0.0;2;True;14.56;69.0;13.0;260;False;True;False;False
11;5;0.0;3;True;2.34;69.0;13.0;39;True;False;False;False
5;5;0.0;6;False;13.62;67.0;0.0;12;True;False;False;False
2;12;0.0;6;False;6.1;70.0;6.0;300;False;True;False;False
4;19;0.0;5;True;14.56;23.0;20.0;412;True;False;False;False
9;1;0.0;2;True;23.96;82.0;9.0;24;True;False;False;False
1;19;0.0;3;True;7.98;53.0;0.0;316;False;True;False;False
9;14;0.0;5;True;24.9;54.0;20.0;412;True;False;False;False
12;22;0.0;0;False;3.28;60.0;7.0;58;True;False;False;False
2;6;0.0;5;True;3.28;65.0;11.0;88;True;False;False;False
11;8;0.0;4;True;8.92;56.0;7.0;680;False;True;False;False
4;18;1.0;1;False;29.6;31.0;26.0;676;True;False;False;False
12;19;0.0;1;True;16.44;77.0;19.0;427;True;False;False;False
5;23;0.0;4;True;17.38;49.0;9.0;166;True;False;False;False
5;4;0.0;1;True;17.38;77.0;15.0;6;False;True;False;False
10;18;0.0;6;False;16.44;39.0;15.0;521;True;False;False;False
9;12;0.0;2;True;22.08;33.0;0.0;316;True;False;False;False
7;5;0.0;2;True;24.9;61.0;0.0;35;True;False;False;False
12;22;0.0;0;False;8.92;93.0;7.0;78;False;False;False;True
1;2;0.0;5;True;11.74;94.0;9.0;13;True;False;False;False
9;10;0.0;2;True;23.96;79.0;43.0;160;False;False;False;True
10;8;0.0;3;True;16.44;83.0;7.0;801;False;True;False;False
7;10;0.0;0;False;23.02;74.0;0.0;379;False;True;False;False
5;21;0.0;4;True;15.5;42.0;13.0;230;True;False;False;False
8;12;0.0;4;True;27.72;45.0;9.0;294;True;False;False;False
11;3;0.0;5;True;7.04;53.0;28.0;9;True;False;False;False
12;12;0.0;6;False;6.1;36.0;44.0;146;True;False;False;False
10;7;0.0;5;True;16.44;88.0;7.0;421;False;True;False;False
10;8;0.0;6;False;13.62;67.0;9.0;193;True;False;False;False
1;6;0.0;1;True;1.4;86.0;0.0;42;False;True;False;False
4;6;0.0;0;False;7.98;87.0;9.0;7;True;False;False;False
3;13;0.0;4;True;19.26;78.0;6.0;298;True;False;False;False
2;5;0.0;1;True;0.46;80.0;7.0;17;True;False;False;False
12;20;0.0;3;True;7.04;93.0;17.0;32;False;False;False;True
4;18;0.0;1;True;7.04;81.0;9.0;379;False;False;False;True
12;16;0.0;0;False;12.68;67.0;7.0;443;False;True;False;False
10;0;0.0;4;True;20.2;64.0;7.0;76;False;True;False;False
9;5;0.0;2;True;22.08;89.0;22.0;48;False;True;False;False
4;19;0.0;0;False;16.44;55.0;15.0;346;True;False;False;False
12;11;0.0;4;True;7.98;42.0;17.0;189;True;False;False;False
12;18;0.0;5;True;9.86;71.0;7.0;498;False;True;False;False
2;3;0.0;1;True;3.28;75.0;11.0;2;True;False;False;False
7;3;0.0;3;True;22.08;89.0;9.0;5;True;False;False;False
9;23;0.0;0;False;14.56;72.0;6.0;57;True;False;False;False
10;22;0.0;0;False;9.86;87.0;9.0;79;True;False;False;False
11;15;1.0;1;False;18.32;64.0;17.0;382;True;False;False;False
4;2;0.0;0;False;12.68;24.0;15.0;32;True;False;False;False
7;15;0.0;3;True;29.6;41.0;17.0;276;True;False;False;False
8;15;0.0;5;True;33.36;42.0;17.0;380;True;False;False;False
6;1;0.0;0;False;23.96;54.0;6.0;127;False;True;False;False
2;9;0.0;3;True;3.28;70.0;11.0;253;False;True;False;False
3;14;0.0;1;True;14.56;33.0;30.0;217;True;False;False;False
8;4;0.0;3;True;20.2;73.0;15.0;10;True;False;False;False
11;7;0.0;0;False;6.1;89.0;6.0;68;True;False;False;False
1;14;0.0;2;True;12.68;62.0;33.0;132;True;False;False;False
5;20;0.0;3;True;15.5;82.0;15.0;51;False;False;False;True
1;15;0.0;6;False;3.28;38.0;20.0;226;True;False;False;False
11;5;0.0;2;True;2.34;64.0;13.0;41;False;True;False;False
12;18;0.0;0;False;12.68;72.0;7.0;203;False;True;False;False
10;7;0.0;2;True;11.74;67.0;6.0;525;True;False;False;False
6;17;0.0;0;False;24.9;34.0;17.0;578;True;False;False;False
6;15;0.0;4;True;26.78;30.0;0.0;333;True;False;False;False
8;4;0.0;3;True;24.9;84.0;0.0;7;True;False;False;False
9;11;0.0;5;True;23.96;61.0;7.0;280;False;True;False;False
12;3;0.0;3;True;4.22;60.0;9.0;10;True;False;False;False
1;2;0.0;3;True;5.16;70.0;13.0;6;True;False;False;False
8;23;0.0;3;True;22.08;83.0;0.0;140;True;False;False;False
7;7;0.0;1;True;25.84;70.0;6.0;483;True;False;False;False
8;9;0.0;5;True;26.78;66.0;7.0;396;False;True;False;False
9;7;0.0;1;True;13.62;67.0;9.0;530;True;False;False;False
3;22;0.0;5;True;12.68;94.0;0.0;148;False;True;False;False
1;7;0.0;4;True;7.98;87.0;19.0;220;False;True;False;False
3;18;0.0;1;True;5.16;55.0;44.0;375;False;False;False;True
2;19;0.0;0;False;-0.48;40.0;19.0;80;True;False;False;False
11;21;0.0;0;False;12.68;67.0;15.0;171;True;False;False;False
6;9;0.0;3;True;23.02;41.0;24.0;282;True;False;False;False
1;9;0.0;3;True;1.4;86.0;9.0;225;False;True;False;False
12;0;0.0;4;True;4.22;87.0;20.0;3;False;False;False;True
4;8;0.0;4;True;13.62;82.0;13.0;362;False;False;False;True
10;9;0.0;0;False;15.5;55.0;28.0;330;False;True;False;False
4;21;0.0;2;True;18.32;26.0;20.0;297;True;False;False;False
8;13;0.0;6;False;29.6;49.0;24.0;569;True;False;False;False
7;15;0.0;1;True;32.42;47.0;17.0;237;True;False;False;False
7;1;0.0;2;True;23.02;83.0;9.0;21;True;False;False;False
10;5;0.0;2;True;9.86;82.0;13.0;19;False;True;False;False
12;4;0.0;2;True;7.98;76.0;19.0;8;False;True;False;False
12;2;0.0;4;True;7.04;66.0;0.0;8;True;False;False;False
6;5;0.0;2;True;20.2;78.0;13.0;37;False;True;False;False
7;3;0.0;0;False;29.6;59.0;7.0;35;True;False;False;False
12;12;0.0;2;True;14.56;48.0;17.0;313;False;False;False;True
3;14;0.0;3;True;16.44;36.0;22.0;175;True;False;False;False
5;1;0.0;5;True;13.62;51.0;9.0;46;True;False;False;False
5;3;0.0;2;True;16.44;68.0;19.0;6;False;True;False;False
7;5;0.0;6;False;26.78;74.0;13.0;14;True;False;False;False
9;1;0.0;3;True;24.9;84.0;13.0;13;True;False;False;False
2;5;0.0;6;False;3.28;81.0;6.0;4;True;False;False;False
3;17;0.0;0;False;16.44;27.0;20.0;498;True;False;False;False
9;18;0.0;0;False;16.44;59.0;30.0;401;True;False;False;False
5;11;0.0;6;False;21.14;41.0;6.0;522;True;False;False;False
4;23;0.0;4;True;15.5;63.0;7.0;144;True;False;False;False
12;12;0.0;4;True;8.92;40.0;17.0;282;True;False;False;False
1;0;0.0;0;False;-0.48;47.0;22.0;59;True;False;False;False
2;18;0.0;2;True;9.86;40.0;30.0;425;True;False;False;False
6;23;0.0;2;True;17.38;56.0;6.0;113;True;False;False;False
9;1;0.0;0;False;17.38;52.0;24.0;142;True;False;False;False
2;11;0.0;1;True;8.92;43.0;17.0;103;True;False;False;False
5;22;0.0;6;False;24.9;74.0;17.0;204;True;False;False;False
12;10;0.0;3;True;1.4;86.0;20.0;8;False;False;False;True
2;15;0.0;5;True;10.8;87.0;13.0;94;False;False;False;True
5;17;0.0;1;True;20.2;53.0;22.0;769;False;True;False;False
9;21;0.0;4;True;21.14;65.0;7.0;317;True;False;False;False
7;22;0.0;6;False;23.02;78.0;6.0;276;True;False;False;False
1;15;0.0;2;True;12.68;62.0;33.0;129;True;False;False;False
1;16;1.0;1;False;4.22;35.0;28.0;154;True;False;False;False
2;14;0.0;6;False;4.22;81.0;17.0;243;False;True;False;False
8;6;0.0;2;True;24.9;79.0;13.0;179;False;True;False;False
1;12;0.0;5;True;8.92;50.0;17.0;191;True;False;False;False
12;2;0.0;0;False;6.1;87.0;0.0;74;False;True;False;False
9;18;0.0;3;True;27.72;75.0;13.0;839;True;False;False;False
5;11;0.0;1;True;20.2;83.0;11.0;106;False;True;False;False
11;10;1.0;4;False;8.92;57.0;7.0;219;True;False;False;False
9;19;0.0;4;True;23.02;65.0;9.0;559;True;False;False;False
9;22;0.0;4;True;21.14;83.0;20.0;47;False;False;False;True
3;23;0.0;0;False;4.22;41.0;13.0;26;True;False;False;False
3;15;0.0;2;True;11.74;20.0;0.0;200;True;False;False;False
11;2;0.0;5;True;6.1;70.0;11.0;9;False;True;False;False
7;18;0.0;2;True;32.42;30.0;0.0;627;False;True;False;False
6;2;0.0;6;False;19.26;53.0;0.0;67;True;False;False;False
10;1;0.0;0;False;15.5;72.0;19.0;133;False;True;False;False
6;16;0.0;1;True;23.02;39.0;31.0;448;True;False;False;False
7;3;0.0;1;True;24.9;89.0;13.0;5;False;False;False;True
3;17;0.0;0;False;18.32;64.0;6.0;541;True;False;False;False
3;11;0.0;6;False;13.62;72.0;9.0;463;True;False;False;False
8;6;0.0;5;True;21.14;78.0;9.0;157;True;False;False;False
3;15;0.0;2;True;21.14;69.0;7.0;244;False;True;False;False
9;5;0.0;1;True;15.5;72.0;17.0;40;True;False;False;False
8;19;0.0;5;True;29.6;49.0;9.0;452;True;False;False;False
6;22;0.0;1;True;23.02;29.0;26.0;187;True;False;False;False
5;13;0.0;0;False;23.96;54.0;17.0;602;True;False;False;False
4;6;0.0;5;True;6.1;49.0;26.0;80;True;False;False;False
1;6;0.0;2;True;0.46;93.0;13.0;79;False;True;False;False
3;9;0.0;6;False;9.86;87.0;6.0;94;False;False;False;True
4;9;0.0;4;True;8.92;57.0;24.0;287;True;False;False;False
6;4;0.0;1;True;22.08;78.0;9.0;7;True;False;False;False
11;22;0.0;5;True;12.68;33.0;35.0;79;True;False;False;False
9;16;0.0;0;False;26.78;70.0;0.0;474;True;False;False;False
12;21;0.0;3;True;6.1;52.0;17.0;202;False;True;False;False
7;11;0.0;0;False;27.72;55.0;15.0;509;True;False;False;False
7;15;0.0;1;True;31.48;36.0;13.0;234;True;False;False;False
6;18;0.0;3;True;29.6;27.0;22.0;804;True;False;False;False
6;3;0.0;0;False;16.44;63.0;7.0;50;True;False;False;False
1;17;0.0;0;False;9.86;40.0;15.0;219;True;False;False;False
3;10;0.0;3;True;8.92;50.0;20.0;147;True;False;False;False
5;18;0.0;0;False;24.9;51.0;22.0;474;True;False;False;False
3;11;0.0;4;True;17.38;60.0;31.0;204;False;True;False;False
10;21;0.0;3;True;23.02;74.0;0.0;209;False;True;False;False
3;7;0.0;0;False;11.74;88.0;11.0;42;False;False;False;True
6;14;0.0;1;True;21.14;41.0;33.0;270;True;False;False;False
5;13;0.0;4;True;17.38;39.0;30.0;318;True;False;False;False
2;20;1.0;1;False;7.98;34.0;13.0;126;True;False;False;False
11;2;0.0;1;True;6.1;56.0;11.0;6;False;True;False;False
9;7;0.0;1;True;16.44;77.0;0.0;492;True;False;False;False
10;15;0.0;5;True;16.44;42.0;30.0;455;True;False;False;False
9;9;0.0;0;False;24.9;84.0;0.0;232;False;True;False;False
6;22;0.0;2;True;25.84;79.0;6.0;291;True;False;False;False
7;7;0.0;6;False;25.84;70.0;9.0;76;True;False;False;False
3;8;0.0;5;True;10.8;87.0;15.0;562;False;True;False;False
9;0;0.0;0;False;21.14;38.0;17.0;180;True;False;False;False
3;16;0.0;6;False;22.08;50.0;0.0;685;True;False;False;False
10;1;0.0;5;True;17.38;88.0;0.0;16;False;False;False;True
6;7;0.0;6;False;22.08;89.0;11.0;92;True;False;False;False
10;1;0.0;3;True;13.62;88.0;0.0;8;False;True;False;False
9;14;0.0;4;True;27.72;45.0;6.0;258;False;True;False;False
4;22;0.0;1;True;7.04;76.0;13.0;89;True;False;False;False
6;18;0.0;1;True;22.08;38.0;26.0;822;True;False;False;False
3;3;0.0;6;False;4.22;41.0;20.0;16;True;False;False;False
5;0;0.0;5;True;13.62;55.0;7.0;64;True;False;False;False
11;22;0.0;3;True;6.1;56.0;17.0;60;False;False;False;True
3;12;0.0;1;True;14.56;39.0;15.0;221;True;False;False;False
9;21;0.0;3;True;25.84;79.0;0.0;296;True;False;False;False
11;17;0.0;5;True;8.92;46.0;13.0;580;True;False;False;False
2;10;0.0;2;True;6.1;42.0;20.0;132;True;False;False;False
2;22;0.0;1;True;6.1;65.0;9.0;87;True;False;False;False
2;4;0.0;4;True;10.8;76.0;15.0;1;True;False;False;False
11;1;0.0;6;False;6.1;81.0;6.0;76;True;False;False;False
1;16;1.0;1;False;4.22;44.0;24.0;180;True;False;False;False
2;14;0.0;4;True;17.38;37.0;17.0;192;True;False;False;False
4;12;0.0;0;False;11.74;67.0;15.0;445;False;True;False;False
9;4;0.0;5;True;17.38;77.0;0.0;12;True;False;False;False
11;4;0.0;0;False;7.04;81.0;7.0;11;True;False;False;False
3;22;0.0;2;True;5.16;56.0;11.0;106;True;False;False;False
7;7;0.0;0;False;29.6;66.0;0.0;52;True;False;False;False
10;23;0.0;4;True;20.2;56.0;6.0;155;True;False;False;False
9;0;0.0;5;True;18.32;73.0;6.0;87;True;False;False;False
6;23;0.0;2;True;23.02;94.0;15.0;89;False;False;False;True
10;0;0.0;4;True;12.68;51.0;9.0;42;True;False;False;False
1;6;0.0;2;True;-1.42;59.0;19.0;85;True;False;False;False
12;5;0.0;0;False;4.22;93.0;0.0;8;False;True;False;False
5;11;0.0;6;False;21.14;38.0;6.0;586;True;False;False;False
10;19;0.0;0;False;10.8;82.0;7.0;114;False;True;False;False
7;18;0.0;5;True;23.02;78.0;22.0;622;False;True;False;False
8;7;0.0;3;True;21.14;78.0;0.0;553;True;False;False;False
11;9;0.0;5;True;7.98;53.0;28.0;327;True;False;False;False
11;5;0.0;5;True;7.04;66.0;11.0;26;False;True;False;False
4;6;0.0;2;True;6.1;70.0;15.0;120;True;False;False;False
11;9;0.0;1;True;6.1;52.0;19.0;257;False;True;False;False
1;17;0.0;6;False;11.74;44.0;26.0;290;True;False;False;False
2;9;0.0;0;False;-3.3;49.0;20.0;63;True;False;False;False
7;1;0.0;5;True;23.02;89.0;9.0;11;True;False;False;False
12;6;0.0;0;False;7.98;87.0;0.0;6;False;True;False;False
7;19;0.0;2;True;31.48;36.0;9.0;497;False;True;False;False
2;2;0.0;0;False;3.28;93.0;7.0;63;False;True;False;False
3;14;0.0;6;False;16.44;88.0;24.0;223;False;False;False;True
8;7;0.0;6;False;22.08;83.0;6.0;62;True;False;False;False
8;7;0.0;0;False;21.14;69.0;9.0;41;False;True;False;False
8;14;0.0;4;True;33.36;32.0;15.0;247;True;False;False;False
6;1;0.0;5;True;18.32;56.0;11.0;29;True;False;False;False
1;6;0.0;6;False;-0.48;93.0;11.0;1;False;False;False;True
9;15;0.0;4;True;27.72;45.0;0.0;296;False;True;False;False
9;11;0.0;6;False;27.72;62.0;30.0;578;True;False;False;False
6;22;0.0;6;False;19.26;46.0;9.0;228;True;False;False;False
8;5;0.0;4;True;23.02;94.0;0.0;41;False;True;False;False
6;16;0.0;6;False;22.08;38.0;17.0;644;True;False;False;False
4;21;0.0;3;True;16.44;52.0;9.0;239;True;False;False;False
7;16;0.0;2;True;34.3;24.0;13.0;527;False;True;False;False
6;1;0.0;3;True;16.44;68.0;0.0;27;True;False;False;False
10;12;0.0;3;True;17.38;56.0;15.0;390;True;False;False;False
5;1;0.0;6;False;15.5;48.0;0.0;93;True;False;False;False
8;3;0.0;5;True;25.84;79.0;13.0;9;False;True;False;False
4;4;0.0;4;True;6.1;61.0;15.0;1;True;False;False;False
9;1;0.0;6;False;23.02;89.0;19.0;117;False;True;False;False
10;8;0.0;0;False;12.68;77.0;13.0;132;True;False;False;False
9;23;0.0;0;False;15.5;59.0;7.0;100;False;True;False;False
6;3;0.0;2;True;20.2;78.0;7.0;8;False;True;False;False
2;0;0.0;0;False;3.28;41.0;24.0;70;True;False;False;False
3;4;0.0;5;True;7.04;61.0;0.0;2;True;False;False;False
3;14;0.0;4;True;15.5;42.0;24.0;238;True;False;False;False
7;6;0.0;6;False;26.78;74.0;7.0;31;True;False;False;False
12;9;0.0;5;True;3.28;60.0;19.0;191;False;True;False;False
3;13;0.0;6;False;20.2;60.0;7.0;686;True;False;False;False
3;9;0.0;1;True;15.5;72.0;11.0;331;True;False;False;False
8;10;0.0;2;True;23.02;61.0;7.0;178;True;False;False;False
10;5;0.0;6;False;15.5;82.0;13.0;9;False;True;False;False
12;20;0.0;6;False;8.92;100.0;0.0;182;False;True;False;False
9;2;0.0;5;True;20.2;88.0;20.0;10;False;False;False;True
7;22;0.0;4;True;25.84;51.0;11.0;318;True;False;False;False
4;23;1.0;1;False;24.9;45.0;20.0;121;True;False;False;False
5;6;0.0;1;True;18.32;88.0;20.0;79;False;False;False;True
6;13;0.0;0;False;22.08;53.0;11.0;614;True;False;False;False
6;23;0.0;2;True;21.14;41.0;9.0;131;True;False;False;False
12;19;0.0;4;True;4.22;60.0;13.0;373;True;False;False;False
3;23;0.0;4;True;18.32;49.0;30.0;94;False;True;False;False
1;1;1.0;1;False;-1.42;43.0;7.0;20;True;False;False;False
8;22;0.0;5;True;27.72;58.0;13.0;277;True;False;False;False
9;18;0.0;3;True;23.02;44.0;17.0;977;True;False;False;False
1;17;0.0;2;True;11.74;38.0;17.0;460;True;False;False;False
8;4;0.0;4;True;23.02;83.0;0.0;9;True;False;False;False
1;16;0.0;0;False;10.8;37.0;20.0;314;True;False;False;False
4;23;0.0;4;True;10.8;50.0;9.0;136;True;False;False;False
4;21;0.0;0;False;16.44;34.0;15.0;130;True;False;False;False
4;8;0.0;6;False;16.44;81.0;17.0;201;True;False;False;False
9;20;0.0;6;False;16.44;55.0;13.0;315;True;False;False;False
1;22;0.0;4;True;9.86;76.0;20.0;133;True;False;False;False
12;4;0.0;4;True;4.22;56.0;13.0;8;False;True;False;False
10;0;0.0;3;True;17.38;73.0;6.0;46;True;False;False;False
7;1;0.0;2;True;25.84;58.0;0.0;14;True;False;False;False
3;6;0.0;6;False;8.92;93.0;6.0;7;False;True;False;False
6;1;0.0;0;False;18.32;60.0;11.0;88;True;False;False;False
3;4;0.0;6;False;11.74;94.0;0.0;2;False;True;False;False
1;16;0.0;4;True;4.22;41.0;22.0;193;True;False;False;False
5;6;0.0;5;True;17.38;94.0;7.0;135;True;False;False;False
1;8;0.0;6;False;1.4;80.0;6.0;91;True;False;False;False
10;13;0.0;3;True;11.74;50.0;15.0;213;True;False;False;False
7;13;0.0;5;True;34.3;27.0;7.0;293;True;False;False;False
12;23;0.0;6;False;7.04;81.0;0.0;126;False;True;False;False
12;19;0.0;0;False;6.1;42.0;0.0;58;True;False;False;False
5;11;0.0;6;False;24.9;58.0;6.0;575;True;False;False;False
6;13;0.0;5;True;33.36;39.0;15.0;300;True;False;False;False
1;4;0.0;2;True;7.04;66.0;22.0;2;False;False;False;True
4;9;0.0;5;True;7.98;42.0;22.0;376;True;False;False;False
6;22;0.0;6;False;24.9;58.0;11.0;214;True;False;False;False
1;8;0.0;0;False;4.22;87.0;7.0;14;True;False;False;False
6;20;0.0;2;True;24.9;30.0;19.0;505;True;False;False;False
5;22;0.0;0;False;21.14;61.0;11.0;131;False;True;False;False
2;23;0.0;4;True;12.68;54.0;0.0;85;True;False;False;False
4;14;0.0;2;True;18.32;21.0;15.0;311;True;False;False;False
7;23;0.0;4;True;23.02;89.0;15.0;65;False;False;False;True
5;7;0.0;1;True;14.56;82.0;7.0;385;False;True;False;False
2;7;1.0;1;False;2.34;55.0;22.0;44;False;True;False;False
7;22;0.0;2;True;23.96;74.0;17.0;257;True;False;False;False
7;9;0.0;0;False;25.84;79.0;0.0;221;False;True;False;False
11;8;0.0;4;True;1.4;69.0;7.0;679;True;False;False;False
12;11;0.0;2;True;8.92;53.0;24.0;173;False;True;False;False
2;13;0.0;0;False;6.1;49.0;11.0;261;True;False;False;False
4;3;0.0;1;True;10.8;76.0;11.0;4;True;False;False;False
4;4;0.0;1;True;12.68;24.0;13.0;5;True;False;False;False
2;14;0.0;1;True;10.8;35.0;11.0;140;True;False;False;False
5;20;0.0;4;True;23.02;69.0;19.0;398;False;True;False;False
11;15;0.0;5;True;13.62;36.0;15.0;356;True;False;False;False
1;20;0.0;0;False;-0.48;86.0;11.0;74;False;False;False;True
3;23;0.0;3;True;17.38;77.0;0.0;125;True;False;False;False
6;19;0.0;1;True;21.14;38.0;28.0;645;True;False;False;False
7;7;0.0;2;True;26.78;70.0;0.0;526;False;True;False;False
2;16;0.0;0;False;6.1;56.0;15.0;296;True;False;False;False
7;9;0.0;4;True;27.72;58.0;19.0;318;False;True;False;False
6;14;0.0;4;True;32.42;25.0;22.0;254;True;False;False;False
2;1;0.0;0;False;7.04;39.0;17.0;72;False;True;False;False
5;22;0.0;2;True;20.2;78.0;17.0;147;False;False;False;True
4;6;0.0;0;False;8.92;37.0;0.0;28;True;False;False;False
1;7;0.0;2;True;7.04;93.0;9.0;232;False;True;False;False
4;20;0.0;1;True;16.44;59.0;13.0;309;False;True;False;False
11;14;0.0;6;False;7.04;33.0;31.0;207;True;False;False;False
6;12;0.0;4;True;31.48;26.0;19.0;276;True;False;False;False
4;16;0.0;1;True;18.32;30.0;28.0;391;True;False;False;False
9;15;0.0;2;True;29.6;59.0;31.0;292;True;False;False;False
12;13;0.0;3;True;7.98;42.0;0.0;238;False;True;False;False
2;4;0.0;6;False;6.1;42.0;22.0;2;True;False;False;False
4;21;0.0;5;True;12.68;33.0;20.0;208;True;False;False;False
2;16;0.0;3;True;10.8;82.0;15.0;167;False;False;False;True
2;16;0.0;1;True;8.92;23.0;13.0;211;True;False;False;False
10;13;0.0;6;False;13.62;36.0;13.0;670;True;False;False;False
6;8;0.0;3;True;21.14;73.0;35.0;713;False;True;False;False
11;20;0.0;5;True;8.92;46.0;17.0;227;True;False;False;False
11;4;0.0;4;True;7.98;66.0;7.0;10;False;True;False;False
9;8;0.0;5;True;20.2;83.0;6.0;705;True;False;False;False
8;3;0.0;4;True;21.14;73.0;17.0;4;True;False;False;False
7;0;0.0;4;True;23.02;65.0;13.0;92;True;False;False;False
3;19;0.0;6;False;13.62;94.0;9.0;133;False;False;False;True
1;6;0.0;3;True;7.98;36.0;35.0;88;True;False;False;False
6;1;0.0;0;False;22.08;73.0;9.0;116;True;False;False;False
4;19;0.0;1;True;7.98;76.0;15.0;298;False;True;False;False
12;16;0.0;3;True;13.62;33.0;19.0;377;True;False;False;False
7;18;0.0;4;True;27.72;45.0;9.0;825;True;False;False;False
1;3;0.0;6;False;7.04;57.0;7.0;20;True;False;False;False
7;20;0.0;3;True;26.78;62.0;6.0;366;True;False;False;False
4;2;0.0;0;False;8.92;87.0;7.0;40;False;True;False;False
6;11;0.0;1;True;27.72;48.0;15.0;202;False;True;False;False
5;11;0.0;2;True;23.02;65.0;19.0;229;False;True;False;False
4;0;0.0;3;True;14.56;48.0;0.0;41;True;False;False;False
5;2;0.0;5;True;21.14;83.0;0.0;23;False;True;False;False
2;21;1.0;1;False;6.1;39.0;11.0;98;True;False;False;False
1;12;0.0;2;True;0.46;37.0;35.0;74;True;False;False;False
1;14;0.0;6;False;3.28;41.0;20.0;231;True;False;False;False
11;22;0.0;1;True;7.04;61.0;0.0;104;True;False;False;False
3;17;0.0;2;True;24.9;37.0;7.0;676;True;False;False;False
11;3;0.0;2;True;7.98;71.0;7.0;2;False;True;False;False
9;15;0.0;4;True;26.78;66.0;13.0;270;True;False;False;False
9;4;0.0;3;True;24.9;79.0;19.0;5;True;False;False;False
1;14;0.0;1;True;2.34;75.0;11.0;50;False;False;False;True
8;7;0.0;3;True;24.9;84.0;11.0;482;False;True;False;False
6;3;0.0;0;False;17.38;64.0;7.0;28;True;False;False;False
2;1;0.0;2;True;4.22;56.0;0.0;7;True;False;False;False
9;17;0.0;4;True;26.78;70.0;17.0;808;True;False;False;False
3;3;0.0;0;False;8.92;43.0;9.0;26;False;True;False;False
1;11;0.0;5;True;1.4;32.0;24.0;123;False;True;False;False
5;2;0.0;3;True;18.32;94.0;13.0;19;True;False;False;False
1;16;0.0;4;True;10.8;71.0;6.0;224;False;True;False;False
12;15;0.0;4;True;4.22;56.0;30.0;120;False;True;False;False
1;2;1.0;1;False;-1.42;46.0;0.0;17;True;False;False;False
1;23;0.0;3;True;-0.48;47.0;20.0;38;True;False;False;False
4;16;0.0;2;True;15.5;23.0;13.0;362;True;False;False;False
11;0;0.0;4;True;5.16;61.0;15.0;15;False;False;False;True
10;20;0.0;2;True;21.14;94.0;9.0;306;False;False;False;True
6;14;0.0;0;False;31.48;30.0;9.0;500;True;False;False;False
5;19;0.0;3;True;21.14;83.0;11.0;376;False;True;False;False
2;18;0.0;6;False;2.34;47.0;44.0;108;False;True;False;False
6;7;0.0;3;True;20.2;83.0;20.0;505;True;False;False;False
1;18;0.0;1;True;7.98;23.0;11.0;410;True;False;False;False
1;15;0.0;6;False;1.4;80.0;13.0;119;False;False;False;True
9;9;0.0;4;True;18.32;60.0;6.0;355;True;False;False;False
4;2;0.0;3;True;13.62;51.0;0.0;5;True;False;False;False
12;17;0.0;3;True;7.04;53.0;15.0;561;False;True;False;False
3;2;0.0;4;True;13.62;94.0;19.0;6;False;True;False;False
9;22;0.0;3;True;21.14;69.0;13.0;215;False;False;False;True
6;12;0.0;4;True;23.02;61.0;15.0;265;False;True;False;False
5;6;0.0;4;True;13.62;88.0;11.0;136;False;True;False;False
2;22;0.0;6;False;-1.42;39.0;26.0;46;False;True;False;False
7;4;1.0;3;False;23.96;69.0;17.0;16;True;False;False;False
11;13;0.0;0;False;4.22;41.0;11.0;195;False;True;False;False
2;8;0.0;5;True;4.22;100.0;0.0;520;False;True;False;False
12;11;0.0;6;False;1.4;93.0;6.0;45;False;False;False;True
4;11;0.0;3;True;16.44;32.0;9.0;219;True;False;False;False
2;9;0.0;3;True;7.04;61.0;22.0;231;True;False;False;False
1;11;0.0;5;True;6.1;56.0;11.0;138;True;False;False;False
8;1;0.0;0;False;22.08;65.0;0.0;131;True;False;False;False
1;19;0.0;2;True;15.5;29.0;19.0;328;True;False;False;False
8;18;0.0;3;True;26.78;42.0;11.0;812;True;False;False;False
12;7;0.0;1;True;9.86;94.0;17.0;294;False;True;False;False
9;11;0.0;4;True;24.9;84.0;11.0;62;False;False;False;True
1;16;0.0;2;True;17.38;26.0;30.0;307;True;False;False;False
11;15;0.0;6;False;6.1;36.0;31.0;198;True;False;False;False
2;11;0.0;4;True;3.28;52.0;15.0;99;True;False;False;False
1;13;0.0;5;True;10.8;43.0;19.0;204;True;False;False;False
10;19;0.0;2;True;21.14;94.0;0.0;395;False;False;False;True
6;11;0.0;4;True;23.02;47.0;15.0;237;True;False;False;False
2;23;0.0;5;True;4.22;70.0;7.0;77;True;False;False;False
3;12;0.0;2;True;20.2;60.0;19.0;244;True;False;False;False
3;7;0.0;2;True;13.62;82.0;19.0;308;False;True;False;False
9;10;0.0;2;True;21.14;38.0;0.0;196;True;False;False;False
11;16;0.0;2;True;11.74;62.0;6.0;395;False;True;False;False
9;22;0.0;0;False;16.44;48.0;0.0;138;True;False;False;False
11;16;0.0;2;True;9.86;40.0;20.0;310;True;False;False;False
8;7;0.0;4;True;24.9;84.0;11.0;475;False;True;False;False
12;12;0.0;6;False;10.8;87.0;15.0;486;False;True;False;False
9;4;0.0;5;True;15.5;77.0;0.0;10;True;False;False;False
11;9;0.0;6;False;7.98;49.0;15.0;248;True;False;False;False
4;1;0.0;3;True;16.44;34.0;13.0;14;True;False;False;False
10;11;0.0;2;True;20.2;53.0;0.0;253;True;False;False;False
11;6;0.0;3;True;3.28;65.0;13.0;146;True;False;False;False
6;22;0.0;3;True;30.54;46.0;7.0;257;True;False;False;False
10;17;0.0;0;False;16.44;39.0;17.0;491;True;False;False;False
7;1;0.0;6;False;27.72;70.0;11.0;71;True;False;False;False
7;16;0.0;5;True;23.96;83.0;22.0;436;False;True;False;False
8;7;0.0;6;False;20.2;83.0;15.0;64;True;False;False;False
9;17;0.0;2;True;27.72;70.0;24.0;856;True;False;False;False
2;3;0.0;4;True;6.1;61.0;0.0;1;False;True;False;False
5;10;0.0;4;True;24.9;39.0;26.0;220;True;False;False;False
5;19;0.0;0;False;27.72;58.0;13.0;442;True;False;False;False
8;17;0.0;2;True;28.66;62.0;9.0;868;False;True;False;False
9;15;0.0;4;True;23.02;47.0;13.0;291;True;False;False;False
3;5;0.0;6;False;2.34;42.0;19.0;10;True;False;False;False
10;8;0.0;3;True;10.8;76.0;0.0;817;False;True;False;False
9;13;0.0;2;True;22.08;47.0;17.0;305;True;False;False;False
2;16;0.0;1;True;10.8;43.0;17.0;228;True;False;False;False
10;19;0.0;2;True;15.5;68.0;13.0;115;False;True;False;False
5;21;0.0;2;True;20.2;88.0;30.0;71;False;False;False;True
7;11;0.0;0;False;30.54;52.0;11.0;451;True;False;False;False
5;16;0.0;4;True;23.96;57.0;11.0;370;True;False;False;False
2;6;0.0;6;False;6.1;42.0;20.0;13;False;True;False;False
9;7;0.0;6;False;23.02;89.0;19.0;82;True;False;False;False
2;20;0.0;0;False;6.1;52.0;19.0;103;False;True;False;False
12;6;0.0;5;True;-0.48;80.0;7.0;113;True;False;False;False
9;5;0.0;3;True;18.32;73.0;15.0;36;True;False;False;False
9;22;0.0;5;True;24.9;74.0;15.0;299;True;False;False;False
3;5;0.0;1;True;12.68;94.0;0.0;31;True;False;False;False
8;17;0.0;2;True;27.72;66.0;17.0;812;False;False;False;True
6;1;0.0;2;True;20.2;78.0;11.0;14;False;True;False;False
12;9;0.0;2;True;7.98;61.0;26.0;334;True;False;False;False
5;1;0.0;6;False;22.08;83.0;9.0;82;True;False;False;False
2;19;0.0;1;True;15.5;29.0;26.0;334;True;False;False;False
4;15;0.0;0;False;18.32;37.0;9.0;603;True;False;False;False
11;0;0.0;5;True;5.16;65.0;0.0;32;True;False;False;False
9;19;0.0;1;True;16.44;39.0;9.0;590;True;False;False;False
8;14;0.0;1;True;29.6;33.0;7.0;248;True;False;False;False
3;10;0.0;0;False;7.04;49.0;19.0;218;True;False;False;False
9;6;0.0;1;True;15.5;72.0;9.0;180;True;False;False;False
12;11;0.0;4;True;7.98;57.0;15.0;190;False;True;False;False
1;17;0.0;2;True;17.38;26.0;28.0;559;True;False;False;False
9;6;0.0;3;True;24.9;79.0;19.0;210;True;False;False;False
5;13;1.0;1;False;29.6;63.0;19.0;556;True;False;False;False
2;6;0.0;4;True;6.1;70.0;6.0;87;False;True;False;False
12;1;0.0;1;True;2.34;69.0;0.0;11;True;False;False;False
4;14;0.0;1;True;18.32;28.0;37.0;218;True;False;False;False
11;6;0.0;3;True;4.22;56.0;19.0;118;False;True;False;False
6;13;0.0;4;True;24.9;37.0;19.0;315;True;False;False;False
5;15;0.0;2;True;26.78;45.0;15.0;234;False;True;False;False
9;7;0.0;5;True;18.32;94.0;0.0;394;False;True;False;False
12;15;0.0;1;True;11.74;88.0;0.0;211;False;True;False;False
4;17;0.0;0;False;21.14;22.0;20.0;411;True;False;False;False
3;18;0.0;3;True;24.9;32.0;0.0;749;True;False;False;False
5;7;0.0;2;True;23.02;78.0;15.0;450;True;False;False;False
11;15;0.0;0;False;18.32;37.0;15.0;724;True;False;False;False
10;5;0.0;5;True;16.44;77.0;0.0;41;True;False;False;False
11;19;0.0;1;True;7.98;53.0;0.0;371;True;False;False;False
1;6;0.0;3;True;1.4;86.0;9.0;74;True;False;False;False
3;2;0.0;1;True;3.28;48.0;9.0;4;True;False;False;False
11;22;1.0;1;False;16.44;77.0;17.0;112;True;False;False;False
7;2;0.0;1;True;23.02;94.0;6.0;17;False;True;False;False
6;13;0.0;6;False;33.36;30.0;17.0;428;True;False;False;False
2;18;0.0;4;True;10.8;43.0;31.0;410;True;False;False;False
2;3;0.0;4;True;12.68;67.0;13.0;6;False;False;False;True
8;23;0.0;0;False;21.14;73.0;0.0;46;False;True;False;False
12;2;0.0;6;False;4.22;44.0;35.0;23;True;False;False;False
3;17;0.0;0;False;7.98;31.0;37.0;263;True;False;False;False
11;20;0.0;5;True;7.04;66.0;0.0;245;True;False;False;False
11;21;0.0;3;True;6.1;56.0;0.0;213;True;False;False;False
8;3;0.0;2;True;18.32;88.0;0.0;3;True;False;False;False
9;18;0.0;2;True;22.08;41.0;15.0;822;True;False;False;False
4;19;0.0;1;True;16.44;34.0;24.0;421;True;False;False;False
8;14;0.0;6;False;29.6;49.0;20.0;538;True;False;False;False
3;20;0.0;4;True;19.26;60.0;24.0;330;False;True;False;False
11;11;1.0;4;False;11.74;41.0;6.0;232;True;False;False;False
8;13;0.0;5;True;27.72;58.0;24.0;290;False;True;False;False
3;5;0.0;5;True;15.5;94.0;0.0;34;False;True;False;False
9;3;0.0;5;True;21.14;83.0;6.0;9;True;False;False;False
7;1;0.0;2;True;23.96;79.0;11.0;17;True;False;False;False
4;0;0.0;3;True;7.98;36.0;28.0;30;True;False;False;False
12;18;0.0;5;True;4.22;56.0;20.0;243;False;True;False;False
1;17;0.0;5;True;11.74;50.0;39.0;422;True;False;False;False
3;3;0.0;5;True;7.98;61.0;9.0;7;True;False;False;False
1;13;0.0;6;False;2.34;44.0;19.0;220;True;False;False;False
5;21;0.0;4;True;22.08;78.0;11.0;285;False;False;False;True
9;18;0.0;6;False;30.54;52.0;0.0;442;False;True;False;False
10;8;0.0;4;True;13.62;82.0;17.0;834;True;False;False;False
4;21;0.0;5;True;15.5;36.0;0.0;189;True;False;False;False
1;2;0.0;0;False;0.46;74.0;19.0;47;False;True;False;False
7;7;0.0;0;False;26.78;70.0;0.0;50;True;False;False;False
6;23;0.0;1;True;20.2;78.0;13.0;74;False;False;False;True
7;5;0.0;6;False;22.08;73.0;7.0;5;False;True;False;False
6;3;0.0;4;True;25.84;74.0;0.0;11;True;False;False;False
4;22;0.0;2;True;12.68;35.0;7.0;157;True;False;False;False
8;2;0.0;6;False;25.84;84.0;9.0;84;True;False;False;False
11;8;0.0;6;False;7.04;76.0;0.0;146;True;False;False;False
5;22;0.0;4;True;22.08;78.0;7.0;243;False;True;False;False
6;5;0.0;4;True;14.56;82.0;6.0;34;True;False;False;False
7;2;0.0;5;True;27.72;62.0;9.0;17;True;False;False;False
2;1;0.0;6;False;7.04;49.0;11.0;45;True;False;False;False
11;6;0.0;6;False;3.28;70.0;15.0;21;True;False;False;False
9;5;1.0;1;False;23.02;89.0;0.0;4;True;False;False;False
4;15;0.0;5;True;22.08;47.0;13.0;407;True;False;False;False
1;10;0.0;4;True;6.1;81.0;9.0;108;False;True;False;False
3;18;0.0;0;False;16.44;29.0;19.0;389;True;False;False;False
5;15;0.0;3;True;24.9;61.0;0.0;257;False;True;False;False
5;10;0.0;2;True;19.26;68.0;28.0;157;False;True;False;False
10;0;0.0;6;False;13.62;82.0;9.0;123;True;False;False;False
3;21;0.0;6;False;6.1;39.0;15.0;110;True;False;False;False
1;16;0.0;6;False;18.32;37.0;19.0;401;False;True;False;False
4;21;0.0;1;True;7.04;81.0;15.0;152;False;True;False;False
6;9;0.0;3;True;22.08;69.0;39.0;352;False;True;False;False
11;12;0.0;4;True;8.92;40.0;11.0;236;True;False;False;False
12;9;0.0;6;False;4.22;81.0;0.0;49;False;True;False;False
8;8;0.0;2;True;20.2;78.0;9.0;723;True;False;False;False
7;5;0.0;4;True;25.84;62.0;0.0;29;True;False;False;False
4;15;0.0;5;True;16.44;29.0;33.0;324;True;False;False;False
6;22;0.0;2;True;23.02;34.0;17.0;245;True;False;False;False
5;20;0.0;3;True;23.02;65.0;17.0;459;True;False;False;False
1;9;0.0;0;False;-2.36;54.0;13.0;90;True;False;False;False
10;12;0.0;0;False;14.56;59.0;33.0;491;False;True;False;False
3;11;0.0;4;True;18.32;60.0;9.0;211;True;False;False;False
10;10;0.0;6;False;21.14;69.0;19.0;539;True;False;False;False
6;1;0.0;3;True;22.08;78.0;0.0;28;True;False;False;False
3;5;0.0;1;True;1.4;55.0;6.0;18;True;False;False;False
9;8;0.0;1;True;17.38;77.0;6.0;683;True;False;False;False
6;9;0.0;1;True;24.9;65.0;13.0;268;True;False;False;False
8;2;0.0;2;True;19.26;88.0;19.0;8;False;True;False;False
6;18;0.0;1;True;29.6;43.0;20.0;831;False;True;False;False
7;19;0.0;3;True;26.78;48.0;15.0;633;True;False;False;False
3;9;0.0;6;False;16.44;83.0;9.0;249;False;True;False;False
1;6;0.0;1;True;2.34;44.0;17.0;80;True;False;False;False
1;4;0.0;4;True;1.4;59.0;6.0;5;False;True;False;False
5;13;0.0;1;True;20.2;83.0;17.0;184;False;False;False;True
11;2;0.0;3;True;4.22;75.0;15.0;1;False;True;False;False
10;16;0.0;6;False;15.5;31.0;13.0;637;True;False;False;False
5;16;0.0;0;False;25.84;42.0;17.0;564;True;False;False;False
3;4;0.0;1;True;1.4;55.0;6.0;1;True;False;False;False
8;14;0.0;2;True;30.54;41.0;15.0;255;True;False;False;False
4;22;0.0;4;True;11.74;35.0;13.0;158;True;False;False;False
11;13;0.0;5;True;13.62;38.0;20.0;299;True;False;False;False
10;10;0.0;6;False;10.8;43.0;0.0;347;True;False;False;False
8;2;0.0;5;True;23.02;69.0;0.0;16;True;False;False;False
2;16;0.0;2;True;8.92;46.0;28.0;254;True;False;False;False
10;18;0.0;5;True;18.32;78.0;9.0;665;False;True;False;False
9;13;0.0;5;True;29.6;59.0;17.0;354;True;False;False;False
11;0;0.0;0;False;6.1;70.0;11.0;129;False;True;False;False
11;20;0.0;2;True;9.86;76.0;0.0;235;False;True;False;False
2;12;0.0;4;True;15.5;42.0;17.0;224;True;False;False;False
3;0;0.0;1;True;14.56;82.0;7.0;23;True;False;False;False
7;17;0.0;6;False;24.9;79.0;11.0;458;False;False;False;True
9;10;0.0;2;True;18.32;52.0;20.0;170;True;False;False;False
5;15;0.0;0;False;24.9;39.0;28.0;502;False;True;False;False
5;13;0.0;4;True;26.78;35.0;9.0;293;True;False;False;False
7;6;0.0;6;False;19.26;88.0;17.0;15;False;False;False;True
3;22;0.0;4;True;9.86;50.0;17.0;126;True;False;False;False
6;2;0.0;2;True;20.2;78.0;9.0;15;False;True;False;False
5;15;0.0;1;True;21.14;73.0;11.0;196;False;True;False;False
1;13;0.0;0;False;1.4;34.0;19.0;224;True;False;False;False
4;13;0.0;3;True;20.2;46.0;17.0;251;False;True;False;False
12;17;0.0;2;True;10.8;47.0;30.0;572;True;False;False;False
6;6;0.0;2;True;20.2;78.0;7.0;161;False;True;False;False
5;17;0.0;3;True;26.78;48.0;6.0;839;True;False;False;False
6;14;0.0;2;True;19.26;46.0;11.0;276;False;True;False;False
8;6;0.0;5;True;22.08;89.0;20.0;44;False;False;False;True
11;13;0.0;2;True;12.68;58.0;0.0;267;False;True;False;False
4;20;0.0;6;False;9.86;66.0;0.0;102;False;True;False;False
4;1;0.0;6;False;10.8;58.0;9.0;70;True;False;False;False
1;20;0.0;2;True;10.8;58.0;7.0;238;True;False;False;False
1;9;0.0;4;True;6.1;81.0;0.0;274;False;True;False;False
3;10;0.0;5;True;10.8;87.0;6.0;180;False;True;False;False
7;12;1.0;3;False;32.42;41.0;15.0;494;True;False;False;False
12;11;0.0;4;True;4.22;48.0;11.0;178;True;False;False;False
11;13;0.0;5;True;10.8;40.0;11.0;262;False;True;False;False
10;10;0.0;6;False;16.44;52.0;9.0;423;True;False;False;False
12;6;0.0;1;True;9.86;94.0;11.0;123;False;True;False;False
1;5;1.0;1;False;-2.36;54.0;6.0;6;True;False;False;False
10;17;0.0;4;True;15.5;39.0;19.0;827;True;False;False;False
9;19;0.0;5;True;21.14;50.0;17.0;508;False;False;False;True
3;5;0.0;5;True;10.8;66.0;19.0;29;False;False;False;True
4;23;0.0;4;True;15.5;88.0;11.0;112;True;False;False;False
6;8;0.0;0;False;22.08;73.0;6.0;181;True;False;False;False
10;10;0.0;6;False;17.38;73.0;19.0;479;True;False;False;False
12;23;0.0;1;True;11.74;94.0;15.0;47;False;False;False;True
10;17;0.0;0;False;10.8;82.0;15.0;157;False;False;False;True
11;16;0.0;4;True;11.74;16.0;26.0;339;True;False;False;False
2;22;0.0;2;True;7.98;46.0;7.0;101;True;False;False;False
12;19;0.0;3;True;6.1;87.0;13.0;35;False;False;False;True
3;13;0.0;3;True;23.02;27.0;15.0;254;True;False;False;False
2;3;0.0;6;False;6.1;45.0;20.0;7;True;False;False;False
2;10;0.0;3;True;10.8;62.0;9.0;133;True;False;False;False
11;13;0.0;4;True;9.86;32.0;9.0;224;True;False;False;False
2;19;0.0;3;True;9.86;43.0;11.0;311;True;False;False;False
7;4;0.0;3;True;22.08;65.0;15.0;4;True;False;False;False
6;6;0.0;5;True;24.9;61.0;11.0;163;False;True;False;False
11;16;0.0;6;False;5.16;38.0;30.0;170;True;False;False;False
3;0;0.0;2;True;7.04;26.0;35.0;10;True;False;False;False
12;0;0.0;1;True;0.46;55.0;13.0;34;True;False;False;False
2;0;0.0;4;True;13.62;59.0;9.0;31;True;False;False;False
8;19;0.0;3;True;26.78;66.0;17.0;652;True;False;False;False
10;19;0.0;1;True;16.44;52.0;7.0;514;True;False;False;False
8;2;0.0;4;True;23.02;83.0;6.0;11;True;False;False;False
3;12;0.0;5;True;23.02;61.0;15.0;471;False;True;False;False
6;6;0.0;2;True;14.56;82.0;17.0;184;True;False;False;False
5;0;0.0;4;True;15.5;77.0;11.0;33;False;False;False;True
8;13;0.0;2;True;29.6;52.0;13.0;253;False;True;False;False
8;21;0.0;2;True;26.78;62.0;15.0;308;True;False;False;False
9;12;0.0;6;False;29.6;55.0;33.0;694;True;False;False;False
12;7;1.0;2;False;2.34;93.0;11.0;6;False;True;False;False
7;19;0.0;1;True;26.78;55.0;11.0;631;True;False;False;False
3;2;0.0;1;True;13.62;88.0;11.0;8;True;False;False;False
10;15;1.0;1;False;11.74;58.0;13.0;370;False;False;False;True
9;8;0.0;2;True;23.02;83.0;37.0;672;False;True;False;False
9;21;0.0;0;False;20.2;46.0;15.0;206;True;False;False;False
12;1;0.0;6;False;4.22;81.0;0.0;69;True;False;False;False
1;18;0.0;6;False;17.38;45.0;9.0;297;True;False;False;False
8;3;0.0;6;False;25.84;84.0;9.0;30;True;False;False;False
10;15;0.0;3;True;20.2;40.0;11.0;319;True;False;False;False
10;13;0.0;3;True;18.32;49.0;0.0;297;True;False;False;False
1;22;0.0;3;True;7.98;87.0;13.0;49;False;False;False;True
1;17;0.0;2;True;11.74;67.0;6.0;515;True;False;False;False
1;8;1.0;1;False;-3.3;58.0;11.0;78;True;False;False;False
6;14;0.0;0;False;31.48;30.0;20.0;551;True;False;False;False
12;10;0.0;0;False;4.22;41.0;39.0;122;True;False;False;False
8;12;0.0;3;True;29.6;52.0;0.0;280;False;True;False;False
8;11;0.0;1;True;26.78;66.0;13.0;229;True;False;False;False
3;17;0.0;4;True;18.32;35.0;20.0;600;True;False;False;False
2;21;0.0;3;True;3.28;87.0;13.0;129;False;False;False;True
4;17;0.0;4;True;20.2;43.0;6.0;748;True;False;False;False
11;9;0.0;2;True;7.04;81.0;9.0;268;False;True;False;False
9;9;0.0;1;True;19.26;68.0;9.0;299;True;False;False;False
2;8;0.0;0;False;3.28;75.0;11.0;62;False;True;False;False
6;19;0.0;2;True;19.26;46.0;17.0;513;True;False;False;False
3;4;0.0;1;True;12.68;82.0;11.0;4;True;False;False;False
9;16;0.0;6;False;21.14;41.0;17.0;722;True;False;False;False
9;17;0.0;0;False;27.72;66.0;6.0;503;True;False;False;False
10;7;0.0;2;True;9.86;83.0;17.0;362;True;False;False;False
7;5;0.0;4;True;25.84;70.0;7.0;40;False;True;False;False
8;4;0.0;5;True;22.08;73.0;11.0;9;True;False;False;False
2;19;0.0;3;True;17.38;52.0;19.0;335;True;False;False;False
12;5;0.0;1;True;-0.48;64.0;13.0;9;True;False;False;False
7;22;0.0;0;False;30.54;43.0;9.0;151;True;False;False;False
4;19;0.0;4;True;17.38;77.0;15.0;464;False;True;False;False
1;2;1.0;1;False;8.92;34.0;30.0;7;True;False;False;False
10;8;0.0;0;False;15.5;59.0;37.0;173;False;True;False;False
12;14;1.0;2;False;9.86;46.0;20.0;126;True;False;False;False
9;13;0.0;5;True;24.9;54.0;11.0;421;True;False;False;False
1;3;0.0;0;False;7.98;42.0;9.0;32;True;False;False;False
1;12;0.0;0;False;10.8;62.0;19.0;201;True;False;False;False
6;20;0.0;6;False;27.72;35.0;15.0;363;True;False;False;False
7;19;0.0;0;False;27.72;55.0;11.0;443;True;False;False;False
5;7;0.0;5;True;13.62;82.0;7.0;515;True;False;False;False
7;20;0.0;4;True;26.78;48.0;15.0;514;True;False;False;False
2;0;0.0;6;False;7.98;42.0;11.0;86;True;False;False;False
7;9;0.0;1;True;28.66;46.0;17.0;295;True;False;False;False
2;8;0.0;0;False;3.28;56.0;13.0;56;False;True;False;False
2;11;0.0;5;True;8.92;62.0;28.0;142;True;False;False;False
3;3;0.0;0;False;3.28;60.0;9.0;66;True;False;False;False
5;16;0.0;6;False;28.66;55.0;17.0;504;True;False;False;False
11;10;0.0;3;True;7.04;45.0;24.0;171;True;False;False;False
2;12;0.0;4;True;11.74;82.0;0.0;148;True;False;False;False
10;9;0.0;6;False;8.92;50.0;6.0;266;True;False;False;False
3;8;0.0;1;True;12.68;62.0;15.0;657;True;False;False;False
2;17;0.0;4;True;7.98;34.0;9.0;399;True;False;False;False
5;11;0.0;1;True;17.38;73.0;13.0;213;False;True;False;False
3;13;0.0;4;True;19.26;32.0;17.0;211;True;False;False;False
2;1;0.0;6;False;5.16;81.0;9.0;45;False;False;False;True
10;16;0.0;4;True;15.5;36.0;9.0;481;True;False;False;False
11;23;0.0;6;False;8.92;71.0;7.0;146;True;False;False;False
10;13;0.0;2;True;16.44;45.0;19.0;328;True;False;False;False
4;7;0.0;3;True;15.5;39.0;13.0;418;False;True;False;False
10;23;0.0;0;False;18.32;68.0;19.0;105;False;True;False;False
2;3;0.0;3;True;12.68;44.0;13.0;3;True;False;False;False
12;23;0.0;3;True;4.22;87.0;20.0;10;False;False;False;True
10;0;0.0;1;True;10.8;62.0;0.0;31;True;False;False;False
5;23;0.0;5;True;17.38;37.0;13.0;180;True;False;False;False
1;5;0.0;5;True;1.4;80.0;9.0;13;False;True;False;False
9;12;0.0;6;False;21.14;41.0;20.0;682;True;False;False;False
4;2;0.0;4;True;13.62;33.0;30.0;18;True;False;False;False
7;18;0.0;2;True;27.72;62.0;22.0;877;True;False;False;False
7;12;0.0;0;False;24.9;70.0;7.0;504;False;True;False;False
12;4;0.0;3;True;15.5;63.0;30.0;10;True;False;False;False
11;11;0.0;0;False;4.22;41.0;15.0;204;False;True;False;False
12;18;0.0;0;False;6.1;45.0;11.0;93;True;False;False;False
7;19;0.0;1;True;30.54;52.0;11.0;665;True;False;False;False
2;16;0.0;1;True;17.38;26.0;30.0;286;True;False;False;False
4;1;0.0;0;False;8.92;81.0;9.0;42;False;True;False;False
6;11;0.0;6;False;27.72;48.0;15.0;516;True;False;False;False
8;15;0.0;2;True;29.6;52.0;0.0;306;True;False;False;False
2;15;0.0;6;False;7.04;29.0;28.0;232;True;False;False;False
2;21;0.0;0;False;5.16;56.0;7.0;66;True;False;False;False
2;4;0.0;6;False;4.22;70.0;0.0;7;True;False;False;False
3;0;0.0;4;True;11.74;94.0;0.0;11;False;True;False;False
8;17;0.0;4;True;30.54;34.0;15.0;844;True;False;False;False
4;7;0.0;1;True;7.98;66.0;26.0;306;True;False;False;False
6;18;0.0;5;True;25.84;39.0;15.0;693;True;False;False;False
3;9;0.0;1;True;13.62;47.0;19.0;282;True;False;False;False
6;5;0.0;0;False;17.38;68.0;9.0;17;True;False;False;False
6;16;0.0;6;False;34.3;29.0;11.0;373;True;False;False;False
1;7;0.0;6;False;2.34;75.0;0.0;31;True;False;False;False
7;20;0.0;6;False;34.3;37.0;11.0;276;True;False;False;False
2;3;1.0;1;False;3.28;81.0;13.0;8;False;True;False;False
3;23;0.0;0;False;10.8;50.0;11.0;52;True;False;False;False
2;9;0.0;3;True;6.1;81.0;11.0;38;False;False;False;True
6;6;0.0;3;True;22.08;89.0;6.0;165;False;True;False;False
4;13;1.0;1;False;26.78;45.0;20.0;263;True;False;False;False
9;2;0.0;3;True;16.44;72.0;6.0;11;True;False;False;False
1;3;0.0;2;True;-0.48;55.0;19.0;2;True;False;False;False
11;5;0.0;6;False;4.22;41.0;22.0;3;True;False;False;False
12;5;0.0;4;True;4.22;56.0;11.0;33;False;True;False;False
6;21;0.0;4;True;22.08;65.0;11.0;337;True;False;False;False
8;18;0.0;0;False;22.08;89.0;6.0;264;False;True;False;False
4;11;0.0;1;True;7.04;70.0;24.0;101;False;True;False;False
2;8;0.0;3;True;8.92;73.0;7.0;520;False;False;False;True
10;10;1.0;1;False;9.86;68.0;9.0;298;False;True;False;False
4;6;0.0;3;True;7.98;66.0;0.0;106;True;False;False;False
7;12;0.0;5;True;23.96;83.0;11.0;274;False;False;False;True
5;1;0.0;3;True;22.08;89.0;13.0;4;False;False;False;True
4;15;0.0;5;True;17.38;28.0;17.0;352;True;False;False;False
3;9;0.0;0;False;10.8;94.0;17.0;118;False;True;False;False
2;16;0.0;4;True;7.98;81.0;0.0;118;False;False;False;True
9;14;0.0;2;True;20.2;94.0;31.0;143;False;False;False;True
6;18;0.0;4;True;32.42;25.0;15.0;697;True;False;False;False
11;1;1.0;1;False;10.8;76.0;11.0;30;True;False;False;False
10;10;0.0;2;True;12.68;75.0;15.0;164;False;True;False;False
3;21;0.0;6;False;10.8;71.0;22.0;143;False;True;False;False
12;23;0.0;2;True;6.1;52.0;15.0;64;True;False;False;False
12;21;0.0;6;False;5.16;56.0;33.0;60;False;True;False;False
8;15;0.0;5;True;32.42;30.0;31.0;383;True;False;False;False
5;13;0.0;3;True;25.84;42.0;0.0;350;True;False;False;False
4;9;0.0;1;True;6.1;75.0;26.0;272;False;True;False;False
11;18;0.0;0;False;8.92;43.0;15.0;237;True;False;False;False
2;19;0.0;2;True;8.92;46.0;20.0;304;True;False;False;False
11;23;0.0;4;True;7.98;46.0;24.0;87;True;False;False;False
9;2;0.0;2;True;14.56;77.0;11.0;6;True;False;False;False
11;21;0.0;3;True;6.1;39.0;11.0;223;True;False;False;False
1;11;0.0;5;True;3.28;38.0;41.0;114;True;False;False;False
3;14;0.0;2;True;7.04;36.0;15.0;136;True;False;False;False
5;8;0.0;4;True;16.44;55.0;30.0;634;True;False;False;False
9;2;0.0;0;False;16.44;48.0;17.0;95;True;False;False;False
12;18;0.0;1;True;10.8;94.0;6.0;507;False;True;False;False
3;10;0.0;5;True;7.98;36.0;33.0;159;False;True;False;False
10;5;0.0;1;True;9.86;76.0;6.0;46;True;False;False;False
6;4;0.0;2;True;15.5;82.0;13.0;5;False;False;False;True
12;17;0.0;5;True;4.22;56.0;22.0;321;False;True;False;False
5;4;0.0;2;True;18.32;88.0;11.0;7;False;True;False;False
8;11;0.0;5;True;31.48;49.0;19.0;263;False;True;False;False
3;10;0.0;6;False;10.8;87.0;0.0;168;False;True;False;False
3;5;0.0;0;False;7.98;46.0;15.0;5;False;True;False;False
10;6;0.0;6;False;11.74;71.0;0.0;31;True;False;False;False
8;8;0.0;4;True;25.84;74.0;7.0;739;True;False;False;False
5;12;0.0;4;True;20.2;43.0;13.0;348;True;False;False;False
6;1;0.0;1;True;17.38;77.0;15.0;14;True;False;False;False
11;14;0.0;2;True;9.86;46.0;26.0;203;True;False;False;False
1;21;0.0;6;False;8.92;29.0;24.0;127;True;False;False;False
9;3;0.0;5;True;20.2;83.0;9.0;7;False;True;False;False
1;9;1.0;1;False;3.28;35.0;0.0;68;True;False;False;False
8;22;0.0;4;True;26.78;70.0;13.0;262;True;False;False;False
5;2;0.0;3;True;20.2;83.0;11.0;12;False;True;False;False
3;15;0.0;1;True;14.56;29.0;41.0;223;True;False;False;False
4;13;0.0;2;True;21.14;29.0;17.0;239;True;False;False;False
11;7;0.0;0;False;2.34;51.0;7.0;21;False;True;False;False
9;15;0.0;6;False;20.2;43.0;17.0;727;True;False;False;False
6;14;0.0;0;False;22.08;53.0;0.0;582;True;False;False;False
12;7;0.0;4;True;3.28;70.0;15.0;90;True;False;False;False
1;18;0.0;2;True;10.8;62.0;6.0;423;True;False;False;False
3;13;0.0;0;False;8.92;37.0;24.0;364;True;False;False;False
3;11;0.0;5;True;8.92;34.0;24.0;187;False;True;False;False
6;6;0.0;5;True;26.78;66.0;0.0;122;False;True;False;False
12;18;0.0;2;True;15.5;63.0;15.0;731;True;False;False;False
12;22;0.0;4;True;3.28;60.0;19.0;44;False;True;False;False
12;23;1.0;2;False;5.16;65.0;17.0;30;False;True;False;False
8;17;0.0;3;True;26.78;55.0;15.0;783;False;False;False;True
2;20;0.0;1;True;6.1;42.0;11.0;214;True;False;False;False
10;11;0.0;4;True;24.9;70.0;7.0;214;False;True;False;False
9;3;0.0;6;False;18.32;83.0;19.0;45;True;False;False;False
1;9;0.0;3;True;3.28;70.0;17.0;236;True;False;False;False
3;7;0.0;2;True;2.34;37.0;13.0;286;True;False;False;False
6;5;0.0;0;False;21.14;69.0;6.0;13;True;False;False;False
2;4;0.0;0;False;3.28;41.0;13.0;6;True;False;False;False
4;9;0.0;2;True;10.8;47.0;24.0;308;True;False;False;False
3;0;0.0;4;True;17.38;49.0;9.0;60;True;False;False;False
8;3;0.0;5;True;22.08;65.0;7.0;6;True;False;False;False
2;6;0.0;5;True;5.16;96.0;9.0;71;False;True;False;False
3;12;0.0;6;False;6.1;33.0;22.0;329;True;False;False;False
4;5;0.0;2;True;7.98;71.0;9.0;24;True;False;False;False
8;17;0.0;0;False;22.08;89.0;15.0;233;True;False;False;False
7;8;0.0;5;True;27.72;66.0;6.0;676;True;False;False;False
12;1;0.0;5;True;3.28;70.0;13.0;28;False;True;False;False
10;6;0.0;1;True;12.68;77.0;7.0;155;True;False;False;False
12;5;0.0;6;False;4.22;75.0;0.0;3;False;True;False;False
10;21;0.0;0;False;12.68;88.0;28.0;46;False;False;False;True
4;3;0.0;6;False;8.92;66.0;6.0;32;True;False;False;False
2;21;0.0;6;False;3.28;35.0;22.0;85;True;False;False;False
7;22;0.0;3;True;24.9;58.0;9.0;278;True;False;False;False
2;12;0.0;5;True;7.98;46.0;9.0;216;True;False;False;False
12;15;0.0;4;True;8.92;34.0;9.0;280;True;False;False;False
5;23;0.0;3;True;14.56;82.0;13.0;55;False;False;False;True
9;2;0.0;6;False;17.38;56.0;15.0;92;False;True;False;False
5;21;0.0;6;False;25.84;62.0;13.0;251;False;True;False;False
1;18;0.0;6;False;1.4;75.0;26.0;110;False;True;False;False
4;18;0.0;5;True;16.44;25.0;24.0;654;True;False;False;False
8;9;0.0;1;True;23.02;83.0;7.0;342;True;False;False;False
8;19;0.0;6;False;23.02;89.0;7.0;275;False;True;False;False
1;16;0.0;2;True;11.74;38.0;24.0;240;True;False;False;False
7;13;0.0;2;True;35.24;31.0;13.0;221;True;False;False;False
7;18;0.0;0;False;28.66;62.0;7.0;253;True;False;False;False
5;7;0.0;0;False;16.44;83.0;11.0;36;False;False;False;True
2;12;0.0;2;True;6.1;52.0;15.0;172;False;True;False;False
6;2;0.0;5;True;18.32;83.0;7.0;15;True;False;False;False
10;11;0.0;1;True;18.32;37.0;11.0;211;True;False;False;False
6;19;0.0;3;True;24.9;34.0;26.0;671;True;False;False;False
1;1;0.0;5;True;2.34;75.0;0.0;8;True;False;False;False
6;11;0.0;2;True;23.02;69.0;9.0;230;True;False;False;False
5;23;0.0;3;True;23.02;65.0;7.0;160;True;False;False;False
1;5;0.0;0;False;5.16;81.0;7.0;5;True;False;False;False
8;9;0.0;4;True;25.84;54.0;7.0;337;True;False;False;False
1;19;0.0;5;True;1.4;37.0;7.0;192;False;True;False;False
6;18;0.0;6;False;33.36;35.0;0.0;339;True;False;False;False
11;23;0.0;0;False;2.34;69.0;6.0;41;True;False;False;False
3;15;0.0;3;True;24.9;24.0;0.0;283;True;False;False;False
3;6;0.0;4;True;11.74;77.0;17.0;109;True;False;False;False
1;7;0.0;4;True;5.16;81.0;6.0;239;False;True;False;False
4;5;0.0;5;True;7.04;53.0;22.0;23;True;False;False;False
7;18;0.0;4;True;34.3;39.0;22.0;607;False;True;False;False
1;6;0.0;2;True;5.16;52.0;11.0;104;True;False;False;False
1;11;0.0;4;True;7.98;81.0;7.0;119;False;True;False;False
9;17;0.0;6;False;19.26;83.0;13.0;171;False;False;False;True
1;10;0.0;2;True;-0.48;47.0;31.0;60;True;False;False;False
3;12;0.0;1;True;4.22;52.0;0.0;137;False;True;False;False
7;19;0.0;5;True;30.54;52.0;13.0;516;True;False;False;False
3;5;0.0;2;True;16.44;94.0;0.0;20;False;True;False;False
11;11;0.0;5;True;10.8;47.0;20.0;251;True;False;False;False
7;6;0.0;2;True;24.9;65.0;9.0;154;True;False;False;False
2;21;0.0;3;True;14.56;33.0;19.0;239;False;True;False;False
11;2;0.0;0;False;7.04;87.0;7.0;70;True;False;False;False
8;22;0.0;4;True;23.02;69.0;15.0;259;False;True;False;False
8;18;0.0;0;False;28.66;35.0;7.0;491;True;False;False;False
1;20;0.0;4;True;6.1;49.0;0.0;177;True;False;False;False
3;4;0.0;1;True;7.98;61.0;13.0;3;True;False;False;False
6;20;0.0;6;False;30.54;52.0;11.0;292;True;False;False;False
12;21;0.0;0;False;3.28;70.0;0.0;42;True;False;False;False
6;3;0.0;6;False;18.32;73.0;17.0;26;True;False;False;False
7;5;0.0;1;True;23.02;83.0;15.0;28;False;True;False;False
6;17;0.0;3;True;30.54;24.0;26.0;843;True;False;False;False
11;23;0.0;3;True;4.22;48.0;9.0;78;True;False;False;False
4;14;0.0;3;True;12.68;72.0;7.0;51;False;False;False;True
12;2;1.0;2;False;4.22;87.0;11.0;7;False;True;False;False
8;1;0.0;3;True;23.02;83.0;6.0;33;True;False;False;False
7;20;0.0;2;True;26.78;66.0;11.0;523;True;False;False;False
11;8;0.0;3;True;4.22;60.0;19.0;601;False;True;False;False
7;22;0.0;3;True;27.72;58.0;6.0;288;True;False;False;False
4;8;0.0;0;False;8.92;76.0;6.0;125;False;True;False;False
9;1;0.0;2;True;15.5;63.0;0.0;10;True;False;False;False
10;23;0.0;3;True;19.26;68.0;6.0;123;False;True;False;False
3;12;0.0;0;False;12.68;88.0;9.0;503;False;True;False;False
11;12;0.0;1;True;8.92;43.0;22.0;244;True;False;False;False
9;7;0.0;2;True;22.08;89.0;30.0;356;False;True;False;False
4;16;1.0;1;False;29.6;33.0;31.0;358;True;False;False;False
9;17;0.0;0;False;21.14;35.0;19.0;575;True;False;False;False
3;23;0.0;1;True;18.32;78.0;9.0;54;False;True;False;False
4;18;0.0;1;True;17.38;34.0;20.0;646;True;False;False;False
11;0;0.0;3;True;4.22;75.0;17.0;23;False;True;False;False
12;11;0.0;2;True;14.56;63.0;15.0;269;True;False;False;False
10;19;0.0;6;False;16.44;72.0;15.0;300;False;True;False;False
10;18;0.0;4;True;18.32;64.0;22.0;788;False;True;False;False
3;15;0.0;4;True;16.44;39.0;24.0;307;True;False;False;False
9;1;0.0;3;True;19.26;64.0;22.0;29;True;False;False;False
11;2;0.0;0;False;2.34;44.0;24.0;28;True;False;False;False
6;23;0.0;5;True;30.54;63.0;13.0;48;False;False;False;True
6;14;0.0;0;False;23.96;36.0;22.0;678;True;False;False;False
9;1;0.0;3;True;17.38;68.0;17.0;12;False;True;False;False
9;14;0.0;4;True;25.84;39.0;9.0;274;True;False;False;False
8;23;0.0;6;False;27.72;66.0;20.0;222;True;False;False;False
4;0;0.0;3;True;12.68;38.0;0.0;36;True;False;False;False
5;18;0.0;4;True;25.84;54.0;22.0;752;True;False;False;False
12;8;0.0;0;False;10.8;87.0;11.0;69;False;False;False;True
9;7;0.0;2;True;23.96;89.0;7.0;493;False;True;False;False
7;15;0.0;2;True;30.54;49.0;20.0;285;True;False;False;False
9;8;0.0;4;True;24.9;79.0;0.0;646;False;False;False;True
1;8;0.0;5;True;3.28;52.0;24.0;419;True;False;False;False
5;1;0.0;4;True;13.62;88.0;7.0;24;False;True;False;False
1;3;0.0;0;False;4.22;28.0;13.0;21;True;False;False;False
7;2;0.0;2;True;24.9;74.0;9.0;16;True;False;False;False
11;4;0.0;6;False;4.22;41.0;30.0;3;True;False;False;False
3;7;0.0;0;False;10.8;94.0;22.0;39;False;True;False;False
2;0;0.0;4;True;3.28;87.0;11.0;26;False;True;False;False
3;17;0.0;3;True;20.2;69.0;6.0;729;True;False;False;False
4;19;0.0;2;True;16.44;20.0;24.0;479;True;False;False;False
4;9;0.0;4;True;10.8;37.0;17.0;351;True;False;False;False
12;18;0.0;0;False;8.92;93.0;6.0;198;False;False;False;True
10;12;1.0;1;False;11.74;63.0;11.0;341;False;True;False;False
11;5;0.0;4;True;6.1;61.0;15.0;37;False;True;False;False
3;9;0.0;5;True;7.98;42.0;35.0;284;False;True;False;False
3;14;0.0;0;False;8.92;34.0;24.0;332;True;False;False;False
6;10;0.0;5;True;29.6;52.0;24.0;185;True;False;False;False
5;18;0.0;0;False;27.72;58.0;20.0;518;True;False;False;False
8;9;0.0;2;True;24.9;74.0;9.0;327;False;True;False;False
7;9;0.0;3;True;25.84;37.0;20.0;342;True;False;False;False
3;7;0.0;1;True;12.68;72.0;13.0;370;True;False;False;False
4;4;0.0;2;True;7.98;71.0;9.0;2;True;False;False;False
5;11;0.0;2;True;20.2;78.0;0.0;189;False;True;False;False
7;19;0.0;6;False;23.96;83.0;0.0;338;True;False;False;False
1;2;0.0;6;False;8.92;50.0;7.0;38;True;False;False;False
2;22;0.0;4;True;7.04;49.0;28.0;109;True;False;False;False
8;9;0.0;2;True;24.9;79.0;11.0;395;False;True;False;False
8;22;0.0;2;True;24.9;54.0;0.0;216;True;False;False;False
4;11;0.0;2;True;20.2;33.0;28.0;239;True;False;False;False
9;16;0.0;3;True;21.14;35.0;0.0;466;True;False;False;False
2;11;1.0;1;False;4.22;48.0;24.0;208;True;False;False;False
7;0;0.0;2;True;24.9;70.0;6.0;69;True;False;False;False
12;4;0.0;1;True;8.92;100.0;0.0;5;False;False;False;True
9;23;0.0;2;True;20.2;56.0;22.0;98;True;False;False;False
5;9;0.0;2;True;25.84;70.0;17.0;257;True;False;False;False
10;22;0.0;5;True;16.44;83.0;9.0;217;False;True;False;False
3;18;0.0;2;True;20.2;69.0;17.0;801;True;False;False;False
2;17;0.0;2;True;11.74;26.0;6.0;530;True;False;False;False
7;12;0.0;3;True;28.66;43.0;0.0;292;False;True;False;False
2;10;0.0;0;False;4.22;41.0;11.0;188;True;False;False;False
5;0;0.0;4;True;20.2;83.0;6.0;56;True;False;False;False
4;21;0.0;0;False;16.44;48.0;9.0;204;True;False;False;False
12;14;0.0;5;True;6.1;49.0;9.0;261;False;True;False;False
7;2;0.0;5;True;24.9;79.0;9.0;26;True;False;False;False
6;0;0.0;6;False;18.32;83.0;9.0;86;False;True;False;False
12;6;0.0;0;False;3.28;52.0;28.0;8;False;True;False;False
5;18;0.0;1;True;19.26;83.0;0.0;300;False;True;False;False
1;19;0.0;0;False;7.04;49.0;13.0;112;True;False;False;False
1;15;0.0;5;True;4.22;33.0;39.0;138;True;False;False;False
3;14;0.0;4;True;21.14;43.0;43.0;203;False;True;False;False
3;17;0.0;2;True;8.92;34.0;19.0;446;True;False;False;False
1;5;0.0;2;True;-1.42;54.0;13.0;12;True;False;False;False
10;2;0.0;4;True;11.74;50.0;9.0;11;True;False;False;False
11;19;0.0;3;True;6.1;56.0;20.0;319;False;True;False;False
12;5;0.0;3;True;2.34;69.0;19.0;11;False;True;False;False
2;18;0.0;1;True;7.98;25.0;17.0;405;True;False;False;False
7;12;0.0;0;False;27.72;55.0;22.0;511;True;False;False;False
9;21;0.0;4;True;21.14;83.0;20.0;253;False;False;False;True
5;1;0.0;4;True;20.2;88.0;6.0;30;True;False;False;False
3;19;0.0;2;True;19.26;73.0;9.0;555;True;False;False;False
9;10;0.0;0;False;19.26;46.0;11.0;479;True;False;False;False
12;23;0.0;4;True;3.28;60.0;17.0;26;False;True;False;False
3;10;0.0;2;True;17.38;88.0;13.0;163;True;False;False;False
7;11;0.0;1;True;29.6;52.0;11.0;198;False;True;False;False
11;8;0.0;5;True;7.04;57.0;7.0;687;True;False;False;False
1;4;0.0;3;True;7.98;46.0;35.0;1;True;False;False;False
1;21;0.0;2;True;7.04;66.0;6.0;116;True;False;False;False
6;3;0.0;5;True;18.32;83.0;11.0;5;True;False;False;False
7;18;0.0;0;False;33.36;32.0;24.0;370;True;False;False;False
8;0;0.0;4;True;22.08;78.0;0.0;60;True;False;False;False
6;18;0.0;3;True;25.84;32.0;30.0;744;True;False;False;False
12;16;0.0;3;True;4.22;87.0;24.0;13;False;False;False;True
12;20;0.0;0;False;11.74;82.0;13.0;154;False;True;False;False
8;15;0.0;3;True;31.48;44.0;13.0;278;False;True;False;False
12;9;0.0;1;True;0.46;64.0;7.0;157;False;True;False;False
2;2;0.0;2;True;10.8;54.0;7.0;3;True;False;False;False
3;21;0.0;2;True;8.92;37.0;11.0;221;True;False;False;False
11;1;0.0;5;True;5.16;81.0;6.0;13;True;False;False;False
2;19;0.0;0;False;6.1;52.0;15.0;69;True;False;False;False
10;20;0.0;3;True;24.9;65.0;0.0;497;True;False;False;False
5;10;0.0;6;False;18.32;49.0;6.0;411;True;False;False;False
4;8;0.0;0;False;10.8;30.0;13.0;84;True;False;False;False
10;10;0.0;1;True;15.5;55.0;0.0;212;True;False;False;False
11;7;0.0;3;True;4.22;56.0;20.0;319;False;True;False;False
11;6;0.0;3;True;4.22;65.0;15.0;136;False;True;False;False
6;13;0.0;1;True;19.26;73.0;9.0;225;False;True;False;False
3;2;0.0;3;True;6.1;56.0;19.0;4;True;False;False;False
2;18;0.0;0;False;7.98;36.0;19.0;216;True;False;False;False
9;0;0.0;2;True;16.44;59.0;7.0;32;True;False;False;False
3;19;0.0;4;True;14.56;39.0;19.0;468;True;False;False;False
6;14;0.0;4;True;33.36;37.0;11.0;176;True;False;False;False
1;23;1.0;1;False;2.34;44.0;17.0;34;True;False;False;False
7;11;0.0;1;True;28.66;55.0;9.0;215;False;True;False;False
5;4;1.0;1;False;20.2;78.0;9.0;6;True;False;False;False
6;15;0.0;6;False;22.08;38.0;17.0;702;True;False;False;False
9;17;0.0;6;False;20.2;38.0;24.0;712;True;False;False;False
7;0;0.0;0;False;20.2;88.0;7.0;113;False;True;False;False
2;18;0.0;2;True;9.86;46.0;20.0;406;False;True;False;False
5;0;0.0;1;True;19.26;88.0;20.0;40;False;False;False;True
8;20;0.0;1;True;26.78;70.0;13.0;416;True;False;False;False
11;14;0.0;3;True;8.92;43.0;9.0;181;True;False;False;False
7;23;0.0;1;True;24.9;65.0;7.0;131;False;True;False;False
7;7;0.0;6;False;22.08;78.0;19.0;48;True;False;False;False
4;3;0.0;6;False;8.92;32.0;17.0;28;True;False;False;False
12;2;0.0;6;False;3.28;70.0;0.0;19;False;True;False;False
7;2;0.0;0;False;30.54;52.0;7.0;70;True;False;False;False
10;3;0.0;0;False;9.86;66.0;6.0;41;True;False;False;False
6;20;0.0;0;False;27.72;48.0;11.0;363;True;False;False;False
8;3;0.0;3;True;21.14;78.0;0.0;7;True;False;False;False
4;7;0.0;3;True;5.16;52.0;9.0;321;True;False;False;False
11;15;0.0;1;True;9.86;40.0;19.0;231;True;False;False;False
3;18;0.0;2;True;11.74;17.0;6.0;644;True;False;False;False
1;11;0.0;1;True;4.22;56.0;6.0;88;False;True;False;False
1;0;0.0;1;True;0.46;86.0;0.0;19;False;True;False;False
2;16;0.0;0;False;7.04;45.0;19.0;212;False;True;False;False
2;21;0.0;5;True;7.98;49.0;7.0;134;True;False;False;False
3;0;0.0;6;False;6.1;36.0;24.0;77;True;False;False;False
2;6;0.0;5;True;1.4;59.0;13.0;64;True;False;False;False
2;16;0.0;6;False;7.98;61.0;11.0;143;False;True;False;False
6;9;0.0;5;True;27.72;55.0;11.0;300;True;False;False;False
1;7;0.0;5;True;4.22;60.0;15.0;177;True;False;False;False
6;1;0.0;5;True;22.08;53.0;15.0;34;True;False;False;False
8;5;0.0;6;False;22.08;73.0;11.0;14;False;True;False;False
12;15;0.0;3;True;4.22;87.0;24.0;13;False;False;False;True
5;22;0.0;0;False;21.14;73.0;22.0;145;True;False;False;False
11;8;0.0;5;True;2.34;80.0;6.0;729;False;True;False;False
4;2;0.0;3;True;7.04;45.0;19.0;2;True;False;False;False
2;14;0.0;3;True;11.74;41.0;24.0;134;True;False;False;False
3;16;0.0;6;False;15.5;63.0;20.0;535;False;True;False;False
11;10;0.0;2;True;6.1;75.0;26.0;94;False;False;False;True
10;19;0.0;4;True;12.68;51.0;9.0;743;True;False;False;False
12;15;0.0;6;False;7.04;33.0;39.0;153;True;False;False;False
9;10;0.0;1;True;21.14;65.0;13.0;202;False;True;False;False
12;13;0.0;5;True;8.92;50.0;15.0;313;True;False;False;False
4;21;0.0;4;True;16.44;55.0;7.0;267;True;False;False;False
7;2;0.0;2;True;25.84;70.0;6.0;7;True;False;False;False
2;5;0.0;5;True;5.16;93.0;11.0;16;False;True;False;False
8;23;0.0;1;True;20.2;83.0;0.0;102;False;True;False;False
1;14;0.0;0;False;-0.48;80.0;11.0;182;False;True;False;False
5;20;0.0;0;False;20.2;64.0;13.0;276;True;False;False;False
5;11;0.0;3;True;19.26;81.0;9.0;184;False;True;False;False
11;15;0.0;3;True;13.62;36.0;6.0;449;True;False;False;False
11;16;0.0;1;True;8.92;43.0;19.0;360;True;False;False;False
1;7;0.0;2;True;0.46;93.0;11.0;222;False;True;False;False
7;13;0.0;3;True;36.18;33.0;0.0;203;True;False;False;False
8;1;0.0;3;True;24.9;61.0;0.0;37;True;False;False;False
3;15;0.0;5;True;25.84;42.0;9.0;472;False;True;False;False
7;23;0.0;2;True;23.02;83.0;11.0;147;False;True;False;False
2;1;0.0;3;True;7.04;49.0;7.0;6;True;False;False;False
7;9;0.0;6;False;28.66;59.0;7.0;337;True;False;False;False
7;15;0.0;4;True;31.48;47.0;6.0;292;True;False;False;False
9;2;0.0;6;False;23.02;89.0;22.0;77;True;False;False;False
6;21;0.0;6;False;22.08;50.0;15.0;290;False;True;False;False
9;22;0.0;4;True;20.2;69.0;9.0;251;True;False;False;False
2;18;0.0;4;True;7.98;87.0;9.0;353;False;False;False;True
9;8;0.0;1;True;15.5;55.0;13.0;750;True;False;False;False
8;1;0.0;2;True;20.2;83.0;9.0;33;False;True;False;False
4;9;0.0;1;True;9.86;54.0;24.0;317;True;False;False;False
7;22;0.0;0;False;26.78;70.0;6.0;122;False;False;False;True
3;15;0.0;0;False;8.92;32.0;35.0;334;True;False;False;False
1;1;0.0;4;True;-1.42;50.0;11.0;5;True;False;False;False
6;9;0.0;1;True;24.9;65.0;9.0;316;True;False;False;False
9;14;0.0;3;True;26.78;48.0;19.0;277;True;False;False;False
6;15;0.0;6;False;31.48;20.0;20.0;555;True;False;False;False
11;16;0.0;0;False;6.1;39.0;15.0;228;True;False;False;False
1;2;0.0;5;True;10.8;76.0;24.0;14;True;False;False;False
10;15;0.0;6;False;15.5;36.0;13.0;615;True;False;False;False
5;5;0.0;4;True;13.62;88.0;17.0;21;False;True;False;False
10;18;0.0;5;True;18.32;83.0;7.0;233;True;False;False;False
8;5;0.0;0;False;25.84;74.0;17.0;19;True;False;False;False
2;14;0.0;2;True;7.04;53.0;26.0;124;False;True;False;False
7;16;0.0;3;True;29.6;29.0;11.0;484;True;False;False;False
6;23;0.0;5;True;21.14;53.0;17.0;222;True;False;False;False
4;3;0.0;6;False;15.5;82.0;15.0;29;True;False;False;False
11;7;0.0;1;True;8.92;66.0;20.0;386;False;True;False;False
7;0;0.0;4;True;26.78;66.0;6.0;66;True;False;False;False
7;16;0.0;2;True;35.24;29.0;11.0;381;True;False;False;False
7;17;0.0;4;True;27.72;43.0;15.0;795;True;False;False;False
1;21;0.0;1;True;4.22;100.0;19.0;120;False;True;False;False
4;0;0.0;4;True;11.74;77.0;0.0;25;False;False;False;True
7;7;0.0;1;True;24.9;84.0;9.0;421;True;False;False;False
3;23;0.0;6;False;8.92;76.0;19.0;112;False;True;False;False
8;8;0.0;3;True;22.08;73.0;6.0;740;True;False;False;False
3;16;0.0;6;False;8.92;23.0;0.0;390;True;False;False;False
4;3;0.0;2;True;9.86;46.0;0.0;3;True;False;False;False
1;8;0.0;1;True;1.4;86.0;9.0;272;False;False;False;True
12;20;0.0;1;True;3.28;93.0;9.0;23;False;False;False;True
7;13;0.0;0;False;36.18;38.0;17.0;337;True;False;False;False
11;8;0.0;1;True;8.92;66.0;20.0;663;False;True;False;False
11;10;0.0;0;False;3.28;48.0;17.0;139;True;False;False;False
8;12;0.0;1;True;27.72;62.0;0.0;283;True;False;False;False
10;23;0.0;4;True;17.38;83.0;0.0;117;False;True;False;False
5;15;0.0;4;True;27.72;33.0;20.0;290;True;False;False;False
2;15;0.0;2;True;11.74;38.0;30.0;145;False;True;False;False
3;7;0.0;6;False;8.92;93.0;9.0;16;False;True;False;False
6;15;0.0;0;False;32.42;28.0;15.0;487;True;False;False;False
8;17;0.0;6;False;26.78;66.0;24.0;512;False;False;False;True
12;5;0.0;3;True;4.22;60.0;13.0;37;True;False;False;False
10;23;0.0;4;True;11.74;58.0;6.0;186;True;False;False;False
5;16;0.0;3;True;24.9;61.0;6.0;278;False;False;False;True
10;4;0.0;3;True;13.62;88.0;7.0;6;False;True;False;False
1;21;0.0;2;True;-3.3;36.0;15.0;68;True;False;False;False
12;15;0.0;5;True;6.1;49.0;0.0;225;False;True;False;False
9;9;0.0;2;True;20.2;49.0;0.0;358;True;False;False;False
1;11;0.0;1;True;4.22;38.0;0.0;99;True;False;False;False
1;21;0.0;5;True;3.28;41.0;19.0;102;True;False;False;False
5;21;1.0;1;False;27.72;66.0;19.0;247;True;False;False;False
9;20;1.0;1;False;25.84;76.0;7.0;261;True;False;False;False
5;18;0.0;4;True;26.78;30.0;13.0;785;True;False;False;False
4;10;0.0;0;False;15.5;25.0;15.0;299;True;False;False;False
1;11;0.0;0;False;-0.48;47.0;15.0;165;True;False;False;False
3;2;0.0;4;True;13.62;63.0;26.0;11;True;False;False;False
4;20;0.0;3;True;22.08;27.0;15.0;372;True;False;False;False
4;4;0.0;6;False;8.92;71.0;7.0;14;True;False;False;False
7;0;0.0;0;False;30.54;56.0;9.0;147;True;False;False;False
7;19;0.0;0;False;31.48;39.0;9.0;382;True;False;False;False
7;9;0.0;1;True;23.02;83.0;11.0;363;False;True;False;False
9;16;0.0;4;True;25.84;58.0;22.0;472;False;True;False;False
2;21;0.0;3;True;7.98;53.0;11.0;178;True;False;False;False
2;3;0.0;0;False;3.28;41.0;13.0;21;True;False;False;False
7;16;0.0;4;True;35.24;33.0;17.0;433;True;False;False;False
5;10;0.0;2;True;21.14;78.0;17.0;174;True;False;False;False
9;20;0.0;3;True;23.02;69.0;13.0;434;True;False;False;False
2;18;0.0;3;True;10.8;87.0;0.0;192;False;False;False;True
9;21;1.0;1;False;25.84;76.0;7.0;184;True;False;False;False
12;13;0.0;6;False;7.98;76.0;0.0;509;False;True;False;False
9;9;0.0;6;False;20.2;43.0;28.0;342;True;False;False;False
8;0;0.0;2;True;20.2;83.0;6.0;59;False;True;False;False
7;3;0.0;2;True;25.84;66.0;0.0;3;True;False;False;False
10;0;0.0;0;False;10.8;71.0;17.0;111;True;False;False;False
12;17;0.0;1;True;10.8;94.0;17.0;495;False;True;False;False
3;1;0.0;3;True;6.1;61.0;20.0;5;True;False;False;False
9;21;0.0;6;False;16.44;55.0;9.0;292;True;False;False;False
1;8;0.0;5;True;2.34;64.0;17.0;425;True;False;False;False
9;18;0.0;4;True;20.2;56.0;17.0;900;True;False;False;False
12;0;0.0;4;True;4.22;48.0;19.0;44;True;False;False;False
9;23;0.0;3;True;18.32;68.0;7.0;127;True;False;False;False
5;6;0.0;3;True;17.38;94.0;6.0;158;True;False;False;False
6;18;0.0;2;True;29.6;55.0;11.0;795;True;False;False;False
6;5;0.0;2;True;20.2;88.0;9.0;29;False;False;False;True
6;16;0.0;2;True;23.02;89.0;19.0;239;False;True;False;False
3;9;0.0;3;True;6.1;61.0;22.0;264;True;False;False;False
9;17;0.0;1;True;22.08;65.0;15.0;842;False;True;False;False
3;19;0.0;5;True;23.02;50.0;13.0;686;True;False;False;False
4;15;0.0;6;False;22.08;27.0;24.0;658;False;True;False;False
9;0;0.0;0;False;23.02;89.0;6.0;99;False;True;False;False
3;8;0.0;6;False;2.34;44.0;20.0;111;True;False;False;False
4;8;0.0;1;True;8.92;57.0;22.0;589;True;False;False;False
1;4;0.0;0;False;7.04;49.0;17.0;6;True;False;False;False
8;10;0.0;1;True;22.08;69.0;6.0;193;False;True;False;False
1;11;0.0;0;False;5.16;28.0;15.0;255;True;False;False;False
8;22;0.0;5;True;24.9;61.0;0.0;251;False;True;False;False
9;6;0.0;6;False;15.5;63.0;17.0;37;True;False;False;False
12;22;0.0;3;True;7.98;61.0;6.0;129;True;False;False;False
5;10;0.0;3;True;23.02;61.0;0.0;192;True;False;False;False
11;9;1.0;1;False;12.68;88.0;7.0;397;True;False;False;False
7;12;0.0;2;True;30.54;56.0;15.0;229;False;True;False;False
12;4;0.0;4;True;2.34;55.0;20.0;9;True;False;False;False
4;5;0.0;0;False;7.98;81.0;6.0;18;False;True;False;False
10;7;0.0;6;False;17.38;83.0;20.0;84;True;False;False;False
10;4;0.0;2;True;11.74;67.0;11.0;7;True;False;False;False
3;19;0.0;2;True;11.74;17.0;0.0;417;True;False;False;False
6;17;0.0;3;True;25.84;32.0;33.0;857;True;False;False;False
2;6;0.0;6;False;2.34;87.0;9.0;5;True;False;False;False
9;9;0.0;0;False;16.44;63.0;7.0;285;True;False;False;False
7;11;0.0;0;False;33.36;39.0;15.0;377;True;False;False;False
5;19;0.0;1;True;19.26;56.0;22.0;546;True;False;False;False
12;23;0.0;1;True;13.62;88.0;17.0;84;True;False;False;False
11;15;0.0;1;True;11.74;35.0;6.0;230;True;False;False;False
11;4;0.0;6;False;4.22;87.0;7.0;6;True;False;False;False
9;4;0.0;5;True;18.32;88.0;7.0;12;False;False;False;True
5;9;0.0;5;True;14.56;41.0;20.0;322;True;False;False;False
1;6;0.0;0;False;-0.48;74.0;15.0;4;False;True;False;False
6;7;0.0;5;True;18.32;83.0;11.0;430;True;False;False;False
10;12;0.0;5;True;17.38;39.0;31.0;387;True;False;False;False
1;12;0.0;6;False;10.8;43.0;15.0;376;True;False;False;False
1;5;0.0;2;True;6.1;100.0;6.0;26;False;True;False;False
6;5;0.0;0;False;15.5;68.0;0.0;12;True;False;False;False
12;12;0.0;6;False;7.04;81.0;6.0;446;False;True;False;False
4;13;0.0;5;True;21.14;43.0;13.0;381;True;False;False;False
12;16;0.0;0;False;5.16;38.0;28.0;133;True;False;False;False
1;14;0.0;5;True;15.5;55.0;37.0;176;True;False;False;False
6;14;0.0;2;True;24.9;30.0;31.0;267;True;False;False;False
2;9;0.0;4;True;1.4;59.0;15.0;238;True;False;False;False
11;21;0.0;2;True;3.28;81.0;19.0;185;True;False;False;False
8;13;0.0;5;True;29.6;41.0;7.0;351;False;True;False;False
9;19;0.0;0;False;21.14;50.0;9.0;403;True;False;False;False
5;17;0.0;3;True;22.08;69.0;7.0;285;False;False;False;True
7;5;0.0;6;False;19.26;88.0;17.0;17;False;False;False;True
6;18;0.0;3;True;20.2;53.0;13.0;782;False;False;False;True
11;20;0.0;2;True;6.1;61.0;15.0;228;True;False;False;False
2;20;0.0;3;True;11.74;88.0;11.0;97;False;False;False;True
7;13;0.0;1;True;32.42;34.0;15.0;236;True;False;False;False
3;6;0.0;5;True;10.8;50.0;24.0;85;False;True;False;False
2;6;0.0;0;False;3.28;52.0;22.0;5;True;False;False;False
2;1;0.0;2;True;5.16;61.0;9.0;14;True;False;False;False
2;16;0.0;5;True;10.8;87.0;13.0;178;False;False;False;True
4;16;0.0;1;True;18.32;60.0;13.0;347;True;False;False;False
3;7;0.0;4;True;11.74;77.0;24.0;334;True;False;False;False
2;8;0.0;6;False;3.28;87.0;0.0;90;True;False;False;False
11;22;0.0;5;True;6.1;75.0;0.0;163;True;False;False;False
5;4;0.0;1;True;18.32;88.0;20.0;7;False;False;False;True
8;16;0.0;2;True;30.54;43.0;15.0;458;True;False;False;False
12;23;0.0;6;False;10.8;94.0;0.0;162;False;True;False;False
11;17;0.0;5;True;9.86;40.0;22.0;638;True;False;False;False
8;11;0.0;2;True;27.72;66.0;6.0;214;False;True;False;False
5;12;0.0;6;False;25.84;58.0;7.0;550;True;False;False;False
1;13;1.0;1;False;3.28;41.0;28.0;228;False;True;False;False
8;2;0.0;0;False;21.14;69.0;6.0;119;False;True;False;False
11;19;0.0;2;True;10.8;71.0;0.0;384;False;True;False;False
7;15;0.0;5;True;24.9;84.0;20.0;216;False;True;False;False
8;22;0.0;0;False;21.14;88.0;6.0;114;True;False;False;False
6;6;0.0;5;True;16.44;68.0;6.0;139;True;False;False;False
6;6;0.0;1;True;16.44;88.0;9.0;37;False;False;False;True
5;2;0.0;1;True;20.2;60.0;20.0;2;True;False;False;False
2;5;0.0;3;True;4.22;75.0;6.0;29;True;False;False;False
6;2;0.0;2;True;23.96;65.0;13.0;6;False;True;False;False
11;6;0.0;2;True;6.1;81.0;11.0;100;False;True;False;False
7;8;0.0;6;False;30.54;63.0;13.0;152;True;False;False;False
4;9;0.0;5;True;11.74;41.0;11.0;330;True;False;False;False
1;16;0.0;5;True;1.4;37.0;11.0;174;False;True;False;False
11;21;1.0;4;False;7.98;61.0;6.0;46;True;False;False;False
6;5;0.0;0;False;21.14;69.0;9.0;8;True;False;False;False
12;21;0.0;1;True;4.22;60.0;11.0;90;True;False;False;False
6;23;0.0;6;False;20.2;53.0;20.0;183;True;False;False;False
11;17;0.0;4;True;10.8;50.0;15.0;689;False;False;False;True
1;10;0.0;5;True;3.28;44.0;30.0;103;True;False;False;False
12;14;0.0;3;True;7.98;46.0;0.0;225;False;True;False;False
9;13;0.0;4;True;22.08;44.0;9.0;336;True;False;False;False
6;14;0.0;1;True;30.54;34.0;19.0;259;False;True;False;False
8;15;0.0;1;True;30.54;46.0;9.0;274;True;False;False;False
6;10;0.0;0;False;21.14;43.0;15.0;404;True;False;False;False
4;16;0.0;4;True;15.5;31.0;13.0;402;True;False;False;False
10;23;0.0;3;True;8.92;57.0;6.0;101;True;False;False;False
11;7;0.0;4;True;1.4;64.0;0.0;362;True;False;False;False
9;4;0.0;6;False;20.2;69.0;24.0;6;False;True;False;False
6;9;0.0;6;False;18.32;60.0;17.0;332;True;False;False;False
2;0;0.0;2;True;4.22;65.0;0.0;12;True;False;False;False
5;20;0.0;4;True;16.44;40.0;22.0;374;True;False;False;False
8;9;0.0;3;True;23.96;65.0;0.0;376;True;False;False;False
6;1;0.0;6;False;22.08;53.0;6.0;123;True;False;False;False
10;10;0.0;5;True;19.26;88.0;13.0;224;False;True;False;False
1;5;0.0;0;False;-0.48;74.0;15.0;3;False;False;False;True
4;18;0.0;0;False;8.92;93.0;30.0;39;False;False;False;True
10;7;0.0;4;True;16.44;88.0;13.0;495;False;True;False;False
12;2;0.0;6;False;4.22;81.0;0.0;50;False;True;False;False
2;22;0.0;4;True;6.1;56.0;0.0;107;False;True;False;False
7;16;0.0;1;True;30.54;52.0;9.0;457;True;False;False;False
5;15;0.0;2;True;24.9;61.0;6.0;256;False;True;False;False
3;3;0.0;0;False;11.74;94.0;20.0;18;False;False;False;True
5;6;0.0;4;True;20.2;88.0;11.0;156;False;True;False;False
12;4;0.0;6;False;3.28;75.0;6.0;3;False;True;False;False
3;4;0.0;4;True;14.56;88.0;13.0;5;True;False;False;False
1;22;0.0;4;True;4.22;44.0;28.0;90;False;True;False;False
12;12;0.0;2;True;8.92;53.0;30.0;226;False;True;False;False
9;11;0.0;0;False;23.02;47.0;17.0;585;True;False;False;False
2;9;0.0;5;True;2.34;55.0;11.0;275;True;False;False;False
8;22;0.0;1;True;24.9;84.0;13.0;161;True;False;False;False
1;12;0.0;0;False;0.46;40.0;20.0;234;True;False;False;False
5;3;0.0;4;True;13.62;88.0;15.0;3;True;False;False;False
12;13;0.0;2;True;15.5;42.0;19.0;286;True;False;False;False
8;16;0.0;4;True;32.42;39.0;17.0;417;True;False;False;False
7;1;0.0;2;True;24.9;74.0;9.0;15;True;False;False;False
2;8;0.0;4;True;10.8;87.0;0.0;445;False;False;False;True
1;4;0.0;5;True;2.34;69.0;9.0;3;True;False;False;False
1;9;0.0;3;True;-6.12;45.0;9.0;180;True;False;False;False
1;14;0.0;3;True;7.98;49.0;6.0;160;True;False;False;False
2;17;0.0;6;False;14.56;36.0;19.0;364;True;False;False;False
5;0;0.0;2;True;18.32;88.0;9.0;32;False;True;False;False
12;13;0.0;0;False;7.04;39.0;15.0;186;True;False;False;False
2;10;0.0;6;False;2.34;93.0;7.0;166;False;False;False;True
12;14;0.0;4;True;6.1;42.0;6.0;212;True;False;False;False
11;2;0.0;0;False;5.16;81.0;7.0;73;True;False;False;False
10;9;0.0;3;True;21.14;83.0;13.0;362;False;True;False;False
3;22;0.0;2;True;18.32;60.0;6.0;170;True;False;False;False
8;0;0.0;0;False;23.02;57.0;6.0;187;True;False;False;False
7;10;0.0;4;True;27.72;58.0;13.0;198;True;False;False;False
1;0;0.0;6;False;8.92;50.0;11.0;79;True;False;False;False
12;11;0.0;1;True;14.56;77.0;9.0;233;True;False;False;False
11;18;0.0;5;True;9.86;43.0;22.0;522;False;True;False;False
7;18;0.0;3;True;28.66;38.0;17.0;814;True;False;False;False
11;6;0.0;1;True;8.92;66.0;17.0;131;False;True;False;False
9;0;0.0;6;False;17.38;60.0;15.0;149;True;False;False;False
12;3;0.0;0;False;1.4;51.0;9.0;9;True;False;False;False
2;15;0.0;0;False;6.1;56.0;17.0;272;False;True;False;False
4;10;0.0;5;True;12.68;38.0;28.0;236;True;False;False;False
1;10;0.0;2;True;7.04;57.0;13.0;144;False;True;False;False
5;12;0.0;4;True;24.9;58.0;7.0;289;True;False;False;False
7;4;0.0;0;False;23.96;89.0;7.0;19;False;True;False;False
1;21;0.0;6;False;0.46;43.0;17.0;69;True;False;False;False
4;15;1.0;1;False;29.6;33.0;30.0;275;True;False;False;False
8;17;0.0;3;True;28.66;35.0;15.0;870;True;False;False;False
5;11;0.0;4;True;16.44;48.0;35.0;256;True;False;False;False
12;21;0.0;3;True;7.98;46.0;28.0;198;True;False;False;False
1;1;0.0;5;True;9.86;76.0;20.0;12;False;True;False;False
5;6;0.0;4;True;17.38;73.0;24.0;159;True;False;False;False
7;11;0.0;3;True;34.3;42.0;0.0;183;True;False;False;False
1;23;0.0;2;True;13.62;72.0;26.0;61;True;False;False;False
12;12;0.0;1;True;10.8;87.0;0.0;232;False;True;False;False
3;17;0.0;6;False;14.56;67.0;28.0;543;True;False;False;False
4;1;0.0;2;True;7.04;81.0;9.0;7;False;True;False;False
2;7;0.0;3;True;3.28;70.0;7.0;281;False;True;False;False
6;23;0.0;5;True;23.02;74.0;0.0;174;False;True;False;False
12;10;0.0;4;True;7.04;45.0;19.0;167;True;False;False;False
3;21;0.0;1;True;9.86;25.0;33.0;186;True;False;False;False
11;12;0.0;6;False;6.1;36.0;41.0;199;False;True;False;False
3;14;0.0;0;False;15.5;77.0;6.0;521;False;True;False;False
8;3;0.0;3;True;24.9;84.0;0.0;7;True;False;False;False
5;3;0.0;5;True;13.62;41.0;19.0;13;True;False;False;False
9;21;0.0;1;True;21.14;83.0;15.0;233;False;False;False;True
6;9;0.0;4;True;21.14;61.0;15.0;357;True;False;False;False
5;0;0.0;2;True;15.5;59.0;13.0;35;False;True;False;False
4;8;0.0;2;True;9.86;62.0;9.0;692;True;False;False;False
7;17;0.0;3;True;26.78;70.0;17.0;370;True;False;False;False
11;0;0.0;5;True;7.04;66.0;7.0;65;False;True;False;False
3;0;0.0;2;True;18.32;78.0;6.0;29;False;True;False;False
6;0;0.0;6;False;19.26;56.0;9.0;137;True;False;False;False
11;21;0.0;5;True;7.98;76.0;0.0;199;True;False;False;False
5;18;0.0;5;True;27.72;62.0;13.0;522;True;False;False;False
6;18;0.0;0;False;30.54;38.0;15.0;490;True;False;False;False
8;22;0.0;3;True;23.02;54.0;0.0;235;True;False;False;False
4;23;0.0;4;True;11.74;35.0;13.0;94;True;False;False;False
2;12;0.0;6;False;4.22;81.0;11.0;221;False;True;False;False
1;13;0.0;1;True;2.34;93.0;6.0;37;False;False;False;True
7;4;0.0;1;True;23.02;83.0;0.0;5;True;False;False;False
10;17;0.0;6;False;17.38;37.0;15.0;731;True;False;False;False
2;17;0.0;0;False;8.92;32.0;15.0;287;True;False;False;False
2;5;0.0;2;True;4.22;65.0;7.0;22;False;True;False;False
8;13;0.0;5;True;31.48;36.0;26.0;357;True;False;False;False
7;10;0.0;3;True;34.3;42.0;13.0;138;True;False;False;False
9;13;0.0;3;True;24.9;58.0;15.0;340;True;False;False;False
4;13;0.0;6;False;21.14;33.0;20.0;678;True;False;False;False
7;14;0.0;4;True;35.24;33.0;22.0;241;True;False;False;False
4;23;0.0;3;True;7.98;57.0;20.0;61;True;False;False;False
2;2;0.0;3;True;6.1;56.0;15.0;4;True;False;False;False
5;20;0.0;2;True;23.02;61.0;11.0;335;True;False;False;False
10;7;0.0;6;False;10.8;82.0;0.0;65;True;False;False;False
12;16;0.0;5;True;6.1;39.0;22.0;281;False;True;False;False
6;4;0.0;1;True;17.38;64.0;6.0;8;True;False;False;False
4;7;1.0;1;False;16.44;83.0;9.0;387;True;False;False;False
7;15;0.0;0;False;34.3;37.0;19.0;345;True;False;False;False
5;2;0.0;6;False;22.08;89.0;9.0;64;True;False;False;False
1;22;0.0;2;True;6.1;70.0;6.0;114;True;False;False;False
3;0;0.0;3;True;16.44;88.0;0.0;33;True;False;False;False
2;18;0.0;3;True;18.32;46.0;11.0;526;True;False;False;False
1;17;0.0;6;False;17.38;43.0;9.0;322;False;True;False;False
4;4;0.0;0;False;7.98;81.0;6.0;12;False;True;False;False
1;10;1.0;1;False;-1.42;59.0;13.0;126;False;True;False;False
8;12;0.0;6;False;32.42;40.0;24.0;547;True;False;False;False
9;22;0.0;0;False;23.96;83.0;9.0;166;False;False;False;True
8;19;0.0;1;True;21.14;78.0;13.0;299;False;True;False;False
12;5;0.0;5;True;3.28;60.0;6.0;15;False;True;False;False
8;8;0.0;5;True;24.9;74.0;0.0;690;False;True;False;False
3;12;0.0;4;True;21.14;50.0;9.0;265;False;True;False;False
5;19;0.0;0;False;23.02;50.0;28.0;339;False;True;False;False
3;7;0.0;1;True;13.62;88.0;13.0;354;True;False;False;False
11;5;0.0;3;True;4.22;70.0;9.0;39;False;True;False;False
5;19;1.0;1;False;29.6;55.0;20.0;395;True;False;False;False
4;12;0.0;3;True;20.2;46.0;28.0;283;False;True;False;False
6;15;0.0;4;True;26.78;48.0;20.0;324;True;False;False;False
4;3;0.0;0;False;8.92;87.0;13.0;16;False;True;False;False
9;2;0.0;0;False;16.44;63.0;0.0;89;True;False;False;False
9;18;0.0;0;False;21.14;50.0;11.0;481;True;False;False;False
1;17;0.0;3;True;1.4;40.0;13.0;281;False;True;False;False
4;12;0.0;0;False;14.56;44.0;7.0;584;True;False;False;False
7;5;0.0;2;True;23.02;83.0;9.0;42;True;False;False;False
6;8;0.0;2;True;20.2;78.0;11.0;673;False;True;False;False
7;19;0.0;3;True;27.72;62.0;7.0;516;False;True;False;False
1;14;0.0;1;True;2.34;93.0;13.0;61;False;False;False;True
8;9;0.0;6;False;28.66;65.0;15.0;278;True;False;False;False
11;18;0.0;5;True;13.62;44.0;0.0;208;False;True;False;False
6;0;0.0;5;True;26.78;48.0;9.0;114;True;False;False;False
1;12;0.0;5;True;1.4;34.0;22.0;124;False;True;False;False
3;1;0.0;3;True;8.92;46.0;20.0;8;True;False;False;False
3;8;0.0;6;False;8.92;87.0;13.0;145;False;True;False;False
2;16;0.0;3;True;4.22;81.0;7.0;75;False;False;False;True
4;18;0.0;2;True;20.2;26.0;11.0;800;True;False;False;False
9;16;0.0;0;False;22.08;36.0;15.0;648;True;False;False;False
2;2;0.0;1;True;2.34;75.0;0.0;3;True;False;False;False
7;1;0.0;0;False;23.02;83.0;7.0;158;True;False;False;False
9;12;0.0;1;True;22.08;44.0;26.0;332;True;False;False;False
6;4;0.0;4;True;24.9;84.0;6.0;12;True;False;False;False
4;5;0.0;1;True;10.8;76.0;33.0;24;True;False;False;False
6;17;0.0;6;False;31.48;24.0;0.0;495;True;False;False;False
3;11;0.0;1;True;12.68;44.0;15.0;150;True;False;False;False
1;9;0.0;2;True;0.46;93.0;11.0;195;False;True;False;False
11;19;0.0;4;True;6.1;52.0;13.0;344;True;False;False;False
1;20;0.0;0;False;6.1;39.0;15.0;111;True;False;False;False
4;8;0.0;0;False;10.8;82.0;17.0;51;False;False;False;True
12;14;0.0;2;True;19.26;56.0;15.0;270;False;True;False;False
12;10;0.0;5;True;7.04;42.0;31.0;154;True;False;False;False
6;23;0.0;4;True;29.6;59.0;6.0;146;True;False;False;False
10;20;0.0;6;False;10.8;54.0;6.0;255;True;False;False;False
3;19;0.0;3;True;20.2;56.0;13.0;456;True;False;False;False
9;4;0.0;1;True;12.68;67.0;7.0;8;True;False;False;False
10;20;0.0;1;True;17.38;68.0;0.0;262;False;False;False;True
2;15;0.0;2;True;12.68;38.0;13.0;146;True;False;False;False
11;10;0.0;4;True;7.04;66.0;9.0;153;False;True;False;False
7;14;0.0;2;True;31.48;53.0;15.0;244;False;True;False;False
1;15;0.0;0;False;10.8;37.0;19.0;330;True;False;False;False
11;13;0.0;0;False;17.38;45.0;7.0;686;True;False;False;False
2;4;0.0;4;True;2.34;75.0;30.0;1;False;True;False;False
11;4;0.0;0;False;4.22;65.0;9.0;9;True;False;False;False
7;9;0.0;2;True;26.78;66.0;9.0;331;True;False;False;False
5;12;0.0;6;False;26.78;66.0;15.0;529;True;False;False;False
5;5;0.0;2;True;23.02;78.0;15.0;33;True;False;False;False
8;4;0.0;0;False;25.84;74.0;17.0;14;True;False;False;False
4;23;0.0;5;True;11.74;62.0;6.0;198;True;False;False;False
1;11;1.0;1;False;4.22;35.0;33.0;175;True;False;False;False
10;23;0.0;2;True;14.56;77.0;6.0;84;False;True;False;False
6;10;0.0;6;False;22.08;47.0;13.0;435;True;False;False;False
7;17;0.0;3;True;29.6;31.0;15.0;830;True;False;False;False
4;22;0.0;0;False;7.98;87.0;35.0;13;False;False;False;True
10;16;0.0;0;False;17.38;37.0;15.0;591;True;False;False;False
6;19;0.0;5;True;34.3;47.0;13.0;363;True;False;False;False
12;23;0.0;0;False;8.92;93.0;9.0;33;False;True;False;False
8;3;0.0;4;True;23.96;83.0;6.0;6;True;False;False;False
12;5;0.0;5;True;1.4;69.0;7.0;34;True;False;False;False
7;15;0.0;1;True;29.6;49.0;17.0;236;True;False;False;False
6;16;0.0;0;False;23.02;54.0;20.0;580;True;False;False;False
11;17;0.0;5;True;8.92;50.0;13.0;582;True;False;False;False
6;21;0.0;0;False;25.84;62.0;11.0;253;True;False;False;False
1;23;0.0;0;False;-0.48;43.0;6.0;29;True;False;False;False
8;22;0.0;2;True;22.08;78.0;0.0;232;True;False;False;False
3;6;0.0;2;True;2.34;37.0;13.0;101;True;False;False;False
2;7;0.0;0;False;3.28;75.0;11.0;16;False;True;False;False
6;7;0.0;5;True;16.44;72.0;7.0;428;True;False;False;False
4;5;0.0;1;True;9.86;62.0;17.0;20;True;False;False;False
4;13;0.0;0;False;12.68;62.0;13.0;464;False;True;False;False
2;2;0.0;6;False;7.04;45.0;17.0;38;True;False;False;False
1;8;0.0;1;True;2.34;55.0;6.0;420;False;True;False;False
11;22;0.0;5;True;7.98;71.0;7.0;163;True;False;False;False
10;19;0.0;2;True;14.56;48.0;0.0;531;True;False;False;False
10;23;0.0;0;False;11.74;94.0;24.0;14;False;False;False;True
7;23;0.0;5;True;25.84;45.0;9.0;212;False;True;False;False
7;8;0.0;6;False;19.26;83.0;17.0;112;False;True;False;False
4;6;0.0;3;True;11.74;58.0;0.0;126;False;True;False;False
7;17;0.0;5;True;29.6;36.0;11.0;835;False;True;False;False
9;22;0.0;5;True;19.26;53.0;15.0;220;False;True;False;False
4;15;0.0;0;False;24.9;39.0;26.0;617;True;False;False;False
10;21;0.0;1;True;17.38;73.0;9.0;218;False;True;False;False
8;4;0.0;5;True;24.9;84.0;19.0;7;False;False;False;True
8;18;0.0;6;False;26.78;37.0;11.0;554;True;False;False;False
3;0;0.0;3;True;8.92;40.0;19.0;30;True;False;False;False
3;0;0.0;0;False;4.22;44.0;6.0;69;True;False;False;False
2;9;0.0;6;False;2.34;93.0;7.0;90;False;False;False;True
11;9;0.0;2;True;7.04;81.0;22.0;110;False;False;False;True
10;0;1.0;1;False;9.86;76.0;19.0;51;True;False;False;False
10;17;0.0;3;True;24.9;65.0;0.0;917;True;False;False;False
4;1;1.0;1;False;21.14;61.0;24.0;28;True;False;False;False
8;21;0.0;4;True;26.78;48.0;13.0;356;True;False;False;False
4;1;0.0;5;True;8.92;62.0;9.0;38;True;False;False;False
5;18;0.0;4;True;23.02;27.0;11.0;868;True;False;False;False
5;22;0.0;6;False;18.32;68.0;9.0;274;True;False;False;False
4;22;0.0;6;False;14.56;20.0;13.0;182;True;False;False;False
12;1;0.0;1;True;9.86;87.0;7.0;15;False;True;False;False
9;7;0.0;2;True;12.68;77.0;13.0;556;True;False;False;False
10;21;0.0;0;False;18.32;73.0;30.0;196;True;False;False;False
8;15;0.0;6;False;27.72;37.0;15.0;596;True;False;False;False
10;10;0.0;0;False;14.56;51.0;28.0;434;False;True;False;False
9;4;0.0;2;True;11.74;71.0;9.0;9;True;False;False;False
2;3;0.0;0;False;6.1;36.0;15.0;15;False;True;False;False
1;15;0.0;2;True;17.38;26.0;30.0;177;True;False;False;False
8;10;0.0;3;True;24.9;61.0;6.0;225;True;False;False;False
7;19;0.0;2;True;26.78;62.0;24.0;614;False;False;False;True
11;12;0.0;3;True;7.98;46.0;0.0;240;True;False;False;False
8;17;0.0;5;True;29.6;52.0;19.0;730;True;False;False;False
10;8;0.0;5;True;11.74;71.0;6.0;745;True;False;False;False
8;0;0.0;4;True;23.02;69.0;0.0;76;True;False;False;False
11;9;0.0;2;True;4.22;60.0;11.0;363;True;False;False;False
12;14;0.0;0;False;6.1;36.0;31.0;160;True;False;False;False
8;7;0.0;5;True;22.08;89.0;6.0;421;False;True;False;False
8;19;0.0;1;True;28.66;59.0;13.0;640;True;False;False;False
8;15;0.0;5;True;29.6;52.0;30.0;324;True;False;False;False
8;13;0.0;6;False;25.84;51.0;24.0;517;False;True;False;False
12;1;0.0;3;True;5.16;61.0;15.0;21;True;False;False;False
8;18;0.0;5;True;30.54;38.0;17.0;669;False;True;False;False
11;4;0.0;3;True;5.16;87.0;7.0;10;True;False;False;False
12;3;0.0;6;False;8.92;93.0;7.0;29;False;True;False;False
3;23;0.0;6;False;12.68;94.0;19.0;105;False;True;False;False
10;5;0.0;5;True;8.92;81.0;6.0;35;True;False;False;False
9;16;0.0;1;True;19.26;30.0;17.0;516;True;False;False;False
12;12;0.0;1;True;16.44;68.0;11.0;268;True;False;False;False
8;0;0.0;0;False;22.08;73.0;9.0;120;False;True;False;False
4;17;0.0;5;True;16.44;23.0;28.0;655;True;False;False;False
1;22;0.0;0;False;13.62;55.0;28.0;66;True;False;False;False
4;0;0.0;6;False;9.86;43.0;11.0;103;True;False;False;False
8;3;0.0;3;True;21.14;73.0;7.0;9;True;False;False;False
4;20;0.0;4;True;18.32;49.0;15.0;404;True;False;False;False
10;15;0.0;1;True;21.14;43.0;9.0;329;False;True;False;False
12;13;0.0;2;True;9.86;50.0;15.0;254;False;True;False;False
5;2;0.0;0;False;22.08;73.0;15.0;61;True;False;False;False
9;19;0.0;6;False;16.44;55.0;11.0;470;True;False;False;False
4;4;0.0;3;True;15.5;42.0;19.0;7;False;True;False;False
4;12;0.0;2;True;17.38;22.0;19.0;259;True;False;False;False
11;6;0.0;5;True;4.22;65.0;7.0;131;True;False;False;False
7;20;0.0;0;False;25.84;79.0;17.0;294;True;False;False;False
1;0;0.0;0;False;-0.48;80.0;20.0;52;True;False;False;False
10;18;0.0;3;True;24.9;65.0;0.0;810;True;False;False;False
7;15;0.0;5;True;35.24;29.0;13.0;285;True;False;False;False
9;21;0.0;5;True;24.9;74.0;11.0;301;True;False;False;False
1;20;0.0;0;False;6.1;52.0;11.0;126;True;False;False;False
9;11;0.0;2;True;26.78;70.0;19.0;198;False;True;False;False
10;4;0.0;1;True;9.86;66.0;0.0;7;True;False;False;False
5;21;0.0;0;False;18.32;73.0;13.0;203;True;False;False;False
2;4;0.0;0;False;3.28;87.0;9.0;9;False;True;False;False
8;4;0.0;0;False;22.08;89.0;13.0;16;False;True;False;False
10;19;0.0;4;True;23.02;57.0;7.0;534;True;False;False;False
4;11;0.0;3;True;20.2;43.0;24.0;213;False;True;False;False
12;2;0.0;5;True;2.34;69.0;0.0;9;True;False;False;False
9;21;0.0;6;False;22.08;89.0;0.0;104;False;False;False;True
11;16;1.0;4;False;13.62;33.0;0.0;182;True;False;False;False
2;20;0.0;6;False;-0.48;43.0;37.0;63;False;True;False;False
10;15;0.0;4;True;21.14;65.0;9.0;305;True;False;False;False
12;7;0.0;6;False;4.22;70.0;9.0;18;False;True;False;False
6;2;0.0;0;False;18.32;56.0;6.0;74;True;False;False;False
7;23;0.0;1;True;25.84;66.0;11.0;114;True;False;False;False
1;16;0.0;6;False;3.28;38.0;15.0;206;True;False;False;False
5;0;1.0;1;False;21.14;83.0;15.0;65;True;False;False;False
3;4;0.0;2;True;0.46;51.0;20.0;3;True;False;False;False
10;18;0.0;4;True;23.02;57.0;7.0;887;True;False;False;False
7;6;0.0;2;True;25.84;66.0;7.0;213;True;False;False;False
8;16;0.0;1;True;29.6;55.0;17.0;444;True;False;False;False
2;22;0.0;2;True;7.98;71.0;13.0;100;False;True;False;False
7;2;0.0;4;True;26.78;51.0;0.0;18;True;False;False;False
2;4;0.0;5;True;10.8;87.0;9.0;2;True;False;False;False
12;21;0.0;4;True;5.16;48.0;0.0;213;True;False;False;False
11;19;0.0;3;True;6.1;52.0;11.0;396;True;False;False;False
12;15;0.0;5;True;8.92;71.0;11.0;303;False;True;False;False
2;3;0.0;4;True;2.34;80.0;19.0;4;True;False;False;False
7;20;0.0;5;True;32.42;39.0;7.0;336;True;False;False;False
10;20;1.0;1;False;10.8;71.0;15.0;227;False;False;False;True
9;18;0.0;0;False;26.78;74.0;0.0;500;True;False;False;False
11;1;0.0;0;False;6.1;70.0;13.0;95;True;False;False;False
11;0;0.0;0;False;6.1;61.0;7.0;102;True;False;False;False
6;4;0.0;3;True;23.02;83.0;6.0;7;True;False;False;False
12;9;0.0;0;False;3.28;52.0;26.0;74;True;False;False;False
10;6;0.0;2;True;19.26;83.0;7.0;179;False;False;False;True
12;10;0.0;1;True;12.68;94.0;15.0;133;False;True;False;False
10;7;0.0;4;True;12.68;88.0;17.0;508;True;False;False;False
5;0;0.0;3;True;21.14;78.0;9.0;47;True;False;False;False
10;2;0.0;4;True;17.38;77.0;0.0;18;True;False;False;False
3;11;0.0;0;False;8.92;43.0;19.0;299;True;False;False;False
4;19;0.0;3;True;23.02;39.0;15.0;494;True;False;False;False
12;14;0.0;3;True;14.56;33.0;33.0;218;True;False;False;False
11;1;0.0;1;True;6.1;56.0;11.0;8;False;True;False;False
5;12;0.0;5;True;18.32;28.0;28.0;348;True;False;False;False
7;0;0.0;0;False;27.72;66.0;0.0;149;True;False;False;False
8;5;0.0;6;False;24.9;84.0;15.0;17;True;False;False;False
10;4;0.0;0;False;11.74;77.0;19.0;12;True;False;False;False
3;13;0.0;5;True;11.74;44.0;15.0;222;True;False;False;False
12;1;0.0;2;True;12.68;94.0;9.0;15;False;True;False;False
1;2;0.0;5;True;4.22;48.0;9.0;11;True;False;False;False
8;19;0.0;2;True;21.14;73.0;7.0;476;False;False;False;True
8;11;0.0;3;True;25.84;45.0;0.0;253;True;False;False;False
10;20;0.0;3;True;21.14;61.0;6.0;441;False;True;False;False
7;21;0.0;6;False;20.2;88.0;11.0;163;False;True;False;False
5;4;0.0;3;True;17.38;88.0;0.0;4;True;False;False;False
2;13;0.0;2;True;8.92;32.0;7.0;190;True;False;False;False
1;12;0.0;2;True;11.74;38.0;20.0;140;True;False;False;False
12;0;0.0;2;True;11.74;88.0;7.0;55;True;False;False;False
9;0;0.0;0;False;18.32;73.0;13.0;124;False;True;False;False
8;17;0.0;2;True;29.6;35.0;26.0;864;True;False;False;False
8;13;0.0;6;False;33.36;42.0;20.0;527;True;False;False;False
4;16;0.0;4;True;21.14;41.0;7.0;387;True;False;False;False
7;11;0.0;0;False;35.24;42.0;20.0;389;True;False;False;False
8;6;0.0;6;False;22.08;78.0;11.0;30;False;True;False;False
1;6;0.0;5;True;4.22;75.0;15.0;73;False;True;False;False
5;22;0.0;0;False;21.14;83.0;0.0;59;False;False;False;True
2;21;0.0;0;False;6.1;45.0;9.0;83;True;False;False;False
6;21;0.0;6;False;20.2;40.0;7.0;316;True;False;False;False
9;5;0.0;2;True;11.74;77.0;6.0;47;True;False;False;False
10;23;0.0;6;False;11.74;58.0;20.0;125;True;False;False;False
1;17;0.0;4;True;8.92;34.0;13.0;412;False;True;False;False
4;22;0.0;5;True;10.8;35.0;15.0;158;True;False;False;False
7;8;0.0;0;False;28.66;62.0;7.0;142;True;False;False;False
5;14;0.0;6;False;27.72;66.0;15.0;564;True;False;False;False
1;9;0.0;6;False;-0.48;93.0;17.0;42;False;True;False;False
11;13;0.0;0;False;10.8;43.0;15.0;493;True;False;False;False
3;8;0.0;3;True;5.16;61.0;20.0;566;True;False;False;False
8;19;0.0;0;False;22.08;89.0;11.0;292;False;True;False;False
12;3;0.0;3;True;3.28;70.0;24.0;2;False;True;False;False
7;0;0.0;5;True;25.84;70.0;0.0;97;True;False;False;False
9;4;0.0;0;False;16.44;77.0;17.0;28;True;False;False;False
1;19;0.0;6;False;11.74;41.0;37.0;206;False;True;False;False
4;6;0.0;6;False;7.98;76.0;11.0;21;True;False;False;False
12;13;0.0;1;True;12.68;100.0;15.0;220;False;False;False;True
2;19;0.0;2;True;9.86;43.0;15.0;338;True;False;False;False
1;23;0.0;6;False;-0.48;47.0;15.0;76;True;False;False;False
1;11;0.0;3;True;-4.24;42.0;6.0;46;False;True;False;False
5;12;0.0;2;True;29.6;55.0;22.0;237;True;False;False;False
5;16;0.0;6;False;23.96;65.0;26.0;540;False;True;False;False
7;22;0.0;5;True;28.66;59.0;9.0;199;True;False;False;False
2;17;0.0;3;True;11.74;38.0;13.0;487;True;False;False;False
4;15;0.0;1;True;14.56;33.0;28.0;324;True;False;False;False
2;11;0.0;6;False;3.28;81.0;7.0;183;False;True;False;False
3;23;0.0;5;True;20.2;69.0;17.0;176;True;False;False;False
9;16;0.0;6;False;23.02;36.0;15.0;783;False;True;False;False
7;2;0.0;2;True;25.84;58.0;0.0;10;True;False;False;False
7;11;0.0;5;True;31.48;47.0;22.0;251;True;False;False;False
11;21;0.0;4;True;8.92;37.0;26.0;233;True;False;False;False
1;18;0.0;1;True;3.28;93.0;9.0;282;False;True;False;False
2;23;0.0;2;True;7.04;57.0;9.0;51;True;False;False;False
1;8;0.0;4;True;1.4;75.0;0.0;388;False;True;False;False
12;4;0.0;0;False;7.98;87.0;0.0;11;False;True;False;False
2;15;0.0;6;False;7.04;66.0;15.0;305;False;True;False;False
5;4;0.0;3;True;19.26;83.0;13.0;3;False;False;False;True
7;3;0.0;2;True;23.02;83.0;11.0;6;True;False;False;False
11;2;0.0;2;True;3.28;65.0;6.0;2;True;False;False;False
11;12;0.0;5;True;11.74;41.0;24.0;292;True;False;False;False
5;23;1.0;1;False;25.84;74.0;11.0;82;True;False;False;False
7;21;0.0;1;True;27.72;62.0;13.0;296;True;False;False;False
7;6;0.0;2;True;23.96;79.0;7.0;187;False;True;False;False
7;11;0.0;2;True;32.42;47.0;0.0;206;False;True;False;False
7;23;0.0;2;True;26.78;58.0;22.0;192;True;False;False;False
3;5;0.0;2;True;0.46;51.0;15.0;25;True;False;False;False
6;9;0.0;3;True;25.84;74.0;0.0;316;False;True;False;False
4;6;0.0;2;True;20.2;46.0;17.0;144;True;False;False;False
3;1;0.0;2;True;16.44;59.0;15.0;16;False;True;False;False
6;8;0.0;2;True;21.14;88.0;15.0;613;False;True;False;False
1;0;0.0;2;True;6.1;100.0;19.0;25;False;True;False;False
10;5;0.0;0;False;10.8;82.0;13.0;11;True;False;False;False
3;0;0.0;5;True;12.68;77.0;17.0;57;True;False;False;False
6;12;0.0;5;True;24.9;74.0;24.0;310;False;True;False;False
1;9;0.0;0;False;7.04;53.0;9.0;125;True;False;False;False
7;23;0.0;6;False;20.2;88.0;0.0;149;False;True;False;False
8;0;0.0;0;False;26.78;70.0;19.0;153;True;False;False;False
2;14;0.0;0;False;7.98;31.0;0.0;331;True;False;False;False
10;17;0.0;5;True;13.62;38.0;26.0;837;True;False;False;False
4;3;0.0;3;True;6.1;49.0;15.0;2;True;False;False;False
5;13;0.0;6;False;24.9;37.0;9.0;704;True;False;False;False
11;4;0.0;3;True;5.16;52.0;20.0;9;False;True;False;False
8;13;0.0;0;False;33.36;44.0;31.0;523;True;False;False;False
9;21;0.0;6;False;20.2;83.0;11.0;181;False;True;False;False
8;0;0.0;2;True;24.9;74.0;15.0;60;True;False;False;False
11;5;0.0;2;True;7.98;87.0;19.0;18;False;True;False;False
1;9;0.0;4;True;-2.36;54.0;0.0;210;True;False;False;False
11;14;0.0;3;True;13.62;33.0;13.0;413;True;False;False;False
5;10;0.0;2;True;20.2;78.0;6.0;200;False;True;False;False
7;12;0.0;0;False;35.24;42.0;13.0;376;True;False;False;False
10;6;0.0;3;True;9.86;82.0;0.0;178;True;False;False;False
10;10;0.0;4;True;12.68;41.0;24.0;204;True;False;False;False
12;3;0.0;3;True;14.56;67.0;9.0;7;True;False;False;False
7;10;1.0;3;False;29.6;46.0;0.0;447;True;False;False;False
8;21;0.0;0;False;21.14;78.0;6.0;190;False;False;False;True
8;17;0.0;1;True;30.54;41.0;0.0;858;True;False;False;False
12;13;0.0;0;False;9.86;76.0;13.0;356;False;True;False;False
7;13;0.0;0;False;35.24;33.0;17.0;420;True;False;False;False
1;22;0.0;4;True;4.22;60.0;11.0;71;True;False;False;False
12;10;0.0;3;True;7.04;70.0;7.0;164;True;False;False;False
11;4;0.0;1;True;8.92;66.0;15.0;12;False;True;False;False
5;15;0.0;0;False;25.84;45.0;24.0;499;True;False;False;False
12;20;0.0;5;True;3.28;65.0;7.0;97;False;True;False;False
8;15;0.0;4;True;28.66;62.0;31.0;270;True;False;False;False
8;11;0.0;0;False;26.78;66.0;24.0;482;True;False;False;False
7;17;0.0;6;False;20.2;88.0;11.0;241;False;False;False;True
3;16;0.0;2;True;8.92;32.0;19.0;250;True;False;False;False
6;17;0.0;4;True;25.84;48.0;15.0;867;True;False;False;False
2;13;0.0;5;True;11.74;71.0;7.0;183;False;True;False;False
11;14;0.0;6;False;8.92;50.0;22.0;455;False;True;False;False
6;2;0.0;3;True;21.14;83.0;9.0;4;True;False;False;False
7;5;0.0;4;True;23.02;74.0;13.0;42;True;False;False;False
9;13;0.0;3;True;20.2;40.0;17.0;289;True;False;False;False
2;7;0.0;4;True;8.92;93.0;0.0;205;False;False;False;True
3;20;0.0;3;True;18.32;78.0;6.0;374;True;False;False;False
6;6;0.0;6;False;17.38;68.0;13.0;47;True;False;False;False
4;13;0.0;1;True;17.38;28.0;39.0;281;True;False;False;False
1;5;0.0;3;True;7.98;46.0;35.0;29;True;False;False;False
11;16;0.0;3;True;8.92;29.0;17.0;325;True;False;False;False
1;22;0.0;3;True;1.4;47.0;6.0;52;False;True;False;False
8;21;0.0;4;True;27.72;66.0;15.0;342;True;False;False;False
8;14;0.0;6;False;27.72;37.0;19.0;598;True;False;False;False
9;21;0.0;3;True;23.02;65.0;13.0;360;True;False;False;False
6;15;0.0;5;True;25.84;39.0;13.0;377;True;False;False;False
12;9;0.0;2;True;10.8;87.0;6.0;326;True;False;False;False
2;2;0.0;6;False;6.1;61.0;17.0;45;True;False;False;False
12;16;0.0;5;True;9.86;54.0;13.0;417;True;False;False;False
8;11;0.0;5;True;32.42;28.0;20.0;309;True;False;False;False
4;3;1.0;1;False;19.26;68.0;13.0;8;True;False;False;False
10;8;0.0;4;True;22.08;89.0;0.0;738;True;False;False;False
3;4;0.0;5;True;10.8;66.0;19.0;1;False;False;False;True
12;16;0.0;1;True;3.28;87.0;15.0;33;False;False;False;True
12;23;0.0;0;False;3.28;60.0;0.0;25;True;False;False;False
4;7;0.0;0;False;15.5;63.0;7.0;46;True;False;False;False
5;21;0.0;0;False;22.08;53.0;13.0;169;False;True;False;False
3;8;0.0;0;False;2.34;69.0;9.0;72;True;False;False;False
8;2;0.0;0;False;26.78;70.0;20.0;73;True;False;False;False
7;17;0.0;0;False;26.78;66.0;15.0;556;True;False;False;False
6;18;0.0;6;False;22.08;36.0;0.0;512;True;False;False;False
4;13;0.0;6;False;23.02;54.0;15.0;649;True;False;False;False
1;8;0.0;1;True;1.4;47.0;15.0;493;True;False;False;False
11;17;0.0;1;True;11.74;58.0;13.0;619;False;True;False;False
2;20;0.0;4;True;7.04;87.0;9.0;216;False;True;False;False
2;18;0.0;3;True;3.28;87.0;7.0;167;False;False;False;True
1;18;0.0;5;True;10.8;50.0;33.0;383;True;False;False;False
12;3;0.0;5;True;3.28;60.0;11.0;2;False;True;False;False
4;3;0.0;2;True;8.92;71.0;9.0;2;True;False;False;False
2;3;0.0;5;True;5.16;93.0;7.0;1;False;True;False;False
1;13;0.0;4;True;9.86;71.0;0.0;173;False;True;False;False
4;9;0.0;2;True;11.74;38.0;6.0;408;True;False;False;False
4;22;0.0;5;True;17.38;68.0;17.0;202;True;False;False;False
8;22;0.0;4;True;25.84;51.0;11.0;254;True;False;False;False
11;21;0.0;1;True;6.1;52.0;19.0;152;True;False;False;False
6;13;0.0;0;False;31.48;28.0;9.0;492;True;False;False;False
2;13;0.0;2;True;7.98;49.0;28.0;131;True;False;False;False
10;6;0.0;6;False;15.5;82.0;13.0;31;False;True;False;False
5;13;0.0;1;True;21.14;73.0;15.0;176;False;True;False;False
4;9;0.0;0;False;12.68;26.0;15.0;179;True;False;False;False
4;8;0.0;0;False;16.44;59.0;0.0;97;True;False;False;False
8;10;0.0;6;False;30.54;57.0;13.0;396;True;False;False;False
5;16;0.0;3;True;22.08;65.0;11.0;367;True;False;False;False
5;14;0.0;5;True;23.02;74.0;19.0;242;False;True;False;False
12;10;0.0;2;True;8.92;57.0;22.0;154;True;False;False;False
2;21;0.0;5;True;7.04;66.0;6.0;122;False;True;False;False
10;12;0.0;0;False;17.38;39.0;22.0;675;True;False;False;False
10;10;0.0;2;True;19.26;88.0;9.0;45;False;False;False;True
3;16;0.0;5;True;25.84;42.0;11.0;589;False;True;False;False
2;9;0.0;5;True;3.28;65.0;13.0;270;True;False;False;False
4;2;0.0;5;True;7.98;49.0;13.0;11;True;False;False;False
1;3;0.0;5;True;11.74;94.0;19.0;8;False;True;False;False
5;11;0.0;3;True;22.08;73.0;0.0;197;True;False;False;False
2;13;0.0;1;True;7.04;22.0;15.0;140;True;False;False;False
7;10;0.0;2;True;27.72;62.0;13.0;190;True;False;False;False
2;6;0.0;2;True;4.22;56.0;0.0;90;False;True;False;False
12;5;0.0;1;True;0.46;80.0;9.0;9;True;False;False;False
11;0;0.0;2;True;16.44;83.0;19.0;23;False;True;False;False
3;20;0.0;0;False;14.56;77.0;15.0;259;True;False;False;False
4;22;0.0;2;True;15.5;51.0;0.0;158;True;False;False;False
8;22;0.0;5;True;27.72;70.0;17.0;202;True;False;False;False
9;16;0.0;3;True;27.72;70.0;17.0;430;True;False;False;False
3;20;0.0;1;True;20.2;64.0;15.0;330;True;False;False;False
6;3;0.0;2;True;23.02;69.0;17.0;12;False;True;False;False
8;21;0.0;1;True;26.78;70.0;13.0;317;True;False;False;False
11;12;0.0;5;True;9.86;46.0;0.0;268;False;True;False;False
10;18;0.0;0;False;11.74;94.0;33.0;154;False;False;False;True
6;7;0.0;6;False;22.08;83.0;11.0;78;True;False;False;False
1;5;0.0;3;True;1.4;80.0;9.0;22;True;False;False;False
8;17;0.0;0;False;30.54;46.0;17.0;382;True;False;False;False
3;8;0.0;4;True;11.74;94.0;9.0;594;True;False;False;False
3;7;0.0;0;False;6.1;52.0;20.0;23;False;True;False;False
11;20;0.0;4;True;9.86;54.0;17.0;296;False;True;False;False
8;5;0.0;0;False;20.2;73.0;9.0;11;False;True;False;False
3;6;0.0;5;True;6.1;70.0;0.0;92;True;False;False;False
2;14;0.0;1;True;7.98;23.0;7.0;135;True;False;False;False
10;1;0.0;1;True;19.26;64.0;26.0;29;False;True;False;False
10;23;0.0;3;True;12.68;58.0;13.0;136;True;False;False;False
6;13;0.0;3;True;21.14;41.0;6.0;303;True;False;False;False
1;19;0.0;4;True;7.98;34.0;6.0;265;True;False;False;False
8;14;0.0;0;False;22.08;73.0;0.0;149;False;False;False;True
4;11;0.0;5;True;10.8;37.0;20.0;291;True;False;False;False
11;11;0.0;2;True;7.04;70.0;17.0;155;True;False;False;False
3;0;0.0;5;True;7.98;53.0;11.0;46;True;False;False;False
5;15;0.0;3;True;22.08;53.0;7.0;259;False;True;False;False
2;8;0.0;6;False;2.34;93.0;9.0;78;False;False;False;True
1;3;0.0;4;True;1.4;61.0;0.0;4;True;False;False;False
3;14;0.0;5;True;25.84;42.0;7.0;432;False;True;False;False
5;21;0.0;2;True;22.08;65.0;19.0;223;False;True;False;False
2;10;0.0;5;True;8.92;81.0;11.0;141;False;False;False;True
7;14;0.0;5;True;34.3;31.0;11.0;275;True;False;False;False
11;15;0.0;3;True;8.92;43.0;19.0;260;True;False;False;False
5;16;0.0;2;True;26.78;45.0;13.0;354;True;False;False;False
10;6;0.0;3;True;14.56;82.0;7.0;173;True;False;False;False
6;5;0.0;2;True;14.56;82.0;11.0;36;False;False;False;True
8;21;0.0;5;True;27.72;58.0;13.0;303;True;False;False;False
8;13;0.0;2;True;30.54;43.0;20.0;288;True;False;False;False
10;4;0.0;1;True;18.32;68.0;15.0;10;False;True;False;False
11;18;0.0;3;True;7.04;33.0;19.0;542;True;False;False;False
8;15;0.0;0;False;27.72;40.0;9.0;577;True;False;False;False
3;4;0.0;2;True;13.62;82.0;13.0;1;False;True;False;False
5;22;0.0;3;True;14.56;82.0;7.0;67;False;False;False;True
4;9;0.0;3;True;11.74;54.0;0.0;321;True;False;False;False
10;18;0.0;0;False;19.26;60.0;17.0;453;True;False;False;False
6;9;0.0;6;False;22.08;89.0;11.0;275;True;False;False;False
11;0;0.0;1;True;8.92;66.0;15.0;27;True;False;False;False
8;23;0.0;3;True;23.96;65.0;7.0;138;True;False;False;False
3;7;0.0;5;True;7.04;57.0;11.0;289;True;False;False;False
5;1;0.0;0;False;23.02;74.0;15.0;78;True;False;False;False
3;5;0.0;4;True;14.56;88.0;11.0;18;True;False;False;False
11;10;0.0;4;True;8.92;62.0;13.0;146;False;False;False;True
11;18;0.0;6;False;8.92;50.0;7.0;271;True;False;False;False
6;16;0.0;1;True;29.6;41.0;28.0;427;False;True;False;False
5;8;0.0;2;True;19.26;88.0;6.0;409;False;True;False;False
7;14;0.0;1;True;29.6;49.0;15.0;254;True;False;False;False
2;20;0.0;1;True;14.56;33.0;24.0;219;True;False;False;False
7;6;0.0;5;True;24.9;54.0;0.0;127;False;True;False;False
10;15;0.0;2;True;6.1;87.0;17.0;124;False;False;False;True
6;10;0.0;1;True;27.72;55.0;11.0;184;True;False;False;False
6;22;0.0;1;True;21.14;73.0;11.0;164;False;True;False;False
5;4;0.0;5;True;18.32;88.0;13.0;4;True;False;False;False
9;16;0.0;6;False;18.32;88.0;13.0;114;False;False;False;True
3;15;0.0;2;True;7.98;36.0;20.0;166;True;False;False;False
1;2;0.0;6;False;-0.48;47.0;11.0;38;True;False;False;False
8;0;0.0;5;True;23.96;57.0;11.0;88;True;False;False;False
2;1;0.0;0;False;-4.24;79.0;31.0;24;False;False;False;True
3;21;0.0;2;True;19.26;56.0;7.0;244;True;False;False;False
6;7;0.0;4;True;21.14;61.0;7.0;508;True;False;False;False
6;21;0.0;5;True;23.02;50.0;7.0;333;True;False;False;False
5;3;0.0;5;True;13.62;72.0;6.0;14;True;False;False;False
5;9;1.0;1;False;24.9;61.0;0.0;263;True;False;False;False
1;23;0.0;1;True;5.16;93.0;22.0;37;False;True;False;False
7;17;0.0;0;False;29.6;59.0;33.0;436;True;False;False;False
1;6;0.0;5;True;11.74;100.0;22.0;72;False;True;False;False
10;13;0.0;5;True;19.26;68.0;9.0;337;False;True;False;False
12;14;0.0;2;True;9.86;50.0;15.0;204;False;True;False;False
3;20;0.0;6;False;10.8;71.0;22.0;208;False;True;False;False
5;13;0.0;1;True;20.2;53.0;22.0;272;False;True;False;False
3;13;0.0;5;True;9.86;29.0;26.0;224;False;True;False;False
9;12;0.0;2;True;27.72;70.0;19.0;287;True;False;False;False
5;7;0.0;0;False;16.44;68.0;11.0;60;True;False;False;False
6;14;0.0;3;True;29.6;24.0;24.0;270;True;False;False;False
1;7;0.0;3;True;-7.06;44.0;13.0;152;True;False;False;False
7;18;0.0;5;True;28.66;46.0;13.0;631;True;False;False;False
1;0;0.0;3;True;-4.24;42.0;22.0;9;True;False;False;False
10;10;0.0;5;True;17.38;88.0;7.0;197;False;True;False;False
8;19;0.0;4;True;29.6;63.0;11.0;607;True;False;False;False
12;3;0.0;1;True;-0.48;59.0;7.0;1;True;False;False;False
10;17;0.0;2;True;6.1;87.0;15.0;124;False;False;False;True
7;9;0.0;4;True;31.48;49.0;20.0;293;True;False;False;False
1;17;0.0;1;True;2.34;87.0;0.0;152;False;False;False;True
10;13;0.0;2;True;6.1;81.0;24.0;116;False;False;False;True
11;13;0.0;5;True;13.62;38.0;19.0;424;True;False;False;False
6;23;0.0;1;True;19.26;49.0;20.0;86;True;False;False;False
4;2;0.0;0;False;8.92;76.0;11.0;81;False;True;False;False
12;17;0.0;6;False;9.86;87.0;9.0;345;True;False;False;False
9;23;0.0;1;True;13.62;63.0;9.0;94;True;False;False;False
4;12;1.0;1;False;23.96;57.0;17.0;271;True;False;False;False
5;12;0.0;1;True;18.32;68.0;15.0;263;False;True;False;False
8;6;0.0;1;True;20.2;78.0;9.0;161;False;True;False;False
3;16;0.0;2;True;11.74;20.0;0.0;305;True;False;False;False
5;2;0.0;0;False;18.32;52.0;0.0;98;True;False;False;False
12;19;0.0;5;True;5.16;45.0;20.0;153;True;False;False;False
12;16;0.0;0;False;8.92;93.0;11.0;253;False;False;False;True
2;21;0.0;3;True;16.44;52.0;11.0;233;True;False;False;False
3;0;0.0;5;True;19.26;49.0;31.0;54;False;True;False;False
3;8;0.0;1;True;7.98;61.0;9.0;564;True;False;False;False
12;0;0.0;6;False;8.92;93.0;6.0;103;False;True;False;False
5;16;0.0;5;True;28.66;52.0;15.0;584;True;False;False;False
9;23;0.0;4;True;22.08;89.0;11.0;169;True;False;False;False
12;8;0.0;5;True;7.04;57.0;19.0;472;False;True;False;False
3;20;0.0;2;True;11.74;17.0;6.0;294;True;False;False;False
6;6;0.0;6;False;15.5;77.0;13.0;36;False;True;False;False
6;23;0.0;0;False;25.84;58.0;7.0;110;True;False;False;False
9;13;0.0;6;False;30.54;52.0;6.0;504;False;True;False;False
2;11;0.0;2;True;7.98;36.0;17.0;163;True;False;False;False
5;19;0.0;3;True;24.9;54.0;19.0;590;True;False;False;False
9;9;0.0;5;True;21.14;83.0;7.0;426;False;True;False;False
10;16;0.0;5;True;25.84;37.0;0.0;634;True;False;False;False
11;15;0.0;5;True;11.74;38.0;9.0;267;True;False;False;False
4;1;0.0;0;False;13.62;82.0;22.0;73;False;True;False;False
7;17;1.0;3;False;35.24;35.0;20.0;414;True;False;False;False
8;20;0.0;1;True;27.72;66.0;11.0;457;True;False;False;False
2;5;0.0;2;True;7.04;42.0;24.0;21;True;False;False;False
1;16;0.0;5;True;16.44;27.0;19.0;294;True;False;False;False
12;22;0.0;3;True;6.1;52.0;15.0;122;False;True;False;False
7;10;0.0;5;True;32.42;30.0;0.0;210;True;False;False;False
10;15;0.0;2;True;16.44;63.0;11.0;254;False;True;False;False
10;9;0.0;6;False;15.5;59.0;9.0;363;True;False;False;False
12;20;0.0;6;False;6.1;56.0;37.0;66;False;True;False;False
8;17;0.0;3;True;29.6;55.0;19.0;858;False;True;False;False
3;17;0.0;2;True;20.2;73.0;13.0;750;True;False;False;False
10;8;0.0;6;False;7.98;53.0;7.0;174;True;False;False;False
3;17;0.0;4;True;21.14;38.0;44.0;597;True;False;False;False
4;9;0.0;0;False;8.92;81.0;9.0;275;False;True;False;False
1;21;0.0;3;True;1.4;44.0;0.0;90;False;True;False;False
12;7;0.0;5;True;7.04;57.0;13.0;208;False;True;False;False
2;0;0.0;5;True;5.16;65.0;6.0;43;False;True;False;False
1;0;0.0;1;True;7.04;26.0;28.0;10;False;True;False;False
6;19;0.0;1;True;26.78;27.0;31.0;582;True;False;False;False
3;16;0.0;0;False;14.56;77.0;0.0;492;True;False;False;False
4;14;0.0;2;True;22.08;27.0;19.0;257;True;False;False;False
6;17;0.0;5;True;30.54;38.0;11.0;646;False;True;False;False
12;8;0.0;6;False;4.22;44.0;41.0;29;True;False;False;False
10;21;0.0;5;True;17.38;77.0;9.0;292;False;True;False;False
11;12;0.0;0;False;9.86;46.0;15.0;504;True;False;False;False
12;13;0.0;0;False;9.86;87.0;19.0;285;False;True;False;False
8;21;0.0;3;True;24.9;61.0;13.0;315;True;False;False;False
5;23;0.0;2;True;21.14;73.0;7.0;105;True;False;False;False
9;7;0.0;5;True;22.08;89.0;7.0;486;True;False;False;False
9;22;0.0;1;True;17.38;52.0;9.0;159;True;False;False;False
12;20;0.0;2;True;8.92;50.0;17.0;268;True;False;False;False
4;2;0.0;1;True;11.74;71.0;9.0;8;True;False;False;False
11;2;0.0;3;True;5.16;87.0;7.0;8;True;False;False;False
8;20;0.0;4;True;24.9;61.0;7.0;474;True;False;False;False
10;22;0.0;3;True;23.02;74.0;0.0;241;True;False;False;False
12;21;0.0;3;True;7.98;61.0;15.0;168;True;False;False;False
5;11;0.0;0;False;23.02;36.0;22.0;581;True;False;False;False
1;18;0.0;5;True;15.5;29.0;17.0;419;True;False;False;False
8;2;0.0;4;True;22.08;69.0;13.0;15;True;False;False;False
11;18;1.0;1;False;16.44;72.0;9.0;551;True;False;False;False
2;17;0.0;5;True;7.98;42.0;13.0;396;False;True;False;False
6;18;0.0;6;False;30.54;24.0;15.0;451;True;False;False;False
7;19;0.0;0;False;25.84;84.0;15.0;312;True;False;False;False
5;16;0.0;2;True;22.08;73.0;15.0;389;False;False;False;True
11;21;0.0;4;True;7.04;66.0;7.0;224;False;True;False;False
9;4;0.0;4;True;18.32;94.0;9.0;8;True;False;False;False
1;21;0.0;5;True;1.4;37.0;6.0;104;False;True;False;False
8;16;0.0;5;True;31.48;32.0;30.0;488;False;True;False;False
10;15;0.0;3;True;11.74;54.0;11.0;230;True;False;False;False
1;3;0.0;2;True;7.04;93.0;9.0;3;False;True;False;False
11;20;0.0;1;True;7.04;49.0;17.0;241;True;False;False;False
8;4;0.0;1;True;22.08;69.0;7.0;11;True;False;False;False
11;4;0.0;0;False;2.34;44.0;0.0;2;True;False;False;False
2;15;0.0;3;True;15.5;31.0;28.0;195;True;False;False;False
3;12;0.0;2;True;4.22;41.0;7.0;138;True;False;False;False
7;20;0.0;0;False;27.72;70.0;6.0;285;True;False;False;False
12;20;0.0;5;True;9.86;76.0;7.0;241;False;False;False;True
5;17;0.0;3;True;22.08;53.0;9.0;705;False;True;False;False
8;23;0.0;4;True;23.02;69.0;0.0;157;False;True;False;False
12;2;0.0;2;True;12.68;88.0;15.0;7;False;True;False;False
1;1;0.0;0;False;6.1;28.0;24.0;73;True;False;False;False
6;15;0.0;5;True;27.72;29.0;19.0;397;True;False;False;False
4;14;0.0;2;True;17.38;24.0;13.0;224;True;False;False;False
11;6;0.0;4;True;6.1;65.0;17.0;147;False;True;False;False
11;23;0.0;5;True;6.1;75.0;6.0;110;False;True;False;False
1;10;0.0;0;False;6.1;81.0;7.0;70;True;False;False;False
1;3;0.0;3;True;12.68;51.0;33.0;4;False;True;False;False
8;23;0.0;5;True;26.78;62.0;7.0;174;True;False;False;False
6;10;0.0;1;True;17.38;88.0;7.0;91;False;False;False;True
5;2;0.0;4;True;22.08;65.0;6.0;14;True;False;False;False
3;0;0.0;0;False;13.62;88.0;13.0;107;True;False;False;False
7;9;0.0;6;False;19.26;83.0;13.0;207;False;True;False;False
7;2;0.0;4;True;25.84;70.0;13.0;7;True;False;False;False
12;16;0.0;0;False;7.98;34.0;13.0;190;True;False;False;False
10;9;0.0;4;True;10.8;43.0;26.0;355;True;False;False;False
5;19;0.0;0;False;20.2;64.0;11.0;383;False;True;False;False
5;9;0.0;2;True;18.32;68.0;24.0;295;False;True;False;False
6;19;0.0;2;True;23.96;83.0;13.0;491;True;False;False;False
3;12;0.0;3;True;17.38;39.0;24.0;268;False;True;False;False
11;19;0.0;4;True;7.98;61.0;9.0;386;False;True;False;False
2;13;0.0;6;False;10.8;43.0;19.0;384;True;False;False;False
5;18;0.0;3;True;26.78;48.0;11.0;796;True;False;False;False
8;5;0.0;5;True;24.9;84.0;19.0;33;False;False;False;True
7;17;0.0;2;True;35.24;29.0;0.0;770;True;False;False;False
4;15;0.0;1;True;19.26;28.0;37.0;255;True;False;False;False
10;14;0.0;6;False;20.2;46.0;17.0;750;True;False;False;False
7;23;0.0;2;True;28.66;59.0;13.0;161;True;False;False;False
3;19;0.0;6;False;19.26;64.0;19.0;417;True;False;False;False
4;4;0.0;4;True;14.56;59.0;6.0;3;False;True;False;False
8;8;0.0;3;True;23.02;61.0;11.0;808;True;False;False;False
1;2;0.0;2;True;2.34;87.0;11.0;4;False;True;False;False
7;7;0.0;3;True;23.02;83.0;7.0;497;False;True;False;False
5;12;0.0;3;True;19.26;83.0;15.0;245;False;True;False;False
12;0;0.0;3;True;15.5;59.0;19.0;37;True;False;False;False
10;16;0.0;0;False;14.56;67.0;31.0;293;False;False;False;True
1;5;0.0;5;True;6.1;70.0;37.0;21;False;True;False;False
4;13;0.0;0;False;15.5;45.0;7.0;595;True;False;False;False
12;0;0.0;1;True;2.34;69.0;0.0;12;True;False;False;False
10;7;0.0;0;False;15.5;59.0;20.0;65;False;True;False;False
3;11;0.0;3;True;11.74;38.0;20.0;161;True;False;False;False
12;10;0.0;1;True;1.4;69.0;9.0;120;False;True;False;False
11;8;0.0;0;False;7.04;87.0;7.0;119;True;False;False;False
1;12;1.0;1;False;1.4;55.0;22.0;185;True;False;False;False
8;19;0.0;3;True;24.9;61.0;9.0;649;True;False;False;False
11;19;0.0;6;False;7.98;53.0;6.0;253;True;False;False;False
12;2;0.0;0;False;7.98;87.0;6.0;87;False;True;False;False
5;12;0.0;3;True;23.02;69.0;6.0;248;False;True;False;False
8;6;0.0;3;True;21.14;73.0;0.0;187;True;False;False;False
10;19;0.0;3;True;22.08;53.0;6.0;572;False;True;False;False
7;5;0.0;6;False;23.96;79.0;11.0;14;True;False;False;False
1;21;0.0;3;True;7.98;87.0;15.0;29;False;False;False;True
3;1;0.0;1;True;9.86;50.0;9.0;10;True;False;False;False
6;4;0.0;6;False;21.14;57.0;0.0;8;True;False;False;False
6;19;0.0;5;True;26.78;30.0;15.0;555;True;False;False;False
3;10;0.0;4;True;15.5;68.0;31.0;138;True;False;False;False
9;12;0.0;0;False;23.02;44.0;11.0;656;True;False;False;False
8;14;0.0;5;True;34.3;25.0;15.0;436;True;False;False;False
9;8;0.0;2;True;17.38;68.0;6.0;750;True;False;False;False
10;22;0.0;6;False;10.8;62.0;0.0;189;True;False;False;False
8;5;0.0;0;False;22.08;89.0;13.0;16;True;False;False;False
8;16;0.0;2;True;27.72;37.0;0.0;467;True;False;False;False
1;2;0.0;5;True;2.34;69.0;11.0;5;True;False;False;False
9;21;0.0;1;True;18.32;49.0;11.0;285;True;False;False;False
9;16;0.0;5;True;25.84;51.0;0.0;563;False;True;False;False
12;20;0.0;2;True;15.5;63.0;15.0;306;False;True;False;False
8;16;0.0;4;True;30.54;46.0;13.0;406;True;False;False;False
9;5;0.0;6;False;18.32;83.0;22.0;17;True;False;False;False
10;8;0.0;1;True;13.62;77.0;7.0;784;False;True;False;False
12;3;0.0;4;True;2.34;55.0;13.0;2;True;False;False;False
9;9;0.0;0;False;15.5;51.0;22.0;276;True;False;False;False
2;7;0.0;0;False;-4.24;53.0;13.0;18;True;False;False;False
4;18;0.0;3;True;23.02;41.0;17.0;759;True;False;False;False
7;14;1.0;3;False;34.3;37.0;11.0;547;True;False;False;False
12;18;0.0;3;True;11.74;35.0;30.0;609;True;False;False;False
1;3;1.0;1;False;-2.36;50.0;0.0;3;True;False;False;False
6;22;0.0;1;True;18.32;52.0;19.0;168;True;False;False;False
3;15;0.0;1;True;6.1;53.0;13.0;130;False;True;False;False
7;9;0.0;2;True;25.84;70.0;7.0;333;True;False;False;False
3;19;0.0;0;False;6.1;36.0;33.0;132;True;False;False;False
11;8;0.0;2;True;2.34;69.0;11.0;588;True;False;False;False
6;22;0.0;5;True;22.08;53.0;9.0;321;True;False;False;False
7;14;0.0;2;True;30.54;38.0;11.0;242;True;False;False;False
1;23;0.0;2;True;-3.3;46.0;26.0;18;True;False;False;False
10;13;0.0;1;True;18.32;88.0;15.0;146;False;True;False;False
5;1;0.0;0;False;18.32;52.0;0.0;130;True;False;False;False
11;0;0.0;5;True;7.98;57.0;11.0;50;True;False;False;False
3;2;0.0;3;True;7.98;49.0;20.0;3;True;False;False;False
10;6;0.0;6;False;17.38;88.0;17.0;30;True;False;False;False
10;10;0.0;0;False;15.5;48.0;20.0;443;True;False;False;False
7;2;0.0;2;True;23.02;83.0;9.0;8;True;False;False;False
2;14;0.0;5;True;10.8;37.0;24.0;170;True;False;False;False
12;23;0.0;0;False;8.92;100.0;6.0;51;False;False;False;True
1;15;0.0;6;False;19.26;37.0;20.0;449;True;False;False;False
6;2;0.0;5;True;22.08;57.0;15.0;16;True;False;False;False
7;23;0.0;4;True;29.6;55.0;11.0;131;True;False;False;False
6;5;0.0;3;True;20.2;83.0;13.0;40;True;False;False;False
1;17;0.0;0;False;-0.48;80.0;7.0;108;False;True;False;False
9;9;0.0;4;True;20.2;64.0;6.0;338;True;False;False;False
10;17;0.0;2;True;16.44;68.0;11.0;806;False;True;False;False
2;17;0.0;5;True;11.74;32.0;22.0;465;True;False;False;False
8;20;0.0;3;True;24.9;61.0;9.0;427;True;False;False;False
8;14;0.0;3;True;29.6;52.0;17.0;236;False;True;False;False
12;18;0.0;4;True;5.16;45.0;11.0;565;True;False;False;False
10;16;0.0;6;False;20.2;43.0;35.0;659;True;False;False;False
11;21;0.0;4;True;9.86;54.0;9.0;267;False;True;False;False
1;0;0.0;2;True;2.34;87.0;7.0;14;False;True;False;False
7;6;0.0;5;True;23.02;89.0;11.0;126;False;True;False;False
10;19;0.0;1;True;16.44;83.0;6.0;239;False;False;False;True
7;22;0.0;0;False;25.84;74.0;7.0;130;True;False;False;False
5;11;0.0;5;True;18.32;35.0;17.0;291;True;False;False;False
11;6;0.0;4;True;2.34;69.0;0.0;121;True;False;False;False
9;22;0.0;2;True;19.26;83.0;31.0;151;False;False;False;True
7;18;0.0;1;True;30.54;46.0;7.0;741;True;False;False;False
10;23;0.0;3;True;23.02;78.0;0.0;220;False;True;False;False
7;17;0.0;1;True;31.48;32.0;9.0;747;True;False;False;False
5;23;0.0;5;True;23.02;78.0;15.0;166;True;False;False;False
9;8;0.0;5;True;20.2;78.0;11.0;766;False;True;False;False
7;9;1.0;3;False;27.72;52.0;0.0;293;True;False;False;False
9;17;0.0;4;True;25.84;42.0;13.0;884;True;False;False;False
7;20;0.0;5;True;28.66;59.0;7.0;354;True;False;False;False
7;14;0.0;5;True;24.9;84.0;11.0;229;False;False;False;True
9;17;0.0;1;True;19.26;30.0;0.0;898;True;False;False;False
2;9;0.0;2;True;5.16;45.0;24.0;232;True;False;False;False
11;9;0.0;0;False;3.28;48.0;15.0;96;False;True;False;False
12;22;0.0;3;True;3.28;93.0;30.0;11;False;False;False;True
10;9;0.0;2;True;14.56;55.0;17.0;355;True;False;False;False
12;8;0.0;6;False;4.22;75.0;6.0;119;False;True;False;False
10;6;0.0;5;True;17.38;94.0;11.0;131;False;False;False;True
4;1;0.0;0;False;8.92;76.0;11.0;62;False;True;False;False
2;6;0.0;3;True;10.8;54.0;11.0;67;False;False;False;True
12;20;0.0;6;False;8.92;57.0;13.0;201;False;True;False;False
8;3;0.0;5;True;23.02;89.0;7.0;5;True;False;False;False
11;14;0.0;3;True;8.92;40.0;20.0;176;True;False;False;False
7;20;0.0;2;True;32.42;34.0;11.0;427;True;False;False;False
2;17;0.0;1;True;17.38;24.0;30.0;529;True;False;False;False
11;4;1.0;4;False;2.34;80.0;9.0;3;True;False;False;False
10;2;0.0;4;True;13.62;82.0;13.0;14;True;False;False;False
12;9;0.0;3;True;5.16;61.0;9.0;285;False;True;False;False
1;12;0.0;5;True;15.5;88.0;11.0;180;False;True;False;False
10;22;0.0;4;True;10.8;66.0;11.0;177;True;False;False;False
11;9;0.0;5;True;3.28;75.0;6.0;330;True;False;False;False
9;10;0.0;4;True;23.02;94.0;9.0;49;False;False;False;True
12;5;0.0;3;True;4.22;75.0;6.0;31;True;False;False;False
2;20;0.0;3;True;16.44;52.0;11.0;264;True;False;False;False
6;0;0.0;3;True;21.14;41.0;13.0;54;True;False;False;False
6;0;0.0;3;True;24.9;79.0;13.0;53;True;False;False;False
2;15;0.0;3;True;10.8;82.0;19.0;90;False;True;False;False
10;5;0.0;3;True;6.1;81.0;9.0;24;False;True;False;False
9;16;0.0;2;True;24.9;28.0;9.0;536;True;False;False;False
12;8;0.0;5;True;3.28;60.0;9.0;239;False;True;False;False
6;12;0.0;0;False;30.54;30.0;0.0;502;True;False;False;False
12;22;0.0;1;True;11.74;82.0;7.0;144;True;False;False;False
11;0;0.0;2;True;7.04;66.0;6.0;26;False;True;False;False
3;16;0.0;4;True;21.14;41.0;43.0;342;False;True;False;False
1;4;0.0;4;True;-2.36;54.0;7.0;1;True;False;False;False
11;22;0.0;3;True;5.16;61.0;0.0;173;True;False;False;False
3;18;0.0;5;True;8.92;87.0;13.0;160;False;False;False;True
5;10;0.0;0;False;20.2;60.0;17.0;350;True;False;False;False
6;0;0.0;6;False;22.08;83.0;0.0;116;True;False;False;False
7;7;0.0;5;True;25.84;70.0;13.0;410;True;False;False;False
9;11;0.0;2;True;23.96;79.0;43.0;151;False;True;False;False
10;1;0.0;0;False;11.74;58.0;15.0;117;True;False;False;False
2;15;0.0;4;True;13.62;67.0;11.0;174;True;False;False;False
7;13;0.0;5;True;23.96;83.0;7.0;156;False;False;False;True
10;14;0.0;2;True;20.2;88.0;9.0;163;False;False;False;True
7;9;0.0;3;True;24.9;74.0;9.0;328;False;True;False;False
1;12;0.0;4;True;6.1;49.0;17.0;120;True;False;False;False
6;1;0.0;1;True;24.9;65.0;15.0;31;True;False;False;False
7;20;0.0;5;True;22.08;83.0;26.0;251;False;False;False;True
12;21;0.0;1;True;12.68;82.0;13.0;221;True;False;False;False
9;14;0.0;4;True;22.08;47.0;13.0;298;True;False;False;False
7;0;1.0;3;False;23.96;79.0;6.0;159;True;False;False;False
3;0;0.0;4;True;17.38;68.0;13.0;48;True;False;False;False
11;1;0.0;4;True;4.22;65.0;7.0;16;False;True;False;False
3;1;0.0;1;True;14.56;82.0;17.0;28;True;False;False;False
5;10;0.0;1;True;19.26;88.0;19.0;99;False;False;False;True
10;23;0.0;5;True;16.44;83.0;11.0;178;True;False;False;False
5;22;0.0;3;True;15.5;82.0;15.0;173;True;False;False;False
9;5;0.0;2;True;13.62;72.0;6.0;44;True;False;False;False
11;18;0.0;5;True;11.74;44.0;7.0;496;True;False;False;False
3;2;0.0;0;False;13.62;82.0;7.0;56;False;True;False;False
5;4;0.0;6;False;12.68;67.0;7.0;9;True;False;False;False
11;10;0.0;4;True;7.04;31.0;22.0;161;True;False;False;False
10;17;0.0;4;True;19.26;64.0;22.0;890;False;True;False;False
3;7;0.0;6;False;2.34;44.0;17.0;40;True;False;False;False
3;17;0.0;4;True;23.02;65.0;11.0;810;True;False;False;False
10;13;0.0;1;True;21.14;29.0;11.0;315;True;False;False;False
11;8;1.0;1;False;11.74;82.0;11.0;540;True;False;False;False
7;9;0.0;2;True;31.48;53.0;0.0;339;True;False;False;False
2;14;0.0;1;True;13.62;36.0;19.0;158;True;False;False;False
6;1;0.0;1;True;18.32;60.0;11.0;14;False;False;False;True
5;16;1.0;1;False;30.54;56.0;22.0;501;True;False;False;False
8;1;0.0;4;True;24.9;79.0;9.0;28;True;False;False;False
1;11;0.0;4;True;-0.48;55.0;11.0;99;True;False;False;False
9;16;0.0;5;True;29.6;55.0;19.0;470;True;False;False;False
5;0;0.0;4;True;22.08;69.0;9.0;61;True;False;False;False
9;20;0.0;3;True;21.14;57.0;9.0;470;True;False;False;False
11;11;0.0;3;True;7.04;51.0;24.0;147;False;True;False;False
11;23;0.0;1;True;4.22;60.0;9.0;53;True;False;False;False
1;12;1.0;1;False;5.16;36.0;17.0;202;True;False;False;False
4;22;0.0;0;False;15.5;45.0;0.0;108;True;False;False;False
9;12;0.0;3;True;23.96;36.0;9.0;352;True;False;False;False
6;6;0.0;3;True;19.26;46.0;19.0;200;True;False;False;False
7;13;0.0;3;True;28.66;31.0;11.0;312;True;False;False;False
4;0;0.0;5;True;14.56;67.0;7.0;64;True;False;False;False
5;8;0.0;2;True;24.9;74.0;13.0;634;True;False;False;False
11;18;0.0;4;True;10.8;50.0;11.0;678;False;True;False;False
8;7;0.0;2;True;23.02;83.0;6.0;179;False;True;False;False
3;18;0.0;5;True;12.68;26.0;35.0;470;True;False;False;False
4;17;0.0;5;True;18.32;24.0;11.0;738;True;False;False;False
9;14;0.0;3;True;24.9;37.0;11.0;278;True;False;False;False
1;14;0.0;5;True;4.22;33.0;37.0;129;True;False;False;False
11;17;0.0;5;True;11.74;44.0;9.0;654;True;False;False;False
4;10;0.0;5;True;8.92;40.0;22.0;238;True;False;False;False
8;0;0.0;6;False;24.9;70.0;19.0;180;True;False;False;False
2;11;0.0;3;True;8.92;53.0;19.0;138;True;False;False;False
6;21;0.0;4;True;30.54;52.0;13.0;311;True;False;False;False
6;4;0.0;0;False;21.14;78.0;6.0;10;True;False;False;False
3;1;0.0;4;True;13.62;63.0;22.0;21;True;False;False;False
3;1;0.0;5;True;18.32;52.0;33.0;26;False;False;False;True
6;12;0.0;2;True;17.38;56.0;15.0;247;False;True;False;False
1;23;0.0;3;True;1.4;44.0;7.0;32;False;True;False;False
9;17;0.0;0;False;18.32;35.0;20.0;723;True;False;False;False
5;15;0.0;3;True;22.08;65.0;13.0;256;True;False;False;False
4;3;0.0;5;True;12.68;47.0;33.0;3;True;False;False;False
12;10;0.0;5;True;7.04;76.0;11.0;166;False;True;False;False
2;12;0.0;1;True;5.16;28.0;22.0;118;True;False;False;False
6;1;0.0;4;True;25.84;79.0;9.0;18;True;False;False;False
11;7;0.0;2;True;6.1;81.0;9.0;293;False;False;False;True
5;17;0.0;2;True;23.96;65.0;7.0;678;True;False;False;False
4;22;0.0;2;True;10.8;37.0;33.0;127;True;False;False;False
3;23;0.0;0;False;14.56;82.0;9.0;65;True;False;False;False
3;3;0.0;3;True;6.1;56.0;24.0;3;True;False;False;False
10;0;0.0;5;True;17.38;77.0;0.0;71;False;True;False;False
8;13;0.0;5;True;33.36;27.0;22.0;368;True;False;False;False
2;23;0.0;6;False;-2.36;50.0;33.0;20;False;False;False;True
4;6;0.0;1;True;8.92;71.0;31.0;110;True;False;False;False
2;17;1.0;1;False;9.86;27.0;17.0;253;True;False;False;False
3;9;0.0;4;True;13.62;77.0;17.0;286;True;False;False;False
9;17;0.0;5;True;23.96;57.0;19.0;846;True;False;False;False
10;20;0.0;1;True;16.44;72.0;26.0;256;False;True;False;False
6;10;0.0;3;True;20.2;46.0;6.0;203;True;False;False;False
3;19;0.0;6;False;11.74;71.0;30.0;284;True;False;False;False
5;19;0.0;2;True;24.9;54.0;9.0;487;True;False;False;False
3;8;0.0;5;True;7.04;66.0;11.0;593;True;False;False;False
12;5;0.0;0;False;7.98;87.0;0.0;9;False;True;False;False
12;9;0.0;1;True;10.8;87.0;0.0;282;False;True;False;False
3;23;0.0;3;True;12.68;62.0;22.0;62;True;False;False;False
1;6;1.0;1;False;-3.3;54.0;6.0;13;True;False;False;False
4;3;0.0;2;True;18.32;83.0;6.0;6;True;False;False;False
11;20;0.0;0;False;3.28;60.0;0.0;119;True;False;False;False
4;18;0.0;6;False;21.14;35.0;15.0;481;False;True;False;False
8;3;0.0;4;True;23.02;83.0;0.0;6;True;False;False;False
11;6;0.0;2;True;7.98;71.0;11.0;148;False;True;False;False
8;22;0.0;4;True;23.96;61.0;7.0;198;False;True;False;False
4;14;0.0;6;False;15.5;22.0;20.0;578;True;False;False;False
10;14;0.0;2;True;6.1;81.0;24.0;126;False;False;False;True
5;17;0.0;6;False;28.66;52.0;17.0;462;False;True;False;False
1;4;0.0;2;True;6.1;49.0;13.0;1;True;False;False;False
6;13;0.0;3;True;24.9;45.0;26.0;255;False;True;False;False
12;0;0.0;6;False;3.28;70.0;0.0;26;False;True;False;False
4;12;0.0;5;True;11.74;35.0;20.0;337;True;False;False;False
2;12;0.0;3;True;9.86;46.0;26.0;163;True;False;False;False
5;6;0.0;1;True;13.62;88.0;7.0;142;True;False;False;False
12;20;0.0;3;True;7.98;46.0;26.0;293;True;False;False;False
6;11;0.0;6;False;33.36;30.0;17.0;452;True;False;False;False
8;13;0.0;0;False;22.08;83.0;9.0;162;False;False;False;True
4;3;0.0;5;True;12.68;88.0;7.0;10;True;False;False;False
10;9;0.0;5;True;17.38;88.0;9.0;403;False;True;False;False
2;20;0.0;2;True;10.8;30.0;9.0;204;True;False;False;False
10;17;0.0;6;False;17.38;49.0;26.0;610;True;False;False;False
6;6;0.0;0;False;22.08;65.0;11.0;25;True;False;False;False
4;0;0.0;4;True;7.04;66.0;19.0;23;True;False;False;False
3;5;0.0;3;True;8.92;43.0;20.0;40;True;False;False;False
7;13;0.0;4;True;29.6;33.0;15.0;277;True;False;False;False
8;6;0.0;4;True;23.02;83.0;11.0;167;True;False;False;False
12;12;0.0;6;False;1.4;100.0;0.0;48;False;False;False;True
12;3;0.0;1;True;1.4;75.0;0.0;3;True;False;False;False
3;15;0.0;2;True;24.9;39.0;15.0;264;True;False;False;False
10;1;0.0;2;True;17.38;77.0;7.0;11;False;True;False;False
4;17;0.0;6;False;26.78;30.0;26.0;568;False;True;False;False
7;21;0.0;0;False;27.72;70.0;9.0;207;True;False;False;False
6;11;0.0;4;True;29.6;31.0;13.0;211;True;False;False;False
2;20;0.0;5;True;12.68;62.0;28.0;167;True;False;False;False
9;6;0.0;1;True;13.62;59.0;0.0;168;True;False;False;False
10;23;0.0;6;False;12.68;62.0;9.0;179;True;False;False;False
1;20;1.0;1;False;3.28;41.0;15.0;88;True;False;False;False
11;18;0.0;3;True;7.04;53.0;24.0;465;False;True;False;False
2;14;0.0;0;False;6.1;61.0;11.0;243;True;False;False;False
6;3;0.0;3;True;23.02;83.0;9.0;8;True;False;False;False
6;14;0.0;1;True;19.26;68.0;13.0;219;False;True;False;False
5;3;0.0;6;False;21.14;88.0;7.0;31;True;False;False;False
9;21;0.0;0;False;15.5;68.0;0.0;123;True;False;False;False
12;14;0.0;1;True;10.8;87.0;6.0;181;False;True;False;False
12;22;0.0;1;True;3.28;93.0;0.0;12;False;True;False;False
3;20;0.0;6;False;18.32;64.0;13.0;271;True;False;False;False
7;10;0.0;1;True;28.66;62.0;0.0;200;False;True;False;False
8;16;0.0;5;True;34.3;27.0;17.0;528;True;False;False;False
10;21;0.0;6;False;10.8;58.0;13.0;204;True;False;False;False
1;12;0.0;6;False;2.34;41.0;17.0;219;True;False;False;False
7;0;0.0;4;True;26.78;51.0;7.0;88;True;False;False;False
1;18;0.0;6;False;2.34;41.0;13.0;143;True;False;False;False
8;19;0.0;6;False;30.54;52.0;24.0;397;True;False;False;False
6;15;0.0;1;True;29.6;41.0;24.0;259;True;False;False;False
12;15;0.0;4;True;7.98;57.0;13.0;249;False;True;False;False
12;11;0.0;5;True;7.04;65.0;13.0;211;True;False;False;False
6;15;0.0;3;True;22.08;38.0;0.0;300;True;False;False;False
2;17;0.0;6;False;2.34;69.0;31.0;144;False;False;False;True
8;7;0.0;0;False;26.78;74.0;20.0;68;True;False;False;False
12;10;0.0;4;True;5.16;56.0;35.0;75;True;False;False;False
4;23;0.0;0;False;14.56;59.0;0.0;82;True;False;False;False
3;1;0.0;2;True;1.4;44.0;17.0;6;True;False;False;False
6;19;0.0;4;True;24.9;48.0;17.0;579;True;False;False;False
6;12;0.0;3;True;21.14;38.0;0.0;315;True;False;False;False
7;1;0.0;0;False;30.54;56.0;7.0;124;True;False;False;False
8;13;0.0;3;True;26.78;42.0;0.0;300;True;False;False;False
2;13;0.0;3;True;13.62;47.0;15.0;186;True;False;False;False
4;6;0.0;0;False;8.92;76.0;9.0;97;False;True;False;False
4;7;0.0;5;True;9.86;50.0;19.0;315;True;False;False;False
11;2;0.0;4;True;6.1;49.0;15.0;6;False;True;False;False
12;21;0.0;1;True;3.28;93.0;6.0;22;False;False;False;True
12;14;0.0;6;False;3.28;87.0;6.0;98;False;True;False;False
12;11;0.0;6;False;7.98;61.0;6.0;393;True;False;False;False
12;6;0.0;0;False;-0.48;64.0;6.0;9;True;False;False;False
5;1;0.0;1;True;19.26;88.0;24.0;15;False;False;False;True
11;10;0.0;2;True;10.8;66.0;6.0;176;False;True;False;False
2;16;0.0;0;False;8.92;32.0;17.0;339;True;False;False;False
4;9;0.0;0;False;10.8;71.0;9.0;185;True;False;False;False
7;11;0.0;4;True;29.6;66.0;15.0;212;True;False;False;False
6;3;0.0;1;True;16.44;83.0;15.0;4;False;True;False;False
3;9;0.0;6;False;12.68;88.0;6.0;321;False;True;False;False
1;21;0.0;4;True;12.68;67.0;9.0;174;True;False;False;False
11;15;0.0;6;False;11.74;35.0;20.0;549;True;False;False;False
6;4;0.0;5;True;27.72;66.0;0.0;10;False;True;False;False
7;10;0.0;4;True;32.42;44.0;24.0;186;True;False;False;False
8;3;0.0;0;False;21.14;61.0;11.0;55;False;True;False;False
2;18;0.0;3;True;14.56;41.0;22.0;525;False;True;False;False
7;18;0.0;1;True;31.48;32.0;11.0;730;True;False;False;False
2;8;0.0;0;False;-4.24;53.0;17.0;26;True;False;False;False
11;22;0.0;4;True;4.22;70.0;6.0;151;True;False;False;False
10;22;0.0;0;False;18.32;73.0;26.0;125;True;False;False;False
12;22;0.0;4;True;7.98;87.0;13.0;21;False;False;False;True
5;5;0.0;2;True;18.32;88.0;13.0;17;False;False;False;True
4;7;0.0;0;False;9.86;27.0;11.0;37;True;False;False;False
3;10;0.0;4;True;15.5;100.0;6.0;142;False;True;False;False
8;17;0.0;6;False;23.02;74.0;22.0;403;False;True;False;False
10;17;1.0;1;False;11.74;66.0;17.0;497;False;True;False;False
11;15;0.0;6;False;8.92;46.0;30.0;448;False;True;False;False
4;13;0.0;5;True;16.44;27.0;19.0;358;True;False;False;False
3;20;0.0;0;False;5.16;38.0;17.0;88;True;False;False;False
8;23;0.0;5;True;26.78;79.0;9.0;196;True;False;False;False
10;3;1.0;1;False;7.98;81.0;7.0;10;True;False;False;False
3;10;0.0;6;False;4.22;35.0;28.0;223;True;False;False;False
6;11;0.0;5;True;23.02;50.0;13.0;286;True;False;False;False
8;18;0.0;3;True;27.72;62.0;15.0;891;False;False;False;True
5;21;0.0;4;True;21.14;78.0;9.0;299;True;False;False;False
1;15;0.0;1;True;2.34;100.0;15.0;74;False;True;False;False
6;21;0.0;2;True;17.38;56.0;11.0;283;True;False;False;False
5;1;0.0;4;True;22.08;69.0;6.0;26;True;False;False;False
7;15;0.0;5;True;29.6;36.0;7.0;353;False;True;False;False
4;14;0.0;0;False;24.9;39.0;19.0;628;True;False;False;False
6;14;0.0;4;True;25.84;37.0;17.0;265;True;False;False;False
4;22;0.0;4;True;16.44;83.0;11.0;183;True;False;False;False
8;21;0.0;5;True;27.72;66.0;13.0;278;False;True;False;False
3;10;0.0;0;False;10.8;87.0;22.0;250;False;True;False;False
11;11;0.0;3;True;7.04;45.0;11.0;146;True;False;False;False
4;20;0.0;0;False;22.08;50.0;15.0;291;True;False;False;False
10;22;0.0;4;True;17.38;83.0;13.0;229;False;True;False;False
12;23;0.0;5;True;5.16;75.0;6.0;134;True;False;False;False
7;22;0.0;3;True;25.84;58.0;17.0;244;True;False;False;False
4;7;0.0;1;True;10.8;50.0;13.0;349;True;False;False;False
5;5;0.0;5;True;21.14;88.0;6.0;30;False;True;False;False
1;19;0.0;3;True;1.4;40.0;7.0;184;False;True;False;False
5;2;0.0;3;True;18.32;88.0;30.0;1;False;False;False;True
11;19;0.0;5;True;9.86;43.0;20.0;374;False;True;False;False
3;12;0.0;5;True;9.86;54.0;0.0;270;False;True;False;False
5;10;0.0;1;True;17.38;88.0;17.0;59;False;False;False;True
1;20;0.0;4;True;4.22;52.0;30.0;191;True;False;False;False
1;1;0.0;2;True;0.46;55.0;15.0;6;True;False;False;False
8;12;0.0;2;True;29.6;49.0;19.0;297;True;False;False;False
3;0;0.0;3;True;17.38;60.0;7.0;39;True;False;False;False
10;16;0.0;5;True;13.62;41.0;24.0;520;True;False;False;False
2;4;0.0;2;True;6.1;70.0;0.0;3;False;True;False;False
6;18;0.0;0;False;30.54;34.0;17.0;534;True;False;False;False
8;15;0.0;4;True;33.36;32.0;15.0;267;True;False;False;False
1;3;0.0;1;True;3.28;48.0;13.0;4;True;False;False;False
12;15;0.0;3;True;7.98;46.0;7.0;228;False;True;False;False
10;13;0.0;5;True;21.14;73.0;15.0;375;True;False;False;False
6;11;0.0;1;True;17.38;88.0;11.0;121;False;True;False;False
8;14;0.0;0;False;22.08;89.0;7.0;377;True;False;False;False
2;14;0.0;0;False;-0.48;40.0;35.0;111;True;False;False;False
12;20;0.0;5;True;5.16;41.0;17.0;112;True;False;False;False
1;12;0.0;0;False;-0.48;80.0;15.0;185;False;True;False;False
1;22;0.0;3;True;0.46;47.0;17.0;78;True;False;False;False
9;18;0.0;4;True;23.96;57.0;17.0;852;True;False;False;False
1;15;0.0;4;True;11.74;71.0;7.0;164;False;True;False;False
5;5;0.0;0;False;16.44;72.0;13.0;12;True;False;False;False
8;8;0.0;3;True;24.9;65.0;19.0;682;False;True;False;False
10;21;0.0;3;True;15.5;51.0;24.0;269;True;False;False;False
10;7;0.0;3;True;13.62;82.0;7.0;507;True;False;False;False
7;9;0.0;1;True;26.78;70.0;0.0;293;False;True;False;False
11;20;0.0;2;True;6.1;49.0;24.0;223;True;False;False;False
10;9;0.0;5;True;20.2;60.0;6.0;384;True;False;False;False
2;5;0.0;2;True;1.4;69.0;0.0;15;True;False;False;False
6;10;0.0;0;False;27.72;40.0;0.0;452;True;False;False;False
1;14;0.0;0;False;7.04;26.0;17.0;280;True;False;False;False
6;22;0.0;6;False;21.14;53.0;20.0;280;True;False;False;False
10;11;0.0;3;True;8.92;66.0;15.0;189;False;True;False;False
4;17;0.0;1;True;17.38;32.0;28.0;632;True;False;False;False
1;20;0.0;4;True;10.8;82.0;9.0;224;False;True;False;False
4;6;0.0;4;True;8.92;46.0;22.0;126;True;False;False;False
5;20;0.0;3;True;17.38;60.0;9.0;431;False;True;False;False
6;12;0.0;6;False;23.96;41.0;7.0;603;True;False;False;False
4;13;0.0;4;True;15.5;82.0;11.0;197;False;True;False;False
5;12;0.0;4;True;16.44;48.0;28.0;272;True;False;False;False
4;17;0.0;6;False;17.38;19.0;28.0;567;True;False;False;False
9;23;0.0;4;True;17.38;68.0;7.0;154;True;False;False;False
2;17;0.0;2;True;9.86;40.0;30.0;432;True;False;False;False
7;16;0.0;2;True;29.6;55.0;20.0;455;True;False;False;False
11;23;0.0;6;False;3.28;44.0;13.0;57;True;False;False;False
11;17;1.0;4;False;12.68;35.0;0.0;109;True;False;False;False
11;10;0.0;2;True;6.1;49.0;13.0;230;True;False;False;False
11;15;0.0;0;False;11.74;54.0;19.0;407;True;False;False;False
1;23;0.0;2;True;4.22;81.0;7.0;41;True;False;False;False
2;15;0.0;4;True;7.98;76.0;0.0;53;False;False;False;True
1;2;0.0;6;False;-1.42;86.0;0.0;26;False;False;False;True
9;0;0.0;3;True;16.44;72.0;7.0;49;True;False;False;False
8;1;0.0;2;True;23.96;89.0;13.0;21;True;False;False;False
4;8;0.0;3;True;8.92;76.0;6.0;654;True;False;False;False
5;3;0.0;4;True;20.2;73.0;17.0;3;True;False;False;False
11;20;1.0;4;False;7.98;71.0;0.0;52;True;False;False;False
4;23;0.0;3;True;16.44;23.0;28.0;131;True;False;False;False
7;16;0.0;4;True;29.6;36.0;13.0;439;True;False;False;False
10;15;0.0;0;False;15.5;63.0;33.0;301;False;True;False;False
4;1;0.0;4;True;14.56;27.0;22.0;13;True;False;False;False
9;2;0.0;4;True;20.2;78.0;6.0;16;True;False;False;False
4;5;0.0;2;True;20.2;53.0;17.0;30;True;False;False;False
8;17;0.0;1;True;29.6;46.0;15.0;845;True;False;False;False
5;3;0.0;2;True;19.26;83.0;7.0;5;False;True;False;False
1;15;0.0;6;False;10.8;47.0;22.0;410;True;False;False;False
10;23;0.0;2;True;21.14;94.0;0.0;98;False;True;False;False
4;9;0.0;6;False;9.86;37.0;0.0;214;False;True;False;False
8;18;0.0;1;True;21.14;78.0;17.0;815;False;True;False;False
8;0;0.0;4;True;25.84;74.0;13.0;67;True;False;False;False
2;23;0.0;3;True;7.98;53.0;6.0;58;True;False;False;False
10;9;0.0;3;True;7.98;76.0;9.0;297;True;False;False;False
11;3;0.0;3;True;5.16;87.0;7.0;2;True;False;False;False
11;22;0.0;0;False;8.92;66.0;17.0;74;False;True;False;False
2;8;0.0;2;True;3.28;70.0;0.0;513;False;True;False;False
8;11;0.0;5;True;23.96;79.0;9.0;251;False;False;False;True
12;6;0.0;3;True;2.34;69.0;15.0;36;False;True;False;False
8;12;0.0;3;True;27.72;40.0;0.0;360;True;False;False;False
3;19;0.0;0;False;18.32;64.0;11.0;352;True;False;False;False
12;14;0.0;1;True;5.16;45.0;15.0;247;False;True;False;False
6;12;0.0;6;False;33.36;30.0;17.0;471;True;False;False;False
11;4;0.0;0;False;6.1;81.0;13.0;12;False;True;False;False
12;17;0.0;0;False;4.22;41.0;22.0;123;True;False;False;False
10;7;0.0;3;True;6.1;87.0;9.0;337;False;True;False;False
9;5;0.0;1;True;13.62;63.0;0.0;37;True;False;False;False
10;23;0.0;2;True;17.38;73.0;7.0;111;True;False;False;False
9;16;0.0;0;False;23.96;36.0;19.0;701;True;False;False;False
9;20;0.0;2;True;26.78;70.0;17.0;385;True;False;False;False
7;5;0.0;1;True;25.84;51.0;0.0;40;False;True;False;False
7;15;0.0;6;False;33.36;32.0;19.0;497;True;False;False;False
1;15;0.0;1;True;7.04;24.0;13.0;138;True;False;False;False
9;14;0.0;1;True;20.2;28.0;0.0;303;True;False;False;False
8;14;0.0;3;True;27.72;52.0;20.0;255;False;True;False;False
5;21;0.0;6;False;19.26;78.0;15.0;269;False;True;False;False
11;20;0.0;5;True;13.62;41.0;6.0;142;True;False;False;False
5;23;0.0;0;False;21.14;83.0;9.0;96;False;False;False;True
6;4;0.0;0;False;23.02;65.0;0.0;13;False;True;False;False
6;10;0.0;0;False;27.72;40.0;7.0;413;True;False;False;False
6;20;0.0;4;True;32.42;44.0;13.0;436;True;False;False;False
8;19;0.0;2;True;26.78;45.0;11.0;597;True;False;False;False
12;13;0.0;1;True;4.22;44.0;11.0;203;False;True;False;False
7;2;0.0;5;True;23.02;61.0;6.0;17;False;True;False;False
8;13;0.0;0;False;28.66;40.0;0.0;543;True;False;False;False
5;10;0.0;4;True;22.08;65.0;9.0;185;True;False;False;False
1;6;0.0;6;False;-1.42;50.0;0.0;5;True;False;False;False
8;16;0.0;4;True;30.54;32.0;15.0;419;True;False;False;False
5;14;0.0;2;True;22.08;73.0;13.0;184;False;True;False;False
5;9;0.0;1;True;18.32;88.0;15.0;186;False;False;False;True
7;10;0.0;1;True;26.78;66.0;15.0;189;False;True;False;False
6;5;0.0;1;True;23.02;74.0;11.0;43;True;False;False;False
3;23;0.0;6;False;4.22;41.0;13.0;83;True;False;False;False
7;4;0.0;4;True;25.84;58.0;0.0;7;True;False;False;False
8;15;0.0;3;True;27.72;48.0;9.0;316;True;False;False;False
7;14;0.0;6;False;29.6;55.0;7.0;632;True;False;False;False
10;9;0.0;1;True;20.2;69.0;26.0;359;False;False;False;True
11;4;0.0;4;True;6.1;45.0;19.0;10;False;True;False;False
6;23;0.0;3;True;16.44;77.0;0.0;123;True;False;False;False
5;9;0.0;5;True;20.2;78.0;0.0;294;True;False;False;False
9;2;0.0;1;True;13.62;63.0;9.0;8;False;True;False;False
11;6;0.0;3;True;5.16;87.0;6.0;101;True;False;False;False
5;13;0.0;2;True;22.08;65.0;17.0;219;False;False;False;True
3;2;0.0;5;True;14.56;77.0;28.0;11;False;False;False;True
5;1;0.0;4;True;14.56;88.0;9.0;11;False;True;False;False
9;2;0.0;5;True;16.44;72.0;0.0;14;True;False;False;False
5;21;0.0;0;False;22.08;69.0;26.0;233;True;False;False;False
3;7;0.0;5;True;9.86;40.0;20.0;268;False;True;False;False
12;21;0.0;0;False;8.92;93.0;0.0;106;False;True;False;False
12;22;0.0;6;False;8.92;62.0;13.0;156;True;False;False;False
3;9;0.0;4;True;14.56;77.0;6.0;315;True;False;False;False
11;21;0.0;6;False;10.8;66.0;0.0;220;True;False;False;False
5;1;0.0;6;False;20.2;83.0;0.0;107;True;False;False;False
8;9;0.0;5;True;25.84;58.0;0.0;389;False;True;False;False
5;3;0.0;3;True;18.32;83.0;6.0;6;True;False;False;False
1;23;0.0;4;True;3.28;70.0;7.0;60;True;False;False;False
6;23;0.0;0;False;19.26;64.0;13.0;108;True;False;False;False
5;7;0.0;6;False;18.32;88.0;0.0;87;True;False;False;False
6;16;0.0;5;True;34.3;31.0;15.0;380;True;False;False;False
5;8;0.0;1;True;17.38;88.0;15.0;156;False;False;False;True
8;22;0.0;0;False;21.14;78.0;11.0;56;False;True;False;False
1;21;0.0;2;True;13.62;67.0;31.0;180;True;False;False;False
5;9;0.0;4;True;23.02;47.0;17.0;311;True;False;False;False
2;5;0.0;4;True;1.4;75.0;19.0;18;True;False;False;False
9;15;0.0;3;True;28.66;70.0;13.0;245;True;False;False;False
6;12;0.0;1;True;29.6;43.0;13.0;261;False;True;False;False
8;23;0.0;6;False;21.14;83.0;17.0;158;False;True;False;False
1;7;0.0;0;False;1.4;37.0;9.0;12;True;False;False;False
10;3;0.0;6;False;7.04;66.0;15.0;15;True;False;False;False
12;0;0.0;0;False;4.22;60.0;11.0;41;False;True;False;False
6;22;0.0;1;True;25.84;58.0;13.0;164;False;True;False;False
9;2;0.0;3;True;17.38;64.0;22.0;3;False;True;False;False
5;23;0.0;1;True;17.38;45.0;13.0;113;False;True;False;False
4;6;0.0;6;False;15.5;82.0;15.0;31;True;False;False;False
11;18;0.0;4;True;7.04;49.0;11.0;537;True;False;False;False
11;0;0.0;1;True;2.34;69.0;0.0;23;True;False;False;False
2;8;0.0;2;True;1.4;69.0;6.0;464;True;False;False;False
1;20;0.0;0;False;-0.48;37.0;7.0;95;True;False;False;False
1;14;0.0;3;True;7.04;81.0;7.0;73;False;False;False;True
4;3;0.0;3;True;7.04;70.0;6.0;3;True;False;False;False
1;21;0.0;4;True;4.22;60.0;9.0;97;True;False;False;False
7;14;0.0;4;True;28.66;33.0;15.0;209;True;False;False;False
4;21;0.0;2;True;13.62;28.0;11.0;226;False;True;False;False
7;21;0.0;0;False;24.9;79.0;7.0;345;True;False;False;False
5;21;0.0;4;True;19.26;40.0;7.0;299;True;False;False;False
1;19;0.0;1;True;1.4;93.0;6.0;190;False;False;False;True
12;1;0.0;4;True;4.22;48.0;19.0;16;True;False;False;False
8;8;0.0;1;True;23.02;83.0;6.0;699;True;False;False;False
7;18;0.0;2;True;34.3;33.0;13.0;772;True;False;False;False
6;15;0.0;6;False;26.78;35.0;17.0;583;True;False;False;False
6;13;0.0;3;True;32.42;44.0;7.0;211;True;False;False;False
4;18;0.0;3;True;11.74;77.0;0.0;505;False;True;False;False
11;20;0.0;3;True;6.1;52.0;6.0;267;True;False;False;False
3;4;0.0;4;True;16.44;36.0;17.0;9;True;False;False;False
1;9;0.0;6;False;2.34;80.0;0.0;158;True;False;False;False
7;11;0.0;4;True;34.3;35.0;20.0;244;True;False;False;False
5;2;0.0;4;True;20.2;78.0;11.0;16;True;False;False;False
12;11;0.0;3;True;1.4;86.0;31.0;10;False;False;False;True
9;3;0.0;4;True;12.68;77.0;0.0;6;True;False;False;False
8;20;0.0;0;False;25.84;45.0;0.0;300;True;False;False;False
5;9;0.0;5;True;18.32;56.0;7.0;361;True;False;False;False
10;17;0.0;3;True;10.8;58.0;11.0;723;False;True;False;False
11;9;0.0;5;True;7.98;53.0;7.0;351;True;False;False;False
12;9;0.0;4;True;5.16;52.0;17.0;325;True;False;False;False
9;23;0.0;1;True;20.2;94.0;17.0;70;False;False;False;True
6;4;0.0;4;True;20.2;56.0;17.0;6;False;True;False;False
2;8;0.0;0;False;1.4;51.0;17.0;59;True;False;False;False
11;23;0.0;0;False;11.74;71.0;13.0;109;True;False;False;False
4;20;0.0;0;False;18.32;28.0;28.0;211;True;False;False;False
5;2;0.0;2;True;23.96;83.0;9.0;8;True;False;False;False
5;23;0.0;6;False;18.32;83.0;19.0;149;False;True;False;False
10;10;0.0;0;False;11.74;67.0;13.0;185;False;True;False;False
3;6;0.0;3;True;12.68;82.0;6.0;121;True;False;False;False
7;1;0.0;3;True;24.9;58.0;13.0;28;True;False;False;False
1;20;0.0;4;True;11.74;71.0;13.0;240;False;True;False;False
4;19;0.0;6;False;17.38;16.0;22.0;413;True;False;False;False
9;0;0.0;4;True;24.9;84.0;6.0;65;False;True;False;False
12;20;0.0;4;True;3.28;60.0;11.0;91;True;False;False;False
10;18;0.0;1;True;17.38;64.0;7.0;786;True;False;False;False
3;21;0.0;5;True;8.92;34.0;22.0;141;True;False;False;False
1;17;0.0;0;False;2.34;25.0;17.0;146;True;False;False;False
6;16;0.0;1;True;20.2;73.0;13.0;332;False;True;False;False
2;12;0.0;3;True;10.8;62.0;19.0;207;True;False;False;False
6;17;0.0;1;True;29.6;41.0;24.0;800;False;True;False;False
8;3;0.0;6;False;21.14;83.0;11.0;21;False;False;False;True
3;13;0.0;3;True;18.32;43.0;22.0;273;True;False;False;False
1;15;0.0;4;True;12.68;72.0;9.0;188;True;False;False;False
12;0;0.0;6;False;4.22;81.0;0.0;108;True;False;False;False
12;11;0.0;6;False;5.16;41.0;24.0;159;True;False;False;False
9;3;0.0;0;False;23.02;89.0;6.0;42;True;False;False;False
1;14;0.0;1;True;7.04;24.0;9.0;115;True;False;False;False
7;20;0.0;0;False;26.78;66.0;7.0;303;True;False;False;False
11;18;0.0;0;False;16.44;45.0;9.0;405;True;False;False;False
7;13;0.0;2;True;29.6;55.0;19.0;288;True;False;False;False
4;11;0.0;1;True;16.44;27.0;28.0;223;True;False;False;False
2;11;0.0;4;True;14.56;48.0;19.0;182;True;False;False;False
4;8;1.0;1;False;18.32;83.0;11.0;597;False;True;False;False
12;1;0.0;6;False;3.28;75.0;6.0;37;False;True;False;False
8;16;0.0;4;True;29.6;43.0;11.0;482;True;False;False;False
2;21;0.0;5;True;9.86;37.0;13.0;129;True;False;False;False
2;9;0.0;2;True;7.04;49.0;0.0;289;True;False;False;False
9;5;0.0;0;False;12.68;72.0;0.0;10;True;False;False;False
10;17;0.0;3;True;19.26;43.0;15.0;948;True;False;False;False
11;19;0.0;1;True;10.8;58.0;19.0;406;False;True;False;False
8;12;0.0;4;True;31.48;44.0;9.0;286;True;False;False;False
5;14;0.0;2;True;21.14;69.0;22.0;71;False;False;False;True
7;8;0.0;4;True;23.96;65.0;9.0;702;True;False;False;False
6;22;0.0;3;True;25.84;39.0;6.0;297;True;False;False;False
5;7;0.0;2;True;18.32;94.0;9.0;92;False;False;False;True
2;13;0.0;4;True;7.98;71.0;17.0;64;False;False;False;True
5;6;0.0;5;True;12.68;77.0;9.0;182;True;False;False;False
8;16;0.0;3;True;27.72;48.0;13.0;431;True;False;False;False
11;6;0.0;4;True;7.98;61.0;11.0;148;True;False;False;False
5;1;0.0;5;True;21.14;83.0;6.0;42;True;False;False;False
1;3;0.0;0;False;0.46;69.0;19.0;21;False;True;False;False
5;20;0.0;0;False;23.02;50.0;19.0;230;False;True;False;False
2;7;0.0;6;False;3.28;87.0;9.0;28;False;True;False;False
5;6;0.0;4;True;12.68;72.0;15.0;139;True;False;False;False
7;8;0.0;2;True;26.78;70.0;13.0;743;True;False;False;False
10;12;0.0;0;False;21.14;46.0;22.0;562;True;False;False;False
8;0;0.0;1;True;25.84;79.0;0.0;33;False;True;False;False
11;5;0.0;0;False;2.34;47.0;11.0;3;False;True;False;False
5;17;0.0;2;True;22.08;69.0;19.0;717;False;True;False;False
2;18;0.0;5;True;10.8;35.0;17.0;377;True;False;False;False
8;2;0.0;3;True;21.14;78.0;0.0;17;True;False;False;False
4;2;0.0;4;True;14.56;55.0;7.0;13;False;True;False;False
2;12;0.0;0;False;-1.42;39.0;43.0;140;True;False;False;False
9;23;0.0;4;True;19.26;73.0;7.0;170;True;False;False;False
7;4;0.0;6;False;19.26;88.0;19.0;16;False;False;False;True
12;12;0.0;3;True;10.8;54.0;19.0;236;True;False;False;False
3;18;0.0;6;False;12.68;72.0;31.0;341;False;True;False;False
12;20;0.0;1;True;13.62;77.0;0.0;300;False;True;False;False
5;18;1.0;1;False;29.6;59.0;20.0;383;True;False;False;False
3;21;0.0;4;True;19.26;78.0;11.0;374;True;False;False;False
2;22;0.0;3;True;3.28;87.0;9.0;98;False;True;False;False
3;20;0.0;1;True;4.22;37.0;31.0;179;True;False;False;False
8;18;0.0;5;True;27.72;62.0;20.0;640;True;False;False;False
10;20;0.0;6;False;14.56;55.0;17.0;247;True;False;False;False
2;9;0.0;2;True;4.22;56.0;6.0;262;False;True;False;False
6;16;0.0;0;False;24.9;34.0;20.0;662;True;False;False;False
3;21;0.0;6;False;17.38;68.0;11.0;223;True;False;False;False
5;8;0.0;5;True;22.08;89.0;7.0;583;False;True;False;False
12;10;0.0;2;True;13.62;82.0;13.0;156;True;False;False;False
12;23;0.0;3;True;5.16;56.0;15.0;79;False;True;False;False
12;22;0.0;1;True;15.5;82.0;15.0;126;False;True;False;False
8;6;0.0;5;True;23.02;83.0;15.0;163;True;False;False;False
12;22;0.0;6;False;2.34;51.0;19.0;39;True;False;False;False
11;2;0.0;5;True;7.04;53.0;17.0;12;True;False;False;False
1;7;0.0;4;True;-2.36;54.0;6.0;206;True;False;False;False
8;9;0.0;0;False;23.02;74.0;0.0;270;False;True;False;False
6;23;0.0;3;True;21.14;50.0;19.0;153;True;False;False;False
7;19;0.0;4;True;34.3;45.0;22.0;614;True;False;False;False
7;4;0.0;1;True;23.02;89.0;26.0;2;False;False;False;True
9;1;0.0;4;True;17.38;77.0;6.0;28;True;False;False;False
9;14;0.0;5;True;24.9;54.0;17.0;399;False;True;False;False
8;19;0.0;4;True;29.6;55.0;13.0;623;True;False;False;False
6;18;0.0;2;True;23.96;83.0;13.0;653;True;False;False;False
3;14;0.0;3;True;21.14;38.0;24.0;221;True;False;False;False
6;15;0.0;6;False;33.36;30.0;17.0;404;True;False;False;False
9;0;0.0;1;True;13.62;63.0;13.0;64;True;False;False;False
7;0;0.0;5;True;23.02;89.0;6.0;34;False;False;False;True
3;22;0.0;6;False;12.68;21.0;9.0;134;True;False;False;False
5;6;0.0;2;True;18.32;88.0;7.0;137;False;False;False;True
1;21;0.0;1;True;1.4;93.0;0.0;79;False;True;False;False
9;17;0.0;6;False;23.02;36.0;17.0;729;False;True;False;False
12;0;1.0;2;False;3.28;93.0;6.0;13;False;False;False;True
9;4;0.0;5;True;21.14;88.0;0.0;8;True;False;False;False
6;21;0.0;5;True;32.42;53.0;13.0;236;False;True;False;False
11;18;0.0;2;True;4.22;81.0;24.0;482;True;False;False;False
7;19;0.0;0;False;25.84;70.0;11.0;522;True;False;False;False
3;4;0.0;4;True;12.68;72.0;19.0;2;True;False;False;False
12;18;0.0;6;False;4.22;44.0;31.0;82;True;False;False;False
3;7;0.0;5;True;15.5;93.0;9.0;346;False;True;False;False
6;20;0.0;5;True;25.84;32.0;9.0;408;True;False;False;False
12;2;0.0;4;True;3.28;52.0;19.0;9;True;False;False;False
7;6;0.0;3;True;22.08;65.0;13.0;190;True;False;False;False
6;3;0.0;2;True;17.38;45.0;19.0;9;True;False;False;False
2;13;0.0;3;True;5.16;61.0;7.0;126;False;True;False;False
1;3;0.0;1;True;0.46;86.0;0.0;1;False;True;False;False
5;15;0.0;2;True;24.9;61.0;6.0;245;True;False;False;False
9;15;0.0;6;False;23.96;34.0;19.0;654;False;True;False;False
9;2;0.0;2;True;23.96;82.0;9.0;5;True;False;False;False
10;21;0.0;4;True;21.14;69.0;0.0;321;True;False;False;False
1;13;1.0;1;False;6.1;36.0;20.0;176;True;False;False;False
6;21;0.0;1;True;19.26;49.0;17.0;265;True;False;False;False
10;15;0.0;2;True;21.14;83.0;9.0;209;False;False;False;True
2;23;0.0;0;False;-1.42;43.0;15.0;23;True;False;False;False
6;19;0.0;4;True;31.48;30.0;20.0;571;True;False;False;False
7;12;0.0;5;True;27.72;40.0;7.0;379;False;True;False;False
12;21;0.0;6;False;8.92;100.0;0.0;209;False;True;False;False
10;13;0.0;5;True;24.9;48.0;0.0;424;True;False;False;False
1;14;0.0;2;True;-0.48;43.0;35.0;79;True;False;False;False
3;21;0.0;3;True;20.2;40.0;6.0;288;True;False;False;False
7;11;0.0;2;True;27.72;58.0;0.0;224;True;False;False;False
5;21;0.0;3;True;22.08;73.0;13.0;393;True;False;False;False
3;11;0.0;4;True;16.44;94.0;0.0;219;False;True;False;False
1;15;0.0;0;False;2.34;27.0;13.0;206;True;False;False;False
9;6;0.0;0;False;12.68;72.0;6.0;22;True;False;False;False
2;23;0.0;3;True;3.28;87.0;11.0;60;False;True;False;False
2;1;0.0;1;True;2.34;75.0;6.0;6;True;False;False;False
4;18;0.0;6;False;10.8;47.0;0.0;90;False;False;False;True
10;14;0.0;4;True;20.2;73.0;9.0;285;True;False;False;False
3;11;0.0;6;False;10.8;87.0;6.0;214;False;True;False;False
10;9;0.0;6;False;20.2;73.0;13.0;395;True;False;False;False
7;6;0.0;1;True;23.96;79.0;9.0;140;True;False;False;False
1;14;1.0;1;False;6.1;36.0;28.0;151;True;False;False;False
10;21;0.0;3;True;10.8;50.0;13.0;192;False;True;False;False
11;12;0.0;1;True;10.8;62.0;19.0;242;False;True;False;False
1;1;0.0;4;True;8.92;93.0;13.0;3;False;False;False;True
7;2;0.0;1;True;24.9;74.0;7.0;15;True;False;False;False
4;0;0.0;6;False;10.8;58.0;9.0;96;True;False;False;False
6;15;0.0;3;True;34.3;35.0;0.0;179;True;False;False;False
3;2;0.0;1;True;13.62;88.0;15.0;20;True;False;False;False
4;21;0.0;4;True;11.74;47.0;13.0;234;True;False;False;False
5;0;0.0;6;False;22.08;83.0;11.0;116;True;False;False;False
8;16;0.0;3;True;29.6;55.0;19.0;479;True;False;False;False
3;8;0.0;6;False;8.92;93.0;0.0;48;False;False;False;True
2;15;0.0;4;True;17.38;33.0;9.0;217;True;False;False;False
6;10;0.0;1;True;25.84;62.0;11.0;147;True;False;False;False
6;8;0.0;0;False;17.38;60.0;6.0;140;True;False;False;False
8;13;0.0;3;True;29.6;52.0;0.0;313;False;True;False;False
12;3;0.0;0;False;4.22;56.0;28.0;15;False;True;False;False
5;3;0.0;3;True;20.2;78.0;7.0;5;True;False;False;False
1;14;0.0;3;True;-1.42;46.0;17.0;75;False;True;False;False
5;18;0.0;1;True;22.08;73.0;7.0;530;True;False;False;False
12;3;0.0;3;True;4.22;75.0;9.0;5;True;False;False;False
5;13;0.0;2;True;22.08;73.0;0.0;243;False;True;False;False
6;19;0.0;2;True;25.84;28.0;15.0;612;True;False;False;False
11;13;0.0;1;True;8.92;40.0;17.0;222;True;False;False;False
2;23;0.0;6;False;3.28;87.0;9.0;70;False;True;False;False
2;13;0.0;6;False;6.1;70.0;13.0;302;False;True;False;False
10;4;0.0;3;True;6.1;87.0;13.0;5;False;True;False;False
3;2;0.0;2;True;17.38;88.0;6.0;10;True;False;False;False
4;6;0.0;0;False;12.68;72.0;22.0;12;False;True;False;False
11;8;0.0;2;True;7.04;81.0;11.0;500;False;False;False;True
10;1;1.0;1;False;7.98;87.0;11.0;37;True;False;False;False
9;13;0.0;3;True;29.6;63.0;11.0;234;True;False;False;False
6;6;0.0;3;True;20.2;83.0;15.0;194;True;False;False;False
6;11;0.0;3;True;23.02;54.0;30.0;246;False;True;False;False
7;3;0.0;4;True;22.08;69.0;7.0;10;True;False;False;False
3;14;0.0;3;True;18.32;78.0;0.0;225;False;True;False;False
8;2;0.0;3;True;21.14;73.0;9.0;6;True;False;False;False
8;8;0.0;4;True;23.96;61.0;13.0;682;True;False;False;False
4;14;0.0;5;True;22.08;44.0;15.0;394;True;False;False;False
5;12;0.0;0;False;20.2;64.0;6.0;558;False;True;False;False
11;6;0.0;5;True;1.4;86.0;0.0;106;True;False;False;False
3;1;0.0;4;True;18.32;60.0;9.0;33;True;False;False;False
5;4;0.0;4;True;21.14;69.0;0.0;8;True;False;False;False
4;23;0.0;0;False;13.62;72.0;0.0;63;False;False;False;True
11;5;0.0;6;False;5.16;87.0;0.0;10;True;False;False;False
10;9;0.0;3;True;11.74;77.0;0.0;382;False;True;False;False
10;19;0.0;4;True;18.32;68.0;20.0;513;False;True;False;False
10;20;0.0;2;True;15.5;72.0;11.0;360;False;True;False;False
9;21;0.0;0;False;20.2;56.0;7.0;191;True;False;False;False
7;0;0.0;1;True;23.02;89.0;6.0;47;True;False;False;False
9;9;0.0;4;True;23.02;94.0;9.0;123;False;False;False;True
9;18;0.0;2;True;20.2;88.0;11.0;281;False;True;False;False
2;10;0.0;0;False;-2.36;42.0;24.0;91;True;False;False;False
2;5;0.0;4;True;10.8;82.0;0.0;19;False;False;False;True
6;23;0.0;4;True;26.78;48.0;9.0;171;True;False;False;False
12;15;0.0;0;False;9.86;82.0;7.0;338;False;True;False;False
2;4;0.0;3;True;10.8;50.0;11.0;1;True;False;False;False
7;5;0.0;5;True;23.02;89.0;9.0;42;False;True;False;False
9;14;1.0;1;False;26.78;70.0;20.0;512;True;False;False;False
2;19;0.0;6;False;4.22;87.0;9.0;80;False;False;False;True
11;7;0.0;5;True;4.22;65.0;9.0;341;True;False;False;False
8;10;0.0;0;False;26.78;66.0;26.0;385;True;False;False;False
3;10;0.0;6;False;15.5;77.0;6.0;443;False;True;False;False
12;23;0.0;4;True;10.8;82.0;20.0;13;False;False;False;True
7;12;0.0;2;True;33.36;28.0;13.0;272;True;False;False;False
12;22;0.0;4;True;3.28;65.0;11.0;133;True;False;False;False
2;5;0.0;5;True;4.22;60.0;15.0;17;True;False;False;False
3;2;0.0;5;True;11.74;82.0;13.0;4;False;True;False;False
4;15;0.0;4;True;16.44;83.0;22.0;204;False;True;False;False
12;21;1.0;2;False;6.1;65.0;13.0;34;False;True;False;False
9;19;0.0;3;True;22.08;50.0;13.0;635;True;False;False;False
8;15;0.0;0;False;22.08;89.0;19.0;391;False;False;False;True
2;23;0.0;3;True;13.62;63.0;6.0;97;True;False;False;False
5;6;0.0;5;True;21.14;88.0;7.0;113;False;True;False;False
11;18;0.0;2;True;10.8;66.0;6.0;550;False;True;False;False
5;10;0.0;0;False;23.96;74.0;17.0;424;True;False;False;False
1;2;0.0;1;True;3.28;56.0;9.0;5;True;False;False;False
4;9;0.0;4;True;13.62;72.0;0.0;301;False;True;False;False
6;0;0.0;6;False;22.08;89.0;11.0;69;False;False;False;True
8;14;0.0;2;True;30.54;46.0;0.0;261;False;True;False;False
11;1;0.0;5;True;3.28;70.0;6.0;19;True;False;False;False
9;13;0.0;2;True;24.9;74.0;39.0;114;False;True;False;False
10;20;0.0;2;True;13.62;55.0;0.0;432;True;False;False;False
10;1;0.0;3;True;21.14;94.0;0.0;19;False;True;False;False
6;20;0.0;0;False;23.02;39.0;13.0;314;True;False;False;False
2;23;0.0;4;True;7.04;49.0;17.0;61;True;False;False;False
2;13;0.0;6;False;7.04;31.0;33.0;226;True;False;False;False
12;17;0.0;5;True;7.98;57.0;11.0;622;True;False;False;False
2;0;0.0;2;True;4.22;60.0;0.0;14;False;True;False;False
7;3;0.0;6;False;24.9;54.0;7.0;40;False;True;False;False
1;1;0.0;0;False;-0.48;47.0;20.0;42;False;True;False;False
7;8;0.0;6;False;26.78;66.0;11.0;163;True;False;False;False
7;18;1.0;3;False;34.3;42.0;13.0;430;True;False;False;False
10;8;0.0;6;False;15.5;77.0;17.0;213;True;False;False;False
8;3;0.0;6;False;21.14;88.0;13.0;30;True;False;False;False
2;14;0.0;6;False;7.04;66.0;15.0;276;False;True;False;False
12;9;0.0;3;True;12.68;51.0;15.0;388;False;True;False;False
8;23;0.0;3;True;23.02;57.0;0.0;157;True;False;False;False
7;8;0.0;4;True;27.72;58.0;17.0;657;True;False;False;False
9;21;0.0;4;True;18.32;64.0;13.0;274;True;False;False;False
8;15;0.0;4;True;29.6;33.0;17.0;260;True;False;False;False
3;6;0.0;6;False;11.74;94.0;13.0;30;False;True;False;False
1;10;0.0;2;True;0.46;93.0;11.0;83;False;True;False;False
9;23;0.0;5;True;20.2;73.0;22.0;186;True;False;False;False
10;11;0.0;2;True;15.5;45.0;28.0;228;True;False;False;False
9;13;0.0;3;True;24.9;34.0;9.0;323;True;False;False;False
6;13;0.0;0;False;29.6;33.0;19.0;585;True;False;False;False
3;10;0.0;3;True;18.32;56.0;7.0;188;True;False;False;False
11;21;0.0;5;True;6.1;75.0;6.0;183;True;False;False;False
2;7;0.0;4;True;1.4;69.0;17.0;267;True;False;False;False
10;13;0.0;5;True;18.32;37.0;26.0;381;True;False;False;False
9;13;0.0;1;True;22.08;65.0;17.0;343;True;False;False;False
8;9;0.0;5;True;22.08;89.0;0.0;220;False;True;False;False
10;20;0.0;6;False;16.44;72.0;15.0;296;False;True;False;False
11;15;0.0;5;True;10.8;40.0;28.0;306;False;True;False;False
12;6;0.0;3;True;3.28;75.0;6.0;112;True;False;False;False
7;0;0.0;1;True;23.96;89.0;6.0;39;False;True;False;False
5;2;0.0;5;True;14.56;67.0;9.0;21;True;False;False;False
9;7;0.0;5;True;16.44;77.0;0.0;503;True;False;False;False
6;15;0.0;2;True;25.84;28.0;31.0;317;True;False;False;False
7;0;0.0;6;False;25.84;48.0;6.0;191;False;True;False;False
1;2;0.0;2;True;5.16;75.0;17.0;12;False;False;False;True
11;7;0.0;6;False;4.22;41.0;22.0;25;False;True;False;False
9;20;0.0;3;True;25.84;84.0;11.0;412;True;False;False;False
5;21;0.0;1;True;17.38;45.0;15.0;247;False;True;False;False
12;5;0.0;2;True;7.98;71.0;22.0;41;False;False;False;True
8;14;0.0;5;True;32.42;34.0;28.0;328;True;False;False;False
5;8;0.0;2;True;18.32;88.0;9.0;590;False;True;False;False
4;4;0.0;0;False;12.68;77.0;11.0;7;False;True;False;False
1;15;0.0;5;True;14.56;51.0;22.0;197;True;False;False;False
1;10;0.0;6;False;4.22;70.0;9.0;191;True;False;False;False
7;20;0.0;1;True;27.72;62.0;11.0;403;True;False;False;False
5;10;0.0;2;True;21.14;78.0;7.0;171;True;False;False;False
6;18;0.0;5;True;21.14;88.0;24.0;110;False;False;False;True
3;19;0.0;0;False;15.5;31.0;19.0;258;True;False;False;False
12;21;0.0;3;True;6.1;87.0;20.0;20;False;True;False;False
2;13;1.0;1;False;6.1;42.0;19.0;312;True;False;False;False
11;5;0.0;5;True;6.1;56.0;13.0;27;True;False;False;False
12;5;1.0;2;False;2.34;93.0;9.0;3;False;True;False;False
7;11;0.0;0;False;23.02;74.0;0.0;505;False;True;False;False
2;6;0.0;3;True;6.1;61.0;9.0;95;True;False;False;False
6;16;0.0;4;True;25.84;34.0;15.0;466;True;False;False;False
1;19;0.0;4;True;10.8;76.0;7.0;313;False;True;False;False
5;8;1.0;1;False;23.02;69.0;0.0;155;True;False;False;False
3;1;0.0;4;True;16.44;83.0;6.0;30;True;False;False;False
9;14;0.0;5;True;29.6;59.0;17.0;253;True;False;False;False
10;1;0.0;0;False;11.74;77.0;19.0;112;True;False;False;False
10;3;0.0;0;False;11.74;77.0;20.0;28;True;False;False;False
7;18;0.0;5;True;34.3;33.0;17.0;560;True;False;False;False
8;22;0.0;2;True;25.84;74.0;7.0;224;True;False;False;False
9;7;0.0;4;True;20.2;78.0;0.0;558;True;False;False;False
5;14;0.0;4;True;26.78;55.0;15.0;252;True;False;False;False
1;21;0.0;5;True;7.98;53.0;35.0;135;True;False;False;False
9;1;0.0;4;True;20.2;78.0;6.0;21;True;False;False;False
12;10;0.0;0;False;8.92;87.0;9.0;257;False;True;False;False
9;23;0.0;0;False;17.38;68.0;7.0;94;True;False;False;False
5;6;0.0;2;True;15.5;77.0;20.0;165;True;False;False;False
10;4;0.0;5;True;17.38;77.0;0.0;11;True;False;False;False
7;21;0.0;4;True;31.48;47.0;13.0;323;True;False;False;False
11;19;0.0;5;True;13.62;47.0;11.0;154;False;True;False;False
6;22;0.0;2;True;18.32;52.0;7.0;193;True;False;False;False
8;19;0.0;0;False;24.9;84.0;15.0;185;True;False;False;False
2;17;0.0;3;True;16.44;32.0;26.0;529;True;False;False;False
7;16;0.0;3;True;26.78;66.0;17.0;224;True;False;False;False
11;16;0.0;5;True;9.86;40.0;22.0;421;True;False;False;False
5;17;0.0;4;True;23.02;31.0;9.0;852;True;False;False;False
11;21;1.0;1;False;17.38;73.0;15.0;155;False;False;False;True
11;15;0.0;2;True;13.62;55.0;7.0;287;False;True;False;False
5;12;0.0;2;True;22.08;73.0;13.0;264;True;False;False;False
9;18;0.0;4;True;23.02;69.0;15.0;899;False;True;False;False
11;21;0.0;5;True;13.62;47.0;17.0;98;True;False;False;False
10;0;0.0;2;True;18.32;73.0;0.0;31;False;True;False;False
11;6;0.0;6;False;3.28;44.0;19.0;10;True;False;False;False
5;16;0.0;0;False;28.66;52.0;19.0;501;True;False;False;False
3;17;0.0;6;False;15.5;88.0;15.0;115;False;False;False;True
11;14;0.0;4;True;8.92;43.0;15.0;187;True;False;False;False
2;11;0.0;2;True;4.22;70.0;19.0;86;False;True;False;False
7;23;0.0;5;True;21.14;83.0;19.0;166;False;True;False;False
8;23;0.0;4;True;23.02;74.0;0.0;156;True;False;False;False
2;15;0.0;3;True;20.2;35.0;19.0;194;True;False;False;False
2;5;0.0;5;True;10.8;87.0;13.0;26;False;True;False;False
5;16;0.0;3;True;25.84;51.0;11.0;398;True;False;False;False
10;23;0.0;6;False;16.44;68.0;26.0;167;False;True;False;False
11;14;1.0;4;False;14.56;29.0;0.0;220;True;False;False;False
6;17;0.0;2;True;23.02;89.0;19.0;681;False;True;False;False
4;4;0.0;0;False;8.92;87.0;9.0;4;False;True;False;False
10;22;0.0;6;False;16.44;72.0;17.0;157;False;True;False;False
7;1;0.0;3;True;27.72;66.0;7.0;16;True;False;False;False
8;16;0.0;5;True;27.72;48.0;9.0;515;False;True;False;False
6;21;0.0;3;True;17.38;73.0;11.0;298;True;False;False;False
12;16;0.0;4;True;4.22;52.0;19.0;174;False;True;False;False
11;18;0.0;3;True;7.04;53.0;11.0;567;True;False;False;False
8;20;0.0;5;True;25.84;58.0;15.0;359;False;True;False;False
8;8;0.0;2;True;23.02;89.0;6.0;618;False;True;False;False
1;8;0.0;3;True;3.28;70.0;17.0;513;True;False;False;False
5;4;0.0;6;False;14.56;59.0;6.0;14;True;False;False;False
8;0;0.0;5;True;24.9;65.0;6.0;85;True;False;False;False
3;19;0.0;2;True;22.08;47.0;15.0;479;True;False;False;False
12;1;0.0;5;True;2.34;69.0;6.0;26;True;False;False;False
10;4;0.0;4;True;12.68;88.0;15.0;5;True;False;False;False
10;12;0.0;4;True;20.2;53.0;17.0;377;False;True;False;False
7;1;0.0;5;True;23.96;54.0;7.0;59;False;True;False;False
9;14;0.0;3;True;21.14;38.0;17.0;286;True;False;False;False
2;12;0.0;3;True;7.04;93.0;22.0;70;False;False;False;True
9;0;0.0;5;True;20.2;88.0;11.0;17;False;False;False;True
10;20;0.0;5;True;17.38;83.0;11.0;311;False;True;False;False
12;3;0.0;5;True;1.4;69.0;7.0;12;True;False;False;False
2;20;0.0;2;True;8.92;50.0;9.0;212;True;False;False;False
11;8;0.0;6;False;4.22;65.0;15.0;168;True;False;False;False
6;18;0.0;4;True;32.42;41.0;13.0;640;True;False;False;False
9;11;0.0;5;True;23.02;69.0;0.0;361;False;True;False;False
4;5;0.0;1;True;12.68;24.0;13.0;32;True;False;False;False
11;8;0.0;5;True;7.04;57.0;9.0;711;False;True;False;False
7;13;0.0;1;True;29.6;49.0;11.0;226;True;False;False;False
10;23;0.0;6;False;11.74;58.0;0.0;163;True;False;False;False
2;0;0.0;1;True;3.28;65.0;9.0;21;True;False;False;False
12;20;0.0;1;True;11.74;94.0;17.0;200;False;True;False;False
3;3;0.0;4;True;19.26;28.0;17.0;5;True;False;False;False
7;23;0.0;6;False;31.48;56.0;11.0;148;True;False;False;False
9;7;0.0;0;False;12.68;77.0;0.0;57;True;False;False;False
1;23;0.0;0;False;12.68;51.0;20.0;29;True;False;False;False
12;20;0.0;6;False;3.28;48.0;11.0;61;True;False;False;False
12;8;0.0;1;True;11.74;100.0;17.0;584;False;True;False;False
6;10;0.0;2;True;16.44;63.0;20.0;176;False;True;False;False
3;16;0.0;5;True;10.8;58.0;20.0;50;False;False;False;True
3;14;0.0;1;True;19.26;32.0;19.0;221;False;True;False;False
8;9;0.0;1;True;26.78;45.0;0.0;305;False;True;False;False
7;3;1.0;3;False;23.96;74.0;13.0;32;True;False;False;False
4;9;0.0;5;True;11.74;44.0;33.0;334;True;False;False;False
5;22;0.0;6;False;19.26;78.0;13.0;217;False;True;False;False
2;18;0.0;6;False;13.62;38.0;20.0;246;True;False;False;False
6;12;0.0;0;False;21.14;57.0;0.0;615;True;False;False;False
10;12;0.0;6;False;20.2;53.0;17.0;668;True;False;False;False
3;18;0.0;4;True;23.02;65.0;11.0;801;True;False;False;False
10;16;0.0;5;True;19.26;73.0;11.0;582;False;True;False;False
4;12;0.0;3;True;17.38;28.0;19.0;269;True;False;False;False
9;9;0.0;6;False;15.5;63.0;13.0;332;True;False;False;False
9;22;0.0;0;False;18.32;68.0;6.0;127;True;False;False;False
6;20;0.0;5;True;27.72;55.0;35.0;202;False;True;False;False
5;3;0.0;0;False;17.38;56.0;6.0;66;True;False;False;False
5;16;0.0;2;True;23.96;65.0;11.0;374;True;False;False;False
7;4;0.0;5;True;26.78;66.0;15.0;6;True;False;False;False
9;10;0.0;4;True;19.26;53.0;6.0;190;True;False;False;False
4;20;0.0;3;True;8.92;46.0;22.0;235;True;False;False;False
7;21;0.0;6;False;24.9;84.0;15.0;269;True;False;False;False
8;17;0.0;2;True;26.78;51.0;19.0;878;True;False;False;False
9;9;0.0;6;False;27.72;58.0;13.0;237;False;True;False;False
4;17;0.0;4;True;17.38;77.0;11.0;614;True;False;False;False
7;21;0.0;4;True;23.02;89.0;17.0;332;False;False;False;True
12;16;0.0;1;True;15.5;88.0;7.0;345;False;True;False;False
1;10;0.0;1;True;1.4;93.0;0.0;149;False;True;False;False
11;20;0.0;6;False;7.98;66.0;6.0;172;False;True;False;False
3;18;0.0;6;False;8.92;21.0;6.0;297;True;False;False;False
8;21;0.0;3;True;23.02;54.0;7.0;313;True;False;False;False
3;12;0.0;3;True;22.08;29.0;0.0;267;False;True;False;False
12;10;0.0;5;True;4.22;81.0;13.0;190;True;False;False;False
8;5;0.0;3;True;22.08;78.0;7.0;39;True;False;False;False
2;15;0.0;0;False;6.1;49.0;13.0;253;False;True;False;False
2;2;0.0;3;True;4.22;65.0;0.0;1;True;False;False;False
2;1;1.0;1;False;3.28;87.0;6.0;15;False;True;False;False
7;5;0.0;0;False;23.96;79.0;7.0;10;True;False;False;False
9;9;0.0;3;True;20.2;64.0;13.0;334;True;False;False;False
7;11;0.0;2;True;29.6;46.0;13.0;249;True;False;False;False
9;19;0.0;6;False;21.14;41.0;11.0;478;True;False;False;False
8;23;0.0;5;True;25.84;70.0;19.0;192;True;False;False;False
7;6;0.0;5;True;24.9;79.0;0.0;139;True;False;False;False
8;2;0.0;5;True;24.9;74.0;11.0;20;True;False;False;False
8;19;0.0;2;True;27.72;66.0;7.0;610;False;True;False;False
5;23;0.0;3;True;20.2;83.0;9.0;106;True;False;False;False
10;0;0.0;0;False;12.68;54.0;11.0;154;True;False;False;False
9;16;0.0;5;True;24.9;54.0;13.0;567;True;False;False;False
6;5;0.0;5;True;17.38;88.0;7.0;33;True;False;False;False
7;2;0.0;4;True;23.02;69.0;17.0;21;True;False;False;False
8;14;0.0;0;False;27.72;40.0;13.0;579;True;False;False;False
8;11;0.0;3;True;26.78;58.0;13.0;235;False;True;False;False
11;16;0.0;4;True;10.8;54.0;11.0;344;False;True;False;False
7;2;0.0;1;True;24.9;89.0;13.0;5;False;False;False;True
6;13;0.0;4;True;32.42;26.0;15.0;236;True;False;False;False
3;23;0.0;1;True;2.34;37.0;39.0;31;True;False;False;False
8;21;0.0;2;True;25.84;74.0;0.0;317;False;True;False;False
5;9;0.0;3;True;20.2;83.0;0.0;325;False;True;False;False
2;19;0.0;1;True;8.92;43.0;17.0;291;True;False;False;False
11;11;0.0;2;True;7.04;45.0;9.0;216;True;False;False;False
2;1;0.0;4;True;13.62;55.0;0.0;17;False;True;False;False
9;13;0.0;0;False;20.2;38.0;11.0;702;True;False;False;False
1;11;0.0;1;True;1.4;93.0;6.0;62;False;True;False;False
10;4;0.0;5;True;16.44;88.0;11.0;5;False;True;False;False
10;0;0.0;2;True;13.62;88.0;11.0;37;True;False;False;False
6;17;0.0;5;True;26.78;37.0;19.0;823;True;False;False;False
6;9;0.0;5;True;27.72;58.0;15.0;333;True;False;False;False
3;1;0.0;3;True;16.44;83.0;6.0;26;True;False;False;False
4;21;0.0;1;True;14.56;41.0;28.0;165;False;False;False;True
12;16;0.0;4;True;7.04;42.0;0.0;331;True;False;False;False
4;1;0.0;2;True;11.74;50.0;15.0;9;True;False;False;False
4;0;0.0;1;True;12.68;72.0;7.0;48;True;False;False;False
9;16;0.0;6;False;31.48;49.0;11.0;462;False;True;False;False
5;11;0.0;0;False;18.32;73.0;7.0;414;True;False;False;False
7;5;0.0;2;True;23.02;83.0;11.0;45;True;False;False;False
9;6;0.0;5;True;15.5;77.0;6.0;165;True;False;False;False
12;18;0.0;4;True;7.04;42.0;7.0;466;True;False;False;False
9;14;0.0;4;True;26.78;74.0;6.0;216;True;False;False;False
6;7;0.0;0;False;20.2;78.0;7.0;62;True;False;False;False
3;8;0.0;4;True;12.68;77.0;26.0;585;True;False;False;False
8;4;0.0;4;True;21.14;73.0;0.0;8;True;False;False;False
9;8;0.0;0;False;14.56;55.0;24.0;175;True;False;False;False
12;19;0.0;2;True;7.04;53.0;15.0;433;True;False;False;False
8;1;0.0;5;True;24.9;65.0;7.0;41;True;False;False;False
1;2;0.0;6;False;4.22;60.0;0.0;41;True;False;False;False
7;0;0.0;3;True;23.02;83.0;9.0;44;False;True;False;False
6;4;0.0;6;False;22.08;83.0;11.0;19;False;True;False;False
5;0;0.0;1;True;20.2;56.0;17.0;35;False;True;False;False
10;4;0.0;0;False;12.68;54.0;17.0;11;False;True;False;False
11;1;0.0;2;True;12.68;88.0;43.0;5;False;False;False;True
3;6;0.0;2;True;13.62;82.0;13.0;113;False;False;False;True
2;14;0.0;5;True;8.92;46.0;15.0;170;True;False;False;False
12;22;0.0;0;False;10.8;82.0;13.0;89;False;True;False;False
9;13;0.0;2;True;29.6;55.0;30.0;275;True;False;False;False
1;10;0.0;4;True;-1.42;59.0;0.0;108;True;False;False;False
9;19;0.0;2;True;20.2;88.0;20.0;324;False;True;False;False
6;12;0.0;5;True;25.84;39.0;22.0;369;True;False;False;False
4;6;0.0;4;True;14.56;63.0;17.0;127;False;True;False;False
6;13;0.0;2;True;23.02;83.0;13.0;59;False;False;False;True
7;7;0.0;4;True;27.72;55.0;0.0;343;True;False;False;False
3;14;0.0;5;True;10.8;54.0;0.0;229;False;False;False;True
2;23;0.0;1;True;5.16;41.0;0.0;36;True;False;False;False
2;22;0.0;6;False;3.28;38.0;31.0;82;True;False;False;False
4;22;0.0;3;True;7.98;57.0;22.0;134;True;False;False;False
12;19;0.0;6;False;6.1;61.0;17.0;97;False;True;False;False
12;10;0.0;6;False;7.04;61.0;11.0;273;True;False;False;False
9;6;0.0;2;True;13.62;77.0;7.0;211;True;False;False;False
2;15;0.0;3;True;6.1;61.0;7.0;54;False;False;False;True
9;19;0.0;2;True;21.14;41.0;13.0;596;True;False;False;False
7;7;0.0;3;True;26.78;66.0;11.0;495;True;False;False;False
1;8;0.0;5;True;3.28;70.0;9.0;447;True;False;False;False
1;17;0.0;6;False;3.28;41.0;17.0;144;True;False;False;False
4;19;0.0;4;True;19.26;46.0;9.0;586;True;False;False;False
5;7;0.0;3;True;17.38;88.0;13.0;358;False;True;False;False
9;17;0.0;0;False;23.02;41.0;0.0;570;True;False;False;False
8;23;0.0;5;True;22.08;83.0;15.0;121;False;False;False;True
2;14;0.0;4;True;10.8;76.0;7.0;141;True;False;False;False
4;8;0.0;2;True;20.2;43.0;15.0;673;True;False;False;False
8;7;0.0;0;False;22.08;89.0;13.0;34;True;False;False;False
3;14;0.0;1;True;5.16;57.0;24.0;128;False;True;False;False
2;13;0.0;0;False;-0.48;40.0;30.0;138;True;False;False;False
6;15;0.0;4;True;35.24;33.0;11.0;194;True;False;False;False
10;6;0.0;0;False;12.68;54.0;13.0;23;False;True;False;False
7;14;0.0;0;False;35.24;33.0;17.0;444;True;False;False;False
10;8;0.0;1;True;20.2;64.0;26.0;737;False;True;False;False
7;8;0.0;1;True;25.84;79.0;7.0;738;True;False;False;False
10;19;0.0;5;True;17.38;83.0;11.0;471;False;True;False;False
5;13;0.0;5;True;20.2;26.0;26.0;363;True;False;False;False
7;9;0.0;0;False;25.84;62.0;17.0;226;True;False;False;False
1;12;0.0;2;True;7.98;87.0;11.0;175;True;False;False;False
4;16;0.0;2;True;19.26;21.0;17.0;362;True;False;False;False
12;16;0.0;4;True;7.98;53.0;22.0;302;False;True;False;False
4;7;0.0;4;True;10.8;82.0;9.0;406;False;True;False;False
2;7;0.0;5;True;5.16;93.0;7.0;226;False;True;False;False
7;9;0.0;1;True;27.72;62.0;11.0;348;True;False;False;False
5;13;0.0;0;False;24.9;37.0;19.0;607;True;False;False;False
5;8;0.0;1;True;18.32;88.0;17.0;270;False;False;False;True
9;10;0.0;2;True;25.84;74.0;17.0;172;False;True;False;False
4;15;0.0;3;True;9.86;46.0;15.0;202;False;False;False;True
8;1;0.0;5;True;23.96;83.0;11.0;32;True;False;False;False
6;1;0.0;5;True;19.26;78.0;13.0;51;True;False;False;False
8;15;0.0;4;True;29.6;46.0;11.0;338;True;False;False;False
5;17;0.0;6;False;26.78;30.0;6.0;626;True;False;False;False
10;13;0.0;4;True;21.14;53.0;24.0;332;True;False;False;False
7;0;0.0;3;True;27.72;66.0;11.0;53;True;False;False;False
7;23;0.0;0;False;24.9;70.0;0.0;100;True;False;False;False
6;23;0.0;3;True;28.66;59.0;7.0;123;True;False;False;False
5;14;0.0;6;False;25.84;30.0;6.0;730;True;False;False;False
9;4;1.0;1;False;23.02;89.0;6.0;11;True;False;False;False
3;2;0.0;6;False;8.92;93.0;6.0;38;False;False;False;True
12;2;0.0;3;True;13.62;67.0;11.0;9;True;False;False;False
3;19;0.0;4;True;14.56;41.0;22.0;328;True;False;False;False
4;6;0.0;1;True;10.8;47.0;13.0;123;True;False;False;False
1;9;0.0;5;True;3.28;70.0;11.0;241;True;False;False;False
10;7;0.0;2;True;19.26;83.0;7.0;260;False;False;False;True
2;0;0.0;5;True;6.1;87.0;0.0;34;False;True;False;False
5;15;0.0;1;True;21.14;53.0;20.0;262;False;True;False;False
6;20;0.0;1;True;25.84;30.0;30.0;475;True;False;False;False
6;15;0.0;5;True;34.3;35.0;24.0;284;True;False;False;False
9;6;0.0;4;True;24.9;84.0;6.0;200;False;True;False;False
9;10;0.0;6;False;17.38;56.0;17.0;472;True;False;False;False
6;10;0.0;3;True;30.54;52.0;9.0;167;True;False;False;False
10;14;0.0;3;True;26.78;30.0;17.0;301;True;False;False;False
3;1;0.0;2;True;6.1;26.0;31.0;5;True;False;False;False
7;13;0.0;4;True;35.24;33.0;15.0;310;True;False;False;False
4;5;0.0;3;True;5.16;56.0;13.0;27;True;False;False;False
11;1;0.0;3;True;4.22;75.0;15.0;12;False;True;False;False
6;16;0.0;3;True;22.08;41.0;9.0;452;True;False;False;False
1;23;0.0;0;False;6.1;33.0;22.0;25;True;False;False;False
1;7;0.0;1;True;2.34;60.0;7.0;240;False;True;False;False
1;10;0.0;3;True;-5.18;45.0;0.0;64;True;False;False;False
10;19;0.0;5;True;17.38;88.0;11.0;232;True;False;False;False
1;17;0.0;2;True;13.62;63.0;30.0;462;True;False;False;False
11;6;0.0;2;True;7.04;81.0;31.0;50;False;False;False;True
2;4;0.0;6;False;3.28;81.0;6.0;6;True;False;False;False
1;22;0.0;2;True;13.62;72.0;26.0;90;True;False;False;False
2;7;0.0;2;True;7.04;45.0;0.0;299;True;False;False;False
5;17;0.0;2;True;25.84;54.0;0.0;785;True;False;False;False
10;1;0.0;1;True;12.68;77.0;6.0;18;True;False;False;False
11;7;0.0;2;True;1.4;69.0;11.0;387;True;False;False;False
8;8;0.0;5;True;23.96;65.0;9.0;668;True;False;False;False
1;3;0.0;0;False;6.1;81.0;0.0;52;True;False;False;False
8;0;0.0;4;True;24.9;74.0;0.0;63;True;False;False;False
5;8;0.0;6;False;16.44;52.0;11.0;195;True;False;False;False
1;1;0.0;2;True;5.16;65.0;24.0;2;False;True;False;False
7;22;0.0;1;True;26.78;51.0;11.0;188;True;False;False;False
3;18;0.0;4;True;23.02;44.0;19.0;746;True;False;False;False
10;20;0.0;1;True;15.5;59.0;7.0;403;True;False;False;False
7;8;0.0;2;True;29.6;55.0;0.0;661;False;True;False;False
10;20;0.0;3;True;16.44;48.0;33.0;392;True;False;False;False
11;21;0.0;6;False;3.28;44.0;13.0;75;True;False;False;False
6;14;0.0;5;True;33.36;39.0;15.0;263;True;False;False;False
8;22;0.0;6;False;23.02;61.0;0.0;261;True;False;False;False
5;11;0.0;2;True;22.08;78.0;13.0;224;True;False;False;False
5;16;0.0;6;False;26.78;30.0;7.0;642;True;False;False;False
1;3;0.0;6;False;4.22;60.0;6.0;17;True;False;False;False
3;19;0.0;4;True;20.2;40.0;30.0;416;False;True;False;False
8;20;0.0;0;False;24.9;84.0;7.0;193;True;False;False;False
1;1;0.0;2;True;7.04;93.0;17.0;9;False;True;False;False
11;10;0.0;0;False;7.98;66.0;20.0;329;True;False;False;False
1;4;0.0;3;True;4.22;70.0;19.0;4;True;False;False;False
8;5;0.0;6;False;21.14;88.0;7.0;11;True;False;False;False
9;0;0.0;3;True;19.26;64.0;20.0;40;True;False;False;False
11;1;0.0;1;True;8.92;66.0;15.0;19;False;True;False;False
12;12;0.0;2;True;16.44;68.0;13.0;312;True;False;False;False
2;4;0.0;2;True;7.04;42.0;24.0;2;True;False;False;False
2;10;0.0;6;False;4.22;81.0;7.0;205;True;False;False;False
7;13;0.0;2;True;34.3;25.0;9.0;283;True;False;False;False
4;23;0.0;5;True;10.8;40.0;17.0;116;True;False;False;False
10;20;0.0;4;True;22.08;65.0;7.0;441;True;False;False;False
12;17;0.0;0;False;8.92;93.0;9.0;229;False;False;False;True
2;10;0.0;3;True;4.22;70.0;15.0;108;False;True;False;False
2;16;0.0;6;False;2.34;75.0;28.0;146;False;False;False;True
5;2;0.0;3;True;18.32;83.0;0.0;16;True;False;False;False
7;18;0.0;5;True;30.54;46.0;11.0;622;True;False;False;False
3;4;0.0;0;False;3.28;60.0;9.0;22;True;False;False;False
9;11;0.0;3;True;28.66;62.0;11.0;217;False;True;False;False
5;19;0.0;0;False;23.02;61.0;28.0;402;True;False;False;False
8;0;0.0;1;True;23.02;65.0;7.0;47;True;False;False;False
12;15;0.0;0;False;12.68;67.0;9.0;417;True;False;False;False
12;9;0.0;0;False;8.92;87.0;9.0;132;False;True;False;False
3;3;0.0;2;True;16.44;72.0;20.0;2;False;False;False;True
12;21;0.0;0;False;1.4;51.0;11.0;47;True;False;False;False
3;10;0.0;1;True;3.28;60.0;0.0;86;False;True;False;False
5;7;0.0;4;True;12.68;72.0;20.0;401;True;False;False;False
9;12;0.0;3;True;28.66;70.0;7.0;266;True;False;False;False
7;16;0.0;6;False;32.42;39.0;15.0;487;True;False;False;False
2;6;0.0;0;False;2.34;44.0;22.0;2;True;False;False;False
3;12;0.0;5;True;8.92;34.0;28.0;201;True;False;False;False
9;9;0.0;3;True;20.2;64.0;9.0;328;True;False;False;False
2;1;0.0;5;True;6.1;56.0;22.0;22;True;False;False;False
3;15;0.0;6;False;16.44;59.0;19.0;605;False;True;False;False
12;13;0.0;1;True;10.8;87.0;9.0;210;False;True;False;False
6;11;0.0;5;True;29.6;49.0;11.0;236;True;False;False;False
11;15;0.0;4;True;9.86;58.0;11.0;217;False;True;False;False
3;7;0.0;3;True;4.22;65.0;26.0;344;True;False;False;False
9;1;0.0;4;True;13.62;72.0;7.0;18;True;False;False;False
10;2;0.0;0;False;10.8;62.0;11.0;132;True;False;False;False
4;15;0.0;2;True;18.32;21.0;20.0;203;True;False;False;False
6;20;0.0;1;True;20.2;40.0;24.0;461;True;False;False;False
5;19;0.0;5;True;22.08;23.0;17.0;503;True;False;False;False
10;17;0.0;5;True;24.9;42.0;11.0;900;True;False;False;False
9;1;1.0;1;False;23.96;89.0;11.0;55;False;True;False;False
4;19;0.0;0;False;18.32;35.0;9.0;375;True;False;False;False
3;9;0.0;4;True;15.5;94.0;6.0;318;False;True;False;False
4;7;0.0;4;True;13.62;82.0;24.0;225;False;False;False;True
9;8;1.0;1;False;24.9;84.0;7.0;127;False;True;False;False
1;7;0.0;0;False;-2.36;54.0;19.0;17;True;False;False;False
5;6;0.0;0;False;16.44;83.0;15.0;17;False;False;False;True
6;10;0.0;5;True;23.02;78.0;19.0;204;False;True;False;False
8;3;0.0;6;False;23.02;69.0;6.0;38;True;False;False;False
8;15;0.0;2;True;27.72;37.0;0.0;302;True;False;False;False
6;11;0.0;4;True;23.02;57.0;17.0;228;True;False;False;False
6;21;0.0;6;False;26.78;40.0;13.0;316;True;False;False;False
3;3;0.0;6;False;12.68;88.0;0.0;26;False;True;False;False
8;21;0.0;5;True;24.9;61.0;11.0;306;False;True;False;False
10;15;0.0;1;True;20.2;78.0;22.0;260;True;False;False;False
1;20;0.0;1;True;4.22;100.0;11.0;169;False;True;False;False
8;5;0.0;4;True;21.14;73.0;0.0;35;True;False;False;False
9;22;0.0;3;True;18.32;64.0;6.0;212;True;False;False;False
1;8;0.0;2;True;6.1;81.0;19.0;93;False;False;False;True
6;4;0.0;1;True;23.02;78.0;17.0;4;True;False;False;False
3;15;0.0;5;True;11.74;54.0;0.0;280;False;False;False;True
11;22;0.0;2;True;4.22;56.0;22.0;135;True;False;False;False
4;11;0.0;6;False;9.86;40.0;7.0;358;False;True;False;False
4;16;0.0;6;False;22.08;27.0;24.0;582;False;True;False;False
11;12;0.0;0;False;10.8;62.0;19.0;442;True;False;False;False
2;14;0.0;5;True;7.04;39.0;6.0;146;False;True;False;False
10;13;0.0;0;False;12.68;72.0;6.0;320;False;True;False;False
1;3;0.0;6;False;-1.42;54.0;7.0;20;True;False;False;False
8;14;0.0;1;True;30.54;46.0;0.0;287;True;False;False;False
12;9;0.0;1;True;11.74;100.0;15.0;284;False;True;False;False
10;0;0.0;3;True;13.62;88.0;6.0;33;False;True;False;False
5;19;0.0;4;True;22.08;31.0;13.0;537;True;False;False;False
7;5;1.0;3;False;23.02;69.0;0.0;19;True;False;False;False
5;18;0.0;2;True;22.08;69.0;19.0;710;False;True;False;False
1;4;0.0;2;True;1.4;86.0;11.0;4;False;True;False;False
4;23;0.0;2;True;8.92;40.0;28.0;62;True;False;False;False
6;5;0.0;4;True;21.14;57.0;6.0;47;True;False;False;False
3;20;0.0;5;True;13.62;88.0;0.0;235;True;False;False;False
12;22;0.0;3;True;7.04;45.0;26.0;105;True;False;False;False
5;6;0.0;6;False;17.38;94.0;0.0;42;False;True;False;False
4;19;0.0;6;False;20.2;40.0;11.0;459;False;True;False;False
9;3;0.0;3;True;15.5;77.0;6.0;7;True;False;False;False
12;20;0.0;0;False;8.92;100.0;6.0;108;False;False;False;True
9;6;0.0;1;True;14.56;82.0;0.0;164;True;False;False;False
9;18;0.0;6;False;19.26;83.0;9.0;167;False;False;False;True
8;13;0.0;4;True;32.42;44.0;15.0;310;True;False;False;False
11;14;0.0;4;True;12.68;18.0;28.0;182;True;False;False;False
11;1;0.0;5;True;7.04;53.0;19.0;20;True;False;False;False
8;9;0.0;1;True;22.08;69.0;0.0;357;False;True;False;False
5;13;0.0;5;True;22.08;73.0;0.0;278;False;True;False;False
11;18;0.0;4;True;10.8;24.0;28.0;507;True;False;False;False
6;18;0.0;0;False;24.9;34.0;17.0;496;True;False;False;False
5;16;0.0;4;True;26.78;55.0;24.0;390;True;False;False;False
4;13;0.0;6;False;15.5;22.0;13.0;643;True;False;False;False
11;0;0.0;2;True;3.28;60.0;7.0;19;True;False;False;False
9;11;0.0;5;True;27.72;62.0;9.0;296;True;False;False;False
6;20;0.0;6;False;23.02;47.0;13.0;352;False;True;False;False
3;8;0.0;6;False;15.5;94.0;13.0;154;False;True;False;False
1;5;0.0;1;True;1.4;64.0;6.0;21;False;True;False;False
10;20;0.0;2;True;19.26;64.0;9.0;379;True;False;False;False
11;6;0.0;0;False;6.1;87.0;6.0;19;True;False;False;False
1;9;0.0;5;True;2.34;47.0;26.0;263;True;False;False;False
11;0;0.0;5;True;4.22;70.0;11.0;52;True;False;False;False
8;11;0.0;1;True;27.72;40.0;6.0;245;True;False;False;False
12;4;0.0;6;False;3.28;87.0;7.0;6;False;True;False;False
2;3;0.0;0;False;-3.3;46.0;46.0;14;False;True;False;False
5;23;0.0;4;True;20.2;83.0;0.0;121;True;False;False;False
4;10;1.0;1;False;21.14;69.0;17.0;224;True;False;False;False
6;2;0.0;4;True;21.14;53.0;17.0;9;False;True;False;False
6;12;0.0;0;False;29.6;33.0;15.0;556;True;False;False;False
3;2;0.0;0;False;11.74;100.0;20.0;35;False;False;False;True
12;18;0.0;6;False;9.86;58.0;11.0;272;True;False;False;False
5;22;0.0;6;False;22.08;47.0;0.0;338;True;False;False;False
8;5;0.0;4;True;23.02;89.0;9.0;41;True;False;False;False
11;10;0.0;5;True;7.98;53.0;13.0;198;True;False;False;False
2;10;0.0;1;True;2.34;75.0;7.0;116;True;False;False;False
8;18;0.0;4;True;29.6;36.0;0.0;832;True;False;False;False
10;22;0.0;2;True;21.14;94.0;7.0;240;False;True;False;False
3;11;0.0;5;True;21.14;73.0;7.0;318;False;True;False;False
10;13;0.0;6;False;18.32;43.0;11.0;714;True;False;False;False
8;9;0.0;4;True;27.72;66.0;11.0;353;True;False;False;False
12;13;0.0;0;False;10.8;71.0;15.0;431;True;False;False;False
9;8;0.0;1;True;18.32;60.0;19.0;730;True;False;False;False
1;11;0.0;2;True;0.46;37.0;35.0;75;True;False;False;False
2;15;0.0;3;True;11.74;41.0;15.0;171;True;False;False;False
3;21;0.0;5;True;9.86;66.0;9.0;220;True;False;False;False
10;16;0.0;3;True;26.78;33.0;9.0;532;True;False;False;False
4;10;0.0;3;True;7.98;49.0;22.0;153;False;True;False;False
10;1;0.0;1;True;10.8;71.0;0.0;11;True;False;False;False
2;8;0.0;6;False;4.22;48.0;20.0;93;True;False;False;False
4;1;0.0;1;True;11.74;88.0;6.0;5;False;False;False;True
1;0;1.0;1;False;-1.42;46.0;9.0;25;True;False;False;False
11;11;0.0;4;True;8.92;37.0;15.0;163;True;False;False;False
4;8;0.0;6;False;9.86;40.0;9.0;158;True;False;False;False
3;23;0.0;2;True;18.32;56.0;9.0;87;True;False;False;False
5;15;1.0;1;False;30.54;56.0;20.0;460;True;False;False;False
1;13;0.0;2;True;7.98;87.0;11.0;203;True;False;False;False
4;1;0.0;5;True;13.62;82.0;13.0;25;True;False;False;False
12;10;0.0;2;True;12.68;77.0;6.0;184;True;False;False;False
5;0;0.0;6;False;16.44;48.0;7.0;148;True;False;False;False
11;3;0.0;6;False;7.98;49.0;17.0;28;False;True;False;False
2;11;0.0;5;True;7.04;53.0;20.0;164;True;False;False;False
11;11;0.0;6;False;8.92;46.0;26.0;340;False;True;False;False
10;12;0.0;4;True;13.62;36.0;0.0;326;True;False;False;False
6;18;0.0;5;True;27.72;27.0;15.0;723;True;False;False;False
3;15;0.0;3;True;18.32;78.0;0.0;243;False;True;False;False
3;3;0.0;3;True;15.5;88.0;13.0;8;False;True;False;False
3;1;0.0;2;True;17.38;88.0;0.0;15;True;False;False;False
10;5;1.0;1;False;7.98;76.0;15.0;19;True;False;False;False
11;23;0.0;6;False;7.04;57.0;7.0;148;True;False;False;False
12;8;0.0;4;True;3.28;60.0;13.0;679;True;False;False;False
5;7;0.0;2;True;16.44;72.0;19.0;463;True;False;False;False
5;15;0.0;6;False;27.72;66.0;19.0;513;True;False;False;False
8;22;0.0;6;False;23.02;89.0;11.0;168;False;True;False;False
4;2;0.0;1;True;7.04;87.0;22.0;4;False;True;False;False
2;7;0.0;1;True;-0.48;86.0;7.0;234;True;False;False;False
2;22;0.0;3;True;12.68;47.0;17.0;147;False;True;False;False
11;3;0.0;1;True;6.1;56.0;15.0;4;False;True;False;False
11;3;0.0;6;False;4.22;65.0;13.0;21;True;False;False;False
10;9;0.0;4;True;15.5;77.0;11.0;387;False;True;False;False
4;22;0.0;3;True;18.32;22.0;11.0;181;True;False;False;False
5;16;0.0;0;False;25.84;42.0;24.0;577;True;False;False;False
5;2;0.0;0;False;17.38;83.0;19.0;93;False;True;False;False
12;14;0.0;2;True;13.62;47.0;30.0;247;True;False;False;False
8;22;0.0;5;True;25.84;74.0;19.0;218;True;False;False;False
12;20;0.0;0;False;2.34;47.0;22.0;72;True;False;False;False
8;5;0.0;5;True;22.08;73.0;7.0;36;True;False;False;False
6;21;0.0;5;True;23.96;65.0;19.0;217;False;False;False;True
6;11;0.0;2;True;18.32;56.0;13.0;227;False;True;False;False
6;15;0.0;6;False;31.48;30.0;22.0;483;True;False;False;False
7;18;0.0;6;False;25.84;79.0;9.0;351;True;False;False;False
4;12;0.0;2;True;14.56;29.0;26.0;224;True;False;False;False
10;22;0.0;3;True;13.62;88.0;17.0;215;True;False;False;False
5;14;0.0;6;False;23.02;36.0;13.0;615;True;False;False;False
8;3;0.0;3;True;23.02;74.0;7.0;11;True;False;False;False
5;5;0.0;0;False;21.14;83.0;13.0;7;True;False;False;False
11;21;0.0;0;False;4.22;48.0;0.0;64;True;False;False;False
3;21;0.0;0;False;16.44;72.0;6.0;173;True;False;False;False
3;20;0.0;4;True;21.14;73.0;19.0;424;True;False;False;False
4;6;0.0;6;False;7.04;36.0;13.0;19;True;False;False;False
1;12;0.0;5;True;3.28;38.0;33.0;154;True;False;False;False
4;5;0.0;4;True;9.86;43.0;19.0;29;True;False;False;False
5;3;0.0;6;False;15.5;48.0;7.0;33;True;False;False;False
2;5;0.0;6;False;3.28;70.0;6.0;1;True;False;False;False
2;17;0.0;4;True;7.98;87.0;0.0;289;False;False;False;True
7;2;0.0;3;True;26.78;66.0;9.0;8;True;False;False;False
6;2;0.0;1;True;18.32;60.0;15.0;11;True;False;False;False
2;13;0.0;4;True;11.74;77.0;0.0;137;False;True;False;False
6;10;0.0;6;False;26.78;55.0;13.0;494;True;False;False;False
4;13;0.0;3;True;10.8;40.0;24.0;163;False;True;False;False
8;3;0.0;3;True;22.08;83.0;7.0;7;True;False;False;False
1;12;0.0;6;False;6.1;61.0;19.0;314;True;False;False;False
10;19;0.0;0;False;11.74;94.0;24.0;54;False;False;False;True
3;6;0.0;0;False;10.8;94.0;7.0;11;False;True;False;False
4;13;0.0;2;True;15.5;29.0;26.0;224;True;False;False;False
7;7;0.0;2;True;24.9;74.0;7.0;520;False;True;False;False
7;21;0.0;3;True;27.72;62.0;0.0;319;True;False;False;False
7;18;0.0;4;True;32.42;41.0;13.0;777;True;False;False;False
8;9;0.0;2;True;24.9;74.0;0.0;402;False;True;False;False
2;1;0.0;3;True;7.04;70.0;9.0;7;True;False;False;False
10;8;0.0;3;True;15.5;77.0;11.0;839;True;False;False;False
7;3;0.0;2;True;23.96;79.0;0.0;3;True;False;False;False
10;1;0.0;0;False;12.68;54.0;15.0;109;True;False;False;False
3;20;0.0;2;True;7.04;49.0;13.0;187;True;False;False;False
10;3;0.0;5;True;16.44;88.0;11.0;13;False;True;False;False
3;23;0.0;3;True;18.32;43.0;11.0;91;True;False;False;False
9;3;0.0;4;True;16.44;83.0;0.0;11;True;False;False;False
2;4;0.0;3;True;5.16;70.0;7.0;1;True;False;False;False
9;1;0.0;4;True;24.9;84.0;0.0;18;False;True;False;False
4;11;0.0;0;False;9.86;87.0;20.0;77;False;False;False;True
4;4;0.0;6;False;7.98;49.0;11.0;2;True;False;False;False
9;21;0.0;6;False;18.32;52.0;7.0;296;True;False;False;False
10;9;0.0;0;False;14.56;67.0;19.0;223;False;True;False;False
2;23;0.0;3;True;13.62;41.0;19.0;62;False;True;False;False
9;19;0.0;0;False;16.44;42.0;11.0;413;True;False;False;False
4;20;0.0;5;True;15.5;29.0;9.0;286;True;False;False;False
5;11;0.0;0;False;21.14;57.0;17.0;428;True;False;False;False
2;4;0.0;3;True;3.28;70.0;6.0;1;True;False;False;False
11;12;1.0;4;False;12.68;35.0;0.0;262;True;False;False;False
5;7;0.0;4;True;17.38;73.0;26.0;474;True;False;False;False
3;2;0.0;3;True;15.5;68.0;13.0;2;True;False;False;False
12;7;0.0;0;False;10.8;87.0;15.0;23;False;False;False;True
9;14;0.0;5;True;25.84;45.0;11.0;371;False;True;False;False
2;21;0.0;1;True;7.04;57.0;11.0;154;True;False;False;False
10;15;0.0;3;True;19.26;43.0;15.0;301;False;True;False;False
7;4;0.0;5;True;23.02;61.0;0.0;11;False;True;False;False
6;1;0.0;2;True;16.44;77.0;22.0;20;False;True;False;False
7;18;0.0;1;True;31.48;53.0;0.0;794;True;False;False;False
1;15;1.0;1;False;5.16;38.0;30.0;168;True;False;False;False
11;17;0.0;2;True;6.1;75.0;26.0;527;False;True;False;False
7;5;0.0;3;True;22.08;89.0;0.0;41;True;False;False;False
12;19;0.0;0;False;9.86;94.0;6.0;122;False;False;False;True
7;23;0.0;5;True;29.6;63.0;7.0;164;True;False;False;False
8;2;0.0;1;True;20.2;83.0;11.0;5;True;False;False;False
5;14;0.0;1;True;21.14;50.0;24.0;239;False;True;False;False
10;12;0.0;1;True;20.2;78.0;22.0;284;False;False;False;True
4;23;0.0;1;True;7.04;76.0;11.0;59;True;False;False;False
7;12;0.0;1;True;31.48;49.0;9.0;237;True;False;False;False
10;14;0.0;3;True;25.84;70.0;11.0;251;False;True;False;False
4;21;1.0;1;False;23.96;51.0;17.0;271;True;False;False;False
4;14;0.0;0;False;9.86;87.0;22.0;53;False;False;False;True
12;6;0.0;4;True;2.34;55.0;20.0;124;True;False;False;False
3;0;0.0;1;True;3.28;44.0;13.0;17;True;False;False;False
5;19;0.0;1;True;19.26;88.0;9.0;304;False;False;False;True
5;13;0.0;5;True;22.08;36.0;11.0;395;True;False;False;False
11;16;0.0;6;False;17.38;37.0;0.0;605;True;False;False;False
7;17;0.0;6;False;37.12;26.0;9.0;279;True;False;False;False
12;15;0.0;0;False;5.16;38.0;22.0;138;True;False;False;False
1;18;0.0;5;True;1.4;34.0;6.0;301;False;True;False;False
2;9;0.0;3;True;8.92;71.0;13.0;276;False;True;False;False
6;13;0.0;5;True;24.9;42.0;17.0;393;True;False;False;False
12;19;0.0;5;True;7.98;53.0;6.0;319;True;False;False;False
9;11;0.0;0;False;20.2;43.0;15.0;591;True;False;False;False
4;17;0.0;6;False;21.14;33.0;17.0;560;False;True;False;False
4;16;0.0;3;True;20.2;20.0;22.0;376;True;False;False;False
6;0;0.0;2;True;20.2;78.0;11.0;35;False;True;False;False
9;15;0.0;1;True;23.02;31.0;26.0;346;True;False;False;False
3;12;0.0;6;False;11.74;67.0;17.0;299;False;True;False;False
12;2;0.0;0;False;10.8;87.0;7.0;78;False;True;False;False
9;10;0.0;6;False;28.66;55.0;13.0;417;False;True;False;False
3;19;0.0;4;True;23.02;61.0;0.0;586;True;False;False;False
4;2;0.0;5;True;12.68;88.0;13.0;21;True;False;False;False
11;20;1.0;1;False;16.44;77.0;19.0;304;False;True;False;False
6;23;0.0;6;False;25.84;44.0;0.0;225;True;False;False;False
3;20;0.0;5;True;8.92;87.0;13.0;100;False;True;False;False
4;7;0.0;0;False;7.98;87.0;9.0;27;False;True;False;False
7;16;0.0;2;True;29.6;43.0;15.0;435;True;False;False;False
12;8;0.0;1;True;-1.42;69.0;9.0;196;True;False;False;False
8;10;0.0;4;True;26.78;58.0;6.0;233;True;False;False;False
12;8;0.0;1;True;9.86;87.0;7.0;592;False;True;False;False
10;7;0.0;5;True;8.92;81.0;6.0;392;True;False;False;False
6;23;0.0;5;True;22.08;57.0;11.0;215;True;False;False;False
6;19;0.0;3;True;18.32;73.0;20.0;538;True;False;False;False
9;12;0.0;0;False;26.78;70.0;0.0;545;False;False;False;True
5;4;0.0;4;True;13.62;77.0;13.0;2;True;False;False;False
3;18;0.0;2;True;7.98;42.0;22.0;457;True;False;False;False
12;21;0.0;2;True;15.5;63.0;17.0;280;False;True;False;False
2;2;0.0;3;True;6.1;61.0;0.0;4;True;False;False;False
6;0;0.0;4;True;26.78;70.0;6.0;69;True;False;False;False
5;18;0.0;4;True;18.32;35.0;35.0;770;True;False;False;False
3;19;0.0;3;True;17.38;42.0;24.0;361;True;False;False;False
3;11;0.0;0;False;12.68;82.0;11.0;368;False;True;False;False
8;10;0.0;6;False;24.9;65.0;20.0;442;False;True;False;False
2;0;0.0;1;True;4.22;60.0;17.0;29;True;False;False;False
7;3;0.0;3;True;23.02;65.0;15.0;12;True;False;False;False
4;20;0.0;3;True;18.32;22.0;6.0;380;True;False;False;False
8;15;0.0;3;True;27.72;52.0;17.0;266;True;False;False;False
6;6;0.0;6;False;22.08;89.0;11.0;42;True;False;False;False
6;2;0.0;4;True;25.84;79.0;7.0;18;True;False;False;False
10;14;0.0;0;False;12.68;67.0;0.0;314;False;True;False;False
2;10;0.0;5;True;5.16;56.0;19.0;129;True;False;False;False
1;2;0.0;2;True;6.1;42.0;15.0;2;True;False;False;False
11;10;0.0;1;True;7.04;49.0;0.0;147;True;False;False;False
11;9;0.0;0;False;8.92;77.0;0.0;273;True;False;False;False
11;1;0.0;0;False;2.34;44.0;13.0;36;True;False;False;False
11;17;0.0;2;True;10.8;71.0;11.0;590;False;True;False;False
12;8;0.0;5;True;1.4;69.0;6.0;636;True;False;False;False
12;0;0.0;4;True;7.04;61.0;9.0;42;True;False;False;False
10;19;0.0;5;True;11.74;41.0;15.0;493;True;False;False;False
5;11;0.0;2;True;27.72;62.0;20.0;197;True;False;False;False
1;21;0.0;4;True;4.22;44.0;24.0;121;True;False;False;False
11;9;0.0;5;True;5.16;75.0;7.0;112;True;False;False;False
10;17;0.0;1;True;18.32;64.0;17.0;766;True;False;False;False
9;10;0.0;3;True;20.2;73.0;19.0;185;True;False;False;False
2;5;0.0;6;False;6.1;42.0;20.0;3;False;True;False;False
3;5;0.0;2;True;2.34;37.0;19.0;17;True;False;False;False
1;3;0.0;3;True;2.34;80.0;0.0;4;True;False;False;False
3;16;0.0;3;True;21.14;43.0;6.0;221;False;False;False;True
11;6;0.0;6;False;3.28;93.0;6.0;16;True;False;False;False
1;13;0.0;6;False;1.4;80.0;17.0;76;False;True;False;False
10;20;0.0;5;True;11.74;47.0;9.0;308;True;False;False;False
3;20;0.0;2;True;19.26;68.0;6.0;377;True;False;False;False
9;19;0.0;6;False;28.66;62.0;0.0;392;False;False;False;True
3;15;0.0;0;False;15.5;29.0;20.0;487;True;False;False;False
11;6;1.0;4;False;4.22;70.0;7.0;17;True;False;False;False
9;5;0.0;6;False;23.02;94.0;17.0;15;False;True;False;False
6;2;0.0;1;True;17.38;77.0;15.0;9;True;False;False;False
7;16;0.0;6;False;25.84;79.0;24.0;566;False;True;False;False
8;11;0.0;1;True;23.02;65.0;7.0;241;True;False;False;False
9;21;0.0;2;True;20.2;88.0;13.0;207;False;True;False;False
1;13;0.0;0;False;7.04;26.0;15.0;316;True;False;False;False
7;18;0.0;3;True;27.72;62.0;9.0;643;False;True;False;False
1;4;0.0;5;True;10.8;100.0;20.0;4;False;True;False;False
3;6;0.0;1;True;0.46;59.0;9.0;91;True;False;False;False
12;17;0.0;4;True;7.98;66.0;13.0;475;False;True;False;False
3;16;0.0;5;True;14.56;77.0;0.0;129;False;False;False;True
6;9;0.0;6;False;20.2;60.0;6.0;367;True;False;False;False
9;13;0.0;0;False;23.96;39.0;0.0;729;True;False;False;False
1;23;0.0;5;True;7.04;49.0;28.0;86;True;False;False;False
10;8;0.0;5;True;19.26;64.0;0.0;785;True;False;False;False
5;4;0.0;2;True;23.02;78.0;15.0;5;True;False;False;False
2;5;0.0;3;True;7.04;70.0;7.0;30;True;False;False;False
9;17;0.0;2;True;20.2;88.0;13.0;338;False;False;False;True
7;10;0.0;6;False;30.54;52.0;15.0;395;True;False;False;False
10;14;0.0;3;True;11.74;50.0;15.0;224;False;True;False;False
9;20;0.0;0;False;16.44;42.0;11.0;252;True;False;False;False
1;22;0.0;3;True;6.1;65.0;6.0;113;True;False;False;False
3;5;0.0;1;True;12.68;77.0;11.0;36;True;False;False;False
6;3;0.0;6;False;18.32;60.0;6.0;27;True;False;False;False
3;17;0.0;0;False;15.5;72.0;6.0;419;True;False;False;False
7;1;0.0;1;True;27.72;58.0;13.0;17;False;True;False;False
1;19;0.0;6;False;16.44;42.0;7.0;215;True;False;False;False
1;3;0.0;5;True;8.92;87.0;17.0;7;True;False;False;False
12;0;0.0;5;True;11.74;88.0;20.0;17;False;False;False;True
3;10;0.0;5;True;8.92;50.0;11.0;132;True;False;False;False
3;17;0.0;5;True;10.8;62.0;15.0;606;False;True;False;False
1;18;0.0;0;False;0.46;29.0;15.0;120;True;False;False;False
5;6;0.0;6;False;21.14;88.0;13.0;31;True;False;False;False
12;6;0.0;6;False;3.28;75.0;0.0;11;False;True;False;False
2;16;0.0;3;True;16.44;29.0;31.0;298;True;False;False;False
7;3;0.0;3;True;26.78;66.0;9.0;4;True;False;False;False
3;1;0.0;1;True;3.28;48.0;9.0;6;True;False;False;False
9;18;0.0;0;False;23.02;36.0;17.0;560;True;False;False;False
4;1;0.0;1;True;7.98;87.0;24.0;2;False;False;False;True
6;11;0.0;6;False;19.26;46.0;19.0;536;True;False;False;False
12;9;0.0;6;False;4.22;93.0;17.0;193;False;True;False;False
1;20;0.0;6;False;1.4;44.0;17.0;103;True;False;False;False
5;3;1.0;1;False;21.14;73.0;11.0;18;True;False;False;False
2;20;0.0;1;True;7.98;46.0;11.0;201;True;False;False;False
8;18;0.0;3;True;26.78;51.0;15.0;848;True;False;False;False
6;10;0.0;5;True;34.3;39.0;20.0;171;True;False;False;False
5;0;0.0;2;True;19.26;83.0;17.0;36;True;False;False;False
10;11;0.0;0;False;16.44;44.0;22.0;547;True;False;False;False
11;9;0.0;3;True;7.04;76.0;6.0;365;True;False;False;False
5;2;0.0;6;False;13.62;59.0;9.0;56;True;False;False;False
9;6;0.0;4;True;15.5;82.0;0.0;195;True;False;False;False
11;15;0.0;2;True;6.1;75.0;20.0;155;False;True;False;False
6;3;0.0;4;True;21.14;53.0;19.0;5;False;True;False;False
1;12;0.0;1;True;4.22;35.0;26.0;134;True;False;False;False
9;1;0.0;2;True;20.2;94.0;13.0;5;False;False;False;True
12;19;0.0;4;True;7.98;71.0;17.0;118;False;False;False;True
4;6;0.0;2;True;7.98;71.0;7.0;103;True;False;False;False
4;2;0.0;1;True;13.62;31.0;13.0;6;True;False;False;False
10;8;0.0;2;True;20.2;88.0;0.0;134;False;False;False;True
10;4;0.0;3;True;20.2;100.0;0.0;11;False;True;False;False
1;19;0.0;5;True;4.22;38.0;19.0;206;True;False;False;False
3;12;0.0;3;True;17.38;77.0;0.0;229;False;True;False;False
6;3;0.0;6;False;22.08;89.0;0.0;23;False;True;False;False
9;8;0.0;0;False;14.56;67.0;7.0;144;True;False;False;False
8;14;0.0;4;True;32.42;41.0;9.0;225;True;False;False;False
3;13;0.0;4;True;13.62;44.0;22.0;273;True;False;False;False
8;19;0.0;4;True;25.84;51.0;6.0;633;True;False;False;False
11;23;0.0;0;False;6.1;56.0;11.0;53;False;True;False;False
11;15;0.0;4;True;8.92;43.0;19.0;220;True;False;False;False
5;5;0.0;3;True;18.32;88.0;9.0;28;False;True;False;False
3;16;0.0;4;True;25.84;37.0;26.0;426;True;False;False;False
6;6;0.0;5;True;21.14;88.0;9.0;141;False;False;False;True
4;12;0.0;1;True;17.38;28.0;48.0;280;True;False;False;False
2;12;0.0;2;True;6.1;56.0;26.0;163;False;True;False;False
5;2;0.0;1;True;15.5;77.0;13.0;6;True;False;False;False
2;8;0.0;3;True;7.04;61.0;24.0;515;True;False;False;False
7;3;0.0;1;True;25.84;54.0;28.0;5;False;True;False;False
10;6;0.0;5;True;16.44;83.0;0.0;137;True;False;False;False
1;18;0.0;4;True;7.98;36.0;11.0;383;True;False;False;False
11;23;0.0;5;True;7.04;53.0;15.0;128;True;False;False;False
5;8;0.0;5;True;18.32;88.0;0.0;618;True;False;False;False
2;8;0.0;3;True;3.28;70.0;15.0;508;False;True;False;False
7;23;0.0;3;True;24.9;58.0;17.0;152;False;True;False;False
11;10;0.0;0;False;10.8;69.0;7.0;405;True;False;False;False
1;18;0.0;0;False;13.62;59.0;17.0;106;False;False;False;True
8;12;0.0;6;False;27.72;58.0;15.0;546;True;False;False;False
3;14;0.0;6;False;13.62;44.0;24.0;430;False;True;False;False
9;11;0.0;3;True;22.08;61.0;17.0;227;True;False;False;False
6;14;0.0;6;False;33.36;30.0;17.0;409;True;False;False;False
12;23;0.0;6;False;2.34;51.0;13.0;40;True;False;False;False
11;21;0.0;6;False;7.98;53.0;7.0;166;True;False;False;False
8;9;0.0;3;True;25.84;62.0;13.0;367;False;True;False;False
6;6;0.0;1;True;21.14;83.0;7.0;144;True;False;False;False
5;22;0.0;4;True;23.02;50.0;11.0;264;True;False;False;False
11;0;1.0;4;False;7.04;66.0;6.0;46;True;False;False;False
11;14;0.0;5;True;11.74;35.0;7.0;251;True;False;False;False
1;20;0.0;6;False;0.46;80.0;20.0;67;False;True;False;False
6;18;0.0;4;True;24.9;34.0;19.0;813;True;False;False;False
10;8;0.0;4;True;16.44;83.0;11.0;779;False;True;False;False
2;15;0.0;2;True;11.74;26.0;6.0;166;True;False;False;False
11;2;0.0;5;True;7.04;66.0;11.0;10;True;False;False;False
12;2;0.0;0;False;4.22;56.0;19.0;19;False;True;False;False
12;4;0.0;3;True;2.34;69.0;24.0;2;True;False;False;False
6;3;0.0;2;True;15.5;82.0;13.0;5;False;False;False;True
11;17;0.0;4;True;7.98;39.0;13.0;561;True;False;False;False
3;19;0.0;0;False;15.5;72.0;17.0;375;True;False;False;False
6;0;0.0;1;True;24.9;65.0;7.0;41;True;False;False;False
4;3;0.0;0;False;11.74;26.0;9.0;26;True;False;False;False
9;5;0.0;1;True;14.56;82.0;6.0;45;True;False;False;False
5;3;0.0;4;True;21.14;69.0;6.0;8;True;False;False;False
12;10;0.0;6;False;5.16;89.0;11.0;256;False;True;False;False
12;16;0.0;1;True;20.2;53.0;9.0;442;True;False;False;False
4;18;0.0;2;True;15.5;18.0;0.0;632;True;False;False;False
12;4;0.0;1;True;9.86;94.0;7.0;12;False;True;False;False
5;21;0.0;2;True;21.14;78.0;9.0;261;True;False;False;False
3;6;0.0;4;True;14.56;100.0;6.0;136;False;True;False;False
10;15;0.0;1;True;22.08;29.0;11.0;296;True;False;False;False
12;5;0.0;5;True;4.22;81.0;7.0;26;False;True;False;False
12;7;0.0;0;False;7.98;87.0;6.0;27;False;True;False;False
6;4;0.0;5;True;18.32;83.0;11.0;14;True;False;False;False
1;0;0.0;2;True;4.22;70.0;22.0;12;False;True;False;False
11;22;0.0;6;False;7.04;57.0;7.0;145;False;True;False;False
2;17;0.0;6;False;6.1;33.0;24.0;159;True;False;False;False
2;3;0.0;3;True;5.16;75.0;0.0;3;True;False;False;False
1;17;0.0;0;False;8.92;21.0;28.0;234;True;False;False;False
8;2;0.0;6;False;22.08;78.0;13.0;85;False;False;False;True
5;10;0.0;4;True;16.44;77.0;0.0;168;False;True;False;False
1;22;0.0;5;True;7.98;49.0;26.0;119;True;False;False;False
4;7;0.0;3;True;7.98;71.0;0.0;389;True;False;False;False
10;3;0.0;4;True;11.74;47.0;20.0;3;True;False;False;False
8;16;0.0;0;False;22.08;89.0;19.0;173;False;False;False;True
9;13;0.0;0;False;21.14;41.0;17.0;594;True;False;False;False
3;7;0.0;4;True;12.68;72.0;6.0;381;True;False;False;False
6;20;0.0;2;True;29.6;55.0;17.0;458;True;False;False;False
3;16;0.0;1;True;23.02;50.0;15.0;385;True;False;False;False
7;5;0.0;5;True;23.02;56.0;6.0;34;False;True;False;False
10;7;0.0;0;False;11.74;82.0;15.0;51;True;False;False;False
12;21;0.0;1;True;13.62;94.0;13.0;245;False;True;False;False
10;2;0.0;0;False;10.8;76.0;6.0;66;True;False;False;False
10;8;0.0;4;True;9.86;46.0;26.0;798;True;False;False;False
5;12;0.0;0;False;22.08;57.0;15.0;531;True;False;False;False
2;17;0.0;3;True;10.8;87.0;11.0;253;False;True;False;False
7;14;0.0;3;True;29.6;41.0;15.0;241;True;False;False;False
5;15;0.0;5;True;25.84;62.0;7.0;343;False;True;False;False
5;20;0.0;2;True;22.08;73.0;9.0;263;False;False;False;True
2;14;0.0;3;True;12.68;54.0;22.0;177;True;False;False;False
7;3;0.0;6;False;25.84;70.0;0.0;43;True;False;False;False
1;14;0.0;4;True;11.74;77.0;11.0;156;True;False;False;False
10;18;0.0;1;True;17.38;77.0;9.0;592;False;False;False;True
1;23;0.0;6;False;-0.48;80.0;17.0;52;False;True;False;False
9;15;0.0;5;True;23.96;54.0;19.0;392;False;True;False;False
4;6;0.0;5;True;11.74;88.0;0.0;113;True;False;False;False
11;16;0.0;1;True;11.74;58.0;17.0;380;True;False;False;False
8;11;0.0;4;True;30.54;52.0;7.0;226;True;False;False;False
11;15;1.0;4;False;14.56;29.0;0.0;228;True;False;False;False
10;4;0.0;5;True;18.32;83.0;0.0;6;False;True;False;False
2;1;0.0;3;True;12.68;41.0;19.0;4;True;False;False;False
2;14;0.0;5;True;13.62;67.0;7.0;31;False;True;False;False
2;23;0.0;1;True;11.74;50.0;11.0;56;True;False;False;False
7;22;0.0;6;False;20.2;88.0;7.0;180;False;True;False;False
3;9;0.0;5;True;6.1;81.0;0.0;314;True;False;False;False
9;1;0.0;5;True;20.2;88.0;0.0;13;False;False;False;True
5;3;0.0;1;True;19.26;68.0;22.0;2;False;True;False;False
10;4;0.0;3;True;8.92;81.0;6.0;4;True;False;False;False
2;7;0.0;1;True;3.28;60.0;15.0;280;True;False;False;False
5;0;0.0;5;True;20.2;78.0;22.0;89;True;False;False;False
2;9;0.0;0;False;2.34;47.0;15.0;87;True;False;False;False
9;1;0.0;0;False;17.38;64.0;0.0;117;True;False;False;False
1;13;0.0;2;True;13.62;36.0;15.0;198;True;False;False;False
9;14;0.0;0;False;25.84;79.0;6.0;457;False;False;False;True
10;14;0.0;3;True;18.32;43.0;11.0;270;False;True;False;False
2;8;0.0;1;True;-0.48;86.0;9.0;444;True;False;False;False
1;17;0.0;1;True;3.28;96.0;7.0;276;False;True;False;False
7;15;0.0;2;True;29.6;41.0;15.0;265;True;False;False;False
4;15;0.0;2;True;23.02;24.0;22.0;308;True;False;False;False
6;16;0.0;4;True;33.36;23.0;13.0;387;True;False;False;False
9;23;0.0;3;True;14.56;67.0;6.0;123;True;False;False;False
8;20;0.0;1;True;21.14;83.0;19.0;261;False;True;False;False
11;12;0.0;5;True;10.8;43.0;19.0;290;True;False;False;False
4;20;0.0;0;False;8.92;93.0;28.0;35;False;False;False;True
7;6;1.0;3;False;23.02;69.0;0.0;32;True;False;False;False
7;10;0.0;0;False;32.42;44.0;20.0;366;True;False;False;False
7;3;0.0;1;True;23.02;83.0;0.0;3;True;False;False;False
10;15;0.0;5;True;21.14;61.0;7.0;448;False;True;False;False
11;7;0.0;4;True;8.92;57.0;11.0;420;False;True;False;False
11;3;0.0;5;True;3.28;75.0;0.0;4;True;False;False;False
11;22;0.0;5;True;8.92;46.0;17.0;149;True;False;False;False
8;2;0.0;5;True;23.02;61.0;9.0;19;True;False;False;False
11;20;0.0;0;False;7.04;53.0;24.0;141;True;False;False;False
4;22;0.0;1;True;13.62;41.0;33.0;108;False;True;False;False
4;10;0.0;2;True;20.2;38.0;28.0;217;True;False;False;False
1;13;0.0;1;True;6.1;31.0;13.0;132;True;False;False;False
3;12;0.0;0;False;10.8;37.0;20.0;410;True;False;False;False
6;5;0.0;3;True;14.56;77.0;0.0;38;True;False;False;False
11;6;0.0;4;True;6.1;39.0;15.0;124;True;False;False;False
11;17;0.0;3;True;10.8;40.0;11.0;374;True;False;False;False
1;0;0.0;4;True;-1.42;50.0;13.0;16;True;False;False;False
9;15;0.0;3;True;26.78;48.0;20.0;300;True;False;False;False
1;9;1.0;1;False;-3.3;58.0;11.0;96;True;False;False;False
8;22;0.0;0;False;24.9;58.0;9.0;181;True;False;False;False
4;2;0.0;0;False;13.62;72.0;19.0;56;True;False;False;False
4;10;0.0;4;True;10.8;50.0;20.0;141;True;False;False;False
12;0;0.0;3;True;5.16;65.0;17.0;9;False;True;False;False
4;17;0.0;1;True;15.5;29.0;19.0;729;True;False;False;False
4;12;0.0;5;True;19.26;53.0;13.0;362;True;False;False;False
11;19;0.0;0;False;14.56;55.0;9.0;277;True;False;False;False
3;0;0.0;0;False;10.8;30.0;24.0;72;False;True;False;False
1;4;0.0;0;False;-0.48;80.0;19.0;2;False;False;False;True
3;18;0.0;0;False;15.5;72.0;6.0;491;True;False;False;False
8;2;0.0;4;True;21.14;83.0;0.0;20;True;False;False;False
8;4;0.0;4;True;23.96;89.0;9.0;10;False;True;False;False
10;9;0.0;3;True;16.44;77.0;6.0;373;False;True;False;False
11;7;0.0;1;True;3.28;65.0;0.0;365;True;False;False;False
1;13;0.0;1;True;4.22;56.0;7.0;80;False;True;False;False
5;23;0.0;5;True;20.2;83.0;6.0;256;True;False;False;False
10;18;0.0;6;False;16.44;48.0;28.0;495;True;False;False;False
8;23;0.0;4;True;24.9;54.0;7.0;226;True;False;False;False
4;1;0.0;6;False;8.92;50.0;20.0;67;True;False;False;False
2;22;0.0;5;True;8.92;40.0;15.0;107;True;False;False;False
8;17;0.0;1;True;29.6;36.0;11.0;818;True;False;False;False
1;9;0.0;6;False;-1.42;50.0;7.0;81;True;False;False;False
6;2;0.0;4;True;23.02;50.0;6.0;13;True;False;False;False
12;5;0.0;0;False;10.8;87.0;7.0;8;False;True;False;False
12;18;0.0;1;True;3.28;93.0;7.0;26;False;False;False;True
4;14;0.0;0;False;20.2;18.0;30.0;503;True;False;False;False
8;22;0.0;3;True;24.9;61.0;11.0;226;True;False;False;False
8;4;0.0;6;False;21.14;73.0;15.0;13;True;False;False;False
7;21;1.0;3;False;31.48;53.0;9.0;584;True;False;False;False
4;13;0.0;3;True;18.32;26.0;15.0;228;True;False;False;False
12;3;0.0;6;False;3.28;75.0;0.0;6;False;True;False;False
5;6;0.0;0;False;15.5;63.0;9.0;25;True;False;False;False
11;21;0.0;3;True;8.92;50.0;0.0;105;True;False;False;False
12;3;0.0;5;True;4.22;81.0;13.0;5;False;True;False;False
5;12;0.0;6;False;23.02;36.0;0.0;642;True;False;False;False
5;0;0.0;6;False;20.2;83.0;0.0;153;True;False;False;False
6;17;0.0;5;True;27.72;29.0;13.0;793;True;False;False;False
1;10;0.0;0;False;3.28;35.0;9.0;191;True;False;False;False
12;0;0.0;5;True;3.28;60.0;11.0;25;False;True;False;False
12;4;0.0;0;False;10.8;94.0;7.0;12;False;True;False;False
11;1;1.0;4;False;5.16;65.0;6.0;42;True;False;False;False
9;21;0.0;3;True;20.2;60.0;9.0;306;True;False;False;False
2;7;0.0;3;True;4.22;81.0;9.0;253;False;True;False;False
11;20;0.0;1;True;7.98;49.0;0.0;277;True;False;False;False
4;1;0.0;5;True;8.92;46.0;13.0;30;True;False;False;False
3;14;0.0;5;True;14.56;72.0;0.0;202;False;True;False;False
9;8;0.0;3;True;25.84;74.0;13.0;725;True;False;False;False
4;21;0.0;6;False;18.32;43.0;9.0;220;False;True;False;False
2;16;0.0;6;False;12.68;44.0;22.0;404;True;False;False;False
12;19;0.0;1;True;11.74;88.0;9.0;340;False;True;False;False
7;12;0.0;6;False;20.2;83.0;15.0;457;False;False;False;True
3;9;0.0;0;False;4.22;60.0;15.0;90;True;False;False;False
5;16;0.0;3;True;25.84;45.0;7.0;446;True;False;False;False
9;3;0.0;4;True;20.2;78.0;0.0;7;True;False;False;False
8;1;0.0;5;True;24.9;74.0;13.0;43;True;False;False;False
4;7;0.0;0;False;11.74;77.0;26.0;24;False;False;False;True
5;1;0.0;1;True;20.2;60.0;19.0;11;False;True;False;False
2;2;0.0;2;True;3.28;60.0;0.0;3;True;False;False;False
6;8;0.0;1;True;20.2;49.0;15.0;665;True;False;False;False
10;11;0.0;0;False;18.32;52.0;20.0;494;True;False;False;False
6;3;0.0;4;True;23.02;50.0;6.0;7;True;False;False;False
3;7;0.0;4;True;12.68;94.0;9.0;304;False;True;False;False
2;15;0.0;0;False;-0.48;40.0;37.0;155;True;False;False;False
9;16;0.0;4;True;22.08;47.0;11.0;457;True;False;False;False
7;23;1.0;3;False;28.66;43.0;6.0;183;False;True;False;False
1;4;0.0;2;True;6.1;100.0;6.0;2;False;True;False;False
7;15;0.0;4;True;29.6;36.0;13.0;271;True;False;False;False
12;10;1.0;2;False;5.16;81.0;0.0;32;True;False;False;False
1;12;0.0;1;True;2.34;93.0;0.0;62;False;True;False;False
6;0;0.0;5;True;18.32;56.0;11.0;77;True;False;False;False
9;6;0.0;0;False;23.02;89.0;0.0;15;False;True;False;False
4;3;0.0;0;False;16.44;59.0;9.0;45;False;True;False;False
7;22;0.0;5;True;21.14;83.0;13.0;135;False;True;False;False
5;23;0.0;0;False;20.2;78.0;24.0;86;False;False;False;True
5;17;0.0;5;True;27.72;62.0;19.0;653;True;False;False;False
6;20;0.0;3;True;32.42;39.0;15.0;407;True;False;False;False
1;0;0.0;6;False;6.1;52.0;19.0;69;True;False;False;False
1;5;0.0;4;True;-2.36;55.0;17.0;19;True;False;False;False
12;23;0.0;3;True;6.1;49.0;26.0;74;True;False;False;False
9;19;0.0;1;True;21.14;38.0;20.0;633;True;False;False;False
4;21;0.0;1;True;16.44;59.0;13.0;221;False;True;False;False
8;8;0.0;2;True;23.02;85.0;7.0;693;False;True;False;False
7;15;0.0;0;False;35.24;42.0;19.0;298;False;False;False;True
9;5;0.0;0;False;15.5;72.0;0.0;13;True;False;False;False
2;11;0.0;3;True;8.92;66.0;11.0;171;True;False;False;False
6;13;0.0;2;True;20.2;46.0;11.0;267;False;True;False;False
3;15;0.0;4;True;25.84;32.0;15.0;287;True;False;False;False
6;2;0.0;5;True;26.78;79.0;0.0;12;True;False;False;False
7;9;0.0;0;False;32.42;50.0;7.0;242;True;False;False;False
9;14;0.0;2;True;23.96;30.0;6.0;255;True;False;False;False
11;3;0.0;3;True;3.28;65.0;15.0;5;True;False;False;False
4;22;0.0;3;True;15.5;51.0;0.0;192;True;False;False;False
8;18;0.0;4;True;29.6;59.0;15.0;767;True;False;False;False
11;0;1.0;1;False;11.74;71.0;7.0;49;True;False;False;False
10;10;0.0;2;True;15.5;48.0;19.0;222;True;False;False;False
3;4;0.0;1;True;12.68;94.0;0.0;3;True;False;False;False
8;22;0.0;3;True;25.84;70.0;7.0;288;True;False;False;False
11;13;0.0;5;True;11.74;38.0;13.0;278;True;False;False;False
6;21;0.0;1;True;25.84;58.0;13.0;250;False;True;False;False
7;20;0.0;0;False;24.9;74.0;11.0;378;True;False;False;False
4;4;0.0;1;True;9.86;62.0;17.0;2;True;False;False;False
4;2;0.0;1;True;12.68;94.0;9.0;5;False;False;False;True
5;15;0.0;5;True;21.14;25.0;13.0;439;True;False;False;False
9;12;0.0;4;True;25.84;79.0;15.0;137;False;True;False;False
10;0;0.0;5;True;18.32;73.0;0.0;102;True;False;False;False
12;4;0.0;5;True;1.4;75.0;6.0;10;True;False;False;False
9;0;0.0;5;True;22.08;89.0;9.0;96;True;False;False;False
10;2;0.0;2;True;12.68;67.0;9.0;3;True;False;False;False
12;20;0.0;2;True;7.04;53.0;15.0;257;True;False;False;False
3;8;0.0;4;True;12.68;77.0;7.0;623;True;False;False;False
11;23;0.0;2;True;4.22;56.0;20.0;84;True;False;False;False
7;23;0.0;1;True;26.78;51.0;7.0;102;True;False;False;False
4;0;1.0;1;False;22.08;53.0;22.0;41;True;False;False;False
7;19;0.0;1;True;29.6;52.0;17.0;582;True;False;False;False
2;15;0.0;1;True;16.44;25.0;28.0;174;True;False;False;False
10;23;0.0;5;True;13.62;88.0;7.0;131;True;False;False;False
12;21;0.0;5;True;8.92;93.0;7.0;171;False;True;False;False
9;5;0.0;0;False;23.02;89.0;0.0;12;True;False;False;False
11;17;0.0;3;True;7.04;49.0;13.0;583;True;False;False;False
3;14;0.0;4;True;20.2;73.0;7.0;257;True;False;False;False
8;21;0.0;5;True;26.78;66.0;17.0;286;True;False;False;False
10;6;0.0;5;True;7.98;81.0;6.0;143;True;False;False;False
3;7;0.0;2;True;-0.48;55.0;9.0;275;True;False;False;False
4;4;1.0;1;False;17.38;77.0;15.0;6;True;False;False;False
6;0;0.0;0;False;18.32;56.0;9.0;148;True;False;False;False
8;13;0.0;1;True;29.6;49.0;15.0;289;True;False;False;False
3;11;0.0;3;True;21.14;41.0;11.0;220;False;True;False;False
1;9;0.0;2;True;7.04;87.0;6.0;255;False;True;False;False
9;10;0.0;6;False;21.14;41.0;26.0;442;True;False;False;False
3;15;0.0;5;True;13.62;24.0;17.0;238;True;False;False;False
1;2;0.0;3;True;12.68;51.0;33.0;2;False;True;False;False
8;14;0.0;1;True;29.6;49.0;6.0;246;True;False;False;False
2;19;0.0;4;True;15.5;39.0;6.0;369;True;False;False;False
10;22;1.0;1;False;10.8;76.0;17.0;107;False;False;False;True
12;1;0.0;6;False;4.22;81.0;6.0;95;False;True;False;False
9;0;0.0;4;True;18.32;73.0;6.0;57;True;False;False;False
1;23;0.0;0;False;4.22;56.0;17.0;30;True;False;False;False
3;14;0.0;0;False;12.68;88.0;11.0;414;False;True;False;False
4;2;0.0;4;True;11.74;77.0;0.0;6;False;True;False;False
11;2;0.0;1;True;1.4;69.0;0.0;5;True;False;False;False
12;1;0.0;6;False;4.22;44.0;30.0;35;True;False;False;False
4;22;0.0;4;True;10.8;47.0;13.0;149;True;False;False;False
9;22;0.0;2;True;18.32;64.0;7.0;216;True;False;False;False
11;17;0.0;0;False;8.92;43.0;13.0;327;True;False;False;False
5;20;0.0;1;True;22.08;69.0;9.0;336;True;False;False;False
12;7;0.0;4;True;6.1;70.0;0.0;350;False;True;False;False
7;10;0.0;4;True;26.78;70.0;15.0;222;True;False;False;False
10;15;0.0;6;False;18.32;60.0;19.0;711;False;True;False;False
11;5;0.0;3;True;5.16;87.0;7.0;29;True;False;False;False
8;20;0.0;4;True;26.78;58.0;11.0;471;True;False;False;False
11;13;1.0;1;False;20.2;60.0;15.0;420;True;False;False;False
12;2;0.0;5;True;4.22;70.0;9.0;11;False;True;False;False
6;8;0.0;4;True;26.78;70.0;0.0;590;True;False;False;False
9;22;0.0;5;True;21.14;83.0;13.0;229;True;False;False;False
11;16;0.0;5;True;13.62;38.0;11.0;434;True;False;False;False
1;8;0.0;6;False;-0.48;93.0;17.0;25;False;True;False;False
3;23;0.0;6;False;15.5;77.0;11.0;185;True;False;False;False
7;3;0.0;5;True;23.96;61.0;0.0;9;False;True;False;False
4;13;0.0;5;True;13.62;33.0;26.0;306;True;False;False;False
6;13;0.0;5;True;25.84;70.0;20.0;316;True;False;False;False
2;13;0.0;1;True;9.86;40.0;15.0;141;True;False;False;False
2;11;0.0;2;True;6.1;45.0;11.0;112;False;True;False;False
11;18;0.0;6;False;8.92;46.0;19.0;297;False;True;False;False
8;10;0.0;4;True;29.6;55.0;0.0;181;True;False;False;False
2;9;0.0;4;True;9.86;87.0;0.0;228;False;False;False;True
10;2;0.0;3;True;6.1;81.0;9.0;7;False;True;False;False
3;1;0.0;0;False;9.86;34.0;13.0;76;False;True;False;False
6;11;0.0;1;True;29.6;43.0;22.0;181;True;False;False;False
10;21;0.0;2;True;14.56;77.0;9.0;225;False;True;False;False
4;21;0.0;3;True;11.74;82.0;6.0;189;False;True;False;False
7;10;0.0;3;True;26.78;37.0;0.0;231;True;False;False;False
1;14;0.0;4;True;7.98;39.0;19.0;117;True;False;False;False
11;14;0.0;5;True;15.5;36.0;17.0;435;True;False;False;False
2;14;0.0;6;False;12.68;35.0;24.0;427;True;False;False;False
7;1;0.0;1;True;24.9;89.0;7.0;18;False;False;False;True
4;12;0.0;1;True;12.68;44.0;30.0;281;True;False;False;False
8;14;0.0;3;True;27.72;45.0;7.0;266;True;False;False;False
3;12;0.0;3;True;12.68;38.0;26.0;215;True;False;False;False
6;9;0.0;4;True;29.6;55.0;13.0;256;True;False;False;False
12;22;0.0;2;True;7.98;49.0;0.0;132;True;False;False;False
1;16;0.0;6;False;1.4;80.0;20.0;118;False;True;False;False
3;1;0.0;6;False;12.68;94.0;0.0;69;False;True;False;False
6;22;0.0;5;True;20.2;88.0;9.0;23;False;False;False;True
11;10;0.0;2;True;7.04;81.0;13.0;57;False;False;False;True
4;10;0.0;0;False;11.74;67.0;6.0;380;True;False;False;False
8;10;0.0;0;False;24.9;51.0;11.0;328;True;False;False;False
2;18;0.0;1;True;16.44;27.0;28.0;527;True;False;False;False
4;20;0.0;2;True;20.2;23.0;19.0;402;True;False;False;False
8;15;0.0;1;True;30.54;34.0;15.0;274;True;False;False;False
3;10;0.0;3;True;13.62;41.0;28.0;173;True;False;False;False
9;1;0.0;6;False;17.38;60.0;15.0;101;True;False;False;False
7;23;0.0;4;True;25.84;70.0;9.0;145;True;False;False;False
12;2;0.0;6;False;8.92;93.0;9.0;70;False;True;False;False
3;6;0.0;1;True;11.74;82.0;13.0;117;True;False;False;False
5;17;0.0;0;False;24.9;45.0;28.0;478;True;False;False;False
7;10;0.0;1;True;29.6;59.0;0.0;186;True;False;False;False
12;19;0.0;5;True;9.86;76.0;0.0;352;False;True;False;False
2;9;0.0;5;True;8.92;81.0;17.0;244;False;False;False;True
8;23;0.0;0;False;21.14;83.0;6.0;80;True;False;False;False
4;12;0.0;4;True;13.62;41.0;30.0;259;True;False;False;False
9;3;0.0;2;True;11.74;71.0;6.0;5;True;False;False;False
2;21;0.0;0;False;4.22;65.0;11.0;36;False;False;False;True
3;3;0.0;4;True;16.44;83.0;6.0;7;True;False;False;False
2;1;0.0;4;True;3.28;87.0;9.0;12;False;True;False;False
2;19;0.0;5;True;7.98;49.0;7.0;267;True;False;False;False
5;17;0.0;6;False;23.96;65.0;20.0;502;False;True;False;False
11;8;0.0;0;False;6.1;56.0;9.0;149;True;False;False;False
6;8;0.0;0;False;24.9;58.0;0.0;141;True;False;False;False
10;6;0.0;5;True;16.44;88.0;6.0;144;False;True;False;False
12;15;0.0;4;True;7.04;39.0;0.0;270;True;False;False;False
7;1;0.0;2;True;26.78;70.0;0.0;25;True;False;False;False
4;19;0.0;1;True;15.5;27.0;17.0;494;True;False;False;False
6;17;0.0;0;False;22.08;57.0;15.0;593;True;False;False;False
3;4;0.0;6;False;16.44;83.0;6.0;7;True;False;False;False
3;23;0.0;5;True;8.92;87.0;0.0;23;False;True;False;False
3;23;0.0;0;False;14.56;82.0;11.0;46;True;False;False;False
9;20;0.0;0;False;15.5;72.0;9.0;194;False;False;False;True
11;23;0.0;5;True;7.98;53.0;20.0;119;True;False;False;False
11;1;0.0;6;False;7.98;49.0;22.0;89;False;True;False;False
5;14;0.0;2;True;30.54;52.0;28.0;238;True;False;False;False
1;9;0.0;2;True;-0.48;50.0;19.0;153;True;False;False;False
10;21;0.0;6;False;16.44;72.0;15.0;209;False;True;False;False
6;18;0.0;4;True;26.78;42.0;13.0;823;True;False;False;False
11;12;0.0;0;False;4.22;41.0;15.0;202;False;True;False;False
10;22;0.0;3;True;20.2;64.0;9.0;238;False;True;False;False
9;0;0.0;6;False;20.2;73.0;19.0;172;True;False;False;False
11;14;0.0;2;True;5.16;87.0;24.0;94;False;False;False;True
4;15;0.0;4;True;15.5;31.0;7.0;269;True;False;False;False
5;7;0.0;4;True;20.2;64.0;19.0;507;True;False;False;False
4;11;0.0;4;True;11.74;47.0;20.0;224;True;False;False;False
9;15;0.0;2;True;24.9;28.0;7.0;326;True;False;False;False
5;17;0.0;1;True;18.32;88.0;17.0;229;False;False;False;True
11;2;0.0;6;False;7.04;81.0;0.0;44;True;False;False;False
11;14;0.0;6;False;11.74;38.0;13.0;555;True;False;False;False
1;23;0.0;3;True;5.16;65.0;0.0;66;False;True;False;False
11;7;0.0;5;True;6.1;61.0;11.0;367;False;True;False;False
10;5;0.0;4;True;8.92;50.0;11.0;42;True;False;False;False
1;11;0.0;0;False;-0.48;80.0;17.0;133;False;False;False;True
1;15;0.0;5;True;16.44;27.0;17.0;222;True;False;False;False
9;5;0.0;6;False;15.5;63.0;13.0;15;True;False;False;False
11;11;0.0;1;True;9.86;66.0;17.0;197;False;True;False;False
5;5;0.0;5;True;18.32;88.0;13.0;24;True;False;False;False
12;3;0.0;4;True;6.1;70.0;6.0;4;False;True;False;False
6;6;0.0;0;False;13.62;82.0;7.0;22;True;False;False;False
6;13;0.0;2;True;24.9;30.0;31.0;306;True;False;False;False
12;1;0.0;3;True;6.1;65.0;6.0;15;True;False;False;False
6;17;0.0;3;True;21.14;43.0;9.0;724;True;False;False;False
5;20;0.0;3;True;16.44;77.0;17.0;338;True;False;False;False
2;10;0.0;1;True;-1.42;50.0;9.0;71;True;False;False;False
5;8;0.0;6;False;16.44;48.0;0.0;178;True;False;False;False
5;9;0.0;3;True;20.2;78.0;9.0;347;False;True;False;False
2;17;0.0;3;True;3.28;87.0;7.0;155;False;False;False;True
11;21;0.0;3;True;7.04;49.0;20.0;126;False;True;False;False
11;17;0.0;0;False;9.86;66.0;17.0;280;False;True;False;False
5;0;0.0;5;True;21.14;83.0;9.0;73;True;False;False;False
12;22;0.0;5;True;5.16;75.0;7.0;138;True;False;False;False
7;9;0.0;5;True;30.54;49.0;19.0;363;True;False;False;False
2;9;0.0;5;True;4.22;100.0;0.0;283;False;True;False;False
5;5;0.0;2;True;18.32;94.0;15.0;8;False;False;False;True
11;10;0.0;3;True;6.1;49.0;7.0;161;True;False;False;False
3;17;0.0;3;True;18.32;43.0;33.0;612;True;False;False;False
12;8;0.0;4;True;4.22;65.0;24.0;208;True;False;False;False
1;5;0.0;1;True;1.4;86.0;0.0;19;False;True;False;False
10;14;0.0;1;True;21.14;27.0;13.0;282;True;False;False;False
11;2;0.0;6;False;7.04;39.0;41.0;32;True;False;False;False
5;7;0.0;0;False;21.14;88.0;11.0;52;True;False;False;False
1;10;0.0;4;True;7.98;81.0;7.0;90;True;False;False;False
2;0;0.0;6;False;4.22;70.0;7.0;86;True;False;False;False
6;10;0.0;5;True;23.02;47.0;17.0;249;True;False;False;False
5;3;0.0;1;True;15.5;77.0;13.0;5;True;False;False;False
4;14;0.0;4;True;13.62;33.0;11.0;287;True;False;False;False
2;4;0.0;1;True;2.34;80.0;9.0;1;True;False;False;False
7;10;0.0;1;True;29.6;43.0;17.0;174;True;False;False;False
1;9;0.0;1;True;2.34;64.0;0.0;197;False;True;False;False
7;17;0.0;4;True;35.24;35.0;11.0;689;True;False;False;False
10;0;0.0;5;True;10.8;66.0;7.0;68;True;False;False;False
11;15;0.0;6;False;16.44;45.0;0.0;567;True;False;False;False
4;4;0.0;2;True;7.04;66.0;6.0;1;True;False;False;False
10;8;0.0;2;True;11.74;80.0;13.0;713;False;True;False;False
1;9;0.0;5;True;15.5;88.0;19.0;107;False;False;False;True
6;13;0.0;4;True;23.96;57.0;11.0;284;True;False;False;False
10;12;0.0;3;True;21.14;61.0;6.0;316;True;False;False;False
9;0;0.0;4;True;15.5;63.0;0.0;58;True;False;False;False
9;0;0.0;3;True;18.32;68.0;19.0;26;False;True;False;False
4;23;0.0;0;False;23.02;50.0;26.0;90;True;False;False;False
3;20;0.0;3;True;20.2;56.0;20.0;362;True;False;False;False
5;10;0.0;3;True;21.14;78.0;6.0;191;True;False;False;False
11;9;0.0;3;True;4.22;60.0;19.0;368;False;True;False;False
12;12;0.0;1;True;5.16;56.0;6.0;135;False;True;False;False
4;10;0.0;1;True;15.5;27.0;33.0;178;True;False;False;False
12;15;0.0;0;False;7.98;34.0;9.0;137;True;False;False;False
10;18;0.0;2;True;21.14;53.0;6.0;826;True;False;False;False
11;0;0.0;5;True;7.98;49.0;22.0;55;True;False;False;False
12;11;0.0;0;False;7.04;81.0;11.0;355;False;True;False;False
4;10;0.0;4;True;13.62;94.0;11.0;139;False;True;False;False
4;4;0.0;5;True;11.74;44.0;17.0;6;True;False;False;False
8;11;0.0;2;True;28.66;55.0;17.0;218;True;False;False;False
12;2;0.0;1;True;9.86;94.0;0.0;5;False;True;False;False
7;7;0.0;5;True;23.02;89.0;13.0;360;False;True;False;False
3;14;0.0;2;True;10.8;24.0;9.0;184;True;False;False;False
8;4;0.0;3;True;19.26;83.0;7.0;8;True;False;False;False
6;12;0.0;2;True;23.02;83.0;17.0;95;False;False;False;True
4;11;0.0;0;False;21.14;46.0;20.0;528;True;False;False;False
8;12;0.0;1;True;28.66;40.0;13.0;276;True;False;False;False
11;14;0.0;3;True;7.04;53.0;24.0;161;False;True;False;False
8;13;0.0;3;True;29.6;52.0;11.0;280;True;False;False;False
7;19;0.0;2;True;24.9;74.0;15.0;414;False;False;False;True
7;6;0.0;4;True;25.84;58.0;0.0;133;True;False;False;False
6;14;0.0;4;True;24.9;54.0;19.0;298;True;False;False;False
12;4;0.0;4;True;6.1;70.0;6.0;6;False;True;False;False
10;21;0.0;2;True;21.14;94.0;7.0;289;False;False;False;True
7;6;0.0;0;False;23.96;83.0;9.0;15;True;False;False;False
1;19;0.0;2;True;-2.36;28.0;28.0;156;True;False;False;False
5;8;0.0;6;False;22.08;78.0;9.0;141;True;False;False;False
12;17;0.0;0;False;10.8;76.0;13.0;303;False;False;False;True
3;5;0.0;5;True;10.8;87.0;15.0;32;False;True;False;False
4;14;0.0;3;True;18.32;22.0;24.0;223;True;False;False;False
11;6;0.0;0;False;5.16;61.0;9.0;16;True;False;False;False
5;21;0.0;6;False;20.2;60.0;9.0;230;False;True;False;False
10;11;0.0;2;True;19.26;94.0;9.0;99;False;False;False;True
11;23;0.0;1;True;7.98;66.0;7.0;74;True;False;False;False
2;22;0.0;0;False;3.28;75.0;6.0;55;False;False;False;True
8;18;0.0;2;True;25.84;54.0;15.0;625;True;False;False;False
7;12;0.0;3;True;35.24;37.0;9.0;202;True;False;False;False
9;15;0.0;6;False;26.78;48.0;26.0;750;True;False;False;False
5;20;0.0;4;True;20.2;40.0;13.0;446;True;False;False;False
2;16;0.0;5;True;7.98;42.0;17.0;268;False;True;False;False
11;1;0.0;4;True;6.1;75.0;7.0;30;True;False;False;False
3;20;0.0;0;False;12.68;47.0;15.0;171;True;False;False;False
10;2;0.0;3;True;21.14;94.0;0.0;9;False;True;False;False
2;10;0.0;0;False;4.22;52.0;17.0;191;False;True;False;False
6;6;0.0;0;False;16.44;72.0;7.0;23;True;False;False;False
4;20;0.0;6;False;15.5;20.0;15.0;208;True;False;False;False
4;12;0.0;4;True;17.38;49.0;0.0;264;True;False;False;False
11;4;0.0;1;True;6.1;52.0;17.0;16;False;True;False;False
3;18;0.0;5;True;24.9;45.0;11.0;830;True;False;False;False
10;6;0.0;3;True;6.1;81.0;11.0;116;True;False;False;False
4;16;0.0;5;True;15.5;22.0;28.0;536;True;False;False;False
7;14;0.0;6;False;37.12;30.0;9.0;308;False;True;False;False
6;2;0.0;1;True;23.02;74.0;7.0;17;True;False;False;False
11;15;0.0;2;True;7.98;46.0;17.0;272;True;False;False;False
8;4;0.0;2;True;18.32;88.0;0.0;4;True;False;False;False
4;0;0.0;0;False;17.38;56.0;13.0;124;False;True;False;False
7;1;0.0;6;False;25.84;70.0;6.0;80;True;False;False;False
5;19;0.0;3;True;17.38;77.0;17.0;504;True;False;False;False
12;5;0.0;4;True;6.1;70.0;7.0;35;False;True;False;False
7;8;0.0;0;False;24.9;65.0;15.0;127;True;False;False;False
5;16;0.0;1;True;21.14;69.0;19.0;111;False;False;False;True
3;5;0.0;2;True;13.62;82.0;13.0;24;False;True;False;False
7;4;0.0;6;False;24.9;79.0;13.0;11;True;False;False;False
4;0;0.0;6;False;11.74;26.0;20.0;94;True;False;False;False
8;6;0.0;4;True;20.2;78.0;11.0;165;True;False;False;False
11;11;0.0;5;True;11.74;41.0;28.0;221;True;False;False;False
6;8;0.0;6;False;19.26;64.0;11.0;204;True;False;False;False
7;16;0.0;3;True;29.6;38.0;13.0;411;True;False;False;False
6;3;0.0;5;True;26.78;79.0;0.0;7;True;False;False;False
12;16;0.0;4;True;7.98;39.0;7.0;406;True;False;False;False
8;7;0.0;6;False;25.84;77.0;11.0;67;True;False;False;False
8;22;0.0;6;False;27.72;66.0;19.0;269;True;False;False;False
3;8;0.0;2;True;2.34;37.0;20.0;581;True;False;False;False
8;14;0.0;2;True;27.72;37.0;6.0;302;True;False;False;False
12;14;0.0;6;False;8.92;71.0;0.0;479;False;True;False;False
3;3;0.0;4;True;13.62;63.0;26.0;3;True;False;False;False
8;20;0.0;4;True;28.66;66.0;0.0;427;True;False;False;False
12;14;0.0;4;True;4.22;56.0;35.0;119;False;True;False;False
1;1;1.0;1;False;8.92;43.0;28.0;12;True;False;False;False
3;21;0.0;4;True;12.68;44.0;19.0;224;True;False;False;False
9;18;0.0;0;False;17.38;37.0;13.0;540;True;False;False;False
2;23;0.0;2;True;7.04;53.0;15.0;65;True;False;False;False
5;0;0.0;2;True;24.9;79.0;13.0;45;True;False;False;False
5;3;0.0;0;False;17.38;83.0;13.0;28;False;True;False;False
6;21;0.0;5;True;22.08;78.0;17.0;85;False;False;False;True
5;1;0.0;2;True;16.44;59.0;15.0;9;False;True;False;False
9;10;0.0;0;False;17.38;45.0;17.0;489;True;False;False;False
2;21;0.0;2;True;7.98;61.0;7.0;190;True;False;False;False
7;0;0.0;2;True;25.84;54.0;0.0;53;True;False;False;False
5;15;0.0;4;True;17.38;37.0;26.0;271;True;False;False;False
7;17;0.0;0;False;30.54;41.0;11.0;531;True;False;False;False
2;10;0.0;3;True;7.98;57.0;20.0;120;True;False;False;False
11;8;1.0;4;False;3.28;75.0;9.0;97;True;False;False;False
11;12;0.0;4;True;10.8;24.0;33.0;235;True;False;False;False
9;4;0.0;4;True;24.9;84.0;6.0;8;False;True;False;False
5;22;0.0;3;True;21.14;83.0;11.0;159;False;True;False;False
11;0;0.0;3;True;4.22;56.0;19.0;24;True;False;False;False
6;19;0.0;6;False;31.48;44.0;17.0;374;True;False;False;False
3;10;0.0;0;False;6.1;49.0;22.0;192;True;False;False;False
6;19;0.0;5;True;24.9;42.0;11.0;467;True;False;False;False
3;6;0.0;4;True;13.62;59.0;17.0;117;True;False;False;False
6;22;0.0;6;False;28.66;62.0;11.0;172;True;False;False;False
6;20;0.0;2;True;18.32;49.0;15.0;415;True;False;False;False
12;3;0.0;0;False;7.98;87.0;13.0;38;False;True;False;False
1;1;0.0;0;False;0.46;74.0;20.0;50;False;True;False;False
10;17;0.0;6;False;18.32;64.0;19.0;618;False;True;False;False
5;11;1.0;1;False;25.84;66.0;9.0;476;True;False;False;False
3;2;0.0;6;False;4.22;41.0;17.0;42;True;False;False;False
10;13;0.0;3;True;17.38;49.0;9.0;310;False;True;False;False
5;2;0.0;1;True;18.32;94.0;17.0;11;False;False;False;True
9;23;0.0;3;True;20.2;78.0;17.0;115;False;True;False;False
2;15;0.0;2;True;7.98;49.0;28.0;160;True;False;False;False
2;16;1.0;1;False;8.92;29.0;7.0;280;True;False;False;False
9;22;0.0;6;False;15.5;63.0;7.0;221;True;False;False;False
12;8;0.0;0;False;8.92;87.0;9.0;88;False;True;False;False
3;8;0.0;4;True;13.62;47.0;28.0;654;True;False;False;False
12;13;0.0;3;True;13.62;41.0;19.0;214;True;False;False;False
11;9;0.0;6;False;8.92;66.0;13.0;259;True;False;False;False
2;17;0.0;0;False;7.04;53.0;11.0;306;True;False;False;False
1;10;0.0;3;True;6.1;42.0;31.0;93;True;False;False;False
9;13;0.0;5;True;24.9;51.0;17.0;410;False;True;False;False
2;23;0.0;6;False;3.28;41.0;28.0;91;True;False;False;False
7;18;0.0;6;False;20.2;88.0;13.0;177;False;True;False;False
4;2;0.0;6;False;9.86;66.0;9.0;56;True;False;False;False
7;22;0.0;2;True;23.96;79.0;13.0;177;True;False;False;False
12;23;0.0;1;True;3.28;93.0;0.0;11;False;False;False;True
10;21;0.0;6;False;13.62;59.0;9.0;215;True;False;False;False
8;21;0.0;6;False;29.6;59.0;17.0;289;True;False;False;False
2;22;0.0;4;True;7.04;81.0;0.0;111;False;True;False;False
12;18;0.0;4;True;3.28;60.0;17.0;197;False;True;False;False
7;1;0.0;4;True;26.78;51.0;19.0;30;True;False;False;False
3;15;0.0;0;False;17.38;68.0;6.0;554;True;False;False;False
1;6;0.0;4;True;8.92;93.0;9.0;89;False;False;False;True
2;23;0.0;0;False;4.22;56.0;11.0;64;True;False;False;False
3;11;0.0;1;True;4.22;56.0;9.0;103;False;True;False;False
7;4;0.0;1;True;23.02;94.0;9.0;8;False;True;False;False
3;15;0.0;6;False;7.98;25.0;0.0;406;True;False;False;False
5;18;0.0;5;True;22.08;38.0;15.0;669;True;False;False;False
9;18;0.0;1;True;21.14;35.0;20.0;968;True;False;False;False
8;17;0.0;4;True;27.72;45.0;15.0;820;True;False;False;False
10;9;0.0;4;True;16.44;83.0;13.0;343;False;True;False;False
7;5;0.0;0;False;28.66;62.0;0.0;6;True;False;False;False
7;8;0.0;2;True;26.78;62.0;6.0;646;True;False;False;False
11;15;0.0;5;True;11.74;38.0;7.0;296;False;True;False;False
10;12;0.0;4;True;18.32;78.0;7.0;319;False;True;False;False
10;22;0.0;2;True;18.32;68.0;7.0;194;True;False;False;False
9;18;0.0;6;False;22.08;36.0;19.0;614;False;True;False;False
2;21;0.0;2;True;7.98;46.0;7.0;188;True;False;False;False
11;18;0.0;1;True;10.8;58.0;17.0;580;False;True;False;False
8;12;0.0;5;True;27.72;45.0;6.0;371;False;True;False;False
9;0;0.0;6;False;20.2;83.0;7.0;207;True;False;False;False
1;22;1.0;1;False;6.1;49.0;24.0;43;False;True;False;False
2;7;0.0;3;True;7.04;76.0;6.0;302;True;False;False;False
3;2;0.0;2;True;4.22;30.0;20.0;7;True;False;False;False
11;11;0.0;0;False;9.86;46.0;15.0;445;True;False;False;False
2;16;0.0;5;True;11.74;32.0;20.0;307;True;False;False;False
5;10;0.0;3;True;21.14;69.0;19.0;177;False;True;False;False
9;3;0.0;3;True;16.44;63.0;17.0;5;False;True;False;False
10;5;0.0;0;False;9.86;66.0;6.0;10;True;False;False;False
9;2;0.0;5;True;18.32;73.0;0.0;30;True;False;False;False
10;14;0.0;4;True;24.9;61.0;17.0;267;True;False;False;False
1;0;0.0;2;True;5.16;52.0;17.0;15;True;False;False;False
9;2;0.0;4;True;25.84;79.0;0.0;8;True;False;False;False
5;8;0.0;4;True;13.62;67.0;24.0;630;True;False;False;False
1;18;0.0;3;True;7.98;87.0;13.0;98;False;False;False;True
11;9;1.0;4;False;6.1;65.0;0.0;119;True;False;False;False
9;7;0.0;3;True;24.9;79.0;17.0;500;False;True;False;False
12;3;0.0;4;True;4.22;56.0;19.0;2;False;True;False;False
12;19;0.0;3;True;6.1;56.0;15.0;402;False;True;False;False
9;9;1.0;1;False;24.9;84.0;9.0;229;False;True;False;False
6;18;0.0;3;True;34.3;37.0;0.0;672;True;False;False;False
2;18;0.0;3;True;10.8;40.0;15.0;468;True;False;False;False
11;12;0.0;2;True;7.98;61.0;19.0;196;True;False;False;False
5;9;0.0;4;True;15.5;59.0;31.0;361;True;False;False;False
2;12;0.0;1;True;10.8;37.0;20.0;177;True;False;False;False
3;2;0.0;4;True;15.5;59.0;0.0;19;True;False;False;False
10;5;0.0;6;False;10.8;82.0;0.0;13;True;False;False;False
1;13;0.0;6;False;7.98;57.0;17.0;373;True;False;False;False
12;15;0.0;1;True;20.2;56.0;0.0;268;True;False;False;False
7;0;0.0;5;True;28.66;62.0;9.0;102;True;False;False;False
8;20;0.0;5;True;26.78;66.0;20.0;370;True;False;False;False
10;0;0.0;1;True;12.68;88.0;24.0;22;False;False;False;True
12;18;0.0;3;True;5.16;93.0;20.0;43;False;False;False;True
3;11;0.0;2;True;17.38;73.0;19.0;219;True;False;False;False
3;10;0.0;5;True;8.92;57.0;7.0;187;False;True;False;False
12;13;0.0;6;False;10.8;87.0;11.0;547;False;True;False;False
12;14;0.0;4;True;8.92;34.0;11.0;242;True;False;False;False
12;13;0.0;1;True;19.26;56.0;6.0;321;True;False;False;False
8;18;0.0;4;True;26.78;48.0;15.0;941;True;False;False;False
2;5;0.0;3;True;3.28;70.0;6.0;20;True;False;False;False
11;11;0.0;6;False;5.16;41.0;20.0;186;False;True;False;False
4;22;0.0;0;False;23.96;44.0;24.0;134;True;False;False;False
9;5;0.0;6;False;19.26;60.0;35.0;16;True;False;False;False
7;16;0.0;6;False;39.0;19.0;11.0;294;True;False;False;False
3;6;0.0;3;True;8.92;46.0;24.0;115;True;False;False;False
2;12;0.0;5;True;9.86;46.0;26.0;198;True;False;False;False
3;15;0.0;6;False;15.5;94.0;28.0;290;False;False;False;True
1;15;0.0;3;True;8.92;46.0;0.0;155;True;False;False;False
10;3;0.0;3;True;8.92;87.0;0.0;7;True;False;False;False
12;0;0.0;0;False;10.8;87.0;9.0;118;False;True;False;False
7;16;0.0;2;True;27.72;58.0;15.0;402;True;False;False;False
11;0;0.0;0;False;7.98;81.0;6.0;124;True;False;False;False
6;18;0.0;2;True;25.84;28.0;24.0;824;True;False;False;False
2;21;0.0;6;False;12.68;33.0;20.0;114;True;False;False;False
5;16;0.0;5;True;21.14;25.0;22.0;525;True;False;False;False
8;11;0.0;0;False;26.78;42.0;11.0;449;True;False;False;False
3;16;0.0;5;True;10.8;62.0;19.0;367;False;False;False;True
12;5;0.0;4;True;2.34;55.0;19.0;32;True;False;False;False
8;11;0.0;4;True;31.48;44.0;0.0;260;True;False;False;False
2;1;0.0;0;False;3.28;44.0;22.0;55;True;False;False;False
10;15;0.0;0;False;23.02;39.0;28.0;568;True;False;False;False
11;3;0.0;5;True;6.1;65.0;9.0;6;False;True;False;False
9;20;0.0;6;False;24.9;54.0;17.0;325;True;False;False;False
10;4;0.0;2;True;18.32;83.0;6.0;10;False;True;False;False
5;4;0.0;2;True;16.44;72.0;6.0;8;False;True;False;False
11;20;0.0;4;True;7.98;61.0;7.0;285;True;False;False;False
4;17;0.0;0;False;21.14;27.0;20.0;522;True;False;False;False
10;9;0.0;6;False;15.5;77.0;17.0;328;True;False;False;False
10;10;0.0;3;True;18.32;52.0;20.0;217;True;False;False;False
3;17;0.0;4;True;24.9;39.0;17.0;713;True;False;False;False
12;4;0.0;6;False;4.22;48.0;13.0;5;True;False;False;False
12;14;0.0;1;True;3.28;87.0;7.0;46;False;False;False;True
3;22;0.0;0;False;4.22;41.0;17.0;62;True;False;False;False
9;15;0.0;3;True;25.84;37.0;9.0;318;True;False;False;False
11;6;0.0;5;True;3.28;81.0;0.0;20;True;False;False;False
4;7;0.0;2;True;7.98;71.0;7.0;384;True;False;False;False
12;1;0.0;0;False;10.8;87.0;7.0;102;False;True;False;False
8;19;0.0;3;True;24.9;54.0;13.0;643;True;False;False;False
9;23;0.0;3;True;24.9;84.0;6.0;150;True;False;False;False
3;5;0.0;6;False;16.44;83.0;11.0;4;False;True;False;False
1;20;0.0;1;True;6.1;39.0;11.0;181;True;False;False;False
9;21;0.0;5;True;20.2;53.0;13.0;237;False;False;False;True
1;16;0.0;2;True;13.62;63.0;37.0;219;True;False;False;False
5;6;0.0;2;True;18.32;94.0;15.0;24;False;False;False;True
1;21;0.0;0;False;5.16;56.0;15.0;91;True;False;False;False
1;10;0.0;6;False;-0.48;47.0;0.0;149;True;False;False;False
11;1;0.0;6;False;4.22;60.0;13.0;87;True;False;False;False
10;2;0.0;6;False;7.98;53.0;13.0;67;True;False;False;False
10;2;0.0;3;True;13.62;88.0;0.0;8;False;True;False;False
1;3;0.0;5;True;2.34;69.0;7.0;4;True;False;False;False
9;19;0.0;4;True;22.08;65.0;9.0;674;True;False;False;False
9;7;0.0;1;True;16.44;68.0;15.0;447;True;False;False;False
4;8;0.0;4;True;8.92;46.0;15.0;638;True;False;False;False
2;13;0.0;1;True;10.8;43.0;19.0;182;True;False;False;False
1;15;1.0;1;False;4.22;44.0;30.0;192;True;False;False;False
7;21;0.0;5;True;25.84;54.0;0.0;299;True;False;False;False
7;8;0.0;5;True;23.96;83.0;11.0;691;False;True;False;False
1;9;0.0;4;True;7.04;81.0;7.0;230;True;False;False;False
8;15;0.0;1;True;29.6;55.0;20.0;282;True;False;False;False
11;8;0.0;0;False;2.34;51.0;13.0;34;False;True;False;False
3;20;0.0;6;False;7.04;33.0;9.0;121;True;False;False;False
11;5;0.0;0;False;4.22;65.0;7.0;5;True;False;False;False
9;14;0.0;0;False;23.02;39.0;9.0;635;True;False;False;False
4;0;0.0;4;True;16.44;23.0;28.0;45;True;False;False;False
4;12;0.0;0;False;9.86;87.0;22.0;61;False;False;False;True
8;12;0.0;6;False;25.84;54.0;26.0;584;False;False;False;True
3;6;0.0;5;True;15.5;88.0;0.0;116;False;True;False;False
5;0;0.0;3;True;22.08;89.0;7.0;36;False;False;False;True
1;7;0.0;5;True;2.34;69.0;15.0;185;True;False;False;False
5;4;0.0;3;True;18.32;88.0;15.0;5;False;False;False;True
11;0;0.0;6;False;7.98;53.0;11.0;108;True;False;False;False
9;2;0.0;2;True;11.74;77.0;9.0;14;True;False;False;False
7;21;0.0;2;True;22.08;89.0;7.0;90;False;False;False;True
9;6;0.0;5;True;21.14;88.0;7.0;140;True;False;False;False
1;12;0.0;4;True;7.98;81.0;9.0;165;False;True;False;False
2;0;0.0;3;True;12.68;38.0;19.0;31;True;False;False;False
4;20;0.0;1;True;15.5;36.0;30.0;276;True;False;False;False
4;5;0.0;3;True;11.74;67.0;6.0;27;True;False;False;False
10;23;0.0;1;True;13.62;63.0;15.0;81;True;False;False;False
9;7;0.0;4;True;17.38;77.0;0.0;571;True;False;False;False
7;17;0.0;6;False;30.54;46.0;13.0;479;True;False;False;False
12;22;0.0;5;True;8.92;93.0;6.0;165;False;True;False;False
12;15;0.0;2;True;9.86;50.0;15.0;270;False;True;False;False
7;6;0.0;0;False;22.08;73.0;11.0;18;True;False;False;False
7;5;0.0;0;False;20.2;88.0;0.0;6;True;False;False;False
3;7;0.0;3;True;8.92;46.0;22.0;358;True;False;False;False
1;21;0.0;0;False;-0.48;86.0;7.0;44;False;False;False;True
5;10;0.0;6;False;18.32;43.0;0.0;452;True;False;False;False
9;2;0.0;3;True;19.26;64.0;19.0;17;False;True;False;False
3;9;0.0;0;False;11.74;88.0;6.0;178;False;True;False;False
11;2;1.0;1;False;10.8;76.0;9.0;20;True;False;False;False
12;3;0.0;2;True;11.74;88.0;13.0;5;True;False;False;False
2;19;0.0;3;True;13.62;44.0;19.0;327;False;True;False;False
5;2;0.0;4;True;20.2;88.0;0.0;16;True;False;False;False
8;10;0.0;0;False;29.6;59.0;28.0;364;True;False;False;False
5;5;0.0;3;True;21.14;78.0;9.0;41;False;True;False;False
6;7;0.0;3;True;23.02;89.0;0.0;464;False;True;False;False
2;13;0.0;2;True;12.68;38.0;17.0;184;True;False;False;False
4;21;0.0;5;True;12.68;26.0;9.0;190;True;False;False;False
3;23;0.0;4;True;11.74;47.0;20.0;94;True;False;False;False
5;11;0.0;5;True;21.14;43.0;0.0;334;True;False;False;False
10;3;0.0;1;True;18.32;73.0;17.0;4;False;True;False;False
3;4;0.0;3;True;15.5;88.0;9.0;4;False;True;False;False
12;14;0.0;0;False;9.86;76.0;9.0;310;False;True;False;False
12;20;0.0;4;True;7.98;76.0;11.0;50;False;False;False;True
9;4;0.0;0;False;13.62;67.0;6.0;7;True;False;False;False
9;10;0.0;5;True;23.96;65.0;0.0;246;False;True;False;False
1;1;0.0;1;True;4.22;60.0;24.0;9;True;False;False;False
9;9;0.0;2;True;23.02;83.0;39.0;293;False;True;False;False
4;15;0.0;5;True;15.5;27.0;19.0;537;True;False;False;False
10;21;0.0;3;True;13.62;82.0;13.0;329;True;False;False;False
1;18;0.0;0;False;7.98;46.0;15.0;181;True;False;False;False
9;2;1.0;1;False;23.02;89.0;7.0;40;True;False;False;False
6;8;0.0;5;True;20.2;69.0;11.0;653;True;False;False;False
3;6;0.0;1;True;13.62;88.0;9.0;120;True;False;False;False
3;10;0.0;6;False;10.8;76.0;9.0;313;False;True;False;False
3;22;0.0;0;False;10.8;54.0;13.0;94;True;False;False;False
9;12;0.0;0;False;21.14;41.0;20.0;680;True;False;False;False
3;9;0.0;6;False;10.8;76.0;13.0;223;False;True;False;False
1;8;0.0;2;True;4.22;60.0;7.0;512;True;False;False;False
1;6;0.0;4;True;-2.36;54.0;11.0;86;True;False;False;False
6;21;0.0;3;True;31.48;44.0;6.0;344;True;False;False;False
8;0;0.0;6;False;24.9;61.0;0.0;135;False;True;False;False
9;21;0.0;6;False;22.08;57.0;17.0;261;True;False;False;False
11;22;0.0;3;True;7.98;49.0;0.0;88;True;False;False;False
11;14;0.0;0;False;10.8;62.0;20.0;428;True;False;False;False
2;13;0.0;3;True;11.74;54.0;20.0;190;True;False;False;False
6;9;0.0;5;True;21.14;65.0;11.0;366;True;False;False;False
7;6;0.0;3;True;22.08;89.0;9.0;185;True;False;False;False
9;12;0.0;3;True;23.96;61.0;15.0;316;True;False;False;False
3;14;0.0;4;True;25.84;30.0;7.0;258;False;True;False;False
5;8;0.0;5;True;16.44;59.0;9.0;745;True;False;False;False
11;7;0.0;5;True;6.1;70.0;9.0;357;False;True;False;False
10;3;0.0;6;False;15.5;88.0;11.0;26;True;False;False;False
12;3;0.0;6;False;4.22;48.0;30.0;7;True;False;False;False
11;4;0.0;6;False;7.04;49.0;20.0;16;False;True;False;False
8;13;0.0;4;True;30.54;38.0;6.0;346;True;False;False;False
6;19;0.0;3;True;33.36;37.0;17.0;539;True;False;False;False
6;15;0.0;5;True;37.12;36.0;0.0;230;True;False;False;False
12;19;0.0;1;True;3.28;93.0;9.0;18;False;True;False;False
7;3;0.0;5;True;23.02;89.0;7.0;36;False;True;False;False
3;20;0.0;0;False;16.44;77.0;9.0;198;True;False;False;False
4;23;0.0;3;True;15.5;51.0;6.0;104;False;True;False;False
12;5;0.0;0;False;4.22;48.0;20.0;2;False;True;False;False
7;9;0.0;6;False;31.48;59.0;11.0;256;True;False;False;False
8;8;0.0;6;False;23.02;74.0;17.0;162;False;True;False;False
5;17;1.0;1;False;30.54;56.0;20.0;405;True;False;False;False
7;1;0.0;0;False;26.78;70.0;9.0;93;True;False;False;False
2;9;0.0;0;False;3.28;70.0;15.0;92;False;True;False;False
9;21;0.0;0;False;16.44;48.0;7.0;196;False;True;False;False
9;8;0.0;6;False;24.9;79.0;22.0;230;True;False;False;False
7;22;0.0;4;True;30.54;59.0;9.0;225;True;False;False;False
6;5;0.0;6;False;17.38;68.0;7.0;23;True;False;False;False
4;17;0.0;2;True;21.14;17.0;13.0;757;True;False;False;False
4;0;0.0;2;True;7.04;76.0;9.0;13;False;True;False;False
2;22;0.0;0;False;-1.42;43.0;11.0;28;True;False;False;False
7;13;0.0;5;True;31.48;47.0;19.0;314;True;False;False;False
7;9;0.0;4;True;25.84;58.0;7.0;327;True;False;False;False
5;9;0.0;6;False;21.14;78.0;7.0;284;True;False;False;False
10;5;0.0;3;True;15.5;82.0;0.0;53;True;False;False;False
7;21;0.0;4;True;25.84;48.0;15.0;373;True;False;False;False
1;20;0.0;1;True;1.4;86.0;6.0;132;False;True;False;False
7;3;0.0;0;False;23.02;69.0;15.0;55;True;False;False;False
5;12;0.0;5;True;25.84;66.0;7.0;321;True;False;False;False
4;22;0.0;1;True;11.74;44.0;13.0;123;True;False;False;False
2;21;0.0;5;True;11.74;35.0;54.0;152;True;False;False;False
1;1;0.0;1;True;3.28;60.0;9.0;5;True;False;False;False
3;16;0.0;3;True;19.26;73.0;0.0;378;True;False;False;False
2;13;0.0;5;True;10.8;43.0;24.0;205;True;False;False;False
12;14;0.0;0;False;12.68;62.0;17.0;473;True;False;False;False
8;11;0.0;6;False;25.84;51.0;0.0;536;True;False;False;False
12;21;0.0;2;True;8.92;50.0;15.0;168;True;False;False;False
10;3;0.0;0;False;12.68;62.0;9.0;22;False;True;False;False
10;0;0.0;1;True;18.32;73.0;17.0;48;False;True;False;False
2;23;0.0;2;True;7.04;66.0;15.0;47;True;False;False;False
1;0;0.0;4;True;5.16;75.0;7.0;25;False;True;False;False
1;11;0.0;6;False;7.98;57.0;15.0;324;True;False;False;False
8;16;0.0;0;False;23.02;65.0;0.0;356;False;True;False;False
2;10;1.0;1;False;2.34;55.0;30.0;143;True;False;False;False
8;17;0.0;3;True;26.78;55.0;19.0;851;True;False;False;False
5;4;0.0;2;True;16.44;68.0;22.0;5;False;True;False;False
8;15;0.0;1;True;25.84;54.0;17.0;309;True;False;False;False
12;10;0.0;3;True;6.1;56.0;11.0;136;False;True;False;False
7;20;0.0;6;False;23.02;83.0;15.0;233;True;False;False;False
4;10;0.0;0;False;9.86;82.0;22.0;68;False;False;False;True
1;19;0.0;2;True;9.86;46.0;7.0;281;True;False;False;False
9;6;0.0;5;True;17.38;88.0;0.0;152;True;False;False;False
12;18;0.0;3;True;7.04;49.0;15.0;540;False;True;False;False
6;11;0.0;6;False;27.72;35.0;0.0;569;True;False;False;False
9;15;0.0;5;True;25.84;48.0;9.0;367;False;True;False;False
7;20;0.0;4;True;32.42;50.0;17.0;446;True;False;False;False
8;3;0.0;1;True;21.14;88.0;6.0;4;True;False;False;False
6;23;0.0;5;True;20.2;88.0;9.0;73;False;False;False;True
2;2;0.0;2;True;5.16;41.0;0.0;3;False;True;False;False
1;4;0.0;5;True;7.04;70.0;33.0;3;False;False;False;True
2;6;0.0;3;True;3.28;70.0;0.0;98;False;True;False;False
8;15;0.0;6;False;33.36;42.0;28.0;489;True;False;False;False
2;11;0.0;4;True;7.04;70.0;7.0;71;False;False;False;True
6;20;0.0;0;False;28.66;46.0;17.0;332;True;False;False;False
3;19;0.0;2;True;7.98;46.0;20.0;287;True;False;False;False
7;11;0.0;1;True;25.84;62.0;9.0;216;False;True;False;False
11;22;0.0;2;True;3.28;81.0;11.0;97;True;False;False;False
6;22;0.0;3;True;16.44;77.0;6.0;248;True;False;False;False
6;1;0.0;3;True;20.2;43.0;11.0;23;True;False;False;False
11;7;1.0;4;False;2.34;75.0;9.0;56;True;False;False;False
9;18;0.0;3;True;26.78;48.0;15.0;884;True;False;False;False
9;11;0.0;1;True;18.32;37.0;13.0;238;True;False;False;False
10;18;0.0;5;True;12.68;38.0;20.0;642;True;False;False;False
2;12;0.0;3;True;5.16;65.0;19.0;138;False;True;False;False
1;1;0.0;4;True;5.16;75.0;0.0;21;False;True;False;False
6;4;0.0;3;True;13.62;82.0;7.0;10;True;False;False;False
9;1;0.0;0;False;18.32;73.0;15.0;124;True;False;False;False
1;19;0.0;3;True;7.04;93.0;15.0;93;False;False;False;True
12;23;0.0;3;True;7.04;66.0;9.0;88;True;False;False;False
7;9;0.0;5;True;24.9;79.0;9.0;373;False;True;False;False
10;13;0.0;3;True;23.02;54.0;0.0;306;True;False;False;False
10;3;0.0;4;True;21.14;88.0;0.0;11;False;True;False;False
10;20;0.0;6;False;15.5;39.0;15.0;259;True;False;False;False
9;20;0.0;2;True;20.2;88.0;13.0;290;False;True;False;False
2;3;0.0;4;True;11.74;67.0;9.0;2;False;True;False;False
9;14;0.0;1;True;22.08;65.0;17.0;332;False;True;False;False
10;5;0.0;6;False;17.38;83.0;13.0;10;True;False;False;False
12;22;0.0;4;True;4.22;60.0;6.0;148;True;False;False;False
11;3;0.0;6;False;5.16;41.0;24.0;11;True;False;False;False
11;4;0.0;4;True;1.4;75.0;6.0;7;True;False;False;False
3;22;0.0;5;True;8.92;87.0;0.0;75;False;True;False;False
11;7;0.0;0;False;5.16;81.0;13.0;42;True;False;False;False
7;2;0.0;1;True;23.96;74.0;0.0;8;True;False;False;False
4;5;0.0;1;True;6.1;81.0;19.0;14;False;False;False;True
6;3;0.0;5;True;21.14;73.0;6.0;4;False;True;False;False
6;20;0.0;3;True;17.38;73.0;19.0;408;True;False;False;False
1;8;0.0;4;True;7.04;81.0;13.0;508;True;False;False;False
1;16;0.0;2;True;-1.42;39.0;39.0;136;True;False;False;False
8;1;0.0;1;True;23.02;65.0;6.0;14;True;False;False;False
10;1;0.0;6;False;18.32;83.0;17.0;141;True;False;False;False
11;6;0.0;6;False;7.04;49.0;13.0;21;False;True;False;False
9;11;0.0;4;True;21.14;43.0;0.0;243;True;False;False;False
12;20;0.0;1;True;13.62;88.0;17.0;300;True;False;False;False
6;5;0.0;6;False;22.08;89.0;11.0;10;True;False;False;False
6;12;0.0;6;False;29.6;43.0;13.0;602;True;False;False;False
5;6;0.0;6;False;12.68;72.0;6.0;50;True;False;False;False
5;3;0.0;6;False;19.26;83.0;0.0;32;True;False;False;False
12;11;0.0;6;False;10.8;87.0;7.0;404;False;True;False;False
9;13;0.0;2;True;23.02;29.0;6.0;328;True;False;False;False
3;10;0.0;0;False;11.74;88.0;7.0;351;False;True;False;False
10;13;0.0;4;True;25.84;58.0;22.0;294;False;True;False;False
8;7;0.0;4;True;24.9;79.0;0.0;473;True;False;False;False
10;18;0.0;0;False;10.8;82.0;13.0;106;False;False;False;True
10;17;0.0;4;True;24.9;51.0;15.0;901;True;False;False;False
9;19;0.0;4;True;19.26;60.0;15.0;603;True;False;False;False
9;22;0.0;1;True;15.5;51.0;15.0;172;True;False;False;False
4;13;0.0;3;True;13.62;59.0;0.0;64;False;False;False;True
3;22;0.0;0;False;15.5;77.0;7.0;100;True;False;False;False
1;11;0.0;5;True;14.56;94.0;9.0;105;False;True;False;False
12;8;0.0;2;True;9.86;94.0;0.0;662;True;False;False;False
11;19;0.0;0;False;4.22;41.0;0.0;127;True;False;False;False
12;20;0.0;0;False;9.86;82.0;0.0;122;False;True;False;False
5;7;0.0;4;True;12.68;94.0;7.0;384;False;False;False;True
11;18;0.0;4;True;8.92;57.0;13.0;573;False;True;False;False
10;15;0.0;4;True;16.44;34.0;11.0;460;True;False;False;False
7;16;0.0;1;True;27.72;66.0;39.0;386;False;False;False;True
1;21;1.0;1;False;3.28;41.0;22.0;66;False;True;False;False
8;12;0.0;2;True;25.84;45.0;0.0;305;True;False;False;False
7;2;0.0;4;True;23.02;65.0;6.0;9;False;True;False;False
12;7;0.0;6;False;8.92;100.0;6.0;39;False;True;False;False
9;17;0.0;4;True;22.08;50.0;15.0;976;True;False;False;False
9;0;0.0;0;False;15.5;59.0;0.0;147;True;False;False;False
6;23;0.0;4;True;21.14;69.0;11.0;172;False;True;False;False
12;4;0.0;0;False;1.4;47.0;9.0;4;True;False;False;False
5;18;0.0;3;True;16.44;77.0;39.0;372;False;False;False;True
10;10;0.0;0;False;17.38;56.0;13.0;428;True;False;False;False
5;5;0.0;5;True;13.62;77.0;7.0;34;True;False;False;False
7;15;0.0;3;True;35.24;35.0;24.0;194;False;False;False;True
7;12;0.0;6;False;37.12;31.0;24.0;342;True;False;False;False
2;3;0.0;3;True;5.16;70.0;6.0;2;True;False;False;False
1;1;0.0;6;False;9.86;46.0;11.0;62;True;False;False;False
3;21;0.0;2;True;7.04;49.0;13.0;148;True;False;False;False
4;18;0.0;5;True;15.5;22.0;31.0;484;True;False;False;False
11;23;0.0;4;True;5.16;61.0;0.0;130;True;False;False;False
6;16;0.0;3;True;34.3;35.0;7.0;335;True;False;False;False
10;12;0.0;3;True;10.8;58.0;13.0;241;True;False;False;False
7;9;0.0;5;True;30.54;36.0;9.0;304;True;False;False;False
7;15;0.0;3;True;28.66;31.0;6.0;317;True;False;False;False
9;5;0.0;0;False;16.44;77.0;13.0;55;True;False;False;False
10;13;1.0;1;False;11.74;62.0;13.0;405;False;True;False;False
12;13;1.0;2;False;10.8;50.0;22.0;121;True;False;False;False
11;8;0.0;4;True;6.1;61.0;15.0;646;False;True;False;False
11;11;1.0;1;False;16.44;72.0;11.0;367;True;False;False;False
2;22;0.0;6;False;3.28;87.0;6.0;95;False;True;False;False
11;2;0.0;6;False;4.22;65.0;13.0;49;True;False;False;False
11;2;0.0;4;True;2.34;64.0;0.0;7;True;False;False;False
12;6;0.0;1;True;8.92;93.0;9.0;108;False;True;False;False
6;7;0.0;0;False;15.5;68.0;7.0;35;True;False;False;False
10;14;0.0;5;True;23.02;61.0;17.0;365;True;False;False;False
2;11;0.0;6;False;7.04;57.0;9.0;286;True;False;False;False
12;18;0.0;4;True;7.98;71.0;13.0;381;False;True;False;False
1;4;0.0;6;False;7.04;57.0;6.0;10;True;False;False;False
12;14;0.0;5;True;7.04;39.0;30.0;219;False;True;False;False
4;5;0.0;3;True;15.5;39.0;19.0;34;False;True;False;False
12;1;0.0;1;True;10.8;82.0;9.0;13;True;False;False;False
10;14;0.0;4;True;16.44;32.0;6.0;348;True;False;False;False
5;0;0.0;0;False;18.32;64.0;11.0;98;True;False;False;False
3;16;0.0;6;False;15.5;94.0;20.0;177;False;False;False;True
6;20;0.0;1;True;26.78;48.0;15.0;394;False;True;False;False
6;9;0.0;0;False;25.84;51.0;0.0;232;True;False;False;False
12;9;0.0;6;False;9.86;94.0;0.0;170;False;True;False;False
1;18;1.0;1;False;4.22;33.0;17.0;126;True;False;False;False
8;20;0.0;4;True;27.72;40.0;6.0;514;True;False;False;False
1;19;1.0;1;False;4.22;56.0;19.0;144;True;False;False;False
4;18;0.0;0;False;16.44;52.0;20.0;432;True;False;False;False
6;23;0.0;0;False;19.26;53.0;7.0;108;True;False;False;False
3;20;0.0;6;False;12.68;100.0;13.0;111;False;False;False;True
5;9;0.0;6;False;22.08;83.0;13.0;289;True;False;False;False
12;21;0.0;1;True;11.74;94.0;9.0;120;False;True;False;False
5;3;0.0;0;False;17.38;64.0;9.0;28;False;True;False;False
11;6;0.0;0;False;5.16;81.0;11.0;15;True;False;False;False
6;10;0.0;4;True;20.2;64.0;6.0;210;True;False;False;False
4;16;0.0;1;True;6.1;81.0;24.0;103;False;False;False;True
4;18;0.0;6;False;23.96;47.0;33.0;416;False;True;False;False
4;21;0.0;4;True;11.74;35.0;9.0;187;True;False;False;False
3;22;0.0;5;True;20.2;64.0;19.0;271;True;False;False;False
1;23;0.0;2;True;12.68;38.0;17.0;63;True;False;False;False
2;4;0.0;1;True;-2.36;54.0;6.0;2;True;False;False;False
8;10;0.0;6;False;24.9;54.0;11.0;480;True;False;False;False
11;12;0.0;4;True;9.86;62.0;11.0;221;False;False;False;True
5;8;0.0;1;True;15.5;82.0;13.0;639;False;True;False;False
6;9;0.0;2;True;22.08;73.0;6.0;328;True;False;False;False
4;7;0.0;3;True;12.68;62.0;0.0;366;False;True;False;False
5;21;0.0;2;True;22.08;65.0;9.0;282;True;False;False;False
