month;hour;holiday;weekday;workingday;weather;temperature;humidity;windspeed;count
12;6;0.0;4;True;1;6.1;65.0;0.0;118
11;9;0.0;3;True;0;6.1;52.0;26.0;332
8;3;0.0;4;True;0;21.14;83.0;6.0;9
5;8;0.0;4;True;0;21.14;73.0;9.0;692
10;13;0.0;6;False;1;22.08;57.0;35.0;710
12;15;0.0;5;True;0;10.8;47.0;11.0;309
7;21;0.0;0;False;0;25.84;70.0;9.0;271
2;14;0.0;3;True;1;6.1;56.0;11.0;108
11;1;0.0;3;True;0;3.28;60.0;20.0;12
1;22;0.0;2;True;0;7.04;81.0;0.0;125
10;10;0.0;5;True;0;23.02;54.0;0.0;260
1;21;0.0;3;True;0;6.1;65.0;0.0;185
10;18;0.0;0;False;0;16.44;39.0;13.0;413
1;20;0.0;3;True;0;2.34;37.0;17.0;165
7;21;0.0;3;True;0;25.84;58.0;15.0;391
9;23;0.0;2;True;0;17.38;68.0;7.0;109
8;20;0.0;0;False;1;22.08;73.0;13.0;274
4;4;0.0;1;True;3;6.1;81.0;19.0;3
7;8;0.0;1;True;1;23.02;83.0;11.0;455
2;9;0.0;4;True;1;6.1;70.0;11.0;202
1;5;0.0;0;False;1;-0.48;47.0;22.0;5
11;7;0.0;5;True;0;3.28;81.0;0.0;77
7;0;0.0;6;False;0;28.66;66.0;9.0;150
4;16;0.0;3;True;1;11.74;77.0;15.0;235
2;5;0.0;0;False;0;-3.3;49.0;26.0;3
3;6;0.0;6;False;1;16.44;83.0;11.0;28
9;7;0.0;0;False;0;17.38;73.0;11.0;70
12;18;0.0;1;True;0;15.5;68.0;6.0;692
12;17;0.0;1;True;3;3.28;93.0;11.0;26
12;11;0.0;3;True;0;12.68;44.0;19.0;172
11;1;0.0;2;True;0;7.98;66.0;7.0;13
4;12;0.0;4;True;0;12.68;33.0;0.0;276
4;6;0.0;4;True;1;10.8;82.0;7.0;120
7;15;0.0;6;False;0;37.12;26.0;0.0;306
2;11;0.0;3;True;1;4.22;65.0;15.0;102
9;6;0.0;6;False;0;23.96;79.0;0.0;36
12;11;0.0;3;True;0;10.8;54.0;15.0;200
5;13;0.0;3;True;1;22.08;53.0;17.0;266
8;23;0.0;1;True;0;24.9;70.0;15.0;128
6;9;0.0;3;True;0;18.32;60.0;6.0;303
1;21;0.0;0;False;1;12.68;67.0;17.0;71
12;11;0.0;5;True;1;5.16;52.0;15.0;178
3;21;0.0;2;True;0;18.32;73.0;0.0;277
10;1;0.0;5;True;0;10.8;66.0;6.0;37
1;15;0.0;0;False;0;8.92;25.0;19.0;310
10;17;0.0;2;True;0;16.44;39.0;13.0;943
7;3;0.0;5;True;0;24.9;74.0;11.0;12
6;2;0.0;6;False;1;22.08;89.0;0.0;61
3;22;0.0;1;True;0;3.28;35.0;22.0;78
7;22;0.0;6;False;0;31.48;59.0;13.0;220
11;19;0.0;4;True;1;10.8;50.0;11.0;452
11;18;0.0;5;True;1;7.98;61.0;0.0;509
8;1;0.0;4;True;0;23.96;79.0;7.0;42
12;15;0.0;3;True;0;11.74;50.0;19.0;237
10;2;0.0;5;True;0;17.38;73.0;6.0;11
1;17;0.0;5;True;1;2.34;32.0;6.0;349
1;0;0.0;5;True;1;4.22;48.0;20.0;27
3;20;0.0;1;True;0;10.8;26.0;35.0;221
3;10;0.0;4;True;0;13.62;47.0;30.0;166
7;22;0.0;2;True;0;26.78;66.0;17.0;269
1;0;0.0;5;True;1;10.8;71.0;19.0;42
4;12;0.0;0;False;0;22.08;44.0;19.0;635
2;11;0.0;5;True;1;8.92;81.0;7.0;163
3;10;0.0;4;True;0;16.44;68.0;7.0;164
2;20;0.0;6;False;3;3.28;93.0;13.0;77
12;17;0.0;0;False;0;7.04;49.0;13.0;114
6;13;0.0;5;True;0;36.18;38.0;13.0;239
12;4;0.0;5;True;0;4.22;75.0;7.0;10
12;23;0.0;1;True;0;11.74;82.0;7.0;102
10;5;0.0;6;False;0;6.1;61.0;13.0;11
8;10;0.0;2;True;0;24.9;79.0;7.0;208
7;10;0.0;5;True;1;24.9;79.0;11.0;233
2;0;0.0;3;True;0;6.1;56.0;15.0;23
7;22;0.0;2;True;0;29.6;55.0;15.0;244
11;6;0.0;5;True;0;6.1;70.0;11.0;122
7;13;0.0;1;True;1;27.72;55.0;17.0;255
1;21;0.0;1;True;0;6.1;42.0;11.0;162
12;8;0.0;1;True;0;8.92;93.0;0.0;731
11;0;0.0;6;False;0;7.04;76.0;6.0;122
1;18;0.0;1;True;2;1.4;86.0;6.0;164
7;22;0.0;1;True;1;24.9;74.0;15.0;230
6;18;0.0;2;True;0;20.2;43.0;13.0;790
11;14;0.0;0;False;0;20.2;33.0;11.0;654
5;18;0.0;0;False;1;21.14;61.0;13.0;463
6;6;0.0;1;True;0;22.08;78.0;11.0;158
2;8;0.0;2;True;0;4.22;48.0;19.0;559
7;12;0.0;1;True;0;31.48;32.0;13.0;257
9;10;0.0;6;False;0;23.02;65.0;22.0;474
8;4;0.0;3;True;0;22.08;83.0;7.0;4
9;16;1.0;1;False;0;26.78;70.0;15.0;500
7;18;0.0;2;True;0;27.72;55.0;19.0;857
6;6;0.0;4;True;0;13.62;88.0;7.0;170
8;8;0.0;0;False;0;23.02;54.0;15.0;119
1;4;1.0;1;False;0;5.16;45.0;22.0;4
5;22;0.0;4;True;0;21.14;78.0;0.0;246
5;15;0.0;0;False;0;28.66;52.0;19.0;535
7;7;0.0;6;False;1;19.26;88.0;17.0;37
8;10;0.0;6;False;0;25.84;62.0;6.0;407
12;18;0.0;5;True;0;8.92;46.0;9.0;455
8;17;0.0;1;True;0;24.9;58.0;19.0;893
6;15;0.0;2;True;0;28.66;59.0;11.0;259
1;15;0.0;0;False;1;-0.48;80.0;13.0;176
4;19;0.0;3;True;0;20.2;20.0;13.0;543
1;22;0.0;2;True;0;-3.3;46.0;17.0;33
2;2;0.0;3;True;0;7.98;66.0;19.0;6
9;6;0.0;5;True;1;18.32;94.0;6.0;138
6;19;0.0;5;True;3;21.14;88.0;24.0;45
11;12;0.0;0;False;0;15.5;48.0;6.0;585
10;4;0.0;6;False;0;6.1;65.0;11.0;11
9;17;0.0;0;False;0;24.9;37.0;17.0;671
11;3;0.0;4;True;1;4.22;70.0;6.0;2
7;13;0.0;3;True;1;29.6;42.0;11.0;273
6;3;0.0;5;True;0;25.84;58.0;13.0;8
12;13;0.0;4;True;1;8.92;57.0;13.0;217
10;16;0.0;3;True;1;11.74;54.0;15.0;424
8;20;0.0;6;False;3;21.14;83.0;17.0;241
5;18;0.0;2;True;0;29.6;49.0;33.0;710
7;11;0.0;5;True;1;27.72;45.0;9.0;288
9;23;1.0;1;False;1;24.9;84.0;17.0;70
4;23;0.0;2;True;0;11.74;38.0;6.0;73
2;21;0.0;2;True;0;7.98;61.0;11.0;154
3;16;0.0;1;True;0;14.56;25.0;43.0;305
9;3;0.0;2;True;1;23.02;89.0;6.0;10
5;4;0.0;4;True;1;13.62;88.0;17.0;2
4;20;0.0;4;True;0;12.68;41.0;13.0;312
8;12;0.0;3;True;0;26.78;51.0;0.0;312
3;18;0.0;4;True;0;15.5;39.0;20.0;681
2;16;0.0;6;False;0;7.04;26.0;39.0;195
4;19;0.0;0;False;3;8.92;87.0;35.0;35
4;8;0.0;1;True;1;6.1;75.0;22.0;482
3;11;0.0;6;False;1;16.44;77.0;9.0;585
10;12;0.0;4;True;1;25.84;54.0;13.0;288
4;19;1.0;1;False;0;27.72;35.0;26.0;522
10;16;0.0;2;True;3;6.1;87.0;17.0;98
1;6;0.0;0;False;0;1.4;40.0;7.0;5
8;20;0.0;2;True;0;25.84;48.0;7.0;435
3;12;0.0;6;False;0;18.32;68.0;11.0;651
9;10;0.0;3;True;0;21.14;61.0;9.0;205
4;8;0.0;3;True;3;15.5;39.0;13.0;576
3;17;0.0;5;True;3;14.56;82.0;6.0;258
4;9;0.0;3;True;1;7.04;49.0;20.0;302
12;22;0.0;6;False;1;6.1;87.0;0.0;147
6;0;0.0;1;True;0;18.32;73.0;17.0;40
12;13;0.0;3;True;0;11.74;50.0;13.0;213
9;7;0.0;6;False;0;14.56;67.0;19.0;73
9;20;0.0;5;True;0;23.02;61.0;7.0;404
1;10;0.0;4;True;1;3.28;52.0;6.0;86
10;22;0.0;0;False;0;11.74;54.0;0.0;113
8;20;0.0;0;False;0;22.08;89.0;11.0;211
2;12;0.0;6;False;0;7.04;29.0;44.0;258
9;5;0.0;4;True;0;12.68;77.0;7.0;56
11;11;0.0;6;False;0;9.86;43.0;13.0;423
2;20;0.0;4;True;0;7.04;36.0;0.0;199
7;16;0.0;5;True;0;31.48;47.0;15.0;499
9;3;0.0;0;False;0;13.62;67.0;6.0;58
1;14;1.0;1;False;0;3.28;44.0;26.0;181
6;11;0.0;2;True;3;23.02;83.0;24.0;65
10;5;0.0;4;True;3;22.08;89.0;7.0;39
2;22;0.0;0;False;0;4.22;60.0;7.0;191
5;4;0.0;4;True;0;20.2;64.0;22.0;16
3;12;0.0;4;True;1;17.38;88.0;13.0;272
10;14;0.0;4;True;1;21.14;50.0;20.0;285
7;6;0.0;1;True;0;23.02;83.0;11.0;161
8;11;0.0;4;True;0;27.72;37.0;6.0;274
6;14;0.0;6;False;0;30.54;23.0;13.0;593
10;12;0.0;1;True;1;20.2;43.0;11.0;323
8;13;0.0;6;False;0;26.78;40.0;13.0;644
12;0;0.0;3;True;0;6.1;52.0;11.0;34
9;15;0.0;1;True;1;22.08;65.0;17.0;338
1;17;0.0;0;False;1;14.56;48.0;11.0;111
5;3;0.0;5;True;0;18.32;88.0;15.0;14
11;3;0.0;1;True;0;1.4;69.0;0.0;5
2;23;0.0;2;True;1;8.92;50.0;6.0;57
8;0;0.0;1;True;0;21.14;83.0;0.0;32
5;18;0.0;1;True;1;20.2;53.0;24.0;680
3;16;0.0;1;True;0;21.14;35.0;30.0;332
11;2;0.0;1;True;1;8.92;66.0;17.0;5
3;10;0.0;2;True;0;4.22;35.0;15.0;138
8;0;0.0;5;True;0;25.84;70.0;13.0;71
8;20;0.0;5;True;1;28.66;66.0;15.0;389
2;8;0.0;5;True;0;1.4;59.0;11.0;448
9;21;0.0;1;True;0;15.5;51.0;9.0;256
8;16;0.0;0;False;0;27.72;40.0;7.0;513
6;23;0.0;2;True;0;25.84;79.0;9.0;125
12;9;0.0;3;True;0;5.16;75.0;7.0;317
7;10;0.0;3;True;1;25.84;62.0;9.0;195
2;18;1.0;1;False;0;7.98;34.0;15.0;242
6;16;0.0;2;True;0;29.6;55.0;15.0;334
11;23;0.0;3;True;0;3.28;70.0;9.0;87
3;10;0.0;1;True;0;15.5;36.0;39.0;153
12;9;0.0;4;True;0;4.22;60.0;33.0;133
8;2;0.0;3;True;0;23.96;65.0;0.0;8
7;16;0.0;0;False;0;29.6;43.0;9.0;521
9;19;0.0;1;True;1;21.14;73.0;7.0;486
2;2;0.0;4;True;1;12.68;62.0;15.0;9
2;2;0.0;0;False;1;-3.3;58.0;39.0;27
7;14;0.0;3;True;0;29.6;29.0;9.0;247
2;8;0.0;4;True;0;1.4;64.0;17.0;484
9;7;0.0;6;False;0;19.26;78.0;17.0;77
9;19;0.0;6;False;3;19.26;88.0;7.0;215
6;18;0.0;1;True;1;21.14;69.0;11.0;642
10;4;0.0;0;False;0;8.92;71.0;11.0;21
10;7;0.0;0;False;0;10.8;62.0;0.0;56
5;1;0.0;6;False;0;15.5;48.0;0.0;104
11;13;0.0;3;True;0;8.92;43.0;17.0;214
2;9;0.0;4;True;0;8.92;81.0;17.0;242
6;7;0.0;5;True;0;24.9;61.0;7.0;380
8;2;0.0;0;False;0;22.08;69.0;9.0;86
3;8;0.0;6;False;1;11.74;94.0;7.0;218
12;10;0.0;4;True;0;3.28;52.0;13.0;145
11;17;0.0;0;False;0;5.16;41.0;11.0;181
12;3;0.0;4;True;1;3.28;87.0;15.0;1
10;11;0.0;6;False;0;11.74;35.0;9.0;527
7;14;0.0;1;True;0;32.42;34.0;15.0;230
11;14;0.0;5;True;1;10.8;40.0;7.0;251
3;12;0.0;4;True;0;18.32;37.0;15.0;220
3;23;0.0;1;True;0;18.32;56.0;15.0;63
7;6;0.0;6;False;0;24.9;70.0;7.0;50
12;11;0.0;0;False;0;3.28;52.0;13.0;152
8;10;0.0;0;False;1;23.96;69.0;0.0;425
5;6;0.0;3;True;1;20.2;78.0;7.0;144
2;3;0.0;2;True;0;10.8;32.0;24.0;6
10;2;0.0;1;True;0;13.62;72.0;0.0;12
5;5;0.0;1;True;3;18.32;88.0;20.0;15
2;4;0.0;5;True;0;4.22;56.0;6.0;2
2;1;0.0;3;True;0;5.16;61.0;11.0;10
8;10;0.0;5;True;0;23.02;89.0;7.0;193
6;11;0.0;2;True;0;22.08;36.0;28.0;235
2;8;0.0;5;True;0;3.28;65.0;15.0;441
6;16;0.0;6;False;1;25.84;37.0;7.0;542
8;5;0.0;2;True;1;23.96;89.0;13.0;36
2;8;0.0;3;True;1;5.16;75.0;7.0;116
5;14;0.0;0;False;0;25.84;39.0;26.0;543
8;8;0.0;3;True;1;26.78;72.0;6.0;737
11;20;0.0;0;False;0;8.92;66.0;11.0;129
12;22;0.0;2;True;1;15.5;63.0;20.0;181
8;16;0.0;1;True;0;31.48;41.0;7.0;451
8;20;0.0;2;True;1;26.78;70.0;9.0;448
6;8;0.0;5;True;0;27.72;55.0;9.0;613
7;23;0.0;0;False;3;28.66;52.0;11.0;110
5;13;0.0;5;True;0;26.78;62.0;9.0;333
4;10;0.0;1;True;1;11.74;41.0;11.0;157
1;7;0.0;5;True;1;11.74;100.0;20.0;134
8;3;0.0;0;False;1;22.08;89.0;17.0;53
10;21;0.0;3;True;1;21.14;61.0;7.0;313
4;3;0.0;4;True;0;11.74;41.0;20.0;5
3;13;0.0;4;True;1;23.02;41.0;6.0;273
2;8;0.0;6;False;0;2.34;87.0;0.0;102
8;5;0.0;1;True;1;20.2;83.0;0.0;37
5;11;0.0;5;True;1;24.9;61.0;0.0;258
7;7;0.0;4;True;0;22.08;73.0;9.0;512
10;23;0.0;1;True;0;13.62;82.0;7.0;163
12;17;0.0;0;False;1;9.86;82.0;7.0;243
6;5;0.0;5;True;1;21.14;78.0;6.0;45
12;21;0.0;5;True;1;3.28;70.0;9.0;92
9;9;0.0;0;False;0;21.14;61.0;17.0;299
4;9;1.0;1;False;0;21.14;69.0;15.0;297
1;19;1.0;1;False;0;3.28;38.0;15.0;93
1;11;0.0;2;True;0;10.8;37.0;19.0;139
12;8;0.0;3;True;0;3.28;87.0;7.0;678
2;12;0.0;6;False;0;8.92;43.0;13.0;369
2;2;0.0;5;True;0;6.1;52.0;15.0;6
8;19;0.0;1;True;0;26.78;58.0;11.0;555
4;19;0.0;1;True;1;17.38;64.0;17.0;471
7;20;0.0;0;False;0;31.48;39.0;9.0;332
12;12;0.0;3;True;3;2.34;87.0;22.0;10
7;11;0.0;6;False;0;36.18;38.0;13.0;367
9;3;0.0;0;False;0;14.56;55.0;20.0;54
9;14;0.0;6;False;0;20.2;40.0;17.0;750
5;15;0.0;4;True;0;22.08;36.0;17.0;316
3;8;0.0;2;True;1;16.44;88.0;7.0;516
5;12;0.0;1;True;1;18.32;88.0;19.0;185
10;2;0.0;5;True;0;10.8;66.0;6.0;16
3;2;0.0;4;True;0;20.2;28.0;20.0;6
3;4;0.0;0;False;1;11.74;94.0;11.0;14
9;20;0.0;6;False;1;19.26;88.0;6.0;194
3;11;0.0;6;False;0;6.1;33.0;22.0;274
4;13;0.0;4;True;0;14.56;36.0;30.0;203
3;12;0.0;0;False;1;10.8;94.0;15.0;360
4;17;0.0;0;False;0;24.9;42.0;22.0;623
1;1;0.0;1;True;1;0.46;86.0;7.0;4
2;23;0.0;4;True;0;7.04;81.0;6.0;73
6;7;0.0;6;False;0;19.26;64.0;7.0;87
4;6;0.0;0;False;0;15.5;63.0;9.0;16
11;3;0.0;1;True;1;8.92;66.0;15.0;2
5;9;0.0;3;True;1;21.14;69.0;13.0;305
12;7;0.0;2;True;0;7.98;66.0;28.0;380
3;8;0.0;0;False;1;10.8;94.0;22.0;89
8;1;0.0;5;True;0;23.02;65.0;7.0;54
7;12;0.0;2;True;1;34.3;35.0;0.0;254
10;22;0.0;2;True;1;14.56;77.0;6.0;162
10;12;0.0;1;True;0;19.26;35.0;0.0;283
7;18;0.0;3;True;0;29.6;27.0;9.0;891
7;7;0.0;5;True;1;24.9;54.0;0.0;380
5;1;0.0;2;True;1;15.5;63.0;9.0;21
11;0;0.0;3;True;1;6.1;56.0;19.0;283
4;21;0.0;4;True;0;16.44;83.0;15.0;250
4;12;0.0;0;False;0;17.38;24.0;17.0;457
2;10;0.0;4;True;0;2.34;51.0;15.0;97
4;8;0.0;3;True;1;12.68;72.0;7.0;684
5;4;0.0;3;True;0;17.38;94.0;9.0;4
5;20;0.0;1;True;1;19.26;88.0;13.0;189
2;0;0.0;6;False;1;6.1;70.0;9.0;53
3;23;0.0;5;True;0;7.04;33.0;20.0;86
10;14;0.0;0;False;0;18.32;35.0;13.0;640
11;13;0.0;6;False;0;7.04;36.0;22.0;225
10;3;0.0;0;False;1;15.5;63.0;22.0;79
5;19;0.0;2;True;0;28.66;52.0;24.0;526
12;18;0.0;6;False;0;6.1;70.0;13.0;110
2;18;0.0;6;False;0;6.1;28.0;39.0;133
9;0;0.0;4;True;0;20.2;78.0;6.0;65
11;4;0.0;5;True;0;7.04;53.0;24.0;14
7;14;0.0;0;False;0;29.6;46.0;13.0;522
6;15;0.0;1;True;0;23.02;39.0;20.0;292
9;12;0.0;4;True;0;21.14;43.0;9.0;290
8;7;0.0;3;True;0;22.08;65.0;6.0;554
2;21;0.0;4;True;0;12.68;51.0;15.0;222
8;11;0.0;6;False;0;26.78;66.0;11.0;499
7;21;0.0;2;True;1;24.9;70.0;19.0;196
1;14;0.0;2;True;0;8.92;81.0;15.0;173
11;5;0.0;4;True;1;6.1;42.0;15.0;35
9;6;0.0;0;False;0;12.68;62.0;17.0;16
1;19;0.0;6;False;0;1.4;47.0;15.0;102
11;7;0.0;3;True;0;3.28;65.0;19.0;415
4;5;0.0;0;False;1;12.68;77.0;15.0;6
1;4;1.0;1;False;0;-2.36;58.0;7.0;8
6;18;0.0;6;False;0;30.54;26.0;20.0;481
8;7;0.0;5;True;1;22.08;78.0;0.0;425
12;11;0.0;4;True;1;5.16;56.0;30.0;103
4;10;0.0;0;False;0;19.26;53.0;15.0;421
9;21;0.0;2;True;0;20.2;56.0;20.0;297
6;8;0.0;2;True;0;18.32;49.0;22.0;656
4;9;0.0;0;False;0;17.38;56.0;15.0;251
9;16;0.0;5;True;1;23.02;50.0;15.0;502
10;12;0.0;5;True;0;22.08;69.0;15.0;332
8;18;0.0;1;True;0;27.72;52.0;19.0;812
6;6;0.0;2;True;0;16.44;52.0;20.0;188
12;12;0.0;3;True;1;7.98;42.0;0.0;232
10;4;0.0;6;False;1;15.5;88.0;11.0;13
8;21;0.0;3;True;0;26.78;66.0;7.0;381
3;12;0.0;4;True;0;15.5;42.0;33.0;292
5;17;0.0;4;True;0;20.2;31.0;26.0;732
6;20;0.0;5;True;3;21.14;94.0;17.0;39
11;11;0.0;4;True;3;8.92;62.0;13.0;170
6;21;0.0;2;True;0;23.96;83.0;7.0;274
5;10;0.0;5;True;0;16.44;36.0;22.0;210
10;18;0.0;3;True;0;16.44;59.0;11.0;884
7;13;0.0;0;False;0;32.42;41.0;7.0;480
2;19;0.0;6;False;1;1.4;40.0;37.0;87
2;4;0.0;3;True;0;7.98;71.0;11.0;2
10;3;0.0;2;True;0;11.74;67.0;7.0;2
1;0;0.0;1;True;0;3.28;60.0;15.0;15
12;7;0.0;0;False;1;3.28;93.0;9.0;31
6;3;0.0;0;False;0;22.08;73.0;7.0;29
10;0;0.0;6;False;0;18.32;83.0;11.0;191
3;1;0.0;3;True;0;16.44;63.0;6.0;27
5;13;0.0;3;True;0;24.9;51.0;0.0;289
10;18;0.0;2;True;0;15.5;42.0;11.0;838
7;20;0.0;5;True;0;26.78;48.0;9.0;389
4;20;0.0;1;True;0;13.62;31.0;11.0;329
2;4;0.0;4;True;3;10.8;82.0;6.0;1
5;17;0.0;6;False;1;23.02;36.0;13.0;576
10;6;0.0;2;True;0;11.74;67.0;11.0;172
10;10;0.0;3;True;1;17.38;73.0;0.0;171
12;18;0.0;5;True;0;3.28;60.0;9.0;213
4;19;0.0;4;True;0;13.62;31.0;20.0;433
3;8;0.0;3;True;3;14.56;94.0;7.0;535
2;15;1.0;1;False;0;7.98;34.0;15.0;289
11;1;0.0;2;True;0;3.28;60.0;11.0;8
2;3;0.0;0;False;3;3.28;87.0;6.0;17
6;7;0.0;1;True;0;23.02;74.0;15.0;485
7;16;0.0;1;True;0;28.66;40.0;19.0;413
6;10;0.0;5;True;0;22.08;57.0;11.0;216
1;1;0.0;0;False;0;8.92;66.0;9.0;93
6;7;0.0;0;False;0;22.08;69.0;7.0;71
6;21;0.0;1;True;1;21.14;73.0;7.0;273
6;22;0.0;0;False;0;21.14;50.0;26.0;226
12;16;0.0;3;True;1;7.98;46.0;9.0;329
8;8;0.0;5;True;3;21.14;91.0;11.0;119
2;6;0.0;5;True;1;10.8;87.0;11.0;82
5;19;0.0;6;False;1;26.78;66.0;15.0;373
8;1;0.0;0;False;0;21.14;78.0;9.0;113
9;23;0.0;0;False;0;18.32;52.0;19.0;92
1;12;0.0;0;False;0;7.04;26.0;15.0;288
7;0;0.0;5;True;1;24.9;54.0;11.0;95
5;23;0.0;6;False;0;20.2;56.0;11.0;239
6;10;0.0;6;False;0;20.2;53.0;20.0;493
8;21;0.0;1;True;0;25.84;66.0;13.0;290
5;18;0.0;6;False;1;23.02;31.0;13.0;546
5;22;0.0;0;False;0;18.32;73.0;11.0;157
12;15;0.0;2;True;1;20.2;49.0;17.0;300
4;20;0.0;6;False;1;18.32;46.0;9.0;321
3;11;0.0;4;True;0;18.32;43.0;13.0;168
4;3;0.0;1;True;1;7.04;81.0;19.0;1
10;11;0.0;6;False;0;18.32;64.0;19.0;585
3;23;0.0;4;True;0;18.32;83.0;6.0;151
7;3;0.0;2;True;0;24.9;65.0;9.0;2
7;6;0.0;4;True;0;23.02;78.0;17.0;181
10;18;0.0;5;True;0;22.08;57.0;9.0;761
2;7;0.0;4;True;1;6.1;70.0;9.0;288
8;7;0.0;2;True;1;24.9;74.0;9.0;502
1;14;0.0;6;False;0;9.86;50.0;26.0;362
12;17;0.0;1;True;0;16.44;63.0;7.0;708
11;5;0.0;4;True;0;1.4;69.0;0.0;42
6;9;0.0;2;True;1;16.44;72.0;17.0;335
9;2;0.0;4;True;0;17.38;77.0;0.0;9
2;8;0.0;3;True;0;6.1;75.0;6.0;576
9;12;1.0;1;False;1;27.72;62.0;20.0;543
6;11;0.0;5;True;1;34.3;42.0;19.0;188
11;17;0.0;5;True;1;14.56;39.0;6.0;300
9;23;0.0;6;False;0;21.14;50.0;13.0;171
12;15;0.0;1;True;1;15.5;87.0;11.0;236
3;5;0.0;1;True;0;7.98;61.0;13.0;16
8;9;0.0;4;True;0;27.72;66.0;7.0;343
2;18;0.0;5;True;3;6.1;61.0;9.0;359
3;22;0.0;1;True;0;8.92;25.0;24.0;93
12;23;0.0;4;True;0;3.28;65.0;11.0;93
4;11;0.0;1;True;0;11.74;47.0;30.0;209
7;22;0.0;0;False;0;24.9;70.0;7.0;148
10;20;0.0;0;False;0;14.56;44.0;13.0;195
3;4;0.0;5;True;1;10.8;87.0;17.0;3
4;18;0.0;3;True;0;20.2;20.0;19.0;709
7;14;0.0;6;False;0;32.42;39.0;17.0;494
12;14;0.0;0;False;0;7.98;31.0;20.0;175
1;14;0.0;2;True;0;15.5;29.0;22.0;160
4;2;0.0;4;True;0;7.04;61.0;19.0;4
10;5;0.0;3;True;1;8.92;81.0;0.0;41
3;18;0.0;1;True;0;22.08;57.0;17.0;801
10;16;0.0;6;False;1;18.32;64.0;19.0;612
6;12;0.0;4;True;0;34.3;35.0;13.0;215
7;8;0.0;0;False;1;22.08;78.0;0.0;153
1;21;0.0;5;True;0;10.8;43.0;15.0;154
12;4;0.0;0;False;1;4.22;93.0;0.0;7
6;12;0.0;5;True;1;35.24;40.0;17.0;226
12;20;0.0;6;False;0;7.04;81.0;0.0;198
5;14;0.0;3;True;0;25.84;42.0;6.0;263
12;20;1.0;2;False;1;7.04;66.0;19.0;40
8;8;0.0;4;True;0;25.84;74.0;7.0;698
9;11;0.0;1;True;0;21.14;43.0;20.0;236
8;1;0.0;4;True;0;21.14;83.0;0.0;25
7;8;1.0;3;False;0;24.9;61.0;7.0;153
1;13;0.0;4;True;0;2.34;47.0;19.0;124
3;21;0.0;5;True;3;8.92;87.0;6.0;101
5;10;0.0;6;False;0;23.96;79.0;15.0;437
5;6;0.0;2;True;3;16.44;77.0;7.0;26
8;23;0.0;6;False;3;23.02;78.0;11.0;163
3;8;0.0;3;True;0;9.86;46.0;24.0;658
7;11;0.0;6;False;0;31.48;39.0;15.0;457
3;1;0.0;5;True;0;17.38;88.0;0.0;50
12;20;0.0;4;True;0;6.1;45.0;0.0;241
4;16;0.0;2;True;0;21.14;21.0;11.0;485
3;18;0.0;3;True;0;20.2;60.0;15.0;641
12;15;0.0;1;True;1;5.16;45.0;9.0;315
5;9;0.0;5;True;1;22.08;89.0;9.0;340
9;20;0.0;2;True;0;20.2;56.0;20.0;425
3;20;0.0;5;True;0;9.86;32.0;24.0;159
9;7;0.0;3;True;0;16.44;63.0;15.0;545
9;3;0.0;1;True;0;13.62;63.0;11.0;5
5;4;0.0;0;False;0;21.14;83.0;13.0;11
6;10;0.0;6;False;0;33.36;30.0;17.0;404
4;1;0.0;6;False;0;16.44;77.0;15.0;88
1;22;0.0;5;True;1;1.4;37.0;15.0;72
10;1;0.0;2;True;0;13.62;77.0;11.0;17
4;15;0.0;3;True;0;19.26;19.0;11.0;229
10;10;0.0;4;True;1;17.38;83.0;9.0;225
9;20;0.0;5;True;0;25.84;66.0;15.0;391
9;23;0.0;0;False;3;23.02;89.0;6.0;123
3;13;0.0;2;True;0;20.2;60.0;26.0;233
10;9;0.0;1;True;1;16.44;63.0;0.0;340
9;13;0.0;1;True;0;20.2;31.0;20.0;328
8;14;0.0;6;False;3;23.02;65.0;17.0;482
8;16;0.0;5;True;1;32.42;41.0;15.0;492
8;13;0.0;4;True;0;29.6;31.0;15.0;300
7;15;0.0;0;False;0;32.42;47.0;9.0;489
12;10;0.0;6;False;0;4.22;48.0;22.0;118
7;13;0.0;5;True;1;29.6;38.0;9.0;374
8;4;0.0;6;False;1;23.02;69.0;7.0;12
1;22;0.0;5;True;0;8.92;50.0;13.0;135
6;2;0.0;6;False;0;22.08;50.0;15.0;89
7;3;0.0;1;True;1;23.02;94.0;6.0;2
5;18;0.0;6;False;1;23.02;69.0;24.0;434
4;0;0.0;1;True;3;12.68;82.0;7.0;17
1;5;0.0;3;True;0;4.22;70.0;19.0;33
6;12;0.0;4;True;0;24.9;42.0;0.0;336
7;8;0.0;3;True;0;28.66;62.0;7.0;679
6;17;0.0;6;False;0;33.36;32.0;9.0;362
5;10;0.0;5;True;0;20.2;46.0;9.0;255
7;18;0.0;1;True;0;27.72;48.0;9.0;872
2;2;0.0;3;True;0;12.68;44.0;19.0;7
4;9;0.0;6;False;0;11.74;54.0;9.0;265
10;15;0.0;2;True;0;23.96;41.0;15.0;346
12;8;0.0;0;False;0;3.28;52.0;31.0;33
9;3;0.0;6;False;1;23.02;89.0;15.0;43
1;19;0.0;4;True;1;11.74;71.0;11.0;330
8;7;0.0;1;True;0;23.02;65.0;9.0;436
1;4;0.0;4;True;0;5.16;75.0;0.0;3
6;21;0.0;0;False;0;21.14;43.0;11.0;246
5;8;0.0;2;True;1;17.38;73.0;20.0;641
6;8;0.0;6;False;0;23.96;69.0;15.0;167
7;12;0.0;5;True;0;31.48;49.0;24.0;299
1;19;0.0;3;True;0;2.34;37.0;26.0;256
10;0;0.0;2;True;1;9.86;82.0;15.0;31
6;20;0.0;5;True;0;23.96;44.0;13.0;385
6;3;0.0;3;True;0;19.26;46.0;6.0;8
1;7;0.0;2;True;0;-1.42;59.0;17.0;170
9;12;0.0;0;False;0;23.02;47.0;0.0;757
3;14;0.0;0;False;0;13.62;31.0;19.0;501
6;21;0.0;2;True;0;27.72;62.0;11.0;276
4;5;0.0;4;True;0;10.8;82.0;0.0;30
5;19;0.0;6;False;1;22.08;36.0;11.0;439
11;6;0.0;1;True;0;2.34;69.0;0.0;124
10;10;0.0;3;True;0;23.02;78.0;11.0;175
11;13;1.0;4;False;0;13.62;31.0;0.0;269
10;2;0.0;0;False;1;15.5;68.0;20.0;116
8;21;0.0;4;True;1;24.9;58.0;11.0;336
6;10;0.0;4;True;0;26.78;48.0;13.0;184
6;21;0.0;4;True;0;21.14;41.0;22.0;313
12;7;0.0;4;True;0;3.28;60.0;15.0;385
5;6;0.0;6;False;0;11.74;67.0;6.0;33
10;16;1.0;1;False;3;11.74;58.0;13.0;377
11;22;0.0;1;True;0;5.16;56.0;13.0;115
1;15;0.0;2;True;0;11.74;38.0;20.0;136
6;21;0.0;0;False;0;27.72;55.0;15.0;253
2;1;0.0;0;False;1;3.28;93.0;7.0;51
1;19;0.0;1;True;0;6.1;45.0;7.0;306
11;14;0.0;5;True;1;10.8;40.0;33.0;262
9;4;0.0;3;True;0;18.32;73.0;17.0;14
7;3;0.0;0;False;1;20.2;88.0;7.0;43
6;14;0.0;3;True;0;22.08;38.0;0.0;302
7;16;0.0;6;False;3;20.2;88.0;13.0;326
10;13;0.0;2;True;1;20.2;88.0;9.0;154
8;23;0.0;2;True;0;23.96;57.0;0.0;109
6;2;0.0;5;True;0;18.32;56.0;0.0;19
5;20;0.0;6;False;0;21.14;46.0;11.0;287
7;2;0.0;6;False;0;25.84;70.0;0.0;90
5;2;0.0;2;True;1;19.26;83.0;7.0;11
4;20;0.0;2;True;0;18.32;24.0;9.0;379
4;2;0.0;5;True;0;8.92;50.0;26.0;11
4;6;1.0;1;False;0;16.44;83.0;11.0;133
7;9;0.0;4;True;1;25.84;70.0;9.0;344
8;12;0.0;3;True;0;29.6;49.0;7.0;284
4;23;0.0;6;False;1;9.86;76.0;6.0;42
1;16;0.0;0;False;1;-0.48;80.0;13.0;155
2;0;0.0;5;True;1;12.68;58.0;6.0;46
7;4;0.0;2;True;0;23.96;79.0;9.0;4
3;22;0.0;6;False;0;17.38;68.0;0.0;211
9;18;0.0;2;True;0;27.72;75.0;15.0;839
12;1;0.0;4;True;0;7.04;66.0;0.0;20
8;4;0.0;2;True;0;23.02;83.0;9.0;8
11;8;0.0;5;True;0;3.28;87.0;6.0;94
4;19;0.0;3;True;1;11.74;77.0;9.0;368
2;4;0.0;2;True;0;2.34;64.0;0.0;2
7;12;0.0;4;True;0;31.48;56.0;17.0;279
1;3;0.0;3;True;0;-7.06;34.0;19.0;1
8;8;0.0;1;True;1;21.14;73.0;7.0;655
12;23;0.0;5;True;1;3.28;65.0;6.0;59
5;8;0.0;0;False;0;18.32;64.0;11.0;156
11;12;0.0;6;False;0;14.56;48.0;0.0;606
1;10;0.0;2;True;3;6.1;87.0;17.0;62
1;5;0.0;5;True;1;11.74;94.0;22.0;24
8;17;0.0;6;False;0;33.36;37.0;20.0;492
5;21;0.0;1;True;1;19.26;83.0;6.0;152
12;0;0.0;0;False;0;2.34;47.0;19.0;27
9;14;0.0;0;False;0;20.2;38.0;13.0;666
11;11;0.0;0;False;0;13.62;59.0;9.0;504
2;22;0.0;0;False;0;6.1;42.0;15.0;71
8;23;0.0;2;True;0;25.84;79.0;0.0;138
11;22;0.0;1;True;0;7.98;66.0;7.0;113
3;8;0.0;1;True;0;13.62;88.0;7.0;579
11;7;0.0;3;True;0;4.22;87.0;6.0;273
2;12;0.0;2;True;0;10.8;40.0;22.0;172
1;19;0.0;0;False;0;7.04;29.0;17.0;159
7;14;0.0;0;False;0;37.12;36.0;11.0;312
2;7;0.0;2;True;0;2.34;64.0;0.0;279
1;22;0.0;6;False;0;7.98;34.0;13.0;103
7;6;0.0;1;True;3;22.08;89.0;17.0;92
6;21;0.0;4;True;0;27.72;55.0;13.0;398
8;12;0.0;2;True;1;29.6;55.0;9.0;283
5;14;0.0;2;True;1;26.78;48.0;17.0;204
5;9;0.0;2;True;1;20.2;83.0;7.0;333
3;5;0.0;4;True;0;11.74;77.0;15.0;29
4;17;0.0;2;True;0;16.44;22.0;26.0;691
1;14;0.0;6;False;0;15.5;42.0;19.0;512
2;22;0.0;5;True;1;7.04;66.0;0.0;113
5;4;0.0;3;True;1;21.14;88.0;9.0;6
1;17;0.0;6;False;1;1.4;80.0;26.0;106
1;15;0.0;4;True;0;8.92;34.0;19.0;119
1;8;0.0;2;True;0;-0.48;55.0;19.0;354
12;6;1.0;2;False;1;2.34;93.0;9.0;7
8;12;0.0;0;False;3;22.08;73.0;0.0;298
10;13;0.0;1;True;1;20.2;43.0;11.0;305
4;5;0.0;5;True;0;11.74;44.0;24.0;19
7;8;0.0;6;False;0;21.14;78.0;19.0;151
8;13;0.0;5;True;1;32.42;47.0;19.0;345
5;13;0.0;6;False;0;26.78;55.0;9.0;524
4;22;1.0;1;False;0;23.96;51.0;17.0;214
5;13;0.0;3;True;1;23.02;74.0;11.0;270
10;10;0.0;1;True;1;20.2;73.0;26.0;168
3;3;0.0;2;True;1;17.38;88.0;0.0;3
4;0;0.0;0;False;0;12.68;24.0;15.0;85
8;9;0.0;6;False;0;23.96;79.0;13.0;271
2;9;0.0;6;False;0;2.34;80.0;7.0;138
4;19;0.0;5;True;0;15.5;27.0;26.0;441
4;12;0.0;3;True;1;8.92;46.0;26.0;182
3;22;0.0;4;True;0;16.44;68.0;9.0;169
8;5;0.0;4;True;0;20.2;78.0;11.0;37
12;7;0.0;3;True;3;1.4;86.0;22.0;26
9;23;0.0;5;True;0;23.02;89.0;17.0;248
2;5;0.0;3;True;0;10.8;50.0;11.0;18
5;20;0.0;0;False;0;26.78;55.0;11.0;392
12;16;0.0;6;False;0;11.74;82.0;11.0;507
10;9;0.0;3;True;0;17.38;60.0;19.0;366
6;0;0.0;0;False;0;23.02;69.0;7.0;158
5;7;0.0;3;True;3;20.2;78.0;13.0;483
4;2;0.0;6;False;0;8.92;29.0;24.0;36
10;12;0.0;6;False;0;12.68;35.0;0.0;573
9;12;0.0;5;True;1;24.9;54.0;17.0;380
4;5;0.0;2;True;0;7.04;66.0;6.0;27
11;3;0.0;6;False;0;6.1;81.0;0.0;20
6;3;0.0;4;True;0;15.5;77.0;7.0;5
1;6;0.0;3;True;0;-7.06;41.0;11.0;59
8;18;0.0;6;False;0;32.42;41.0;22.0;490
11;16;0.0;0;False;0;17.38;42.0;15.0;653
8;19;0.0;0;False;1;22.08;73.0;9.0;341
8;14;0.0;6;False;0;33.36;40.0;26.0;472
9;20;0.0;1;True;1;21.14;73.0;9.0;340
7;15;1.0;3;False;0;35.24;35.0;20.0;454
12;0;0.0;1;True;1;9.86;87.0;0.0;28
11;2;0.0;2;True;3;8.92;87.0;30.0;11
4;2;0.0;3;True;0;8.92;62.0;0.0;7
12;23;0.0;5;True;0;4.22;44.0;19.0;40
6;16;0.0;5;True;0;27.72;29.0;20.0;523
2;4;0.0;5;True;1;5.16;93.0;13.0;1
12;18;0.0;2;True;0;7.04;53.0;15.0;546
8;16;0.0;1;True;0;29.6;36.0;6.0;464
10;12;0.0;2;True;1;20.2;88.0;13.0;104
11;4;0.0;3;True;0;2.34;69.0;13.0;6
5;23;0.0;4;True;0;14.56;48.0;7.0;135
3;22;0.0;3;True;0;16.44;83.0;11.0;197
1;7;0.0;3;True;0;3.28;75.0;15.0;257
12;19;0.0;5;True;1;3.28;65.0;13.0;128
9;9;0.0;2;True;0;17.38;56.0;17.0;409
7;22;0.0;5;True;0;29.6;55.0;13.0;288
4;14;0.0;6;False;0;24.9;45.0;19.0;609
10;17;0.0;4;True;0;20.2;69.0;11.0;886
10;6;0.0;6;False;0;6.1;61.0;13.0;28
3;21;0.0;4;True;0;17.38;68.0;19.0;243
12;1;0.0;6;False;1;8.92;93.0;9.0;100
3;18;0.0;1;True;0;12.68;26.0;30.0;684
5;2;0.0;2;True;1;16.44;63.0;20.0;16
10;22;0.0;5;True;0;20.2;73.0;19.0;264
5;21;0.0;2;True;3;22.08;73.0;19.0;109
8;3;0.0;0;False;0;21.14;73.0;6.0;48
3;2;0.0;2;True;0;1.4;44.0;15.0;4
9;16;0.0;2;True;3;20.2;88.0;20.0;141
5;0;0.0;6;False;0;16.44;42.0;11.0;136
4;0;0.0;2;True;1;12.68;47.0;19.0;26
7;18;0.0;0;False;3;25.84;79.0;24.0;312
1;18;0.0;4;True;1;11.74;71.0;0.0;406
1;21;0.0;2;True;0;8.92;71.0;0.0;172
5;12;0.0;3;True;0;24.9;54.0;0.0;253
5;11;0.0;4;True;0;17.38;77.0;0.0;201
4;5;0.0;5;True;0;11.74;94.0;0.0;25
9;9;0.0;1;True;0;16.44;52.0;13.0;328
2;4;0.0;2;True;1;4.22;65.0;7.0;2
10;22;0.0;4;True;1;17.38;83.0;6.0;207
3;11;0.0;3;True;0;15.5;42.0;26.0;222
4;6;0.0;3;True;0;5.16;56.0;7.0;106
11;7;0.0;6;False;0;3.28;70.0;13.0;78
7;13;0.0;6;False;1;37.12;31.0;17.0;360
7;21;0.0;1;True;0;27.72;66.0;9.0;328
7;22;0.0;1;True;0;27.72;62.0;6.0;284
12;13;0.0;6;False;0;7.04;36.0;30.0;158
10;21;0.0;6;False;0;13.62;47.0;15.0;296
8;1;0.0;6;False;0;25.84;84.0;13.0;122
1;10;0.0;0;False;0;7.98;49.0;11.0;208
10;21;0.0;4;True;0;11.74;62.0;9.0;260
4;23;0.0;3;True;1;11.74;77.0;0.0;70
8;1;0.0;6;False;0;23.02;74.0;15.0;116
8;22;0.0;3;True;0;22.08;73.0;0.0;281
12;8;0.0;4;True;0;2.34;51.0;20.0;659
6;19;0.0;0;False;0;22.08;53.0;11.0;390
8;12;0.0;1;True;1;28.66;55.0;6.0;285
8;22;0.0;4;True;0;24.9;70.0;0.0;291
9;10;0.0;0;False;1;25.84;79.0;0.0;388
4;8;0.0;2;True;0;7.98;61.0;17.0;611
2;14;0.0;3;True;0;21.14;33.0;15.0;192
8;17;0.0;0;False;0;29.6;33.0;0.0;505
8;20;0.0;1;True;0;26.78;62.0;15.0;432
4;21;0.0;2;True;0;12.68;30.0;30.0;206
1;2;0.0;2;True;1;7.04;93.0;15.0;8
4;17;0.0;2;True;0;18.32;21.0;35.0;744
7;18;0.0;0;False;0;29.6;41.0;20.0;419
8;8;0.0;5;True;0;25.84;70.0;9.0;668
3;1;0.0;5;True;0;7.98;49.0;15.0;20
1;23;0.0;4;True;0;4.22;48.0;22.0;56
6;2;0.0;1;True;0;24.9;70.0;15.0;14
7;23;0.0;1;True;0;24.9;74.0;13.0;150
4;15;0.0;0;False;0;15.5;55.0;17.0;573
11;5;1.0;1;False;0;9.86;87.0;0.0;24
12;1;0.0;2;True;0;11.74;71.0;30.0;8
8;12;0.0;1;True;1;23.02;61.0;7.0;282
7;7;0.0;5;True;0;28.66;46.0;9.0;353
8;15;0.0;0;False;0;34.3;37.0;35.0;450
9;5;0.0;2;True;1;23.02;89.0;0.0;38
2;6;0.0;6;False;3;2.34;93.0;9.0;9
2;11;0.0;0;False;1;4.22;70.0;13.0;182
1;16;0.0;5;True;0;12.68;51.0;37.0;267
7;15;0.0;4;True;0;35.24;33.0;24.0;254
9;8;0.0;3;True;0;16.44;59.0;15.0;797
5;14;1.0;1;False;0;29.6;63.0;19.0;465
8;1;0.0;4;True;0;22.08;65.0;0.0;23
6;0;0.0;2;True;0;21.14;33.0;22.0;37
7;13;0.0;6;False;1;27.72;62.0;6.0;591
5;12;0.0;2;True;1;21.14;78.0;7.0;254
6;18;0.0;0;False;0;22.08;53.0;13.0;513
6;2;0.0;3;True;0;15.5;68.0;0.0;11
3;15;0.0;3;True;1;21.14;41.0;20.0;199
4;10;0.0;2;True;0;13.62;47.0;11.0;181
6;9;0.0;6;False;0;22.08;57.0;11.0;340
7;15;0.0;2;True;0;35.24;31.0;11.0;244
5;1;0.0;0;False;1;17.38;83.0;15.0;121
5;18;0.0;5;True;0;22.08;23.0;19.0;596
2;15;0.0;1;True;0;11.74;32.0;19.0;171
3;4;0.0;5;True;0;7.98;53.0;6.0;2
1;15;0.0;2;True;1;10.8;71.0;11.0;208
4;21;0.0;6;False;3;15.5;82.0;26.0;102
12;10;0.0;1;True;1;9.86;87.0;6.0;135
1;18;0.0;5;True;0;4.22;38.0;20.0;301
5;14;0.0;4;True;0;22.08;65.0;13.0;204
4;1;0.0;3;True;0;7.98;39.0;19.0;12
9;5;0.0;4;True;1;24.9;84.0;13.0;38
3;18;0.0;5;True;3;14.56;82.0;6.0;408
8;21;0.0;1;True;0;20.2;83.0;0.0;245
1;6;0.0;2;True;1;7.04;93.0;13.0;89
10;19;0.0;3;True;1;18.32;46.0;39.0;566
11;22;0.0;3;True;0;5.16;45.0;11.0;154
10;20;0.0;4;True;0;11.74;62.0;11.0;415
1;23;0.0;0;False;1;-0.48;93.0;7.0;37
2;1;0.0;4;True;1;12.68;58.0;19.0;15
4;18;0.0;5;True;0;21.14;50.0;19.0;668
12;21;0.0;5;True;0;4.22;41.0;28.0;70
2;19;0.0;4;True;0;7.04;33.0;7.0;295
6;12;0.0;6;False;0;29.6;29.0;17.0;531
8;17;0.0;5;True;0;33.36;32.0;11.0;617
9;11;0.0;0;False;1;26.78;70.0;0.0;489
5;14;0.0;4;True;0;27.72;31.0;13.0;254
2;22;0.0;1;True;0;4.22;56.0;7.0;102
3;17;0.0;3;True;0;20.2;60.0;15.0;604
5;7;0.0;1;True;3;16.44;94.0;13.0;75
1;6;0.0;4;True;1;5.16;81.0;0.0;88
3;18;0.0;3;True;0;20.2;69.0;0.0;779
3;18;0.0;6;False;0;15.5;25.0;17.0;303
8;22;0.0;0;False;0;25.84;79.0;6.0;157
10;20;0.0;4;True;1;18.32;68.0;17.0;387
12;3;0.0;5;True;3;13.62;94.0;26.0;3
8;15;0.0;2;True;0;30.54;34.0;20.0;317
12;4;0.0;5;True;1;3.28;60.0;7.0;4
3;6;0.0;3;True;0;5.16;61.0;26.0;108
7;21;0.0;2;True;0;30.54;52.0;9.0;333
2;23;0.0;5;True;0;9.86;37.0;46.0;86
4;2;0.0;0;False;1;17.38;56.0;7.0;74
7;19;0.0;2;True;0;27.72;62.0;11.0;632
10;22;0.0;2;True;0;6.1;81.0;9.0;66
7;11;0.0;2;True;1;31.48;53.0;22.0;201
1;4;0.0;5;True;0;2.34;60.0;7.0;3
2;22;0.0;3;True;0;7.98;49.0;7.0;107
5;6;0.0;4;True;0;20.2;73.0;15.0;178
2;18;0.0;0;False;0;6.1;52.0;17.0;181
7;17;0.0;4;True;0;32.42;41.0;0.0;771
10;21;0.0;0;False;0;9.86;87.0;7.0;113
5;22;0.0;3;True;0;22.08;73.0;11.0;286
6;21;0.0;1;True;0;23.96;30.0;22.0;331
5;12;0.0;2;True;1;21.14;65.0;22.0;263
5;4;0.0;6;False;0;18.32;88.0;7.0;9
8;12;0.0;0;False;0;32.42;47.0;35.0;491
1;21;1.0;1;False;0;5.16;52.0;22.0;49
10;21;0.0;5;True;0;10.8;54.0;13.0;190
3;2;0.0;3;True;0;15.5;88.0;9.0;10
9;22;0.0;1;True;3;21.14;83.0;17.0;129
5;9;0.0;4;True;1;14.56;88.0;7.0;304
12;6;0.0;0;False;1;3.28;93.0;9.0;16
4;18;0.0;1;True;0;15.5;27.0;17.0;618
10;0;0.0;5;True;1;18.32;83.0;7.0;56
12;10;0.0;0;False;1;6.1;87.0;0.0;293
7;22;0.0;0;False;0;24.9;74.0;13.0;191
7;4;0.0;5;True;0;24.9;79.0;0.0;8
1;20;0.0;2;True;0;7.04;76.0;0.0;229
6;16;0.0;6;False;0;31.48;26.0;20.0;513
4;14;0.0;5;True;0;13.62;33.0;22.0;300
4;22;0.0;5;True;0;12.68;62.0;7.0;215
7;4;0.0;0;False;0;24.9;79.0;13.0;4
9;8;0.0;5;True;0;17.38;73.0;9.0;757
8;2;0.0;4;True;0;24.9;84.0;6.0;14
3;22;0.0;6;False;1;9.86;71.0;17.0;156
10;2;0.0;4;True;0;22.08;89.0;0.0;13
10;14;0.0;6;False;1;20.2;56.0;28.0;576
8;6;0.0;0;False;0;25.84;79.0;17.0;19
7;2;0.0;2;True;0;23.02;83.0;11.0;16
9;4;0.0;0;False;0;15.5;72.0;0.0;8
12;21;0.0;6;False;0;2.34;51.0;19.0;53
5;15;0.0;5;True;0;23.02;36.0;13.0;391
8;6;0.0;1;True;0;21.14;88.0;0.0;145
6;6;0.0;2;True;1;20.2;88.0;9.0;136
7;20;0.0;3;True;0;26.78;40.0;11.0;567
8;20;0.0;5;True;0;29.6;49.0;9.0;356
3;20;0.0;2;True;0;20.2;49.0;11.0;351
7;19;0.0;4;True;1;33.36;39.0;17.0;503
7;4;0.0;2;True;0;25.84;62.0;0.0;7
5;17;0.0;3;True;0;25.84;51.0;13.0;873
4;3;0.0;3;True;0;12.68;58.0;6.0;3
3;13;0.0;2;True;0;20.2;78.0;13.0;284
6;9;0.0;1;True;1;17.38;83.0;15.0;250
11;16;0.0;0;False;0;10.8;40.0;22.0;435
5;8;0.0;0;False;1;15.5;88.0;9.0;114
8;11;0.0;1;True;0;27.72;66.0;9.0;260
7;13;0.0;4;True;0;32.42;53.0;20.0;242
12;21;0.0;0;False;1;8.92;100.0;7.0;96
2;19;0.0;4;True;1;7.04;87.0;11.0;258
12;9;1.0;2;False;1;3.28;87.0;0.0;28
1;18;0.0;2;True;0;13.62;63.0;30.0;463
1;17;0.0;3;True;3;7.98;87.0;15.0;134
10;8;0.0;3;True;0;7.04;81.0;9.0;621
2;4;0.0;4;True;3;6.1;70.0;6.0;3
3;6;0.0;1;True;0;7.98;57.0;7.0;88
7;7;0.0;6;False;0;28.66;66.0;7.0;71
8;23;0.0;3;True;0;25.84;70.0;9.0;136
6;5;0.0;1;True;0;22.08;78.0;9.0;37
3;8;0.0;0;False;1;11.74;88.0;7.0;96
10;14;0.0;6;False;0;14.56;33.0;13.0;597
12;1;0.0;0;False;1;4.22;56.0;28.0;28
10;21;0.0;2;True;0;18.32;68.0;0.0;295
10;3;0.0;6;False;0;17.38;77.0;15.0;56
1;11;0.0;4;True;0;6.1;49.0;0.0;84
12;3;0.0;2;True;3;8.92;76.0;19.0;3
3;13;0.0;2;True;0;8.92;27.0;0.0;211
3;22;0.0;6;False;3;12.68;100.0;17.0;83
6;0;0.0;6;False;0;22.08;53.0;7.0;206
6;17;0.0;1;True;1;20.2;73.0;13.0;723
5;23;0.0;2;True;3;20.2;78.0;22.0;63
1;22;0.0;1;True;0;5.16;48.0;15.0;94
10;4;1.0;1;False;0;7.04;87.0;9.0;7
2;15;0.0;6;False;0;11.74;41.0;17.0;499
1;19;0.0;0;False;3;-0.48;86.0;7.0;89
12;17;0.0;4;True;0;6.1;45.0;7.0;617
2;3;0.0;6;False;0;3.28;75.0;0.0;18
2;21;0.0;4;True;1;7.98;81.0;7.0;145
9;17;0.0;3;True;0;26.78;48.0;20.0;953
10;21;0.0;1;True;0;14.56;67.0;6.0;174
7;2;0.0;6;False;3;20.2;88.0;19.0;60
1;8;0.0;3;True;0;6.1;52.0;28.0;489
6;3;0.0;6;False;1;22.08;83.0;6.0;42
9;11;1.0;1;False;1;26.78;70.0;19.0;459
10;2;0.0;5;True;1;16.44;88.0;7.0;19
10;13;0.0;4;True;1;18.32;78.0;0.0;313
4;14;0.0;4;True;0;19.26;43.0;0.0;237
6;11;0.0;0;False;0;27.72;45.0;6.0;499
7;10;0.0;0;False;0;27.72;66.0;9.0;382
9;18;0.0;5;True;0;23.02;61.0;17.0;805
1;3;0.0;4;True;1;5.16;75.0;6.0;6
8;4;0.0;1;True;0;21.14;83.0;0.0;12
8;6;0.0;5;True;1;22.08;89.0;11.0;108
7;2;0.0;6;False;0;27.72;72.0;11.0;58
10;7;0.0;1;True;1;19.26;68.0;22.0;476
12;14;0.0;6;False;0;10.8;50.0;11.0;426
11;14;0.0;0;False;1;6.1;42.0;17.0;203
12;22;0.0;5;True;1;3.28;70.0;6.0;62
7;5;0.0;0;False;0;21.14;78.0;13.0;17
9;3;0.0;2;True;1;21.14;94.0;19.0;6
12;17;1.0;2;False;1;7.04;57.0;17.0;50
3;16;0.0;0;False;0;15.5;31.0;24.0;509
11;3;0.0;0;False;0;5.16;61.0;7.0;11
11;20;0.0;6;False;0;3.28;44.0;19.0;58
6;1;0.0;6;False;1;18.32;83.0;7.0;76
3;10;0.0;6;False;1;16.44;88.0;13.0;345
12;9;0.0;4;True;1;6.1;70.0;0.0;317
1;12;0.0;3;True;3;6.1;81.0;0.0;55
3;6;0.0;5;True;1;10.8;87.0;11.0;99
12;20;0.0;3;True;0;8.92;57.0;15.0;241
3;5;0.0;3;True;0;5.16;56.0;20.0;18
1;14;0.0;4;True;1;10.8;71.0;7.0;128
7;1;0.0;0;False;1;20.2;88.0;11.0;130
9;13;1.0;1;False;1;27.72;66.0;17.0;566
11;23;0.0;1;True;1;7.04;66.0;7.0;65
8;3;0.0;5;True;0;22.08;73.0;0.0;8
9;5;0.0;3;True;1;24.9;79.0;20.0;40
11;21;0.0;0;False;0;8.92;66.0;17.0;110
9;16;0.0;0;False;0;22.08;44.0;11.0;596
5;21;0.0;6;False;0;22.08;50.0;0.0;259
4;16;0.0;1;True;0;15.5;34.0;22.0;395
11;23;0.0;4;True;0;7.98;57.0;11.0;120
4;14;0.0;4;True;1;17.38;77.0;13.0;169
8;4;0.0;2;True;1;23.96;83.0;13.0;5
6;1;0.0;1;True;0;23.02;74.0;11.0;24
6;4;0.0;6;False;0;17.38;68.0;19.0;13
4;5;1.0;1;False;0;17.38;77.0;15.0;38
9;21;0.0;3;True;0;15.5;59.0;11.0;349
2;3;0.0;5;True;0;5.16;56.0;20.0;4
3;23;0.0;6;False;0;11.74;24.0;0.0;106
8;6;0.0;0;False;1;21.14;69.0;7.0;20
9;4;0.0;2;True;0;14.56;72.0;7.0;9
11;4;0.0;5;True;0;2.34;75.0;0.0;3
5;16;0.0;2;True;0;30.54;49.0;33.0;393
5;14;0.0;1;True;1;21.14;73.0;17.0;171
3;1;0.0;0;False;1;11.74;100.0;17.0;89
11;20;0.0;6;False;0;7.98;53.0;9.0;181
12;3;0.0;6;False;1;3.28;81.0;0.0;23
1;7;0.0;0;False;0;4.22;93.0;11.0;7
11;4;0.0;5;True;0;6.1;70.0;7.0;7
11;5;0.0;1;True;0;2.34;69.0;11.0;41
9;10;0.0;6;False;0;26.78;70.0;26.0;422
2;10;0.0;3;True;3;6.1;81.0;11.0;10
3;21;0.0;4;True;0;11.74;47.0;31.0;197
12;9;0.0;3;True;3;1.4;86.0;22.0;23
5;12;0.0;5;True;3;21.14;78.0;24.0;171
5;9;0.0;0;False;0;23.02;83.0;15.0;270
5;4;0.0;6;False;0;21.14;88.0;9.0;2
10;3;0.0;6;False;0;11.74;77.0;9.0;29
9;6;0.0;6;False;0;17.38;49.0;28.0;33
4;16;0.0;2;True;0;23.96;22.0;24.0;370
4;1;0.0;1;True;0;11.74;77.0;6.0;24
12;17;0.0;5;True;0;3.28;60.0;9.0;271
11;23;0.0;2;True;1;4.22;81.0;17.0;67
6;8;0.0;3;True;1;24.9;79.0;7.0;643
1;17;1.0;1;False;0;4.22;35.0;26.0;153
1;7;0.0;3;True;0;1.4;80.0;9.0;256
8;21;0.0;2;True;0;25.84;48.0;6.0;314
1;6;0.0;3;True;0;3.28;73.0;15.0;88
6;12;0.0;5;True;0;24.9;45.0;11.0;403
12;10;0.0;1;True;1;4.22;65.0;0.0;103
1;2;0.0;4;True;3;8.92;93.0;17.0;2
8;6;0.0;4;True;0;23.02;83.0;0.0;183
12;6;0.0;2;True;1;8.92;93.0;0.0;153
6;19;0.0;4;True;0;24.9;34.0;19.0;602
6;12;0.0;1;True;1;27.72;45.0;20.0;270
5;19;0.0;2;True;0;23.02;69.0;11.0;512
5;16;0.0;2;True;0;23.96;61.0;7.0;386
9;8;0.0;3;True;0;18.32;73.0;20.0;838
5;17;0.0;2;True;0;30.54;46.0;28.0;781
7;8;0.0;2;True;0;25.84;74.0;9.0;649
1;15;0.0;5;True;1;2.34;35.0;13.0;156
8;3;0.0;4;True;0;21.14;73.0;0.0;5
4;0;0.0;6;False;0;16.44;77.0;15.0;142
8;5;0.0;1;True;0;22.08;69.0;7.0;36
12;1;0.0;4;True;1;5.16;52.0;19.0;23
1;9;0.0;0;False;0;4.22;93.0;7.0;40
11;0;0.0;4;True;1;4.22;65.0;0.0;34
8;8;0.0;5;True;1;23.02;74.0;0.0;744
8;18;0.0;6;False;1;24.9;74.0;20.0;300
8;9;0.0;4;True;1;24.9;70.0;0.0;412
9;4;0.0;6;False;0;24.9;70.0;0.0;12
4;23;0.0;2;True;0;15.5;59.0;0.0;79
8;6;0.0;0;False;0;21.14;88.0;20.0;21
1;0;0.0;3;True;1;13.62;77.0;22.0;17
10;1;0.0;3;True;0;9.86;76.0;0.0;17
3;8;0.0;5;True;1;7.98;42.0;35.0;501
3;12;0.0;0;False;0;7.98;42.0;24.0;327
8;18;0.0;2;True;0;28.66;40.0;17.0;818
7;6;0.0;1;True;0;24.9;58.0;7.0;136
12;14;0.0;5;True;0;10.8;43.0;13.0;299
1;9;0.0;1;True;1;1.4;86.0;6.0;211
3;18;0.0;3;True;0;18.32;40.0;31.0;544
11;19;0.0;4;True;0;9.86;27.0;24.0;373
2;10;0.0;6;False;0;4.22;60.0;24.0;183
1;22;0.0;2;True;0;12.68;35.0;20.0;129
7;15;0.0;2;True;1;34.3;24.0;0.0;401
1;16;0.0;1;True;3;2.34;87.0;6.0;49
8;9;0.0;5;True;0;26.78;70.0;0.0;398
10;13;0.0;0;False;1;14.56;59.0;28.0;391
9;6;0.0;3;True;0;16.44;63.0;17.0;172
4;7;0.0;5;True;0;6.1;49.0;19.0;246
3;0;0.0;3;True;0;5.16;65.0;19.0;15
4;22;0.0;3;True;1;11.74;77.0;6.0;162
1;7;0.0;3;True;0;7.04;42.0;24.0;263
12;8;0.0;1;True;0;2.34;69.0;0.0;66
6;19;0.0;6;False;0;29.6;29.0;11.0;360
12;4;0.0;2;True;0;11.74;82.0;11.0;8
7;6;0.0;3;True;0;25.84;70.0;11.0;162
10;15;0.0;3;True;0;24.9;39.0;7.0;308
1;17;0.0;1;True;0;8.92;21.0;13.0;438
6;4;0.0;5;True;0;16.44;63.0;0.0;10
4;19;0.0;0;False;0;24.9;42.0;17.0;379
9;10;0.0;3;True;1;27.72;70.0;11.0;235
3;22;0.0;3;True;0;16.44;55.0;9.0;202
5;15;0.0;2;True;3;21.14;73.0;17.0;134
6;6;0.0;6;False;0;18.32;64.0;7.0;80
8;22;0.0;1;True;1;20.2;83.0;0.0;161
9;7;0.0;5;True;1;18.32;88.0;0.0;454
9;16;0.0;2;True;0;27.72;70.0;28.0;458
2;2;0.0;1;True;0;-1.42;46.0;13.0;4
11;21;0.0;2;True;0;6.1;49.0;24.0;187
6;22;0.0;5;True;0;23.96;41.0;7.0;291
12;17;0.0;6;False;0;10.8;50.0;15.0;309
10;6;0.0;1;True;1;18.32;73.0;20.0;147
7;9;0.0;5;True;1;25.84;51.0;0.0;414
7;2;0.0;0;False;1;23.96;89.0;11.0;115
8;14;0.0;4;True;0;28.66;46.0;15.0;305
5;17;0.0;5;True;0;23.02;34.0;9.0;812
12;16;0.0;0;False;1;9.86;82.0;7.0;400
2;0;0.0;3;True;0;7.04;57.0;0.0;22
8;18;0.0;4;True;1;30.54;46.0;17.0;811
4;8;0.0;0;False;0;9.86;76.0;9.0;107
5;0;0.0;3;True;0;20.2;78.0;7.0;47
7;7;0.0;2;True;0;23.96;83.0;15.0;513
8;18;0.0;0;False;1;22.08;78.0;7.0;377
12;16;0.0;2;True;1;9.86;50.0;15.0;358
6;9;0.0;5;True;0;21.14;53.0;11.0;382
11;20;0.0;4;True;0;9.86;29.0;31.0;245
12;19;0.0;6;False;0;10.8;87.0;0.0;246
2;22;0.0;3;True;3;11.74;94.0;17.0;55
7;1;0.0;1;True;1;24.9;74.0;13.0;11
3;13;0.0;3;True;1;17.38;83.0;0.0;303
2;12;0.0;0;False;0;6.1;39.0;9.0;305
12;11;0.0;5;True;1;7.04;76.0;13.0;203
6;6;0.0;4;True;1;24.9;84.0;6.0;150
10;22;0.0;1;True;0;15.5;59.0;19.0;126
1;11;0.0;2;True;0;7.98;87.0;9.0;153
7;12;0.0;0;False;0;34.3;37.0;15.0;433
8;15;0.0;6;False;1;22.08;73.0;22.0;233
11;7;0.0;6;False;1;7.04;49.0;17.0;59
4;7;0.0;1;True;0;11.74;28.0;13.0;331
2;19;0.0;6;False;0;12.68;44.0;11.0;188
5;22;0.0;5;True;0;18.32;52.0;22.0;251
11;2;1.0;4;False;0;3.28;75.0;6.0;18
11;18;0.0;2;True;0;7.98;49.0;19.0;559
8;20;0.0;3;True;0;22.08;73.0;13.0;391
3;7;0.0;6;False;1;10.8;100.0;9.0;86
5;3;0.0;3;True;3;21.14;88.0;9.0;5
4;11;0.0;4;True;0;16.44;48.0;0.0;229
3;16;0.0;2;True;0;21.14;66.0;15.0;431
6;6;0.0;5;True;0;17.38;83.0;9.0;151
4;16;0.0;6;False;0;17.38;19.0;26.0;615
12;13;0.0;5;True;1;7.04;39.0;28.0;240
1;11;0.0;4;True;1;6.1;87.0;7.0;111
4;14;0.0;1;True;1;15.5;55.0;9.0;218
11;19;0.0;2;True;0;6.1;56.0;15.0;371
10;11;0.0;6;False;0;22.08;65.0;17.0;647
4;1;0.0;0;False;0;12.68;24.0;15.0;64
7;13;1.0;3;False;0;34.3;35.0;0.0;499
5;14;0.0;1;True;3;20.2;83.0;13.0;180
8;6;0.0;6;False;0;20.2;83.0;15.0;27
12;20;0.0;1;True;1;4.22;60.0;11.0;89
4;14;0.0;6;False;1;22.08;27.0;30.0;660
5;3;0.0;5;True;1;21.14;88.0;7.0;14
4;6;0.0;3;True;1;15.5;39.0;19.0;134
10;1;0.0;4;True;0;19.26;68.0;0.0;28
1;4;0.0;2;True;0;-0.48;55.0;17.0;5
5;10;0.0;2;True;0;26.78;70.0;20.0;183
12;2;0.0;2;True;1;10.8;66.0;22.0;1
8;12;0.0;2;True;0;28.66;49.0;9.0;300
9;19;0.0;3;True;0;26.78;70.0;11.0;662
4;23;0.0;6;False;1;17.38;56.0;13.0;196
3;3;0.0;0;False;1;12.68;88.0;9.0;18
1;11;0.0;3;True;1;4.22;87.0;6.0;99
2;20;0.0;3;True;1;12.68;47.0;13.0;274
9;21;0.0;0;False;0;24.9;70.0;11.0;171
9;15;0.0;4;True;0;25.84;42.0;7.0;352
2;16;0.0;3;True;0;11.74;38.0;13.0;231
2;12;0.0;5;True;1;6.1;42.0;9.0;176
2;12;0.0;4;True;3;7.04;76.0;6.0;45
2;8;0.0;1;True;0;-3.3;54.0;9.0;417
10;8;0.0;5;True;1;17.38;88.0;9.0;734
10;12;0.0;6;False;0;24.9;54.0;7.0;743
12;11;1.0;2;False;0;6.1;75.0;6.0;86
3;19;0.0;1;True;0;21.14;61.0;15.0;549
12;4;0.0;2;True;1;10.8;87.0;9.0;7
7;20;0.0;3;True;0;26.78;51.0;11.0;483
9;12;0.0;4;True;0;23.96;44.0;7.0;297
9;14;0.0;3;True;0;30.54;56.0;7.0;211
12;12;1.0;2;False;0;7.04;76.0;6.0;114
12;5;0.0;6;False;0;4.22;48.0;28.0;5
7;2;0.0;3;True;0;23.96;61.0;15.0;12
7;7;1.0;3;False;0;23.96;65.0;0.0;72
10;11;0.0;0;False;1;15.5;51.0;26.0;462
2;2;0.0;0;False;1;6.1;36.0;19.0;48
7;0;0.0;2;True;0;24.9;74.0;9.0;64
3;9;0.0;2;True;0;2.34;47.0;0.0;233
12;0;0.0;5;True;0;2.34;64.0;6.0;47
3;13;0.0;0;False;1;11.74;88.0;11.0;367
12;13;0.0;3;True;3;2.34;87.0;22.0;15
10;18;0.0;6;False;0;13.62;44.0;9.0;473
12;15;0.0;6;False;1;10.8;62.0;0.0;484
3;8;0.0;2;True;0;13.62;82.0;19.0;593
6;11;0.0;3;True;0;21.14;43.0;6.0;226
3;3;0.0;6;False;0;17.38;77.0;7.0;32
11;20;0.0;6;False;0;12.68;54.0;0.0;192
4;13;0.0;0;False;0;19.26;23.0;11.0;483
7;8;0.0;3;True;0;24.9;42.0;17.0;788
12;19;0.0;6;False;0;3.28;48.0;24.0;60
11;4;0.0;3;True;1;4.22;70.0;13.0;4
8;0;0.0;6;False;1;22.08;83.0;15.0;105
12;11;0.0;1;True;1;10.8;87.0;6.0;170
11;8;0.0;2;True;3;7.04;87.0;17.0;211
6;5;0.0;2;True;0;16.44;48.0;26.0;39
6;15;0.0;0;False;0;24.9;34.0;0.0;644
10;11;0.0;6;False;0;17.38;52.0;15.0;612
1;0;0.0;6;False;0;-0.48;47.0;7.0;44
1;11;0.0;0;False;0;7.98;76.0;9.0;138
2;1;0.0;5;True;1;5.16;61.0;6.0;13
4;13;0.0;1;True;1;14.56;51.0;6.0;247
4;20;0.0;3;True;1;11.74;77.0;7.0;260
11;15;0.0;0;False;0;10.8;40.0;15.0;449
5;2;0.0;2;True;1;18.32;88.0;9.0;4
9;9;0.0;0;False;0;19.26;60.0;9.0;296
10;6;0.0;0;False;1;15.5;59.0;22.0;39
4;3;0.0;0;False;1;12.68;82.0;11.0;40
4;11;0.0;0;False;1;10.8;71.0;13.0;451
6;13;0.0;2;True;0;26.78;58.0;9.0;272
2;20;0.0;6;False;0;12.68;44.0;11.0;148
5;18;0.0;2;True;0;23.96;61.0;9.0;785
2;17;0.0;3;True;0;19.26;43.0;13.0;539
7;0;0.0;2;True;0;23.96;79.0;9.0;38
12;16;0.0;5;True;0;6.1;49.0;9.0;250
7;17;0.0;2;True;0;29.6;52.0;22.0;869
8;7;0.0;1;True;1;21.14;78.0;9.0;442
3;12;0.0;1;True;0;14.56;33.0;35.0;279
12;2;0.0;1;True;0;1.4;75.0;0.0;5
2;12;0.0;5;True;1;10.8;76.0;9.0;228
9;3;0.0;0;False;0;17.38;73.0;15.0;46
11;3;0.0;0;False;0;7.98;81.0;0.0;48
1;4;0.0;6;False;0;4.22;60.0;11.0;8
3;17;0.0;2;True;0;12.68;16.0;0.0;614
7;7;0.0;1;True;0;26.78;51.0;7.0;398
12;22;0.0;1;True;1;11.74;94.0;9.0;54
2;15;0.0;0;False;0;8.92;29.0;0.0;353
6;2;0.0;0;False;0;16.44;59.0;7.0;89
8;6;0.0;6;False;0;24.9;84.0;15.0;49
8;9;0.0;5;True;0;24.9;58.0;7.0;378
6;15;0.0;0;False;0;23.02;50.0;15.0;463
9;5;0.0;3;True;1;16.44;68.0;19.0;56
8;8;0.0;4;True;0;23.02;65.0;0.0;754
8;11;0.0;5;True;1;27.72;48.0;7.0;281
1;8;0.0;0;False;1;-0.48;74.0;15.0;32
12;23;0.0;2;True;0;7.98;49.0;6.0;81
12;9;0.0;0;False;0;1.4;59.0;7.0;56
4;12;0.0;5;True;0;13.62;36.0;24.0;307
9;7;0.0;0;False;0;23.02;94.0;6.0;42
1;5;0.0;4;True;1;6.1;75.0;7.0;28
6;21;0.0;0;False;0;21.14;57.0;13.0;246
1;8;0.0;0;False;0;6.1;52.0;9.0;57
3;3;0.0;6;False;0;10.8;82.0;17.0;31
6;13;0.0;3;True;0;29.6;27.0;22.0;321
1;5;0.0;6;False;0;-1.42;50.0;9.0;4
3;4;0.0;4;True;0;12.68;77.0;7.0;14
3;6;0.0;6;False;0;2.34;44.0;19.0;12
6;18;0.0;6;False;1;25.84;37.0;15.0;571
11;5;0.0;0;False;0;6.1;87.0;9.0;12
6;20;0.0;4;True;0;23.02;65.0;17.0;435
10;23;0.0;3;True;0;13.62;88.0;15.0;99
6;17;0.0;5;True;0;38.06;34.0;13.0;539
8;4;0.0;5;True;0;22.08;89.0;9.0;7
10;9;0.0;4;True;1;22.08;89.0;13.0;359
3;16;0.0;1;True;0;6.1;45.0;20.0;210
7;20;0.0;1;True;0;28.66;43.0;9.0;395
6;3;0.0;3;True;0;21.14;83.0;13.0;8
1;16;0.0;0;False;1;12.68;54.0;20.0;215
7;15;0.0;2;True;0;27.72;62.0;9.0;144
5;5;0.0;4;True;0;13.62;72.0;20.0;24
11;16;0.0;3;True;0;7.98;46.0;7.0;321
5;1;0.0;3;True;0;20.2;83.0;11.0;32
3;18;0.0;2;True;0;24.9;34.0;20.0;734
9;22;0.0;3;True;0;25.84;79.0;0.0;219
10;2;0.0;1;True;1;19.26;64.0;24.0;6
1;20;0.0;2;True;0;-2.36;33.0;17.0;115
2;1;0.0;5;True;1;6.1;93.0;0.0;18
4;4;0.0;4;True;0;9.86;43.0;19.0;1
9;3;0.0;5;True;0;17.38;77.0;0.0;14
6;12;0.0;3;True;0;27.72;29.0;20.0;322
11;11;0.0;3;True;0;7.04;49.0;17.0;151
12;9;0.0;5;True;1;7.04;45.0;37.0;267
3;7;0.0;3;True;3;14.56;94.0;13.0;372
11;5;0.0;5;True;0;3.28;81.0;0.0;10
8;12;0.0;0;False;3;25.84;74.0;24.0;626
9;9;0.0;3;True;0;26.78;70.0;17.0;290
5;11;0.0;2;True;1;20.2;64.0;26.0;217
3;13;0.0;0;False;0;11.74;41.0;20.0;464
2;18;0.0;6;False;3;5.16;75.0;11.0;64
3;14;0.0;4;True;0;19.26;35.0;15.0;211
7;12;0.0;4;True;0;28.66;35.0;9.0;292
6;19;0.0;4;True;0;33.36;39.0;15.0;499
10;17;0.0;0;False;3;13.62;77.0;35.0;225
2;10;0.0;4;True;3;11.74;77.0;7.0;78
4;10;0.0;6;False;0;13.62;51.0;11.0;406
12;12;0.0;4;True;0;5.16;41.0;0.0;235
9;6;0.0;2;True;1;23.96;89.0;7.0;172
3;11;0.0;6;False;1;15.5;94.0;13.0;273
1;21;0.0;6;False;0;12.68;44.0;15.0;140
6;3;0.0;1;True;0;23.96;69.0;17.0;5
7;0;0.0;6;False;3;21.14;83.0;19.0;103
12;4;0.0;6;False;1;8.92;93.0;0.0;12
2;14;0.0;2;True;0;12.68;38.0;17.0;138
1;1;0.0;3;True;0;6.1;70.0;15.0;13
4;20;0.0;1;True;1;7.04;76.0;11.0;203
6;2;0.0;3;True;0;23.02;83.0;11.0;6
12;11;0.0;0;False;1;10.8;87.0;20.0;250
11;0;0.0;6;False;0;6.1;52.0;11.0;106
6;19;0.0;6;False;0;29.6;27.0;13.0;425
9;17;0.0;3;True;0;27.72;66.0;17.0;863
10;8;1.0;1;False;1;8.92;71.0;15.0;397
10;8;0.0;2;True;0;12.68;62.0;0.0;835
4;17;0.0;4;True;0;15.5;31.0;11.0;822
12;6;0.0;3;True;3;14.56;55.0;26.0;124
12;19;0.0;1;True;0;15.5;68.0;6.0;471
7;14;0.0;4;True;0;32.42;44.0;6.0;197
6;21;0.0;2;True;0;23.96;34.0;13.0;328
10;8;0.0;3;True;1;21.14;88.0;7.0;809
6;20;0.0;5;True;0;35.24;42.0;17.0;308
7;15;0.0;6;False;3;20.2;88.0;17.0;380
8;18;0.0;2;True;0;27.72;62.0;19.0;854
8;11;0.0;3;True;1;29.6;52.0;0.0;239
9;22;0.0;3;True;0;15.5;63.0;6.0;229
7;11;0.0;5;True;0;31.48;32.0;6.0;233
8;9;0.0;3;True;0;24.9;51.0;13.0;348
8;9;0.0;3;True;1;27.72;66.0;0.0;341
1;0;0.0;3;True;0;4.22;93.0;0.0;31
3;22;0.0;5;True;0;8.92;71.0;11.0;153
7;20;0.0;4;True;0;30.54;49.0;11.0;505
5;17;0.0;5;True;0;24.9;54.0;31.0;643
4;23;0.0;5;True;0;16.44;72.0;9.0;187
1;17;0.0;2;True;0;-1.42;26.0;31.0;245
10;18;0.0;4;True;0;18.32;83.0;7.0;809
2;19;0.0;6;False;0;4.22;33.0;30.0;149
2;1;0.0;2;True;1;4.22;56.0;0.0;6
10;13;0.0;3;True;1;24.9;74.0;7.0;279
6;19;0.0;0;False;0;29.6;38.0;20.0;423
2;9;0.0;2;True;0;1.4;75.0;7.0;217
12;13;0.0;4;True;0;6.1;49.0;31.0;118
2;19;0.0;5;True;1;12.68;88.0;7.0;233
2;17;0.0;2;True;0;11.74;38.0;24.0;523
11;18;0.0;1;True;0;8.92;50.0;11.0;521
7;2;0.0;0;False;1;20.2;88.0;7.0;122
4;11;0.0;1;True;1;12.68;44.0;7.0;163
5;23;0.0;1;True;1;19.26;78.0;7.0;75
8;6;0.0;2;True;1;23.02;89.0;7.0;147
7;19;0.0;5;True;0;33.36;35.0;15.0;418
7;21;0.0;5;True;0;30.54;52.0;9.0;300
4;1;0.0;5;True;0;15.5;59.0;30.0;35
5;10;1.0;1;False;0;24.9;61.0;0.0;364
6;0;0.0;3;True;1;23.02;94.0;13.0;34
5;12;0.0;4;True;0;25.84;37.0;13.0;292
1;10;0.0;6;False;3;-0.48;93.0;17.0;45
11;20;0.0;3;True;0;7.98;61.0;7.0;136
11;10;0.0;5;True;0;9.86;46.0;20.0;204
7;15;0.0;6;False;0;29.6;55.0;11.0;560
5;4;0.0;0;False;1;17.38;68.0;13.0;9
8;7;0.0;2;True;0;20.2;78.0;7.0;519
6;11;0.0;0;False;0;21.14;57.0;7.0;546
1;10;0.0;0;False;1;-0.48;74.0;19.0;129
7;1;0.0;4;True;0;26.78;66.0;6.0;25
7;19;0.0;5;True;1;22.08;83.0;19.0;402
1;13;0.0;2;True;0;11.74;38.0;20.0;178
10;17;0.0;6;False;0;13.62;38.0;11.0;528
7;23;0.0;6;False;1;23.96;83.0;6.0;211
9;12;0.0;6;False;0;23.02;36.0;24.0;706
7;2;0.0;3;True;0;22.08;89.0;0.0;5
6;0;0.0;4;True;0;23.02;50.0;7.0;54
2;13;0.0;3;True;1;8.92;93.0;24.0;76
7;10;0.0;6;False;0;35.24;37.0;15.0;325
11;22;0.0;6;False;0;3.28;44.0;17.0;76
4;12;0.0;1;True;1;12.68;47.0;9.0;225
5;20;0.0;0;False;0;23.02;61.0;28.0;274
12;5;0.0;5;True;1;7.98;76.0;28.0;13
7;5;0.0;2;True;0;23.02;83.0;7.0;50
6;16;0.0;0;False;0;31.48;30.0;17.0;461
7;16;0.0;1;True;0;29.6;49.0;19.0;425
2;6;0.0;1;True;0;-3.3;54.0;15.0;72
2;3;0.0;1;True;0;-2.36;54.0;7.0;1
2;19;0.0;1;True;0;7.98;25.0;9.0;263
9;19;0.0;0;False;3;15.5;72.0;9.0;257
10;12;0.0;2;True;1;16.44;45.0;22.0;325
8;14;0.0;5;True;0;28.66;43.0;7.0;338
6;8;0.0;1;True;0;23.02;74.0;9.0;651
9;8;0.0;0;False;0;17.38;64.0;11.0;128
9;0;0.0;2;True;0;13.62;67.0;11.0;64
6;0;0.0;5;True;0;20.2;73.0;11.0;94
2;21;0.0;2;True;1;8.92;50.0;7.0;109
10;15;0.0;0;False;0;18.32;35.0;22.0;623
3;5;0.0;6;False;1;8.92;93.0;6.0;2
5;1;0.0;2;True;3;18.32;88.0;9.0;19
2;16;0.0;3;True;0;20.2;40.0;15.0;283
3;14;0.0;6;False;1;15.5;63.0;17.0;551
4;22;0.0;1;True;1;16.44;55.0;11.0;134
10;12;0.0;6;False;0;18.32;46.0;7.0;703
10;21;0.0;4;True;1;16.44;88.0;9.0;271
2;23;0.0;5;True;0;8.92;40.0;13.0;82
1;9;0.0;3;True;0;5.16;52.0;22.0;202
10;22;0.0;5;True;0;15.5;77.0;6.0;190
6;2;0.0;3;True;0;18.32;49.0;9.0;14
3;3;0.0;2;True;0;0.46;51.0;19.0;1
11;12;0.0;2;True;0;7.04;45.0;9.0;248
10;7;0.0;3;True;0;15.5;88.0;6.0;526
10;12;0.0;5;True;1;19.26;73.0;13.0;392
9;2;0.0;4;True;0;13.62;72.0;6.0;11
8;8;0.0;0;False;1;22.08;69.0;7.0;124
6;6;0.0;4;True;0;21.14;57.0;6.0;193
7;12;0.0;1;True;1;26.78;58.0;9.0;266
4;8;0.0;5;True;0;12.68;94.0;0.0;700
5;6;0.0;2;True;0;23.02;78.0;15.0;154
12;5;0.0;4;True;0;3.28;75.0;11.0;11
9;11;0.0;0;False;0;18.32;46.0;17.0;570
4;7;0.0;6;False;0;7.04;33.0;19.0;54
2;0;0.0;3;True;0;7.04;53.0;7.0;32
10;19;0.0;1;True;1;17.38;68.0;7.0;516
5;1;1.0;1;False;1;21.14;78.0;20.0;59
8;9;0.0;0;False;0;23.96;79.0;17.0;263
4;10;0.0;0;False;1;10.8;71.0;7.0;360
7;4;0.0;3;True;0;22.08;89.0;9.0;7
6;23;0.0;1;True;0;22.08;33.0;22.0;103
1;5;0.0;0;False;0;1.4;51.0;9.0;7
8;13;0.0;2;True;0;26.78;40.0;0.0;331
4;20;0.0;5;True;0;19.26;56.0;11.0;341
3;13;0.0;1;True;1;17.38;32.0;17.0;250
6;6;0.0;1;True;0;16.44;68.0;0.0;139
10;8;0.0;0;False;0;11.74;67.0;0.0;143
12;15;0.0;2;True;0;13.62;44.0;33.0;246
12;9;0.0;1;True;0;10.8;87.0;6.0;308
2;14;0.0;0;False;1;7.04;45.0;13.0;237
6;7;0.0;2;True;1;20.2;78.0;9.0;480
6;17;0.0;0;False;0;31.48;32.0;17.0;532
9;2;0.0;0;False;0;23.02;89.0;0.0;84
6;7;0.0;6;False;0;16.44;72.0;7.0;86
10;7;0.0;4;True;1;22.08;89.0;6.0;391
2;12;0.0;0;False;1;4.22;65.0;13.0;248
11;3;0.0;5;True;0;6.1;70.0;11.0;3
4;5;0.0;0;False;0;7.98;87.0;0.0;6
3;22;0.0;2;True;0;17.38;77.0;0.0;188
5;3;0.0;0;False;0;22.08;73.0;11.0;36
3;4;0.0;2;True;0;3.28;32.0;24.0;3
12;8;0.0;6;False;1;3.28;87.0;9.0;144
2;3;0.0;2;True;1;6.1;70.0;0.0;2
2;0;0.0;0;False;1;3.28;87.0;9.0;61
5;3;0.0;2;True;3;19.26;83.0;9.0;6
2;11;0.0;0;False;0;-2.36;42.0;20.0;124
1;3;0.0;5;True;0;3.28;52.0;7.0;4
2;10;0.0;4;True;3;7.04;70.0;9.0;44
11;19;0.0;6;False;0;13.62;51.0;6.0;283
3;16;0.0;0;False;0;8.92;29.0;33.0;299
7;9;0.0;2;True;0;29.6;49.0;11.0;272
10;22;0.0;0;False;3;12.68;88.0;24.0;37
8;10;0.0;3;True;1;25.84;62.0;13.0;233
11;10;0.0;6;False;0;8.92;46.0;17.0;320
7;0;0.0;3;True;0;25.84;58.0;20.0;66
4;14;0.0;0;False;1;14.56;55.0;15.0;561
9;14;0.0;6;False;1;32.42;44.0;11.0;514
8;3;0.0;5;True;0;23.96;79.0;15.0;6
2;13;0.0;0;False;1;5.16;61.0;11.0;274
3;16;0.0;4;True;0;16.44;36.0;22.0;388
6;17;0.0;0;False;0;30.54;41.0;19.0;521
5;2;0.0;3;True;3;21.14;94.0;6.0;5
10;10;0.0;4;True;1;23.02;83.0;9.0;177
2;20;0.0;2;True;1;9.86;46.0;9.0;184
11;16;0.0;4;True;0;8.92;40.0;15.0;370
9;12;0.0;1;True;0;18.32;35.0;20.0;342
10;22;0.0;3;True;0;13.62;55.0;20.0;197
2;10;0.0;5;True;1;4.22;48.0;9.0;124
3;21;0.0;6;False;0;13.62;19.0;22.0;154
8;7;0.0;3;True;1;22.08;83.0;9.0;487
3;15;0.0;0;False;1;12.68;88.0;13.0;421
10;20;0.0;0;False;3;11.74;94.0;31.0;55
6;5;0.0;6;False;0;20.2;56.0;7.0;19
11;6;0.0;5;True;1;6.1;61.0;6.0;130
10;16;0.0;2;True;3;21.14;88.0;9.0;374
9;10;0.0;4;True;0;22.08;61.0;6.0;212
9;20;0.0;1;True;0;16.44;52.0;7.0;432
7;6;0.0;0;False;1;21.14;83.0;6.0;19
8;4;0.0;1;True;1;20.2;83.0;6.0;7
5;7;0.0;2;True;3;18.32;88.0;7.0;324
2;12;0.0;4;True;0;4.22;48.0;22.0;158
3;5;0.0;6;False;1;11.74;94.0;6.0;8
9;23;0.0;5;True;0;21.14;78.0;6.0;195
8;11;0.0;0;False;0;30.54;56.0;28.0;437
6;16;0.0;3;True;0;30.54;24.0;30.0;392
2;17;0.0;5;True;0;10.8;37.0;6.0;488
9;12;0.0;2;True;3;23.96;83.0;30.0;88
11;0;0.0;2;True;0;7.04;70.0;9.0;29
9;15;0.0;0;False;0;22.08;36.0;17.0;649
4;9;0.0;2;True;0;11.74;67.0;13.0;319
2;10;0.0;2;True;0;7.98;46.0;11.0;116
3;21;0.0;5;True;0;21.14;53.0;7.0;284
2;1;0.0;1;True;0;-2.36;50.0;15.0;6
3;6;0.0;2;True;0;0.46;51.0;7.0;102
5;15;0.0;6;False;0;25.84;30.0;7.0;672
9;5;0.0;4;True;0;19.26;83.0;0.0;66
12;16;0.0;5;True;0;8.92;76.0;9.0;375
1;15;0.0;3;True;0;6.1;33.0;35.0;130
6;5;0.0;3;True;0;20.2;43.0;19.0;36
5;9;0.0;4;True;0;21.14;73.0;11.0;301
10;23;0.0;0;False;0;8.92;93.0;9.0;80
9;17;0.0;5;True;0;28.66;59.0;22.0;772
9;4;0.0;3;True;0;15.5;72.0;6.0;5
7;12;0.0;6;False;1;26.78;66.0;6.0;499
8;3;0.0;2;True;1;23.96;83.0;13.0;3
4;6;0.0;5;True;0;10.8;43.0;17.0;120
12;12;0.0;4;True;0;6.1;49.0;31.0;109
11;17;0.0;1;True;0;7.98;46.0;15.0;638
11;12;0.0;3;True;0;7.98;42.0;26.0;208
8;2;0.0;0;False;1;22.08;89.0;15.0;116
10;16;0.0;1;True;1;21.14;46.0;17.0;459
1;18;1.0;1;False;0;4.22;52.0;22.0;181
9;9;0.0;2;True;1;25.84;79.0;15.0;323
11;21;0.0;1;True;1;9.86;54.0;15.0;203
2;18;0.0;2;True;0;11.74;28.0;11.0;449
9;7;0.0;4;True;1;24.9;84.0;7.0;482
4;19;0.0;6;False;3;18.32;73.0;33.0;54
6;17;0.0;6;False;0;22.08;36.0;0.0;586
3;12;0.0;5;True;0;10.8;43.0;11.0;234
2;5;0.0;3;True;0;5.16;70.0;7.0;25
4;9;0.0;1;True;0;13.62;31.0;24.0;286
5;5;0.0;4;True;1;20.2;88.0;11.0;30
6;19;0.0;0;False;0;23.96;34.0;19.0;453
3;19;0.0;6;False;0;13.62;33.0;11.0;225
7;17;0.0;5;True;1;23.02;89.0;28.0;715
3;8;0.0;5;True;1;15.5;94.0;9.0;662
5;5;0.0;1;True;1;17.38;77.0;11.0;26
5;1;0.0;5;True;0;15.5;59.0;6.0;49
6;7;0.0;3;True;0;15.5;72.0;0.0;547
9;1;0.0;5;True;0;16.44;72.0;0.0;49
11;16;0.0;6;False;0;10.8;40.0;15.0;469
3;21;0.0;3;True;0;19.26;60.0;17.0;261
6;12;0.0;5;True;0;31.48;49.0;9.0;254
9;18;0.0;5;True;1;22.08;50.0;15.0;667
1;0;0.0;2;True;0;1.4;51.0;17.0;13
6;6;0.0;6;False;0;22.08;83.0;6.0;47
5;13;0.0;2;True;0;30.54;52.0;26.0;239
3;4;0.0;3;True;0;8.92;43.0;20.0;1
9;16;0.0;3;True;0;26.78;45.0;19.0;468
6;11;0.0;6;False;0;23.02;39.0;11.0;566
12;1;0.0;0;False;3;7.98;76.0;7.0;96
10;21;0.0;5;True;0;20.2;69.0;15.0;267
11;13;0.0;2;True;0;7.98;53.0;17.0;218
3;11;0.0;1;True;0;14.56;31.0;39.0;178
2;2;0.0;4;True;1;6.1;70.0;6.0;7
10;13;0.0;6;False;0;20.2;43.0;17.0;760
2;4;0.0;0;False;1;-3.3;46.0;48.0;1
2;9;0.0;1;True;0;-2.36;50.0;13.0;205
5;7;0.0;3;True;1;18.32;94.0;13.0;418
3;2;0.0;6;False;0;17.38;77.0;7.0;69
11;10;0.0;3;True;0;8.92;62.0;0.0;172
5;22;1.0;1;False;0;26.78;70.0;11.0;157
8;6;0.0;3;True;0;22.08;78.0;7.0;172
12;5;0.0;6;False;1;3.28;75.0;6.0;3
4;7;0.0;4;True;0;7.98;49.0;13.0;354
1;20;0.0;2;True;0;7.98;53.0;7.0;200
3;0;0.0;1;True;1;14.56;82.0;11.0;33
11;14;0.0;1;True;0;11.74;35.0;0.0;228
10;6;0.0;2;True;1;9.86;82.0;17.0;143
10;14;0.0;3;True;0;20.2;40.0;11.0;271
11;3;0.0;2;True;3;8.92;87.0;24.0;5
1;18;0.0;2;True;0;17.38;24.0;24.0;502
8;7;0.0;5;True;3;22.08;89.0;7.0;133
10;18;0.0;3;True;1;18.32;49.0;11.0;844
5;18;0.0;2;True;0;24.9;54.0;9.0;743
2;22;0.0;2;True;1;8.92;50.0;7.0;77
8;13;0.0;1;True;0;28.66;40.0;11.0;254
12;19;0.0;6;False;0;8.92;62.0;9.0;257
10;23;1.0;1;False;1;10.8;71.0;15.0;69
3;9;0.0;1;True;1;2.34;60.0;6.0;197
6;8;0.0;3;True;0;21.14;43.0;22.0;687
2;5;0.0;0;False;0;2.34;44.0;15.0;5
10;9;0.0;2;True;3;19.26;88.0;9.0;86
8;14;0.0;4;True;0;30.54;32.0;0.0;248
2;0;0.0;4;True;1;12.68;47.0;17.0;42
5;15;0.0;4;True;0;26.78;55.0;17.0;291
3;3;0.0;4;True;0;15.5;63.0;0.0;7
10;6;0.0;2;True;0;10.8;82.0;6.0;158
3;1;0.0;6;False;0;18.32;73.0;6.0;128
2;20;0.0;0;False;0;5.16;56.0;13.0;50
2;5;0.0;1;True;0;-3.3;58.0;9.0;17
2;19;0.0;4;True;0;9.86;43.0;35.0;327
9;22;0.0;6;False;0;21.14;57.0;13.0;239
11;15;0.0;4;True;1;10.8;54.0;11.0;214
5;11;0.0;3;True;0;24.9;54.0;9.0;267
3;20;0.0;4;True;0;12.68;44.0;28.0;254
4;14;0.0;1;True;3;8.92;62.0;30.0;114
7;8;0.0;1;True;0;26.78;66.0;7.0;667
10;2;0.0;1;True;0;9.86;71.0;0.0;5
4;12;0.0;6;False;0;13.62;23.0;26.0;590
3;19;0.0;1;True;0;4.22;53.0;15.0;226
10;5;0.0;3;True;1;13.62;88.0;6.0;40
4;10;0.0;6;False;0;20.2;64.0;19.0;482
11;17;0.0;4;True;1;8.92;57.0;15.0;563
1;3;0.0;3;True;0;4.22;75.0;13.0;1
5;10;0.0;4;True;0;15.5;51.0;28.0;154
5;13;0.0;4;True;0;21.14;41.0;13.0;327
2;0;0.0;3;True;0;7.04;66.0;15.0;24
5;10;0.0;3;True;1;21.14;65.0;17.0;153
9;21;0.0;4;True;0;22.08;89.0;11.0;272
3;6;0.0;5;True;0;7.04;57.0;9.0;86
12;11;0.0;2;True;0;14.56;77.0;13.0;207
3;23;0.0;2;True;0;5.16;61.0;15.0;54
3;5;0.0;0;False;0;3.28;60.0;11.0;7
12;17;0.0;4;True;1;4.22;52.0;19.0;257
12;3;0.0;6;False;1;4.22;81.0;9.0;15
3;5;0.0;3;True;0;12.68;82.0;9.0;27
9;3;1.0;1;False;0;23.02;89.0;9.0;28
4;16;0.0;5;True;0;16.44;29.0;17.0;440
6;10;0.0;3;True;0;24.9;37.0;17.0;172
5;0;0.0;0;False;1;23.96;69.0;11.0;137
5;13;0.0;0;False;1;20.2;64.0;0.0;565
6;11;0.0;0;False;0;27.72;40.0;9.0;506
11;7;0.0;0;False;0;4.22;65.0;7.0;50
4;15;0.0;6;False;0;25.84;39.0;17.0;628
1;11;0.0;6;False;0;6.1;56.0;9.0;296
9;5;0.0;4;True;0;16.44;83.0;0.0;57
11;17;0.0;2;True;0;7.04;53.0;15.0;627
1;20;0.0;3;True;1;1.4;40.0;13.0;123
5;23;0.0;0;False;0;16.44;77.0;13.0;102
10;19;0.0;2;True;1;15.5;72.0;11.0;514
10;5;0.0;1;True;0;12.68;77.0;0.0;36
10;9;0.0;5;True;1;17.38;94.0;7.0;389
12;2;0.0;4;True;1;3.28;87.0;30.0;2
4;1;0.0;4;True;0;7.04;66.0;15.0;9
11;7;0.0;2;True;0;7.04;76.0;6.0;418
8;5;0.0;2;True;0;18.32;83.0;6.0;34
7;11;0.0;3;True;1;27.72;58.0;9.0;229
1;11;0.0;3;True;0;6.1;42.0;26.0;114
7;19;1.0;3;False;0;32.42;47.0;15.0;432
3;8;0.0;1;True;0;1.4;59.0;7.0;428
10;16;0.0;4;True;0;20.2;69.0;11.0;499
10;4;0.0;4;True;1;22.08;89.0;0.0;10
8;0;0.0;2;True;0;24.9;84.0;17.0;38
2;17;0.0;0;False;0;0.46;37.0;28.0;87
10;17;0.0;0;False;0;22.08;44.0;13.0;539
8;10;0.0;1;True;0;26.78;70.0;15.0;213
6;11;0.0;3;True;0;26.78;30.0;22.0;209
1;2;0.0;3;True;0;-7.06;34.0;19.0;1
6;10;0.0;2;True;0;22.08;73.0;6.0;180
3;16;0.0;4;True;0;22.08;65.0;13.0;425
11;11;0.0;4;True;1;7.98;61.0;9.0;166
7;15;0.0;5;True;0;32.42;41.0;15.0;323
8;1;0.0;1;True;0;25.84;79.0;6.0;11
1;12;0.0;6;False;1;1.4;80.0;11.0;67
8;21;0.0;6;False;1;23.02;89.0;11.0;128
1;8;0.0;0;False;0;-2.36;54.0;15.0;36
12;0;0.0;0;False;1;6.1;87.0;6.0;117
10;13;0.0;2;True;1;15.5;67.0;9.0;238
12;2;0.0;1;True;1;9.86;94.0;7.0;5
1;19;0.0;6;False;1;0.46;80.0;26.0;85
1;0;0.0;0;False;0;6.1;33.0;15.0;96
9;8;0.0;6;False;1;27.72;58.0;17.0;162
9;17;0.0;3;True;0;20.2;38.0;15.0;886
8;3;0.0;2;True;0;24.9;84.0;0.0;6
3;14;0.0;1;True;1;22.08;57.0;13.0;260
6;0;0.0;2;True;1;24.9;58.0;15.0;28
11;8;0.0;1;True;0;3.28;65.0;0.0;638
5;5;0.0;6;False;0;21.14;83.0;17.0;10
12;13;0.0;4;True;0;8.92;34.0;13.0;271
7;4;0.0;1;True;1;25.84;54.0;20.0;12
10;1;0.0;6;False;1;15.5;88.0;9.0;146
2;15;0.0;6;False;1;6.1;61.0;20.0;124
2;22;0.0;6;False;0;10.8;40.0;30.0;118
12;5;0.0;6;False;0;3.28;87.0;6.0;13
3;0;0.0;6;False;0;19.26;68.0;0.0;156
9;16;0.0;0;False;0;20.2;33.0;22.0;691
7;20;0.0;1;True;1;26.78;55.0;7.0;447
10;10;0.0;4;True;1;16.44;68.0;15.0;218
2;4;0.0;6;False;3;3.28;87.0;15.0;4
7;13;0.0;2;True;1;31.48;53.0;20.0;273
8;20;0.0;3;True;0;26.78;66.0;13.0;500
4;0;0.0;2;True;0;10.8;43.0;9.0;33
10;0;0.0;2;True;0;13.62;63.0;26.0;48
9;5;0.0;6;False;0;23.96;79.0;0.0;22
5;18;0.0;6;False;0;26.78;33.0;6.0;645
8;21;0.0;6;False;0;23.02;61.0;0.0;338
5;22;0.0;4;True;0;15.5;42.0;7.0;232
12;8;1.0;2;False;1;3.28;87.0;0.0;11
12;14;0.0;6;False;1;10.8;87.0;19.0;542
12;11;0.0;1;True;1;2.34;60.0;13.0;157
9;21;0.0;5;True;0;22.08;73.0;15.0;312
12;0;0.0;2;True;3;13.62;77.0;31.0;31
4;4;0.0;5;True;1;7.98;53.0;9.0;5
2;3;0.0;3;True;1;7.98;71.0;15.0;4
1;22;0.0;6;False;0;12.68;38.0;17.0;109
3;23;0.0;2;True;0;8.92;37.0;13.0;64
1;8;0.0;6;False;0;3.28;75.0;7.0;64
4;4;0.0;3;True;0;7.98;66.0;6.0;6
12;17;0.0;5;True;1;9.86;66.0;0.0;568
7;16;0.0;0;False;1;29.6;66.0;15.0;291
4;16;0.0;5;True;0;23.02;44.0;13.0;580
10;7;0.0;1;True;0;12.68;77.0;11.0;483
7;12;0.0;1;True;1;29.6;52.0;11.0;314
4;10;0.0;1;True;1;7.04;70.0;22.0;100
7;17;0.0;4;True;0;34.3;45.0;28.0;738
12;12;0.0;0;False;0;5.16;36.0;39.0;144
4;18;0.0;6;False;0;17.38;18.0;20.0;517
8;21;0.0;0;False;0;25.84;51.0;6.0;220
7;20;0.0;1;True;0;29.6;59.0;9.0;454
12;19;0.0;4;True;0;3.28;60.0;19.0;117
6;20;0.0;4;True;0;30.54;34.0;13.0;470
3;9;0.0;2;True;1;17.38;88.0;11.0;325
12;6;0.0;6;False;0;3.28;87.0;9.0;27
6;21;0.0;3;True;0;22.08;44.0;24.0;396
4;0;0.0;5;True;0;10.8;43.0;0.0;61
7;0;0.0;6;False;0;26.78;62.0;9.0;191
11;23;0.0;5;True;0;11.74;38.0;30.0;67
7;21;0.0;0;False;0;25.84;79.0;6.0;223
6;0;0.0;4;True;0;16.44;77.0;9.0;59
11;2;0.0;2;True;1;7.04;76.0;6.0;5
11;1;0.0;4;True;3;6.1;52.0;24.0;12
10;4;0.0;6;False;0;12.68;72.0;0.0;18
6;7;0.0;1;True;0;22.08;78.0;7.0;503
6;8;0.0;6;False;0;21.14;61.0;7.0;244
6;17;0.0;6;False;1;25.84;37.0;17.0;593
4;20;0.0;5;True;0;13.62;31.0;19.0;289
2;17;0.0;1;True;0;8.92;23.0;13.0;407
11;13;0.0;3;True;0;12.68;35.0;15.0;365
9;3;0.0;3;True;1;19.26;64.0;19.0;10
4;22;0.0;4;True;0;16.44;59.0;13.0;248
7;0;0.0;1;True;0;24.9;74.0;6.0;58
6;10;0.0;3;True;1;22.08;65.0;28.0;198
4;11;0.0;2;True;0;15.5;36.0;0.0;239
5;18;0.0;3;True;3;22.08;69.0;7.0;327
9;23;0.0;1;True;0;17.38;52.0;0.0;93
9;11;0.0;6;False;1;29.6;55.0;15.0;492
12;7;0.0;4;True;0;2.34;51.0;20.0;389
2;15;0.0;5;True;1;7.04;45.0;9.0;191
2;2;0.0;0;False;0;3.28;44.0;22.0;42
2;15;0.0;5;True;0;11.74;35.0;28.0;221
11;5;0.0;0;False;0;5.16;81.0;9.0;12
11;8;0.0;5;True;0;7.04;57.0;11.0;693
11;7;0.0;4;True;0;5.16;36.0;26.0;423
11;16;0.0;4;True;1;8.92;57.0;13.0;342
6;14;0.0;5;True;0;25.84;39.0;13.0;376
3;13;0.0;6;False;3;16.44;94.0;17.0;196
8;4;0.0;2;True;0;23.96;83.0;9.0;9
11;2;0.0;5;True;0;4.22;75.0;6.0;5
3;11;0.0;5;True;0;9.86;46.0;13.0;194
8;2;0.0;2;True;1;23.96;83.0;13.0;11
11;19;0.0;5;True;0;8.92;46.0;15.0;332
4;3;0.0;2;True;0;7.04;81.0;15.0;2
3;9;0.0;6;False;0;3.28;41.0;22.0;148
8;22;0.0;1;True;0;26.78;70.0;6.0;207
4;17;0.0;3;True;0;23.02;41.0;20.0;744
4;6;0.0;2;True;0;6.1;61.0;6.0;100
10;6;0.0;3;True;1;20.2;94.0;9.0;177
2;13;0.0;3;True;0;10.8;43.0;19.0;170
7;20;0.0;2;True;3;22.08;83.0;15.0;84
2;18;0.0;4;True;0;7.98;31.0;11.0;417
3;11;0.0;0;False;0;7.04;45.0;26.0;256
2;18;0.0;1;True;0;9.86;43.0;15.0;437
6;15;0.0;2;True;1;19.26;46.0;9.0;272
12;12;0.0;5;True;1;7.04;39.0;24.0;224
2;16;0.0;0;False;0;1.4;34.0;31.0;164
9;13;0.0;6;False;0;26.78;51.0;24.0;707
7;22;0.0;5;True;0;26.78;45.0;0.0;263
1;14;0.0;4;True;0;3.28;44.0;13.0;119
4;4;0.0;2;True;0;6.1;70.0;13.0;3
12;7;0.0;5;True;0;1.4;72.0;7.0;308
9;4;0.0;0;False;0;23.02;89.0;0.0;22
5;12;0.0;2;True;1;24.9;58.0;15.0;269
9;3;0.0;1;True;0;15.5;77.0;6.0;7
12;21;0.0;0;False;1;12.68;77.0;15.0;99
11;11;0.0;4;True;0;8.92;29.0;26.0;171
1;1;0.0;4;True;0;1.4;51.0;6.0;5
9;11;0.0;4;True;1;25.84;51.0;11.0;294
7;16;0.0;4;True;0;36.18;38.0;26.0;374
7;17;0.0;0;False;0;35.24;26.0;20.0;413
9;1;0.0;6;False;0;25.84;74.0;9.0;79
5;8;0.0;4;True;0;21.14;57.0;17.0;693
6;14;0.0;6;False;0;28.66;33.0;17.0;609
12;4;0.0;6;False;0;4.22;81.0;6.0;5
12;13;0.0;5;True;1;6.1;49.0;9.0;222
5;9;0.0;1;True;3;17.38;88.0;19.0;110
11;19;0.0;2;True;0;7.04;49.0;24.0;356
8;8;0.0;6;False;0;26.78;72.0;13.0;181
1;5;0.0;4;True;3;7.98;93.0;6.0;16
2;1;0.0;6;False;0;4.22;70.0;7.0;43
6;9;0.0;5;True;1;22.08;83.0;15.0;298
5;5;0.0;4;True;0;18.32;68.0;22.0;35
7;5;0.0;1;True;0;23.02;83.0;7.0;47
1;23;0.0;6;False;0;7.04;31.0;13.0;85
9;15;0.0;0;False;0;20.2;33.0;15.0;640
1;3;0.0;2;True;0;6.1;45.0;15.0;2
10;4;0.0;4;True;1;16.44;88.0;7.0;5
3;9;0.0;2;True;0;3.28;38.0;13.0;267
6;16;0.0;5;True;3;26.78;58.0;30.0;222
6;3;0.0;6;False;0;21.14;57.0;0.0;40
7;23;0.0;2;True;1;22.08;89.0;7.0;103
8;18;0.0;0;False;3;24.9;74.0;9.0;229
1;9;0.0;2;True;3;7.04;81.0;17.0;68
1;3;0.0;6;False;3;-1.42;93.0;6.0;13
2;5;0.0;4;True;1;6.1;70.0;0.0;20
6;7;0.0;5;True;1;22.08;89.0;13.0;402
10;14;0.0;2;True;1;17.38;64.0;13.0;244
12;7;0.0;6;False;1;3.28;75.0;6.0;48
2;16;0.0;2;True;0;11.74;35.0;20.0;266
11;22;0.0;0;False;0;11.74;71.0;13.0;134
6;16;0.0;6;False;0;30.54;24.0;13.0;534
6;22;0.0;2;True;0;23.02;94.0;7.0;207
7;8;0.0;5;True;0;29.6;41.0;11.0;585
3;3;0.0;5;True;0;13.62;77.0;35.0;7
4;23;0.0;1;True;1;16.44;55.0;15.0;60
1;8;0.0;0;False;0;0.46;40.0;9.0;70
6;2;0.0;5;True;0;25.84;58.0;13.0;18
6;1;0.0;4;True;0;16.44;77.0;11.0;22
8;8;0.0;6;False;0;23.02;83.0;7.0;162
11;18;0.0;6;False;0;4.22;38.0;26.0;145
2;13;0.0;0;False;0;7.04;36.0;0.0;325
8;2;0.0;2;True;0;24.9;84.0;9.0;13
6;7;0.0;2;True;0;14.56;77.0;20.0;569
1;14;0.0;5;True;1;2.34;35.0;20.0;115
3;1;0.0;6;False;0;6.1;36.0;17.0;51
10;0;0.0;3;True;3;21.14;94.0;0.0;52
4;17;0.0;4;True;0;15.5;27.0;26.0;656
9;10;1.0;1;False;1;26.78;74.0;15.0;359
2;17;0.0;1;True;0;10.8;43.0;17.0;430
8;1;0.0;6;False;3;21.14;94.0;11.0;92
10;14;1.0;1;False;1;11.74;58.0;7.0;420
11;7;0.0;2;True;3;7.04;87.0;17.0;107
5;18;0.0;3;True;0;18.32;73.0;15.0;813
8;12;0.0;4;True;0;29.6;33.0;7.0;343
2;8;0.0;5;True;1;9.86;76.0;22.0;469
5;10;0.0;1;True;1;16.44;77.0;13.0;190
1;5;0.0;1;True;0;1.4;51.0;9.0;26
4;15;0.0;0;False;3;9.86;87.0;26.0;38
9;9;0.0;1;True;0;20.2;53.0;20.0;361
2;21;0.0;4;True;0;7.98;46.0;28.0;148
12;3;0.0;1;True;0;9.86;87.0;0.0;8
12;17;0.0;1;True;1;4.22;48.0;6.0;164
11;1;0.0;6;False;0;7.98;42.0;33.0;20
11;12;0.0;4;True;1;8.92;62.0;7.0;213
12;2;0.0;4;True;1;4.22;56.0;17.0;8
8;23;0.0;6;False;0;22.08;65.0;6.0;235
3;8;0.0;3;True;0;12.68;82.0;0.0;662
6;5;0.0;3;True;0;23.02;83.0;6.0;39
3;22;0.0;2;True;0;8.92;37.0;9.0;134
4;11;0.0;4;True;1;11.74;38.0;15.0;268
11;14;0.0;2;True;0;8.92;40.0;7.0;240
10;18;0.0;1;True;3;18.32;64.0;7.0;613
5;9;0.0;2;True;1;17.38;88.0;13.0;349
8;4;0.0;0;False;1;21.14;65.0;11.0;26
12;2;0.0;2;True;0;11.74;88.0;6.0;8
3;17;0.0;5;True;1;25.84;42.0;11.0;957
9;2;0.0;0;False;0;17.38;77.0;19.0;96
1;23;1.0;1;False;3;4.22;70.0;20.0;28
9;14;0.0;6;False;0;30.54;52.0;30.0;626
2;12;0.0;1;True;0;7.04;61.0;11.0;150
12;2;0.0;1;True;0;11.74;77.0;11.0;10
5;19;0.0;5;True;0;21.14;41.0;13.0;483
1;8;0.0;6;False;0;-2.36;54.0;7.0;92
5;16;0.0;5;True;0;23.02;34.0;17.0;568
8;8;0.0;1;True;1;24.9;79.0;0.0;605
2;13;0.0;5;True;1;6.1;42.0;6.0;192
9;2;0.0;1;True;0;17.38;60.0;24.0;17
2;12;0.0;0;False;1;5.16;52.0;17.0;255
12;22;0.0;1;True;0;4.22;56.0;9.0;61
3;16;0.0;6;False;0;15.5;27.0;20.0;467
4;1;0.0;2;True;0;9.86;46.0;15.0;11
2;10;0.0;4;True;0;11.74;67.0;13.0;148
2;12;0.0;2;True;0;8.92;34.0;9.0;183
12;10;0.0;0;False;1;10.8;87.0;19.0;219
2;20;0.0;5;True;0;10.8;35.0;13.0;171
5;17;0.0;0;False;1;21.14;65.0;9.0;511
10;6;0.0;1;True;0;8.92;76.0;6.0;144
12;8;0.0;0;False;1;4.22;93.0;6.0;93
10;10;0.0;3;True;1;13.62;67.0;0.0;228
1;10;0.0;6;False;0;5.16;75.0;6.0;203
10;14;0.0;0;False;0;23.02;39.0;28.0;617
3;17;0.0;6;False;0;22.08;50.0;9.0;648
5;1;0.0;3;True;1;19.26;88.0;9.0;21
5;9;0.0;6;False;0;17.38;49.0;0.0;335
11;23;0.0;6;False;1;6.1;70.0;7.0;133
2;19;0.0;0;False;1;6.1;52.0;17.0;119
4;11;0.0;6;False;0;12.68;24.0;20.0;495
6;15;0.0;4;True;0;32.42;25.0;22.0;219
1;11;1.0;1;False;0;-0.48;59.0;17.0;179
12;18;0.0;0;False;3;9.86;82.0;7.0;107
3;9;0.0;3;True;1;15.5;88.0;11.0;293
5;14;0.0;2;True;1;22.08;73.0;7.0;222
3;23;0.0;2;True;0;16.44;83.0;0.0;90
10;4;0.0;0;False;1;15.5;63.0;24.0;20
10;12;0.0;5;True;0;25.84;42.0;11.0;468
7;13;0.0;2;True;0;30.54;38.0;13.0;280
3;5;0.0;0;False;1;10.8;100.0;17.0;6
9;11;0.0;6;False;0;22.08;38.0;26.0;627
12;2;0.0;1;True;0;-0.48;59.0;11.0;11
1;7;0.0;1;True;3;1.4;86.0;0.0;122
6;4;0.0;0;False;0;17.38;64.0;6.0;18
7;23;0.0;4;True;1;24.9;51.0;15.0;211
7;21;0.0;1;True;0;27.72;45.0;9.0;258
7;10;0.0;2;True;1;31.48;49.0;13.0;159
9;4;0.0;4;True;0;12.68;77.0;7.0;6
5;23;0.0;4;True;0;23.02;54.0;15.0;140
8;19;0.0;6;False;0;24.9;45.0;11.0;488
3;4;0.0;5;True;1;15.5;94.0;7.0;3
6;8;0.0;3;True;0;17.38;68.0;0.0;668
9;15;0.0;1;True;0;20.2;31.0;0.0;300
2;7;0.0;4;True;0;8.92;81.0;15.0;326
11;3;1.0;1;False;0;10.8;76.0;9.0;4
4;23;0.0;0;False;3;8.92;81.0;31.0;17
2;16;0.0;2;True;0;12.68;35.0;17.0;276
11;10;0.0;1;True;0;7.04;49.0;19.0;142
3;4;0.0;3;True;0;5.16;61.0;22.0;3
4;6;0.0;6;False;0;7.98;49.0;13.0;28
9;10;0.0;4;True;1;24.9;51.0;19.0;208
3;11;0.0;3;True;1;16.44;83.0;11.0;192
1;4;0.0;6;False;3;-0.48;86.0;6.0;1
4;9;0.0;0;False;3;10.8;82.0;17.0;79
4;5;0.0;6;False;0;8.92;66.0;7.0;7
6;17;0.0;3;True;0;34.3;37.0;0.0;691
7;16;0.0;5;True;1;29.6;36.0;15.0;492
6;1;0.0;0;False;0;17.38;56.0;9.0;121
2;21;0.0;4;True;0;6.1;52.0;6.0;177
10;14;0.0;6;False;0;18.32;40.0;0.0;711
6;3;0.0;0;False;1;23.02;65.0;6.0;60
1;21;0.0;0;False;0;6.1;33.0;19.0;69
9;5;0.0;5;True;0;15.5;82.0;0.0;49
10;19;0.0;4;True;0;17.38;83.0;13.0;542
3;17;0.0;1;True;1;21.14;38.0;28.0;644
8;18;0.0;3;True;1;28.66;55.0;11.0;862
9;4;0.0;6;False;0;18.32;83.0;19.0;15
11;3;0.0;2;True;3;7.04;70.0;9.0;4
6;12;0.0;3;True;1;23.96;44.0;28.0;334
4;20;1.0;1;False;0;26.78;37.0;20.0;375
6;19;0.0;1;True;1;21.14;73.0;6.0;463
7;17;0.0;1;True;0;27.72;55.0;22.0;827
1;7;1.0;1;False;0;3.28;32.0;26.0;16
2;2;0.0;5;True;3;11.74;77.0;19.0;5
11;10;1.0;1;False;0;14.56;77.0;11.0;266
4;8;0.0;3;True;0;6.1;49.0;15.0;595
3;13;0.0;1;True;0;14.56;29.0;46.0;301
7;6;0.0;2;True;0;23.02;83.0;9.0;190
10;0;0.0;3;True;1;6.1;81.0;7.0;16
1;16;0.0;6;False;0;11.74;44.0;24.0;407
9;19;0.0;3;True;0;18.32;43.0;15.0;611
5;20;0.0;1;True;0;17.38;52.0;19.0;323
11;5;0.0;5;True;0;1.4;80.0;0.0;40
9;9;0.0;5;True;0;19.26;68.0;9.0;383
11;15;0.0;3;True;1;7.04;53.0;20.0;198
9;4;0.0;4;True;0;16.44;83.0;0.0;6
11;12;0.0;1;True;0;11.74;35.0;7.0;210
4;16;0.0;5;True;0;18.32;26.0;17.0;463
7;12;0.0;4;True;0;34.3;35.0;24.0;276
9;22;0.0;0;False;0;19.26;49.0;17.0;189
7;6;0.0;2;True;0;22.08;89.0;11.0;194
5;0;0.0;3;True;1;19.26;88.0;0.0;39
1;10;1.0;1;False;0;4.22;35.0;19.0;109
2;17;0.0;2;True;0;12.68;35.0;13.0;509
5;2;0.0;2;True;1;15.5;72.0;6.0;8
3;12;0.0;6;False;3;16.44;94.0;15.0;183
6;23;0.0;1;True;1;24.9;58.0;15.0;80
5;19;0.0;4;True;0;24.9;61.0;20.0;492
8;20;0.0;3;True;0;23.96;57.0;0.0;427
12;11;0.0;5;True;1;7.04;42.0;28.0;162
4;4;0.0;3;True;0;11.74;67.0;6.0;1
12;11;0.0;1;True;1;4.22;60.0;11.0;124
6;16;0.0;2;True;0;20.2;43.0;13.0;473
7;11;0.0;3;True;0;27.72;33.0;0.0;281
10;6;0.0;0;False;0;10.8;62.0;0.0;26
11;8;0.0;0;False;0;6.1;75.0;17.0;119
1;7;0.0;6;False;0;2.34;87.0;13.0;20
7;6;0.0;1;True;1;23.96;89.0;6.0;157
11;1;0.0;0;False;0;4.22;81.0;6.0;165
4;6;0.0;1;True;0;11.74;26.0;15.0;111
11;10;0.0;6;False;0;8.92;46.0;26.0;328
12;14;0.0;3;True;3;2.34;93.0;17.0;20
8;6;0.0;4;True;1;20.2;88.0;6.0;192
1;8;0.0;3;True;0;-7.06;44.0;9.0;315
7;21;0.0;2;True;0;26.78;66.0;15.0;378
9;6;0.0;4;True;0;18.32;88.0;6.0;169
10;7;0.0;1;True;0;9.86;66.0;6.0;452
2;21;0.0;0;False;0;-1.42;43.0;20.0;36
11;9;0.0;4;True;1;7.04;61.0;13.0;323
4;4;0.0;6;False;0;15.5;82.0;17.0;9
8;17;0.0;0;False;1;22.08;78.0;7.0;343
9;13;0.0;1;True;0;22.08;38.0;15.0;323
9;10;0.0;0;False;0;21.14;50.0;7.0;490
1;13;0.0;2;True;0;0.46;34.0;44.0;73
10;1;0.0;5;True;0;17.38;68.0;7.0;46
8;16;0.0;6;False;0;27.72;37.0;17.0;641
4;18;0.0;2;True;0;22.08;25.0;19.0;775
1;20;0.0;5;True;0;3.28;41.0;11.0;136
1;19;0.0;1;True;1;4.22;93.0;11.0;220
3;3;0.0;1;True;0;2.34;51.0;11.0;1
7;6;0.0;6;False;1;22.08;78.0;6.0;35
11;0;0.0;4;True;0;3.28;56.0;6.0;29
3;11;0.0;0;False;1;10.8;94.0;17.0;323
7;0;0.0;0;False;0;23.02;89.0;9.0;188
2;9;0.0;6;False;0;3.28;81.0;9.0;157
4;3;0.0;4;True;1;11.74;77.0;0.0;4
1;17;0.0;4;True;1;4.22;44.0;22.0;385
11;8;0.0;6;False;1;4.22;44.0;31.0;62
10;20;0.0;3;True;0;15.5;72.0;9.0;414
4;13;0.0;5;True;0;12.68;33.0;22.0;411
5;5;0.0;0;False;0;15.5;72.0;7.0;8
2;2;0.0;2;True;0;6.1;61.0;0.0;4
4;23;0.0;1;True;0;12.68;35.0;11.0;66
12;10;0.0;3;True;1;12.68;47.0;24.0;141
8;19;0.0;2;True;0;27.72;66.0;13.0;627
12;6;0.0;4;True;0;4.22;56.0;17.0;114
4;11;0.0;5;True;0;13.62;36.0;9.0;233
10;5;0.0;0;False;1;15.5;63.0;20.0;28
10;16;0.0;1;True;0;18.32;64.0;20.0;447
4;1;0.0;2;True;0;22.08;57.0;11.0;11
10;17;0.0;5;True;3;21.14;69.0;24.0;425
5;9;0.0;4;True;0;17.38;52.0;28.0;346
11;4;0.0;2;True;1;8.92;81.0;26.0;9
10;9;0.0;0;False;3;10.8;71.0;9.0;86
12;16;0.0;6;False;0;10.8;50.0;9.0;413
6;9;0.0;0;False;0;20.2;46.0;13.0;300
7;6;0.0;4;True;0;22.08;73.0;6.0;178
7;14;0.0;5;True;1;29.6;38.0;0.0;369
7;4;0.0;2;True;0;23.96;65.0;7.0;6
7;9;0.0;6;False;0;23.02;74.0;13.0;282
3;2;0.0;6;False;1;11.74;77.0;17.0;69
1;16;0.0;1;True;1;3.28;93.0;11.0;122
8;17;0.0;4;True;0;30.54;34.0;13.0;897
7;15;0.0;4;True;0;35.24;42.0;20.0;238
8;6;0.0;5;True;1;21.14;83.0;0.0;151
3;3;0.0;3;True;0;7.98;42.0;22.0;5
7;0;0.0;4;True;1;23.96;61.0;0.0;56
10;12;0.0;3;True;1;16.44;48.0;11.0;332
9;7;0.0;3;True;0;17.38;77.0;9.0;532
10;19;1.0;1;False;1;10.8;71.0;17.0;371
7;2;0.0;5;True;1;23.02;89.0;6.0;19
9;22;0.0;5;True;0;20.2;73.0;13.0;295
2;14;0.0;3;True;1;8.92;93.0;24.0;56
5;7;0.0;5;True;1;21.14;88.0;11.0;359
2;3;0.0;6;False;3;3.28;87.0;15.0;9
5;4;0.0;2;True;3;18.32;94.0;0.0;5
11;13;0.0;6;False;0;11.74;38.0;17.0;525
1;22;0.0;6;False;1;0.46;74.0;20.0;59
12;15;0.0;6;False;0;11.74;47.0;0.0;447
10;8;0.0;1;True;0;12.68;67.0;0.0;728
7;5;0.0;0;False;0;23.96;89.0;9.0;9
9;5;0.0;3;True;0;15.5;72.0;6.0;48
7;4;0.0;3;True;0;25.84;70.0;9.0;6
8;20;0.0;2;True;0;22.08;73.0;0.0;358
8;5;0.0;5;True;0;23.02;83.0;11.0;37
8;19;0.0;5;True;0;27.72;62.0;19.0;492
6;19;0.0;0;False;0;30.54;28.0;19.0;375
7;7;0.0;4;True;0;24.9;74.0;17.0;495
12;4;0.0;0;False;1;4.22;56.0;15.0;7
10;5;0.0;2;True;1;18.32;83.0;9.0;43
1;1;0.0;3;True;0;3.28;87.0;6.0;7
5;11;0.0;0;False;0;25.84;66.0;15.0;519
10;11;0.0;3;True;1;15.5;51.0;6.0;234
2;10;0.0;1;True;0;7.04;45.0;17.0;104
6;22;0.0;5;True;0;23.96;69.0;9.0;197
12;22;0.0;2;True;0;6.1;56.0;15.0;106
4;18;0.0;0;False;0;24.9;42.0;17.0;479
5;1;0.0;5;True;0;20.2;78.0;7.0;48
8;16;0.0;3;True;1;29.6;49.0;19.0;441
8;5;0.0;3;True;1;22.08;78.0;9.0;49
1;2;0.0;0;False;1;-0.48;47.0;19.0;43
10;22;0.0;1;True;0;13.62;82.0;9.0;183
4;11;0.0;5;True;0;12.68;38.0;22.0;233
8;12;0.0;4;True;0;31.48;44.0;7.0;277
3;15;0.0;4;True;0;21.14;69.0;13.0;304
11;23;0.0;0;False;0;8.92;66.0;15.0;59
10;7;0.0;2;True;1;12.68;77.0;7.0;531
5;17;0.0;0;False;0;28.66;49.0;20.0;522
1;17;0.0;5;True;0;13.62;36.0;15.0;476
6;23;0.0;0;False;0;26.78;58.0;7.0;87
4;19;0.0;4;True;0;14.56;31.0;17.0;487
7;11;0.0;1;True;0;31.48;53.0;15.0;182
2;8;0.0;4;True;1;6.1;70.0;6.0;498
4;2;0.0;3;True;1;15.5;42.0;13.0;9
5;2;0.0;4;True;1;14.56;88.0;7.0;3
3;3;0.0;6;False;1;8.92;93.0;11.0;21
2;7;0.0;3;True;1;6.1;65.0;13.0;321
5;10;0.0;0;False;1;17.38;77.0;7.0;333
4;13;0.0;0;False;3;9.86;82.0;24.0;52
12;0;0.0;2;True;1;12.68;94.0;9.0;18
7;4;0.0;5;True;1;23.02;89.0;11.0;9
5;22;0.0;2;True;1;21.14;88.0;6.0;55
9;15;0.0;5;True;0;29.6;55.0;17.0;331
8;22;0.0;6;False;0;21.14;83.0;24.0;182
8;16;0.0;2;True;3;27.72;66.0;19.0;445
7;13;0.0;6;False;0;32.42;41.0;19.0;498
12;9;0.0;0;False;1;5.16;93.0;11.0;172
3;12;0.0;6;False;0;14.56;67.0;0.0;621
2;5;0.0;5;True;0;3.28;52.0;15.0;17
6;5;0.0;1;True;3;16.44;83.0;9.0;23
11;7;0.0;5;True;0;2.34;80.0;0.0;352
8;11;0.0;4;True;0;27.72;40.0;6.0;276
10;18;0.0;2;True;3;21.14;94.0;6.0;687
6;2;0.0;2;True;3;16.44;72.0;20.0;8
5;14;0.0;5;True;0;21.14;23.0;15.0;334
12;18;0.0;6;False;0;10.8;87.0;7.0;304
7;14;0.0;2;True;0;34.3;25.0;13.0;310
2;15;0.0;1;True;0;8.92;27.0;9.0;155
6;13;0.0;6;False;0;30.54;24.0;19.0;585
12;15;0.0;6;False;0;11.74;82.0;11.0;541
1;0;0.0;3;True;0;4.22;81.0;0.0;28
11;3;1.0;4;False;0;3.28;75.0;7.0;6
9;22;0.0;6;False;0;18.32;52.0;0.0;279
12;12;0.0;0;False;1;9.86;82.0;13.0;417
4;19;0.0;2;True;0;20.2;26.0;17.0;537
11;21;0.0;1;True;0;7.98;49.0;0.0;181
4;2;0.0;6;False;0;16.44;77.0;9.0;81
12;6;0.0;6;False;1;4.22;70.0;7.0;7
10;6;1.0;1;False;0;7.98;76.0;7.0;59
11;11;0.0;1;True;0;10.8;37.0;20.0;130
12;19;0.0;2;True;0;14.56;67.0;15.0;460
8;15;0.0;5;True;0;34.3;27.0;20.0;526
6;4;0.0;6;False;0;17.38;68.0;9.0;8
4;15;0.0;1;True;1;16.44;55.0;7.0;231
9;4;0.0;0;False;0;13.62;55.0;15.0;10
8;7;0.0;4;True;0;22.08;69.0;15.0;464
4;14;0.0;1;True;0;13.62;31.0;28.0;268
1;5;0.0;6;False;0;4.22;75.0;7.0;9
10;2;1.0;1;False;0;7.98;81.0;13.0;15
5;0;0.0;4;True;1;14.56;82.0;15.0;90
11;15;0.0;2;True;0;10.8;40.0;20.0;217
11;12;1.0;1;False;0;18.32;64.0;15.0;419
11;16;1.0;1;False;0;18.32;64.0;11.0;434
6;12;0.0;6;False;0;21.14;43.0;24.0;668
9;9;0.0;3;True;0;17.38;60.0;17.0;362
5;14;0.0;3;True;1;22.08;53.0;17.0;243
8;14;0.0;3;True;0;30.54;46.0;11.0;263
10;12;0.0;3;True;1;24.9;70.0;7.0;358
8;5;0.0;2;True;0;24.9;79.0;7.0;36
5;7;1.0;1;False;0;21.14;78.0;7.0;67
6;9;0.0;4;True;0;24.9;54.0;11.0;351
4;1;0.0;4;True;1;14.56;48.0;6.0;23
11;2;0.0;5;True;0;3.28;75.0;0.0;12
5;19;0.0;4;True;0;17.38;37.0;24.0;553
6;7;0.0;2;True;0;16.44;52.0;24.0;552
11;20;0.0;3;True;0;7.04;36.0;9.0;263
4;17;0.0;2;True;0;22.08;25.0;20.0;781
10;15;0.0;4;True;1;20.2;60.0;13.0;353
4;5;0.0;6;False;0;7.04;33.0;11.0;2
8;12;0.0;5;True;1;26.78;66.0;24.0;315
8;23;0.0;4;True;0;24.9;74.0;7.0;152
3;21;0.0;1;True;1;17.38;56.0;15.0;205
4;9;0.0;4;True;3;13.62;88.0;11.0;201
9;8;0.0;2;True;0;24.9;84.0;11.0;632
11;12;0.0;3;True;0;12.68;41.0;13.0;344
3;8;0.0;2;True;0;-0.48;59.0;7.0;501
9;15;0.0;0;False;0;25.84;32.0;17.0;696
4;14;0.0;4;True;0;15.5;31.0;22.0;224
5;20;1.0;1;False;0;28.66;62.0;20.0;317
9;16;0.0;2;True;0;23.02;39.0;20.0;495
6;5;0.0;4;True;0;24.9;84.0;7.0;40
1;6;0.0;1;True;1;2.34;60.0;9.0;88
1;8;1.0;1;False;0;3.28;35.0;17.0;53
12;14;0.0;5;True;1;8.92;71.0;11.0;215
7;4;0.0;0;False;0;20.2;88.0;0.0;16
7;14;0.0;1;True;0;33.36;42.0;7.0;212
9;12;0.0;2;True;0;21.14;43.0;19.0;302
3;17;0.0;6;False;0;15.5;23.0;22.0;385
9;11;0.0;2;True;0;22.08;33.0;6.0;247
1;6;0.0;6;False;0;4.22;75.0;7.0;7
10;19;0.0;6;False;0;15.5;45.0;9.0;345
4;2;0.0;6;False;0;8.92;43.0;11.0;57
12;16;0.0;6;False;1;9.86;66.0;0.0;443
8;0;0.0;2;True;0;24.9;84.0;13.0;47
11;20;0.0;0;False;0;12.68;62.0;11.0;200
7;14;0.0;2;True;0;36.18;29.0;17.0;214
6;7;0.0;4;True;0;20.2;60.0;19.0;506
11;17;0.0;3;True;1;7.04;53.0;26.0;517
8;19;0.0;3;True;0;27.72;66.0;15.0;686
3;6;0.0;4;True;0;12.68;72.0;6.0;117
10;21;0.0;1;True;0;16.44;59.0;22.0;206
9;14;0.0;0;False;0;25.84;30.0;19.0;647
3;21;0.0;6;False;3;12.68;100.0;13.0;104
6;2;0.0;2;True;0;18.32;43.0;19.0;9
10;4;0.0;1;True;0;11.74;82.0;7.0;10
1;16;0.0;3;True;0;5.16;30.0;35.0;176
6;0;0.0;5;True;1;27.72;70.0;7.0;93
1;13;0.0;3;True;3;7.04;76.0;0.0;65
9;20;0.0;0;False;0;20.2;53.0;7.0;324
12;23;0.0;5;True;1;8.92;93.0;6.0;122
4;14;0.0;5;True;0;14.56;29.0;26.0;490
1;0;0.0;6;False;3;-0.48;64.0;15.0;24
11;6;1.0;1;False;0;9.86;87.0;7.0;71
7;7;0.0;3;True;0;23.02;50.0;22.0;507
2;7;0.0;6;False;0;5.16;45.0;30.0;23
4;1;0.0;0;False;1;17.38;56.0;11.0;106
3;18;0.0;6;False;3;13.62;94.0;15.0;137
6;19;0.0;5;True;1;27.72;55.0;35.0;362
12;17;0.0;2;True;0;16.44;59.0;15.0;743
7;11;0.0;6;False;1;25.84;70.0;7.0;439
6;2;0.0;0;False;0;22.08;69.0;9.0;73
3;7;0.0;0;False;0;2.34;69.0;9.0;17
7;21;0.0;5;True;0;28.66;59.0;7.0;260
4;9;0.0;6;False;0;17.38;77.0;11.0;331
11;16;0.0;3;True;0;12.68;33.0;9.0;469
10;4;0.0;2;True;0;11.74;77.0;7.0;7
5;21;0.0;3;True;0;16.44;77.0;15.0;239
1;13;0.0;2;True;1;9.86;76.0;22.0;103
2;2;0.0;6;False;3;4.22;81.0;13.0;26
4;23;0.0;0;False;0;15.5;39.0;17.0;51
1;23;0.0;3;True;3;7.98;87.0;15.0;9
8;11;0.0;4;True;0;27.72;48.0;6.0;278
12;3;0.0;1;True;1;8.92;93.0;0.0;3
1;12;0.0;4;True;1;7.98;81.0;7.0;144
8;1;0.0;4;True;0;22.08;73.0;0.0;21
8;11;0.0;3;True;0;25.84;58.0;6.0;267
5;13;0.0;4;True;0;20.2;69.0;13.0;265
6;7;0.0;0;False;0;16.44;72.0;6.0;48
7;7;0.0;0;False;1;21.14;83.0;0.0;38
12;16;0.0;1;True;3;10.8;94.0;17.0;302
6;3;0.0;5;True;0;17.38;60.0;6.0;8
8;5;0.0;4;True;0;21.14;83.0;0.0;37
7;10;0.0;4;True;0;26.78;48.0;11.0;214
7;8;0.0;1;True;1;25.84;74.0;7.0;751
1;23;0.0;4;True;0;10.8;76.0;22.0;67
1;13;0.0;6;False;0;12.68;44.0;13.0;445
8;14;0.0;3;True;0;27.72;40.0;6.0;301
3;22;0.0;6;False;0;4.22;44.0;11.0;100
3;11;0.0;2;True;0;6.1;31.0;11.0;175
5;4;0.0;0;False;0;16.44;68.0;6.0;16
1;23;0.0;5;True;3;-0.48;64.0;15.0;38
12;12;0.0;5;True;0;8.92;50.0;13.0;273
9;8;0.0;2;True;0;14.56;67.0;13.0;805
3;16;0.0;4;True;0;19.26;32.0;20.0;361
2;6;1.0;1;False;0;3.28;52.0;28.0;10
5;10;0.0;3;True;1;19.26;83.0;7.0;175
11;13;0.0;4;True;1;9.86;54.0;7.0;217
5;21;0.0;0;False;3;23.02;69.0;28.0;143
12;19;0.0;6;False;1;7.04;81.0;0.0;249
4;0;0.0;0;False;3;8.92;81.0;9.0;36
3;3;0.0;3;True;0;14.56;72.0;13.0;4
4;16;0.0;6;False;0;24.9;42.0;22.0;639
8;10;0.0;4;True;0;29.6;55.0;15.0;205
4;9;0.0;1;True;1;10.8;43.0;13.0;268
3;16;0.0;5;True;0;14.56;23.0;28.0;343
1;20;0.0;6;False;0;10.8;35.0;26.0;120
4;11;0.0;2;True;0;13.62;31.0;26.0;184
9;13;0.0;0;False;3;25.84;74.0;6.0;493
10;0;0.0;0;False;0;12.68;62.0;11.0;127
6;14;0.0;5;True;3;25.84;66.0;19.0;254
10;5;0.0;2;True;0;12.68;77.0;6.0;50
4;8;0.0;5;True;0;10.8;50.0;0.0;592
5;16;0.0;6;False;1;24.9;21.0;13.0;591
7;23;0.0;0;False;0;25.84;79.0;9.0;91
6;0;0.0;1;True;0;25.84;62.0;17.0;68
10;16;0.0;0;False;3;10.8;82.0;11.0;333
6;1;0.0;4;True;0;23.02;54.0;0.0;25
1;2;0.0;0;False;0;7.04;76.0;0.0;75
7;22;0.0;1;True;0;26.78;62.0;13.0;209
8;5;0.0;0;False;0;22.08;61.0;13.0;10
1;0;0.0;4;True;1;2.34;47.0;13.0;14
10;8;0.0;2;True;1;13.62;72.0;6.0;761
2;7;0.0;1;True;0;-3.3;54.0;13.0;195
3;22;0.0;3;True;0;13.62;59.0;20.0;159
1;18;0.0;3;True;0;7.04;66.0;9.0;439
1;8;0.0;3;True;0;1.4;82.0;7.0;499
6;22;0.0;6;False;0;26.78;37.0;7.0;279
7;0;0.0;0;False;0;23.96;89.0;11.0;187
11;20;0.0;5;True;1;8.92;46.0;28.0;221
7;16;1.0;3;False;0;35.24;35.0;17.0;389
6;3;0.0;3;True;0;13.62;82.0;0.0;8
12;5;0.0;1;True;1;9.86;94.0;7.0;27
2;21;0.0;6;False;0;-1.42;43.0;43.0;48
8;21;0.0;3;True;0;22.08;73.0;0.0;351
4;19;0.0;2;True;0;15.5;18.0;17.0;482
11;16;0.0;3;True;1;7.04;53.0;24.0;273
5;20;0.0;6;False;0;23.96;41.0;6.0;315
2;8;0.0;2;True;0;6.1;49.0;0.0;529
2;7;0.0;0;False;1;3.28;52.0;19.0;14
3;18;0.0;0;False;0;7.04;33.0;41.0;184
3;23;0.0;4;True;0;14.56;72.0;13.0;97
2;23;0.0;6;False;1;8.92;40.0;26.0;74
9;2;0.0;6;False;0;24.9;70.0;11.0;69
4;20;0.0;4;True;0;12.68;33.0;17.0;280
7;7;0.0;0;False;0;24.9;79.0;6.0;47
12;22;1.0;2;False;1;6.1;70.0;11.0;19
12;4;0.0;4;True;1;3.28;87.0;22.0;3
6;16;0.0;0;False;0;31.48;36.0;19.0;508
10;23;0.0;4;True;1;17.38;83.0;9.0;135
1;19;0.0;2;True;0;12.68;51.0;6.0;331
5;6;0.0;3;True;0;18.32;88.0;7.0;160
7;18;0.0;1;True;0;27.72;58.0;28.0;812
3;7;0.0;5;True;0;6.1;70.0;0.0;262
3;3;0.0;1;True;0;13.62;82.0;13.0;1
12;8;0.0;6;False;1;4.22;81.0;0.0;44
9;16;0.0;6;False;0;26.78;51.0;22.0;680
12;6;0.0;2;True;1;7.98;71.0;20.0;118
10;0;0.0;4;True;0;13.62;88.0;13.0;57
8;0;0.0;5;True;1;23.02;69.0;0.0;111
6;10;0.0;0;False;0;19.26;64.0;0.0;436
10;15;0.0;2;True;0;17.38;41.0;22.0;346
2;20;0.0;5;True;0;7.98;49.0;7.0;163
11;17;0.0;6;False;0;15.5;45.0;13.0;501
12;4;0.0;1;True;0;-1.42;69.0;7.0;3
4;16;0.0;0;False;0;25.84;39.0;24.0;616
10;9;0.0;5;True;0;15.5;39.0;20.0;400
9;6;0.0;4;True;0;12.68;77.0;0.0;170
5;23;0.0;3;True;1;15.5;77.0;17.0;98
8;11;0.0;0;False;3;22.08;78.0;11.0;272
3;22;0.0;1;True;1;18.32;56.0;15.0;133
5;6;0.0;3;True;1;18.32;88.0;7.0;126
5;6;0.0;3;True;3;18.32;84.0;0.0;120
11;11;0.0;0;False;0;9.86;62.0;19.0;359
10;20;0.0;4;True;1;16.44;88.0;9.0;347
9;12;0.0;5;True;0;23.96;57.0;11.0;389
1;15;0.0;3;True;1;7.98;87.0;6.0;79
12;17;0.0;4;True;0;7.04;42.0;7.0;550
5;15;0.0;3;True;1;25.84;48.0;7.0;274
1;12;0.0;3;True;0;6.1;39.0;33.0;161
3;17;0.0;1;True;3;6.1;45.0;20.0;387
7;3;0.0;6;False;0;26.78;74.0;9.0;31
12;19;1.0;2;False;1;7.04;66.0;15.0;36
4;3;0.0;5;True;0;7.98;53.0;22.0;8
3;13;0.0;0;False;1;13.62;82.0;11.0;544
5;12;0.0;5;True;0;21.14;41.0;13.0;360
4;7;0.0;2;True;0;7.04;66.0;6.0;341
9;1;0.0;2;True;0;12.68;72.0;9.0;13
3;7;0.0;6;False;1;8.92;87.0;11.0;44
9;6;0.0;3;True;0;15.5;72.0;6.0;205
5;17;0.0;3;True;0;20.2;73.0;17.0;729
6;1;0.0;5;True;0;27.72;75.0;11.0;31
1;7;0.0;2;True;0;4.22;60.0;13.0;279
4;16;0.0;0;False;3;9.86;87.0;30.0;36
9;1;0.0;6;False;0;19.26;83.0;20.0;124
2;7;0.0;2;True;0;5.16;45.0;20.0;325
11;3;0.0;0;False;0;2.34;44.0;0.0;8
6;2;0.0;4;True;0;16.44;77.0;6.0;12
6;3;0.0;1;True;1;18.32;60.0;11.0;5
9;17;0.0;6;False;1;30.54;52.0;0.0;463
5;7;0.0;3;True;0;18.32;83.0;0.0;440
9;16;0.0;4;True;0;26.78;70.0;15.0;416
12;9;0.0;1;True;1;3.28;65.0;7.0;85
1;1;0.0;2;True;1;2.34;93.0;7.0;5
7;21;0.0;2;True;0;23.96;79.0;13.0;352
12;16;0.0;2;True;0;19.26;49.0;19.0;435
7;8;0.0;5;True;1;24.9;54.0;0.0;713
4;12;0.0;4;True;1;16.44;83.0;9.0;204
3;4;0.0;6;False;0;3.28;41.0;24.0;4
8;10;0.0;3;True;1;29.6;52.0;9.0;214
3;19;0.0;3;True;0;20.2;64.0;0.0;582
10;5;0.0;5;True;1;16.44;88.0;7.0;50
4;12;0.0;1;True;3;7.98;71.0;24.0;129
5;12;0.0;4;True;0;18.32;73.0;9.0;301
1;6;0.0;5;True;0;3.28;60.0;19.0;68
4;1;0.0;4;True;3;11.74;77.0;7.0;13
10;6;0.0;3;True;1;13.62;88.0;6.0;175
7;3;0.0;5;True;1;26.78;70.0;13.0;7
9;18;0.0;5;True;0;25.84;45.0;15.0;808
7;4;0.0;1;True;0;23.96;79.0;7.0;12
12;4;0.0;5;True;1;8.92;71.0;33.0;6
12;11;0.0;1;True;3;13.62;94.0;15.0;134
12;14;0.0;3;True;0;11.74;50.0;13.0;218
11;9;0.0;5;True;0;7.98;53.0;7.0;382
6;5;0.0;5;True;1;26.78;66.0;6.0;38
2;5;0.0;2;True;0;7.04;49.0;6.0;15
10;18;0.0;6;False;1;18.32;64.0;19.0;456
9;15;1.0;1;False;0;26.78;70.0;15.0;449
12;1;0.0;0;False;1;6.1;87.0;6.0;94
3;9;0.0;4;True;0;13.62;72.0;31.0;301
7;8;0.0;1;True;0;27.72;52.0;13.0;568
7;11;0.0;5;True;3;25.84;74.0;13.0;212
11;14;0.0;5;True;0;13.62;38.0;13.0;274
7;13;0.0;0;False;0;29.6;49.0;15.0;483
7;19;0.0;1;True;0;29.6;63.0;9.0;595
1;11;0.0;2;True;0;11.74;38.0;20.0;101
1;5;0.0;2;True;3;7.04;66.0;22.0;13
4;17;0.0;5;True;0;22.08;47.0;19.0;819
1;13;0.0;5;True;0;2.34;32.0;20.0;156
11;20;0.0;4;True;0;6.1;52.0;11.0;252
11;8;0.0;6;False;1;7.98;46.0;20.0;142
8;17;0.0;6;False;0;27.72;37.0;15.0;635
1;4;0.0;1;True;0;2.34;64.0;7.0;4
9;18;0.0;1;True;1;21.14;73.0;11.0;774
11;22;1.0;4;False;0;7.04;61.0;0.0;44
12;0;0.0;1;True;1;11.74;82.0;11.0;21
7;5;0.0;3;True;0;25.84;70.0;11.0;46
8;21;0.0;4;True;0;24.9;61.0;9.0;329
4;18;0.0;0;False;0;20.2;26.0;19.0;487
11;5;0.0;1;True;1;8.92;66.0;15.0;39
5;2;0.0;6;False;0;19.26;88.0;0.0;75
7;0;0.0;2;True;0;25.84;84.0;7.0;53
10;7;0.0;5;True;0;16.44;83.0;7.0;428
10;16;0.0;0;False;0;22.08;41.0;20.0;581
7;18;0.0;0;False;0;26.78;66.0;11.0;515
7;1;0.0;4;True;1;23.02;61.0;0.0;21
7;17;0.0;2;True;1;32.42;30.0;11.0;722
4;0;0.0;1;True;0;14.56;39.0;19.0;37
12;5;0.0;1;True;1;9.86;87.0;0.0;24
2;1;0.0;6;False;0;7.98;42.0;24.0;46
5;19;0.0;6;False;1;21.14;73.0;22.0;405
11;13;0.0;4;True;0;12.68;18.0;28.0;228
5;2;0.0;0;False;1;17.38;68.0;11.0;82
9;11;0.0;2;True;0;20.2;46.0;20.0;218
7;15;0.0;1;True;1;27.72;45.0;15.0;280
10;3;0.0;5;True;0;8.92;76.0;6.0;6
1;15;0.0;1;True;3;2.34;75.0;11.0;69
6;17;0.0;2;True;0;29.6;55.0;13.0;811
4;8;0.0;4;True;0;7.04;66.0;22.0;624
11;13;0.0;6;False;0;16.44;39.0;0.0;651
8;12;0.0;5;True;0;32.42;26.0;17.0;410
11;5;0.0;3;True;1;5.16;52.0;22.0;27
10;0;0.0;3;True;0;9.86;76.0;0.0;49
12;13;0.0;6;False;0;9.86;54.0;17.0;456
4;15;0.0;4;True;0;14.56;31.0;17.0;211
9;0;0.0;5;True;0;17.38;68.0;0.0;66
12;12;0.0;3;True;0;12.68;41.0;19.0;232
8;19;0.0;0;False;0;26.78;40.0;9.0;465
4;14;0.0;3;True;1;21.14;46.0;13.0;258
8;0;0.0;3;True;0;21.14;83.0;7.0;55
8;5;0.0;3;True;1;23.96;89.0;11.0;43
2;2;0.0;6;False;0;3.28;70.0;6.0;44
3;15;0.0;5;True;1;11.74;50.0;20.0;78
11;1;0.0;5;True;0;7.04;66.0;11.0;24
8;8;0.0;6;False;0;22.08;69.0;17.0;189
2;17;0.0;0;False;1;6.1;49.0;17.0;157
2;20;0.0;4;True;0;8.92;46.0;35.0;213
4;21;0.0;0;False;3;8.92;87.0;26.0;11
9;17;1.0;1;False;0;26.78;70.0;9.0;498
7;20;0.0;4;True;1;32.42;41.0;15.0;321
10;14;0.0;1;True;1;20.2;78.0;19.0;185
12;13;0.0;0;False;0;6.1;36.0;44.0;169
10;21;0.0;4;True;1;17.38;77.0;13.0;283
8;0;0.0;5;True;0;23.96;83.0;11.0;82
8;21;0.0;4;True;0;25.84;66.0;9.0;307
12;1;1.0;2;False;1;4.22;87.0;11.0;13
11;15;0.0;1;True;0;12.68;54.0;13.0;257
2;22;0.0;2;True;0;7.04;57.0;13.0;118
10;15;0.0;6;False;0;20.2;46.0;28.0;620
8;13;0.0;0;False;3;23.02;78.0;28.0;541
4;4;0.0;0;False;0;10.8;40.0;0.0;7
8;18;0.0;4;True;0;29.6;38.0;9.0;853
3;1;0.0;4;True;0;15.5;59.0;7.0;23
4;20;0.0;6;False;3;15.5;82.0;20.0;39
6;13;0.0;0;False;0;23.96;36.0;19.0;686
2;14;0.0;2;True;0;10.8;40.0;15.0;124
7;17;0.0;5;True;0;35.24;29.0;0.0;576
6;17;0.0;6;False;0;30.54;26.0;17.0;530
8;16;0.0;2;True;0;30.54;33.0;22.0;480
5;13;0.0;0;False;0;27.72;58.0;13.0;498
12;22;0.0;6;False;1;4.22;60.0;31.0;54
5;5;0.0;3;True;0;17.38;90.0;9.0;33
9;9;0.0;5;True;1;21.14;78.0;11.0;347
11;18;0.0;5;True;0;7.98;53.0;11.0;505
4;10;0.0;6;False;0;11.74;28.0;17.0;363
7;23;0.0;3;True;0;23.96;57.0;20.0;239
10;7;0.0;5;True;3;17.38;94.0;0.0;154
2;5;0.0;0;False;1;4.22;48.0;20.0;2
5;0;0.0;1;True;1;16.44;77.0;9.0;34
7;9;0.0;1;True;1;26.78;74.0;9.0;345
8;1;0.0;0;False;0;22.08;89.0;13.0;134
11;17;0.0;0;False;0;17.38;45.0;11.0;493
4;5;0.0;4;True;1;14.56;63.0;9.0;17
5;5;0.0;4;True;0;21.14;69.0;17.0;33
2;19;0.0;2;True;1;8.92;50.0;11.0;281
6;13;0.0;6;False;0;30.54;34.0;13.0;564
11;4;0.0;5;True;0;3.28;75.0;7.0;4
4;4;0.0;6;False;0;7.04;36.0;11.0;7
11;20;0.0;2;True;0;4.22;75.0;22.0;232
12;21;0.0;6;False;1;6.1;87.0;0.0;158
4;16;0.0;4;True;0;14.56;31.0;19.0;353
9;3;0.0;5;True;0;15.5;77.0;6.0;12
6;14;0.0;3;True;0;33.36;39.0;13.0;190
3;13;0.0;1;True;0;21.14;61.0;17.0;263
4;19;0.0;3;True;0;10.8;40.0;24.0;384
10;1;0.0;6;False;0;7.98;53.0;9.0;146
2;3;0.0;3;True;0;4.22;65.0;0.0;1
12;17;0.0;6;False;0;4.22;79.0;7.0;118
3;23;0.0;3;True;0;17.38;68.0;9.0;93
4;3;0.0;3;True;1;15.5;42.0;15.0;6
10;2;0.0;2;True;3;8.92;87.0;17.0;7
10;1;0.0;4;True;0;12.68;47.0;13.0;11
9;15;0.0;2;True;3;20.2;88.0;17.0;36
11;12;0.0;5;True;0;12.68;38.0;17.0;379
1;9;0.0;6;False;0;2.34;80.0;9.0;130
4;4;0.0;0;False;1;17.38;52.0;0.0;12
11;10;0.0;1;True;1;8.92;66.0;17.0;139
12;18;0.0;3;True;0;9.86;50.0;24.0;569
1;2;0.0;1;True;1;0.46;86.0;7.0;2
8;5;0.0;1;True;0;24.9;79.0;13.0;25
7;10;0.0;2;True;0;30.54;43.0;15.0;209
12;9;0.0;5;True;1;6.1;81.0;9.0;301
12;18;0.0;6;False;1;7.98;76.0;0.0;297
10;18;0.0;2;True;1;15.5;72.0;15.0;784
1;18;0.0;0;False;0;7.98;23.0;24.0;168
3;5;0.0;0;False;1;10.8;94.0;7.0;6
1;13;0.0;5;True;0;4.22;33.0;35.0;154
1;3;0.0;1;True;0;3.28;52.0;11.0;3
7;9;0.0;2;True;1;30.54;49.0;15.0;320
1;16;0.0;0;False;0;8.92;21.0;28.0;322
5;21;0.0;1;True;0;21.14;69.0;6.0;241
1;13;0.0;3;True;0;7.98;49.0;9.0;212
1;0;0.0;0;False;0;8.92;66.0;0.0;48
7;22;0.0;1;True;1;25.84;58.0;7.0;224
9;20;0.0;4;True;1;22.08;69.0;15.0;457
5;0;0.0;4;True;0;20.2;78.0;9.0;79
10;3;0.0;5;True;0;17.38;73.0;0.0;16
1;5;0.0;5;True;0;2.34;60.0;7.0;19
10;17;0.0;1;True;0;21.14;33.0;7.0;922
5;9;0.0;6;False;0;18.32;43.0;11.0;292
1;20;0.0;0;False;1;12.68;62.0;20.0;83
10;13;0.0;0;False;0;18.32;37.0;17.0;626
3;0;0.0;2;True;1;18.32;52.0;13.0;26
2;16;0.0;2;True;0;11.74;28.0;6.0;287
5;21;0.0;3;True;3;15.5;82.0;11.0;34
5;9;0.0;0;False;0;20.2;56.0;9.0;222
1;22;1.0;1;False;1;2.34;44.0;19.0;39
6;11;0.0;0;False;0;22.08;41.0;17.0;511
8;4;0.0;6;False;0;21.14;83.0;7.0;10
7;14;0.0;4;True;0;34.3;47.0;17.0;213
4;7;0.0;4;True;0;6.1;65.0;22.0;306
6;17;0.0;2;True;0;25.84;28.0;28.0;900
3;12;0.0;4;True;1;18.32;60.0;30.0;251
10;20;0.0;5;True;0;20.2;78.0;9.0;372
9;20;0.0;0;False;1;24.9;84.0;11.0;104
8;7;0.0;2;True;1;23.02;83.0;7.0;269
2;4;0.0;0;False;1;5.16;41.0;26.0;3
3;0;0.0;4;True;0;16.44;83.0;6.0;41
8;2;0.0;1;True;1;25.84;79.0;9.0;5
6;1;0.0;6;False;0;23.02;78.0;9.0;123
5;11;0.0;4;True;0;23.02;65.0;9.0;221
4;3;0.0;4;True;1;14.56;55.0;6.0;6
7;11;0.0;2;True;0;32.42;34.0;13.0;217
9;4;0.0;2;True;1;23.02;89.0;0.0;8
1;6;0.0;0;False;0;4.22;93.0;9.0;2
11;16;0.0;2;True;1;6.1;75.0;20.0;257
4;18;0.0;0;False;0;21.14;25.0;22.0;310
4;21;0.0;6;False;0;15.5;20.0;13.0;234
4;5;0.0;5;True;1;7.98;53.0;11.0;21
3;5;0.0;5;True;0;7.04;61.0;6.0;26
5;10;0.0;4;True;0;18.32;52.0;17.0;205
11;2;0.0;4;True;1;4.22;70.0;11.0;7
1;21;0.0;6;False;0;0.46;74.0;22.0;69
3;1;0.0;1;True;0;13.62;88.0;7.0;15
8;4;0.0;0;False;0;22.08;69.0;6.0;10
1;16;0.0;4;True;0;8.92;34.0;19.0;197
11;8;0.0;3;True;0;3.28;60.0;19.0;692
5;7;0.0;6;False;0;11.74;71.0;9.0;67
10;22;0.0;1;True;3;17.38;77.0;6.0;207
4;4;0.0;5;True;0;11.74;94.0;7.0;3
1;4;0.0;1;True;1;1.4;80.0;0.0;1
10;21;0.0;2;True;1;6.1;87.0;7.0;64
9;6;0.0;6;False;1;23.02;89.0;19.0;34
7;17;0.0;5;True;0;32.42;41.0;19.0;699
6;12;0.0;1;True;0;22.08;41.0;30.0;282
11;15;0.0;3;True;0;8.92;32.0;22.0;179
8;12;0.0;4;True;0;28.66;38.0;0.0;332
6;13;0.0;4;True;0;34.3;35.0;0.0;172
6;9;0.0;2;True;1;22.08;89.0;19.0;285
2;9;0.0;1;True;0;0.46;80.0;7.0;277
12;14;0.0;0;False;1;9.86;87.0;13.0;232
7;18;0.0;6;False;0;36.18;29.0;6.0;277
11;7;0.0;4;True;1;6.1;65.0;13.0;410
2;9;0.0;1;True;0;4.22;60.0;13.0;230
10;17;0.0;3;True;0;17.38;56.0;7.0;888
4;4;0.0;2;True;0;23.02;44.0;15.0;9
12;18;0.0;1;True;1;4.22;48.0;9.0;122
5;2;0.0;4;True;1;13.62;88.0;9.0;17
7;21;0.0;0;False;0;31.48;39.0;9.0;258
6;13;0.0;1;True;0;22.08;41.0;24.0;274
6;12;0.0;3;True;0;32.42;47.0;11.0;180
8;1;0.0;2;True;0;24.9;84.0;9.0;18
5;18;0.0;6;False;1;27.72;52.0;13.0;415
9;20;0.0;6;False;3;27.72;67.0;17.0;207
1;16;0.0;3;True;1;7.98;87.0;17.0;118
2;6;0.0;4;True;3;8.92;90.0;0.0;74
10;2;0.0;3;True;0;17.38;68.0;0.0;6
12;7;0.0;1;True;1;7.98;93.0;0.0;396
11;8;0.0;3;True;0;5.16;56.0;20.0;691
10;6;0.0;0;False;0;10.8;82.0;11.0;24
10;10;0.0;5;True;0;16.44;36.0;20.0;275
5;3;0.0;2;True;1;15.5;77.0;0.0;3
2;15;0.0;4;True;0;7.04;36.0;20.0;134
6;10;0.0;6;False;0;24.9;51.0;7.0;466
11;12;0.0;2;True;1;11.74;67.0;0.0;313
8;16;0.0;0;False;0;30.54;46.0;17.0;421
7;3;0.0;4;True;0;25.84;54.0;13.0;7
8;20;0.0;3;True;0;26.78;66.0;11.0;513
4;20;0.0;0;False;0;18.32;32.0;6.0;243
1;17;0.0;4;True;1;11.74;71.0;0.0;413
6;14;0.0;5;True;0;37.12;36.0;15.0;233
3;3;0.0;1;True;0;8.92;50.0;9.0;2
2;17;0.0;5;True;3;11.74;94.0;7.0;256
7;4;0.0;2;True;0;23.02;83.0;6.0;6
10;21;0.0;0;False;0;11.74;54.0;11.0;166
3;2;0.0;5;True;0;8.92;53.0;20.0;7
8;7;0.0;1;True;0;23.02;83.0;0.0;433
7;5;0.0;2;True;0;23.96;74.0;6.0;38
3;12;0.0;5;True;1;12.68;82.0;9.0;294
6;7;0.0;4;True;1;24.9;84.0;6.0;463
4;16;0.0;0;False;0;16.44;52.0;17.0;511
4;5;0.0;3;True;0;7.98;66.0;0.0;24
12;23;0.0;0;False;1;11.74;82.0;9.0;51
9;1;0.0;0;False;0;15.5;59.0;0.0;116
4;3;0.0;6;False;0;7.98;49.0;15.0;26
7;23;0.0;6;False;0;23.02;83.0;6.0;208
6;5;0.0;6;False;0;15.5;72.0;13.0;12
10;1;0.0;2;True;0;12.68;67.0;13.0;13
3;4;0.0;6;False;0;11.74;77.0;28.0;8
2;0;0.0;2;True;0;6.1;70.0;13.0;23
4;19;0.0;2;True;0;18.32;26.0;7.0;558
10;16;0.0;6;False;0;17.38;42.0;19.0;691
5;18;0.0;2;True;0;24.9;61.0;6.0;733
6;8;0.0;1;True;1;17.38;83.0;13.0;474
12;6;0.0;6;False;1;8.92;93.0;7.0;20
4;16;0.0;4;True;1;16.44;83.0;15.0;318
8;4;0.0;5;True;1;22.08;73.0;0.0;8
6;13;0.0;1;True;1;29.6;41.0;20.0;248
1;16;0.0;1;True;0;7.98;25.0;13.0;221
1;17;0.0;3;True;0;8.92;53.0;11.0;470
2;17;0.0;6;False;3;6.1;70.0;13.0;67
6;15;0.0;0;False;0;31.48;30.0;15.0;475
1;22;0.0;1;True;1;1.4;92.0;7.0;62
6;18;0.0;5;True;1;29.6;55.0;13.0;505
8;4;0.0;1;True;1;25.84;74.0;9.0;11
5;19;0.0;3;True;3;15.5;77.0;24.0;98
10;12;0.0;0;False;1;11.74;71.0;0.0;392
4;11;0.0;0;False;0;13.62;51.0;0.0;411
2;22;0.0;5;True;0;10.8;37.0;39.0;106
12;8;0.0;2;True;1;12.68;88.0;11.0;721
10;0;0.0;1;True;0;13.62;72.0;7.0;45
9;4;0.0;1;True;0;16.44;68.0;19.0;5
9;6;0.0;0;False;0;16.44;77.0;13.0;35
8;10;0.0;1;True;1;27.72;40.0;0.0;199
7;13;0.0;6;False;3;20.2;83.0;11.0;354
5;12;0.0;3;True;1;21.14;57.0;15.0;280
11;22;0.0;6;False;0;7.04;57.0;7.0;146
3;5;0.0;6;False;0;10.8;82.0;15.0;5
10;15;0.0;0;False;3;11.74;77.0;9.0;306
12;6;0.0;5;True;1;7.98;57.0;39.0;80
8;9;0.0;0;False;0;29.6;59.0;24.0;229
12;18;0.0;1;True;1;13.62;88.0;19.0;564
1;21;0.0;4;True;1;10.8;76.0;7.0;192
4;21;0.0;3;True;0;7.98;57.0;26.0;165
2;19;0.0;3;True;1;10.8;87.0;7.0;102
4;6;0.0;5;True;0;7.04;57.0;11.0;84
2;2;0.0;4;True;1;11.74;67.0;9.0;9
11;5;0.0;2;True;1;6.1;81.0;15.0;31
3;11;0.0;5;True;1;12.68;77.0;0.0;207
8;19;0.0;4;True;0;27.72;48.0;9.0;610
4;7;0.0;6;False;0;15.5;82.0;19.0;76
7;14;0.0;0;False;0;34.3;37.0;17.0;476
1;8;0.0;4;True;0;-2.36;54.0;7.0;423
9;2;0.0;0;False;0;14.56;63.0;0.0;92
9;18;1.0;1;False;0;26.78;66.0;11.0;482
10;8;0.0;6;False;0;18.32;83.0;13.0;206
4;7;0.0;6;False;0;8.92;71.0;7.0;64
8;1;0.0;0;False;0;26.78;70.0;17.0;87
10;9;1.0;1;False;1;9.86;66.0;11.0;332
3;17;0.0;3;True;0;24.9;28.0;6.0;782
10;16;0.0;2;True;0;23.96;44.0;6.0;541
5;3;0.0;1;True;1;18.32;88.0;20.0;2
8;8;0.0;4;True;1;23.02;74.0;6.0;707
8;0;0.0;4;True;0;22.08;69.0;0.0;65
6;20;0.0;1;True;1;21.14;73.0;9.0;362
12;9;0.0;0;False;1;10.8;87.0;17.0;103
9;22;0.0;2;True;0;20.2;56.0;19.0;188
3;13;0.0;3;True;0;15.5;34.0;28.0;205
1;1;0.0;0;False;0;7.98;42.0;13.0;72
3;14;0.0;5;True;0;11.74;28.0;31.0;178
6;19;0.0;2;True;0;29.6;59.0;15.0;514
4;17;0.0;0;False;0;16.44;55.0;19.0;555
5;1;0.0;4;True;0;20.2;83.0;11.0;28
12;19;0.0;1;True;1;4.22;60.0;11.0;119
12;22;0.0;0;False;0;1.4;55.0;13.0;36
8;10;0.0;5;True;1;29.6;52.0;13.0;249
1;5;0.0;3;True;0;-7.06;41.0;13.0;14
10;4;0.0;6;False;0;17.38;83.0;17.0;11
9;15;0.0;6;False;3;18.32;88.0;17.0;512
3;9;0.0;3;True;0;16.44;68.0;0.0;351
11;1;0.0;0;False;0;7.98;76.0;6.0;108
6;5;0.0;5;True;0;24.9;61.0;7.0;45
2;2;0.0;4;True;0;2.34;80.0;9.0;2
11;7;0.0;6;False;0;4.22;87.0;7.0;71
6;16;0.0;3;True;0;25.84;30.0;33.0;392
7;17;0.0;1;True;0;28.66;40.0;11.0;849
10;4;0.0;3;True;0;15.5;77.0;6.0;6
7;13;0.0;4;True;0;31.48;47.0;9.0;254
8;10;0.0;5;True;0;27.72;62.0;6.0;256
11;22;0.0;0;False;0;3.28;60.0;0.0;62
2;6;0.0;6;False;0;3.28;70.0;0.0;9
1;21;0.0;0;False;0;-0.48;40.0;11.0;72
1;0;1.0;1;False;0;10.8;40.0;31.0;39
6;20;0.0;4;True;0;23.02;36.0;20.0;478
4;18;0.0;5;True;0;17.38;26.0;9.0;671
5;10;0.0;0;False;0;23.02;34.0;20.0;432
3;4;0.0;6;False;1;8.92;93.0;13.0;2
9;22;0.0;6;False;1;19.26;78.0;20.0;194
8;2;0.0;1;True;0;21.14;88.0;9.0;8
2;5;0.0;1;True;0;2.34;80.0;9.0;16
5;9;0.0;1;True;1;15.5;82.0;15.0;350
5;10;0.0;5;True;1;21.14;73.0;9.0;199
2;11;0.0;0;False;0;5.16;41.0;19.0;227
2;21;0.0;1;True;0;5.16;45.0;9.0;147
8;10;0.0;3;True;0;25.84;66.0;6.0;236
7;4;0.0;6;False;3;23.02;61.0;7.0;9
8;16;0.0;5;True;0;28.66;55.0;20.0;467
12;1;0.0;3;True;1;4.22;65.0;20.0;7
1;20;0.0;5;True;1;1.4;34.0;6.0;142
11;13;0.0;6;False;1;8.92;46.0;24.0;449
10;16;0.0;5;True;3;21.14;69.0;24.0;565
9;23;0.0;6;False;0;23.02;89.0;6.0;145
5;16;0.0;0;False;1;21.14;61.0;0.0;544
9;0;0.0;0;False;0;17.38;64.0;0.0;151
7;20;0.0;2;True;3;27.72;55.0;33.0;376
9;13;0.0;4;True;1;25.84;79.0;7.0;191
12;7;0.0;6;False;1;3.28;87.0;9.0;63
8;18;0.0;5;True;1;25.84;62.0;13.0;736
5;13;0.0;2;True;3;22.08;73.0;13.0;239
1;0;0.0;0;False;0;9.86;40.0;19.0;91
11;2;0.0;6;False;1;7.98;49.0;17.0;46
12;14;0.0;1;True;0;20.2;53.0;0.0;260
11;23;0.0;3;True;3;5.16;65.0;15.0;40
6;17;0.0;4;True;0;33.36;37.0;0.0;615
5;23;0.0;2;True;3;21.14;94.0;0.0;50
6;20;0.0;0;False;0;21.14;57.0;13.0;302
5;17;0.0;2;True;0;26.78;48.0;6.0;681
11;11;0.0;6;False;0;10.8;58.0;7.0;466
9;18;0.0;3;True;0;19.26;40.0;19.0;892
6;15;0.0;3;True;0;25.84;32.0;33.0;281
9;3;0.0;4;True;0;24.9;84.0;7.0;9
1;22;0.0;0;False;1;-0.48;93.0;6.0;58
9;11;0.0;0;False;0;22.08;47.0;11.0;559
5;3;0.0;6;False;0;14.56;59.0;0.0;34
9;20;0.0;5;True;3;20.2;53.0;11.0;336
3;20;0.0;1;True;1;18.32;49.0;15.0;286
9;6;0.0;2;True;1;22.08;89.0;22.0;167
4;23;0.0;5;True;0;11.74;30.0;19.0;113
11;13;0.0;0;False;0;10.8;62.0;22.0;447
4;22;0.0;6;False;0;14.56;82.0;20.0;110
5;8;0.0;2;True;1;16.44;94.0;19.0;557
10;18;0.0;4;True;0;13.62;44.0;11.0;692
10;3;0.0;3;True;1;20.2;94.0;0.0;7
1;5;0.0;2;True;0;10.8;47.0;15.0;23
10;22;0.0;6;False;0;12.68;51.0;7.0;202
10;11;0.0;1;True;0;19.26;46.0;0.0;272
5;11;0.0;4;True;0;25.84;37.0;19.0;218
1;9;0.0;4;True;1;2.34;69.0;0.0;227
2;6;0.0;1;True;0;3.28;70.0;17.0;90
5;8;0.0;3;True;1;18.32;88.0;0.0;666
8;6;0.0;2;True;3;22.08;83.0;13.0;64
10;11;0.0;3;True;0;17.38;52.0;13.0;291
4;16;0.0;3;True;0;12.68;33.0;20.0;307
9;8;0.0;6;False;0;15.5;68.0;19.0;211
5;22;0.0;2;True;0;21.14;73.0;6.0;174
3;4;0.0;4;True;1;14.56;100.0;6.0;6
8;5;0.0;2;True;1;23.02;83.0;6.0;42
5;22;0.0;1;True;1;17.38;45.0;17.0;173
4;10;0.0;5;True;0;12.68;38.0;13.0;192
12;16;1.0;2;False;1;8.92;50.0;17.0;86
10;15;0.0;5;True;0;22.08;65.0;20.0;395
4;13;0.0;1;True;0;13.62;36.0;20.0;281
3;18;0.0;4;True;0;17.38;34.0;24.0;525
6;5;0.0;6;False;1;22.08;83.0;13.0;12
10;2;0.0;5;True;1;17.38;88.0;0.0;10
11;10;0.0;4;True;0;5.16;65.0;6.0;178
9;22;0.0;4;True;0;22.08;89.0;11.0;217
12;1;0.0;1;True;0;0.46;55.0;13.0;19
5;22;0.0;5;True;0;20.2;83.0;9.0;232
5;22;0.0;3;True;0;23.02;69.0;7.0;217
5;8;0.0;4;True;3;13.62;88.0;13.0;627
10;10;0.0;2;True;0;17.38;60.0;0.0;221
10;2;0.0;2;True;1;17.38;77.0;7.0;2
8;20;0.0;6;False;3;23.02;89.0;28.0;160
6;6;0.0;0;False;0;21.14;73.0;0.0;30
12;2;0.0;5;True;0;3.28;60.0;17.0;5
11;14;0.0;4;True;1;9.86;54.0;11.0;201
4;0;0.0;3;True;0;17.38;32.0;11.0;38
1;22;0.0;6;False;0;-0.48;47.0;24.0;66
9;18;0.0;1;True;0;17.38;37.0;11.0;853
8;1;0.0;1;True;0;20.2;83.0;11.0;10
6;13;0.0;1;True;0;25.84;51.0;20.0;260
5;7;0.0;6;False;0;13.62;67.0;7.0;95
1;14;0.0;6;False;3;1.4;80.0;13.0;95
10;14;0.0;2;True;0;23.96;41.0;11.0;296
11;18;0.0;0;False;0;4.22;44.0;11.0;141
8;9;0.0;6;False;0;23.02;65.0;19.0;292
5;21;0.0;5;True;0;22.08;69.0;13.0;235
2;16;0.0;4;True;0;7.98;36.0;0.0;238
4;11;0.0;3;True;3;13.62;47.0;17.0;119
9;12;0.0;6;False;0;25.84;54.0;20.0;688
9;8;0.0;3;True;0;18.32;64.0;7.0;770
1;3;0.0;0;False;1;-0.48;48.0;26.0;25
12;16;0.0;1;True;1;4.22;48.0;13.0;214
3;5;0.0;4;True;1;14.56;100.0;6.0;34
7;4;0.0;0;False;0;28.66;66.0;7.0;13
4;3;0.0;4;True;0;7.04;61.0;17.0;5
11;16;0.0;0;False;1;10.8;62.0;22.0;372
9;3;0.0;6;False;0;20.2;73.0;17.0;37
10;17;0.0;2;True;0;23.96;41.0;0.0;938
4;14;0.0;6;False;0;11.74;38.0;7.0;440
7;8;0.0;3;True;1;23.96;79.0;11.0;674
11;23;0.0;4;True;1;7.04;61.0;11.0;125
12;5;0.0;0;False;0;1.4;51.0;0.0;6
6;16;0.0;5;True;0;25.84;37.0;13.0;558
9;12;0.0;3;True;0;20.2;43.0;17.0;313
7;8;0.0;4;True;0;29.6;49.0;9.0;550
6;19;0.0;1;True;1;27.72;48.0;22.0;596
9;12;0.0;6;False;1;29.6;55.0;11.0;471
12;17;0.0;6;False;0;5.16;41.0;20.0;114
2;9;0.0;6;False;3;2.34;75.0;22.0;122
6;23;0.0;6;False;0;23.96;61.0;11.0;230
10;22;0.0;4;True;0;22.08;47.0;9.0;232
10;16;0.0;4;True;0;20.2;56.0;19.0;450
6;0;0.0;4;True;0;20.2;53.0;20.0;48
8;10;0.0;2;True;1;26.78;70.0;9.0;250
8;15;0.0;6;False;0;29.6;46.0;19.0;562
8;11;0.0;3;True;0;27.72;58.0;6.0;234
4;16;0.0;0;False;0;20.2;28.0;13.0;587
10;0;0.0;4;True;3;22.08;89.0;0.0;76
3;0;0.0;6;False;3;8.92;93.0;6.0;22
7;14;0.0;3;True;0;36.18;38.0;22.0;170
12;19;0.0;4;True;0;6.1;45.0;11.0;348
11;21;0.0;2;True;1;6.1;56.0;17.0;151
1;16;0.0;4;True;0;13.62;67.0;13.0;281
6;18;0.0;5;True;0;37.12;31.0;0.0;464
10;15;0.0;4;True;0;25.84;54.0;19.0;325
11;10;0.0;6;False;0;10.8;58.0;0.0;350
12;0;0.0;1;True;3;8.92;100.0;6.0;20
6;21;0.0;6;False;0;27.72;33.0;9.0;322
3;10;0.0;3;True;1;16.44;83.0;11.0;154
1;8;0.0;2;True;1;0.46;93.0;11.0;471
11;19;0.0;1;True;0;7.04;49.0;11.0;372
7;17;0.0;1;True;3;27.72;66.0;39.0;755
6;4;0.0;2;True;0;17.38;45.0;20.0;10
6;9;0.0;0;False;0;24.9;58.0;0.0;266
2;2;0.0;5;True;1;6.1;93.0;7.0;12
12;6;0.0;5;True;1;5.16;75.0;11.0;84
5;14;0.0;4;True;0;22.08;38.0;13.0;270
5;17;0.0;4;True;0;25.84;54.0;9.0;704
10;9;0.0;2;True;1;15.5;72.0;7.0;334
4;7;0.0;2;True;0;7.04;66.0;19.0;390
5;3;0.0;4;True;1;13.62;88.0;0.0;6
1;7;0.0;2;True;3;6.1;81.0;15.0;126
2;11;0.0;0;False;1;4.22;56.0;22.0;226
12;2;0.0;3;True;0;5.16;65.0;6.0;3
11;18;0.0;2;True;0;7.04;57.0;20.0;497
5;12;0.0;0;False;0;26.78;66.0;17.0;570
4;4;0.0;4;True;1;11.74;71.0;0.0;4
3;17;0.0;1;True;0;22.08;53.0;15.0;721
11;22;0.0;5;True;0;7.04;53.0;17.0;162
9;11;0.0;4;True;0;23.02;50.0;11.0;254
4;23;0.0;6;False;1;13.62;82.0;19.0;91
3;1;0.0;6;False;1;10.8;76.0;13.0;82
11;16;0.0;1;True;0;12.68;30.0;0.0;346
8;0;0.0;6;False;0;26.78;79.0;11.0;161
5;11;0.0;3;True;1;23.02;65.0;13.0;208
5;8;0.0;0;False;0;18.32;56.0;11.0;171
1;13;0.0;3;True;1;-1.42;43.0;17.0;91
5;22;0.0;1;True;1;19.26;78.0;6.0;129
11;19;1.0;4;False;0;8.92;76.0;0.0;44
2;21;0.0;1;True;0;13.62;36.0;19.0;195
2;1;0.0;2;True;0;9.86;62.0;11.0;6
2;23;0.0;0;False;1;2.34;93.0;11.0;35
1;16;0.0;2;True;0;10.8;71.0;9.0;278
5;19;0.0;2;True;0;23.02;69.0;15.0;364
12;1;0.0;2;True;0;11.74;82.0;7.0;25
5;7;0.0;3;True;0;19.26;83.0;0.0;468
9;2;0.0;5;True;0;21.14;83.0;6.0;11
4;18;0.0;4;True;0;15.5;27.0;26.0;610
8;16;0.0;6;False;0;29.6;46.0;20.0;531
3;2;0.0;6;False;1;12.68;88.0;0.0;42
9;6;0.0;3;True;0;17.38;73.0;13.0;182
3;21;0.0;4;True;0;20.2;43.0;26.0;233
1;0;0.0;5;True;0;2.34;75.0;6.0;25
5;8;0.0;3;True;0;19.26;83.0;0.0;650
8;7;0.0;1;True;3;25.84;70.0;13.0;407
9;23;0.0;5;True;1;18.32;56.0;13.0;190
12;0;0.0;6;False;0;6.1;70.0;0.0;94
10;7;1.0;1;False;1;7.98;76.0;11.0;154
12;8;0.0;3;True;1;12.68;58.0;19.0;759
5;16;0.0;4;True;0;27.72;33.0;19.0;487
10;9;0.0;1;True;0;13.62;63.0;6.0;360
4;17;0.0;0;False;3;8.92;93.0;30.0;27
9;0;0.0;6;False;0;23.02;89.0;17.0;150
4;10;0.0;3;True;3;14.56;47.0;15.0;147
7;23;0.0;3;True;0;27.72;58.0;6.0;131
6;20;0.0;6;False;0;28.66;31.0;13.0;386
7;6;0.0;0;False;0;28.66;70.0;9.0;21
5;12;0.0;1;True;1;20.2;83.0;17.0;170
7;0;0.0;1;True;1;27.72;58.0;15.0;43
3;19;0.0;5;True;0;10.8;62.0;15.0;395
3;7;0.0;2;True;3;16.44;94.0;15.0;170
5;22;0.0;5;True;0;18.32;35.0;15.0;234
3;16;0.0;3;True;0;18.32;37.0;28.0;288
5;11;0.0;6;False;0;24.9;74.0;13.0;520
8;2;0.0;6;False;1;23.02;74.0;6.0;79
6;21;0.0;6;False;0;30.54;52.0;11.0;213
5;6;0.0;1;True;3;16.44;94.0;20.0;65
12;0;0.0;5;True;0;3.28;70.0;7.0;48
3;7;0.0;1;True;0;0.46;59.0;9.0;260
11;6;0.0;1;True;1;6.1;49.0;19.0;139
9;4;0.0;2;True;1;21.14;94.0;24.0;7
12;13;0.0;6;False;3;1.4;100.0;0.0;84
10;8;0.0;5;True;1;17.38;94.0;7.0;467
11;19;0.0;3;True;0;7.04;36.0;11.0;387
9;23;0.0;6;False;0;17.38;60.0;0.0;229
11;5;0.0;2;True;1;7.98;66.0;9.0;34
6;12;0.0;2;True;0;24.9;65.0;6.0;292
9;0;0.0;6;False;0;26.78;62.0;7.0;168
4;10;0.0;3;True;1;17.38;45.0;9.0;167
2;2;1.0;1;False;1;3.28;87.0;6.0;20
8;18;0.0;2;True;1;27.72;62.0;11.0;814
8;8;0.0;3;True;1;23.02;78.0;13.0;681
6;7;0.0;3;True;0;20.2;43.0;24.0;527
4;9;0.0;6;False;0;10.8;30.0;17.0;276
9;2;0.0;6;False;0;18.32;88.0;17.0;83
1;9;0.0;0;False;1;-0.48;74.0;15.0;63
12;17;0.0;2;True;0;7.04;53.0;15.0;601
10;11;0.0;3;True;0;19.26;64.0;0.0;236
11;14;0.0;2;True;1;12.68;58.0;7.0;224
9;17;0.0;6;False;0;26.78;51.0;22.0;646
3;14;0.0;2;True;1;20.2;73.0;11.0;248
12;13;0.0;2;True;1;17.38;64.0;11.0;272
3;3;0.0;4;True;0;13.62;94.0;15.0;3
11;17;0.0;3;True;0;7.98;31.0;9.0;563
3;21;0.0;0;False;0;11.74;54.0;15.0;147
10;0;0.0;6;False;0;8.92;57.0;6.0;249
8;23;0.0;0;False;1;25.84;79.0;11.0;87
2;7;0.0;6;False;0;3.28;70.0;0.0;41
7;20;0.0;1;True;0;25.84;70.0;15.0;462
2;11;0.0;3;True;3;6.1;87.0;13.0;10
9;19;0.0;2;True;0;27.72;70.0;15.0;552
5;15;0.0;3;True;0;25.84;51.0;9.0;275
4;8;0.0;6;False;0;8.92;71.0;9.0;160
10;14;0.0;2;True;0;17.38;39.0;17.0;308
10;3;0.0;1;True;0;12.68;77.0;0.0;7
9;18;0.0;2;True;0;22.08;36.0;11.0;877
12;9;0.0;6;False;0;4.22;48.0;26.0;90
5;23;0.0;5;True;0;16.44;55.0;0.0;174
7;12;0.0;0;False;0;31.48;47.0;7.0;489
10;14;0.0;5;True;1;20.2;64.0;9.0;351
3;15;0.0;1;True;0;18.32;40.0;9.0;233
12;12;0.0;1;True;1;3.28;56.0;13.0;224
1;4;0.0;3;True;0;1.4;80.0;9.0;2
1;14;0.0;5;True;0;13.62;36.0;13.0;178
6;4;0.0;4;True;0;21.14;61.0;7.0;11
8;8;0.0;0;False;0;23.96;79.0;19.0;133
2;13;0.0;4;True;0;6.1;42.0;22.0;154
12;5;0.0;3;True;0;15.5;59.0;19.0;49
10;1;0.0;4;True;0;13.62;82.0;15.0;14
9;19;0.0;4;True;0;23.96;74.0;17.0;558
1;6;0.0;6;False;0;3.28;70.0;0.0;15
3;18;0.0;4;True;1;21.14;38.0;37.0;590
3;22;0.0;3;True;0;18.32;64.0;9.0;172
5;23;0.0;1;True;0;21.14;73.0;19.0;97
10;7;0.0;6;False;0;6.1;61.0;11.0;70
4;10;0.0;6;False;1;9.86;40.0;11.0;291
4;17;0.0;6;False;1;11.74;41.0;9.0;322
7;13;0.0;1;True;0;31.48;49.0;19.0;239
9;3;0.0;6;False;1;16.44;59.0;13.0;29
12;14;0.0;4;True;1;8.92;53.0;13.0;214
11;14;1.0;1;False;0;19.26;60.0;19.0;444
7;2;0.0;0;False;0;25.84;74.0;6.0;90
11;22;0.0;2;True;0;8.92;71.0;0.0;122
5;22;0.0;2;True;0;22.08;65.0;0.0;211
6;8;0.0;4;True;0;16.44;77.0;0.0;681
10;3;0.0;5;True;1;18.32;83.0;0.0;5
8;21;0.0;0;False;0;22.08;83.0;9.0;166
4;10;0.0;3;True;0;16.44;34.0;0.0;182
11;19;0.0;5;True;0;7.98;71.0;6.0;361
5;18;0.0;3;True;0;25.84;51.0;15.0;846
5;11;0.0;4;True;0;19.26;49.0;15.0;279
1;18;0.0;6;False;0;11.74;41.0;15.0;241
11;9;0.0;4;True;0;3.28;60.0;0.0;299
3;11;0.0;2;True;0;4.22;41.0;11.0;130
3;14;0.0;2;True;0;22.08;53.0;22.0;212
3;5;0.0;3;True;1;15.5;88.0;9.0;39
5;0;0.0;5;True;0;16.44;59.0;7.0;70
8;21;0.0;1;True;0;25.84;74.0;13.0;278
3;21;0.0;3;True;0;17.38;83.0;7.0;251
10;11;0.0;4;True;1;18.32;56.0;15.0;268
11;0;0.0;0;False;0;2.34;47.0;17.0;34
9;13;0.0;5;True;1;24.9;54.0;13.0;408
9;10;0.0;5;True;0;21.14;61.0;15.0;225
12;16;0.0;6;False;0;6.1;75.0;7.0;147
9;4;0.0;6;False;1;23.02;94.0;15.0;11
6;6;0.0;3;True;0;14.56;77.0;0.0;172
5;8;0.0;0;False;0;22.08;83.0;13.0;151
9;3;0.0;3;True;0;24.9;79.0;19.0;4
5;14;0.0;3;True;0;25.84;42.0;9.0;252
4;12;0.0;2;True;0;20.2;33.0;24.0;244
7;16;0.0;1;True;0;31.48;36.0;19.0;365
8;19;0.0;3;True;1;23.02;74.0;0.0;580
9;12;0.0;5;True;0;28.66;59.0;11.0;323
9;13;0.0;4;True;0;24.9;42.0;0.0;283
5;4;0.0;5;True;0;13.62;77.0;11.0;11
12;11;0.0;0;False;1;8.92;87.0;9.0;295
4;13;0.0;1;True;3;7.98;66.0;26.0;107
3;19;0.0;5;True;3;8.92;87.0;13.0;174
6;22;0.0;4;True;0;20.2;46.0;11.0;228
9;22;0.0;4;True;0;17.38;73.0;7.0;287
8;7;0.0;6;False;1;22.08;78.0;13.0;102
7;14;0.0;1;True;1;26.78;55.0;17.0;242
3;9;0.0;5;True;1;16.44;90.0;6.0;380
11;13;0.0;2;True;3;5.16;87.0;17.0;77
8;17;0.0;4;True;0;32.42;36.0;17.0;810
12;7;0.0;5;True;3;5.16;81.0;11.0;215
5;7;0.0;5;True;0;11.74;50.0;17.0;351
9;23;0.0;2;True;0;25.84;74.0;20.0;95
6;14;0.0;6;False;0;25.84;37.0;15.0;573
7;18;0.0;4;True;0;35.24;40.0;24.0;688
4;8;0.0;6;False;0;7.98;34.0;17.0;123
4;13;0.0;0;False;0;23.02;44.0;19.0;681
4;10;0.0;2;True;0;11.74;47.0;20.0;162
4;22;0.0;0;False;3;15.5;63.0;7.0;68
5;17;0.0;4;True;0;26.78;55.0;19.0;798
1;22;0.0;4;True;0;9.86;82.0;7.0;142
11;17;0.0;6;False;0;9.86;40.0;11.0;403
3;22;0.0;4;True;0;18.32;49.0;22.0;153
6;14;0.0;3;True;1;25.84;37.0;28.0;320
10;3;0.0;1;True;0;10.8;62.0;0.0;6
12;0;0.0;0;False;1;8.92;62.0;0.0;110
12;1;0.0;4;True;3;3.28;93.0;30.0;5
10;0;0.0;0;False;3;16.44;68.0;20.0;117
5;20;0.0;2;True;0;22.08;73.0;17.0;373
10;1;0.0;6;False;0;13.62;72.0;9.0;95
11;14;0.0;1;True;0;12.68;54.0;17.0;217
8;2;0.0;5;True;0;23.96;79.0;15.0;14
8;18;0.0;5;True;1;30.54;59.0;17.0;671
12;2;0.0;5;True;3;13.62;94.0;26.0;3
5;20;0.0;4;True;0;22.08;73.0;13.0;420
6;16;0.0;1;True;0;29.6;31.0;26.0;414
6;23;0.0;6;False;0;18.32;52.0;7.0;238
9;20;0.0;0;False;0;21.14;41.0;19.0;356
1;2;0.0;2;True;0;0.46;51.0;17.0;3
8;6;0.0;3;True;0;22.08;78.0;9.0;185
11;4;0.0;2;True;3;6.1;81.0;13.0;5
12;21;0.0;4;True;3;7.98;76.0;11.0;26
11;1;0.0;5;True;1;6.1;65.0;6.0;21
3;7;0.0;1;True;0;7.98;53.0;7.0;268
9;7;0.0;4;True;0;13.62;82.0;7.0;534
9;13;0.0;6;False;0;30.54;52.0;35.0;668
7;1;0.0;6;False;1;21.14;83.0;17.0;72
6;22;0.0;4;True;0;29.6;63.0;11.0;243
7;11;0.0;6;False;1;20.2;83.0;17.0;305
5;17;0.0;4;True;0;27.72;31.0;11.0;827
10;11;0.0;5;True;0;24.9;48.0;13.0;304
11;17;1.0;1;False;0;18.32;64.0;19.0;596
9;15;0.0;0;False;3;26.78;74.0;9.0;355
1;22;0.0;0;False;0;4.22;60.0;7.0;58
12;6;0.0;6;False;0;4.22;44.0;28.0;13
11;21;0.0;2;True;0;8.92;71.0;0.0;157
9;14;0.0;0;False;0;21.14;41.0;17.0;612
5;20;0.0;5;True;0;23.96;51.0;7.0;313
8;5;0.0;6;False;0;20.2;78.0;17.0;9
4;12;0.0;5;True;0;15.5;31.0;0.0;322
11;16;0.0;6;False;1;8.92;46.0;22.0;400
4;15;0.0;2;True;0;15.5;23.0;28.0;236
11;22;0.0;0;False;0;6.1;52.0;19.0;79
1;8;0.0;5;True;3;15.5;88.0;19.0;220
10;12;0.0;2;True;1;21.14;46.0;6.0;378
8;2;0.0;1;True;0;22.08;69.0;7.0;9
4;14;0.0;3;True;0;8.92;57.0;13.0;135
2;19;1.0;1;False;0;7.98;34.0;15.0;172
3;0;0.0;5;True;0;10.8;47.0;20.0;59
10;7;0.0;3;True;0;8.92;81.0;7.0;464
2;18;0.0;2;True;0;11.74;38.0;13.0;518
12;12;0.0;0;False;1;10.8;82.0;20.0;315
8;22;0.0;5;True;3;23.02;83.0;13.0;213
5;9;0.0;0;False;0;21.14;32.0;17.0;313
12;5;0.0;1;True;0;7.98;93.0;6.0;38
11;7;0.0;1;True;1;6.1;49.0;17.0;461
2;2;0.0;5;True;0;4.22;52.0;6.0;16
3;17;0.0;6;False;0;8.92;23.0;0.0;354
11;9;0.0;0;False;0;7.04;70.0;17.0;204
10;23;0.0;5;True;0;8.92;57.0;13.0;100
11;9;0.0;4;True;0;7.04;31.0;24.0;275
10;2;0.0;3;True;0;9.86;76.0;0.0;16
5;19;0.0;6;False;0;24.9;39.0;9.0;432
10;16;0.0;4;True;0;24.9;54.0;19.0;497
7;17;0.0;1;True;0;30.54;52.0;9.0;847
7;19;0.0;6;False;1;20.2;88.0;11.0;238
8;21;0.0;0;False;0;25.84;79.0;7.0;208
5;16;0.0;4;True;0;23.02;31.0;13.0;430
9;14;0.0;2;True;0;23.02;39.0;22.0;293
11;19;0.0;6;False;0;8.92;50.0;11.0;239
10;4;0.0;5;True;0;8.92;76.0;7.0;8
1;17;0.0;4;True;0;13.62;63.0;11.0;495
4;5;0.0;0;False;0;15.5;68.0;11.0;10
2;23;0.0;4;True;1;6.1;52.0;0.0;84
3;13;0.0;6;False;0;7.04;29.0;19.0;357
5;5;0.0;5;True;0;11.74;47.0;11.0;26
1;23;0.0;4;True;1;10.8;82.0;0.0;91
2;3;0.0;5;True;0;4.22;56.0;6.0;5
1;14;0.0;3;True;0;6.1;33.0;26.0;105
6;3;0.0;1;True;0;22.08;78.0;7.0;6
11;8;0.0;1;True;1;6.1;49.0;15.0;648
12;7;0.0;1;True;1;8.92;93.0;9.0;319
8;11;0.0;6;False;1;25.84;62.0;19.0;457
3;13;0.0;5;True;1;13.62;77.0;6.0;260
11;1;0.0;2;True;1;7.04;70.0;9.0;6
2;12;1.0;1;False;0;5.16;45.0;15.0;281
12;6;0.0;5;True;0;2.34;64.0;19.0;51
5;4;0.0;1;True;1;13.62;88.0;9.0;2
9;17;0.0;2;True;0;23.02;39.0;19.0;967
3;10;0.0;4;True;0;16.44;55.0;11.0;133
1;14;0.0;0;False;0;1.4;32.0;24.0;188
7;9;0.0;3;True;0;30.54;56.0;0.0;297
6;22;0.0;0;False;0;26.78;55.0;7.0;178
11;2;0.0;0;False;0;6.1;65.0;0.0;37
4;12;0.0;6;False;0;19.26;35.0;17.0;678
8;11;0.0;2;True;0;24.9;54.0;0.0;256
5;17;0.0;1;True;1;23.02;69.0;17.0;508
7;2;0.0;6;False;1;24.9;54.0;7.0;101
2;3;0.0;5;True;0;11.74;82.0;9.0;5
6;2;0.0;0;False;1;23.96;51.0;0.0;114
7;16;0.0;0;False;0;26.78;66.0;7.0;628
10;4;0.0;4;True;0;10.8;50.0;17.0;10
1;6;0.0;4;True;1;1.4;75.0;9.0;78
8;1;0.0;3;True;0;25.84;79.0;0.0;23
1;11;0.0;2;True;1;7.98;87.0;7.0;75
6;20;0.0;6;False;0;21.14;35.0;19.0;399
7;1;0.0;0;False;1;23.96;89.0;9.0;168
9;1;0.0;1;True;0;13.62;67.0;9.0;18
5;16;0.0;3;True;1;23.02;50.0;13.0;357
11;19;0.0;6;False;0;4.22;41.0;17.0;83
3;22;0.0;4;True;0;18.32;83.0;13.0;220
7;4;0.0;0;False;0;22.08;69.0;13.0;13
5;21;0.0;5;True;0;20.2;40.0;0.0;258
7;17;0.0;3;True;0;29.6;31.0;0.0;913
7;14;0.0;6;False;1;20.2;88.0;17.0;343
12;10;0.0;5;True;1;4.22;56.0;17.0;162
10;17;0.0;2;True;3;21.14;88.0;7.0;715
2;8;0.0;4;True;0;7.98;87.0;13.0;560
1;14;0.0;0;False;0;10.8;40.0;13.0;328
11;22;0.0;4;True;0;8.92;57.0;11.0;202
7;21;0.0;3;True;0;25.84;45.0;9.0;397
10;22;0.0;5;True;0;10.8;47.0;20.0;160
4;5;0.0;0;False;0;9.86;46.0;0.0;12
4;23;0.0;6;False;0;13.62;23.0;15.0;118
8;16;0.0;4;True;0;27.72;48.0;11.0;465
2;16;0.0;4;True;0;18.32;32.0;0.0;343
9;6;1.0;1;False;0;23.02;94.0;0.0;15
10;10;0.0;1;True;0;17.38;56.0;0.0;179
8;14;0.0;4;True;0;27.72;48.0;9.0;273
11;13;0.0;1;True;0;12.68;54.0;17.0;251
3;0;0.0;0;False;1;12.68;94.0;19.0;80
8;21;0.0;3;True;0;25.84;70.0;9.0;320
11;5;0.0;4;True;0;7.98;66.0;9.0;40
6;11;0.0;3;True;0;31.48;49.0;13.0;188
11;11;0.0;1;True;0;7.98;46.0;15.0;150
10;18;0.0;2;True;3;6.1;87.0;9.0;143
11;0;0.0;1;True;1;6.1;56.0;13.0;23
8;13;0.0;1;True;0;27.72;57.0;11.0;288
4;10;0.0;1;True;0;10.8;50.0;35.0;204
9;16;0.0;3;True;0;25.84;37.0;11.0;509
10;19;0.0;2;True;0;21.14;57.0;6.0;482
10;6;0.0;4;True;1;16.44;88.0;13.0;171
8;20;0.0;5;True;1;24.9;65.0;15.0;363
2;20;0.0;2;True;0;7.98;53.0;17.0;227
2;2;0.0;1;True;0;4.22;70.0;20.0;4
12;14;0.0;6;False;0;7.04;36.0;31.0;161
6;5;0.0;1;True;0;16.44;68.0;0.0;35
5;7;0.0;5;True;0;18.32;88.0;0.0;356
1;21;0.0;3;True;0;1.4;40.0;28.0;124
9;8;0.0;6;False;0;20.2;73.0;20.0;218
5;6;0.0;0;False;0;16.44;68.0;11.0;21
2;6;0.0;2;True;0;1.4;75.0;0.0;86
8;18;0.0;1;True;0;28.66;52.0;17.0;834
9;11;0.0;1;True;1;21.14;69.0;15.0;252
4;12;0.0;6;False;0;22.08;57.0;15.0;640
9;18;0.0;4;True;0;25.84;70.0;17.0;835
3;15;0.0;6;False;0;22.08;53.0;9.0;679
10;3;0.0;4;True;0;12.68;88.0;15.0;5
9;3;0.0;2;True;0;14.56;67.0;9.0;8
6;15;0.0;2;True;3;23.02;89.0;13.0;116
9;4;0.0;1;True;0;15.5;77.0;0.0;11
5;22;0.0;1;True;1;21.14;73.0;11.0;142
6;16;0.0;5;True;0;37.12;36.0;0.0;351
1;5;1.0;1;False;0;5.16;45.0;22.0;4
11;9;0.0;1;True;0;5.16;56.0;6.0;286
12;12;0.0;0;False;1;7.98;81.0;11.0;520
5;15;0.0;2;True;0;30.54;49.0;26.0;256
12;13;0.0;4;True;0;6.1;39.0;0.0;245
11;21;0.0;0;False;0;6.1;52.0;20.0;87
10;10;0.0;3;True;0;8.92;71.0;19.0;168
2;7;0.0;0;False;0;1.4;51.0;20.0;22
10;15;0.0;5;True;0;25.84;39.0;17.0;470
6;16;0.0;4;True;0;25.84;51.0;19.0;438
11;18;0.0;0;False;0;8.92;66.0;15.0;276
5;5;0.0;3;True;3;18.32;88.0;17.0;35
12;19;0.0;0;False;0;7.98;61.0;0.0;102
10;0;0.0;6;False;0;15.5;88.0;9.0;142
11;11;0.0;5;True;0;10.8;50.0;13.0;251
1;20;0.0;6;False;0;15.5;39.0;17.0;170
3;19;0.0;5;True;1;13.62;88.0;0.0;296
9;2;0.0;3;True;0;24.9;84.0;13.0;9
7;2;0.0;0;False;0;23.02;74.0;9.0;112
3;21;0.0;0;False;0;14.56;77.0;11.0;149
7;7;0.0;2;True;0;24.9;74.0;11.0;516
8;20;0.0;6;False;0;24.9;45.0;7.0;341
10;2;0.0;0;False;0;11.74;62.0;9.0;74
3;0;0.0;6;False;0;9.86;82.0;13.0;92
2;10;0.0;2;True;1;4.22;60.0;9.0;98
11;4;0.0;4;True;1;5.16;65.0;9.0;5
5;9;0.0;3;True;1;21.14;78.0;0.0;297
5;14;0.0;0;False;1;20.2;64.0;7.0;518
11;10;0.0;5;True;0;7.98;61.0;11.0;201
5;4;0.0;0;False;3;16.44;83.0;11.0;16
3;2;0.0;0;False;1;8.92;40.0;11.0;80
9;20;0.0;6;False;0;20.2;43.0;6.0;330
10;5;0.0;3;True;1;21.14;94.0;7.0;34
1;7;1.0;1;False;0;-3.3;54.0;7.0;33
1;10;0.0;1;True;0;2.34;41.0;19.0;85
1;9;0.0;5;True;0;2.34;47.0;26.0;214
3;1;0.0;0;False;0;3.28;52.0;11.0;61
7;10;0.0;2;True;0;25.84;66.0;0.0;227
6;10;0.0;4;True;0;22.08;65.0;28.0;179
2;1;0.0;3;True;0;7.98;53.0;0.0;5
5;21;0.0;3;True;0;23.96;57.0;7.0;304
3;10;0.0;2;True;0;3.28;44.0;0.0;129
12;18;0.0;2;True;0;9.86;46.0;22.0;525
1;1;0.0;6;False;0;-0.48;47.0;13.0;50
7;19;0.0;6;False;0;25.84;84.0;6.0;431
9;19;0.0;3;True;0;24.9;54.0;11.0;627
7;1;0.0;5;True;0;25.84;70.0;7.0;54
9;20;0.0;1;True;0;20.2;40.0;13.0;390
2;11;0.0;5;True;1;5.16;45.0;7.0;153
12;10;0.0;0;False;0;2.34;64.0;13.0;93
9;7;0.0;2;True;0;15.5;72.0;7.0;596
7;22;0.0;4;True;3;23.02;89.0;17.0;68
3;18;0.0;6;False;0;21.14;57.0;20.0;560
7;14;0.0;2;True;0;29.6;55.0;19.0;260
9;17;0.0;1;True;0;23.02;34.0;22.0;871
1;17;0.0;3;True;0;4.22;33.0;30.0;346
5;12;0.0;6;False;0;22.08;36.0;11.0;559
9;14;0.0;1;True;0;23.02;36.0;19.0;340
10;11;0.0;3;True;0;23.02;78.0;11.0;230
5;9;0.0;2;True;1;19.26;88.0;6.0;355
3;17;0.0;5;True;3;8.92;81.0;15.0;128
6;20;0.0;3;True;0;27.72;31.0;13.0;445
11;5;1.0;4;False;0;3.28;75.0;7.0;8
1;1;0.0;2;True;0;6.1;42.0;20.0;8
10;23;0.0;1;True;3;17.38;77.0;0.0;105
5;14;0.0;5;True;0;26.78;58.0;9.0;367
12;7;0.0;1;True;0;1.4;69.0;0.0;30
9;8;0.0;4;True;0;18.32;73.0;0.0;758
11;9;0.0;1;True;1;8.92;66.0;17.0;278
8;16;0.0;3;True;0;27.72;37.0;9.0;493
7;16;0.0;5;True;0;35.24;29.0;7.0;369
11;9;0.0;6;False;1;4.22;41.0;30.0;122
11;2;0.0;4;True;0;7.04;66.0;9.0;20
11;10;0.0;6;False;1;4.22;44.0;20.0;142
2;16;0.0;5;True;0;10.8;37.0;7.0;311
5;12;0.0;0;False;0;23.96;36.0;22.0;637
10;16;0.0;1;True;0;21.14;33.0;11.0;524
10;22;0.0;2;True;0;10.8;71.0;6.0;181
5;7;0.0;6;False;1;21.14;88.0;11.0;54
12;0;0.0;3;True;0;6.1;61.0;0.0;41
7;21;0.0;6;False;0;23.02;78.0;6.0;300
3;18;0.0;5;True;0;11.74;54.0;13.0;560
2;18;0.0;0;False;0;-0.48;40.0;31.0;96
2;6;0.0;2;True;0;7.04;45.0;20.0;100
5;15;0.0;6;False;3;23.02;74.0;13.0;541
9;11;0.0;5;True;0;23.02;57.0;15.0;321
3;0;0.0;5;True;0;18.32;83.0;0.0;95
6;1;0.0;4;True;0;20.2;56.0;15.0;21
4;18;0.0;4;True;0;15.5;31.0;7.0;698
6;7;0.0;4;True;0;15.5;82.0;11.0;526
8;20;0.0;6;False;0;30.54;52.0;20.0;312
5;8;0.0;6;False;0;19.26;83.0;6.0;197
1;3;0.0;4;True;3;8.92;93.0;17.0;3
8;7;0.0;4;True;0;22.08;73.0;0.0;532
3;7;0.0;4;True;1;14.56;100.0;6.0;361
8;11;0.0;5;True;0;27.72;52.0;19.0;303
8;6;0.0;4;True;0;20.2;83.0;11.0;163
8;7;0.0;5;True;0;24.9;74.0;7.0;421
6;8;0.0;0;False;0;18.32;68.0;17.0;119
10;11;0.0;5;True;1;18.32;78.0;11.0;290
5;13;0.0;6;False;0;22.08;36.0;13.0;659
6;9;0.0;2;True;0;19.26;46.0;28.0;328
1;6;0.0;0;False;1;6.1;52.0;0.0;2
8;16;0.0;3;True;3;26.78;55.0;15.0;460
7;5;0.0;1;True;0;23.02;78.0;7.0;50
8;19;0.0;5;True;1;29.6;63.0;15.0;469
7;3;0.0;2;True;0;23.02;83.0;6.0;6
11;19;1.0;1;False;0;17.38;73.0;19.0;353
5;0;0.0;0;False;1;18.32;83.0;9.0;134
11;14;0.0;1;True;0;9.86;40.0;11.0;196
4;0;0.0;1;True;3;8.92;81.0;28.0;6
5;11;0.0;5;True;0;23.96;79.0;9.0;283
10;4;0.0;2;True;3;8.92;87.0;11.0;7
5;5;0.0;6;False;0;18.32;88.0;6.0;22
7;12;0.0;1;True;1;27.72;58.0;7.0;278
5;21;0.0;3;True;1;21.14;83.0;0.0;245
7;1;0.0;1;True;0;24.9;74.0;0.0;19
1;11;0.0;0;False;0;8.92;46.0;15.0;256
6;11;0.0;5;True;0;24.9;42.0;17.0;264
10;7;0.0;4;True;0;8.92;50.0;17.0;478
7;11;0.0;4;True;0;27.72;45.0;7.0;215
8;23;0.0;4;True;0;25.84;70.0;17.0;177
2;6;0.0;0;False;1;4.22;70.0;17.0;4
2;22;1.0;1;False;0;6.1;45.0;6.0;62
4;19;0.0;6;False;3;8.92;71.0;9.0;139
7;1;0.0;4;True;0;23.02;65.0;15.0;29
2;11;0.0;2;True;0;8.92;46.0;13.0;129
5;20;0.0;6;False;0;20.2;78.0;17.0;309
8;18;0.0;6;False;1;23.02;69.0;31.0;383
5;4;0.0;4;True;1;20.2;88.0;11.0;5
6;12;0.0;2;True;0;23.02;34.0;30.0;308
7;4;0.0;6;False;0;26.78;74.0;11.0;16
4;5;0.0;4;True;0;6.1;61.0;15.0;21
3;5;0.0;4;True;0;15.5;45.0;15.0;32
9;7;1.0;1;False;0;23.96;85.0;0.0;43
4;13;0.0;2;True;0;18.32;19.0;17.0;345
5;0;0.0;2;True;1;16.44;52.0;17.0;38
5;15;0.0;5;True;0;27.72;62.0;13.0;466
12;19;0.0;2;True;0;9.86;46.0;26.0;353
1;7;0.0;0;False;1;6.1;52.0;0.0;24
3;6;0.0;0;False;0;3.28;70.0;11.0;10
2;23;0.0;3;True;3;11.74;94.0;17.0;33
9;1;0.0;5;True;0;18.32;73.0;6.0;41
1;4;0.0;3;True;0;-7.06;41.0;13.0;2
12;1;0.0;5;True;3;12.68;88.0;26.0;9
9;19;0.0;5;True;0;23.96;57.0;11.0;579
7;14;0.0;1;True;1;28.66;59.0;11.0;271
7;21;0.0;4;True;0;29.6;49.0;41.0;271
9;12;0.0;1;True;1;21.14;69.0;13.0;295
12;11;0.0;0;False;0;4.22;41.0;28.0;136
3;19;0.0;6;False;0;7.98;25.0;0.0;184
2;19;0.0;5;True;0;9.86;37.0;15.0;282
8;15;0.0;5;True;1;27.72;48.0;9.0;350
6;7;0.0;1;True;3;16.44;94.0;15.0;145
5;11;0.0;3;True;1;21.14;59.0;20.0;201
3;10;0.0;5;True;1;18.32;88.0;7.0;275
10;13;0.0;2;True;1;22.08;44.0;0.0;303
2;8;1.0;1;False;0;1.4;59.0;24.0;120
3;11;0.0;4;True;0;15.5;45.0;28.0;220
9;1;0.0;0;False;0;23.02;89.0;0.0;73
12;1;0.0;0;False;0;2.34;47.0;13.0;20
2;23;0.0;1;True;0;6.1;65.0;9.0;46
7;16;0.0;4;True;0;31.48;47.0;6.0;358
12;3;0.0;1;True;1;9.86;94.0;7.0;4
11;21;0.0;5;True;1;8.92;46.0;24.0;156
12;2;0.0;0;False;0;1.4;51.0;11.0;18
3;18;0.0;1;True;1;20.2;43.0;13.0;712
9;15;0.0;5;True;0;24.9;54.0;15.0;423
3;16;0.0;0;False;0;17.38;73.0;6.0;541
4;18;0.0;4;True;0;20.2;43.0;6.0;776
5;12;1.0;1;False;0;27.72;62.0;9.0;525
8;10;0.0;5;True;0;26.78;55.0;11.0;231
5;5;0.0;2;True;1;16.44;72.0;6.0;17
1;16;0.0;5;True;0;5.16;30.0;31.0;233
3;1;0.0;0;False;0;13.62;82.0;9.0;113
10;2;0.0;6;False;0;12.68;77.0;7.0;78
10;17;0.0;5;True;1;18.32;76.0;13.0;817
7;5;0.0;1;True;1;23.02;94.0;9.0;51
12;17;0.0;1;True;1;14.56;82.0;19.0;616
3;19;0.0;1;True;0;11.74;24.0;24.0;458
7;3;0.0;4;True;0;23.02;69.0;15.0;8
2;0;0.0;5;True;0;7.04;53.0;26.0;38
12;7;0.0;6;False;0;4.22;44.0;28.0;20
11;10;0.0;5;True;1;6.1;65.0;0.0;169
12;7;0.0;1;True;0;-0.48;64.0;9.0;85
8;3;0.0;0;False;0;25.84;74.0;17.0;41
4;12;0.0;3;True;3;13.62;51.0;7.0;110
7;11;1.0;3;False;0;30.54;46.0;9.0;485
4;19;0.0;0;False;0;20.2;23.0;26.0;276
3;15;0.0;6;False;0;14.56;29.0;20.0;399
5;4;0.0;5;True;0;11.74;50.0;13.0;9
3;0;0.0;4;True;0;12.68;62.0;22.0;46
11;3;0.0;0;False;1;6.1;81.0;11.0;46
2;9;1.0;1;False;0;1.4;59.0;24.0;110
5;22;0.0;4;True;0;18.32;43.0;6.0;251
9;0;0.0;3;True;0;25.84;74.0;17.0;37
9;18;0.0;6;False;0;18.32;46.0;13.0;594
10;16;0.0;3;True;0;20.2;40.0;15.0;566
7;8;0.0;2;True;0;24.9;79.0;9.0;760
1;23;0.0;1;True;1;2.34;87.0;7.0;52
5;20;0.0;2;True;1;22.08;69.0;19.0;302
10;7;0.0;3;True;1;20.2;94.0;13.0;515
9;4;0.0;6;False;0;16.44;59.0;17.0;14
6;1;0.0;3;True;0;23.96;79.0;13.0;27
10;6;0.0;4;True;3;21.14;94.0;6.0;133
7;6;0.0;5;True;0;26.78;66.0;13.0;131
6;14;0.0;2;True;3;22.08;89.0;17.0;60
4;4;0.0;1;True;0;10.8;76.0;33.0;4
4;19;0.0;5;True;0;20.2;53.0;13.0;492
4;18;0.0;3;True;3;10.8;43.0;28.0;585
11;7;0.0;3;True;1;4.22;56.0;13.0;409
5;9;0.0;0;False;1;16.44;83.0;11.0;191
5;22;0.0;5;True;0;23.02;74.0;7.0;212
5;1;0.0;0;False;1;17.38;68.0;9.0;94
10;5;0.0;4;True;1;16.44;88.0;11.0;55
10;19;0.0;6;False;0;12.68;44.0;11.0;332
12;4;0.0;3;True;0;4.22;60.0;0.0;4
2;6;0.0;4;True;0;8.92;87.0;13.0;91
11;11;0.0;2;True;1;11.74;67.0;6.0;205
8;13;0.0;4;True;0;32.42;41.0;7.0;281
1;5;0.0;6;False;3;-0.48;86.0;7.0;2
7;5;0.0;4;True;0;21.14;73.0;7.0;44
4;0;0.0;0;False;1;8.92;76.0;17.0;67
7;17;0.0;2;True;0;28.66;52.0;15.0;820
1;23;0.0;6;False;0;11.74;38.0;15.0;119
7;16;0.0;0;False;0;32.42;41.0;15.0;495
2;1;0.0;5;True;0;12.68;62.0;13.0;18
7;14;0.0;0;False;0;25.84;66.0;7.0;616
7;10;0.0;0;False;0;26.78;62.0;0.0;381
1;19;0.0;4;True;1;4.22;48.0;20.0;234
2;14;0.0;2;True;0;10.8;28.0;7.0;134
3;23;0.0;4;True;0;8.92;50.0;15.0;85
4;22;0.0;5;True;0;11.74;38.0;17.0;158
11;18;0.0;6;False;0;12.68;54.0;9.0;359
12;6;0.0;1;True;0;1.4;75.0;0.0;17
8;23;0.0;1;True;0;25.84;74.0;13.0;113
9;18;0.0;5;True;0;27.72;62.0;20.0;792
12;22;0.0;0;False;1;12.68;77.0;13.0;96
8;19;0.0;1;True;0;26.78;70.0;15.0;573
12;7;0.0;3;True;1;4.22;60.0;13.0;369
11;15;0.0;0;False;0;6.1;42.0;17.0;245
10;14;0.0;5;True;0;18.32;37.0;31.0;371
5;8;0.0;3;True;1;20.2;73.0;11.0;671
5;1;0.0;2;True;0;24.9;79.0;13.0;14
1;5;0.0;6;False;0;3.28;75.0;6.0;10
1;19;0.0;5;True;0;13.62;33.0;19.0;272
4;2;0.0;2;True;0;7.04;81.0;13.0;3
6;4;0.0;5;True;0;24.9;65.0;11.0;10
10;19;0.0;5;True;0;21.14;73.0;11.0;500
3;22;0.0;0;False;0;13.62;82.0;9.0;111
7;11;0.0;1;True;0;31.48;28.0;20.0;201
1;12;0.0;2;True;1;7.04;87.0;19.0;86
3;15;0.0;4;True;0;20.2;31.0;17.0;223
12;9;0.0;2;True;0;13.62;82.0;7.0;336
4;0;0.0;4;True;1;14.56;63.0;0.0;43
1;10;0.0;2;True;0;7.04;93.0;6.0;116
5;8;0.0;5;True;0;13.62;44.0;17.0;620
8;8;0.0;1;True;1;25.84;51.0;6.0;673
2;5;1.0;1;False;1;3.28;60.0;24.0;6
11;22;0.0;2;True;1;6.1;56.0;15.0;153
9;0;0.0;1;True;0;18.32;52.0;19.0;41
10;3;0.0;2;True;1;17.38;88.0;13.0;5
4;18;0.0;1;True;1;18.32;60.0;15.0;664
2;8;0.0;1;True;0;3.28;60.0;0.0;528
2;10;0.0;6;False;0;3.28;87.0;7.0;224
10;19;0.0;0;False;0;15.5;42.0;11.0;266
7;19;0.0;0;False;0;28.66;62.0;11.0;250
6;8;0.0;2;True;1;14.56;77.0;15.0;710
2;3;0.0;6;False;0;5.16;65.0;7.0;18
7;19;0.0;1;True;0;28.66;43.0;9.0;581
1;9;0.0;0;False;0;0.46;43.0;9.0;111
9;1;0.0;5;True;0;21.14;88.0;7.0;29
10;1;0.0;4;True;1;21.14;94.0;0.0;25
4;9;0.0;3;True;1;14.56;55.0;9.0;363
2;5;0.0;0;False;3;4.22;81.0;13.0;4
9;2;0.0;6;False;0;19.26;78.0;7.0;93
10;11;0.0;5;True;0;20.2;83.0;13.0;252
3;7;0.0;4;True;0;13.62;51.0;24.0;367
12;19;0.0;0;False;0;8.92;93.0;9.0;109
12;15;0.0;3;True;0;14.56;33.0;19.0;285
4;16;0.0;0;False;0;22.08;19.0;22.0;476
12;10;0.0;1;True;0;12.68;77.0;9.0;136
9;11;0.0;3;True;0;23.02;50.0;13.0;232
1;23;0.0;5;True;0;0.46;47.0;13.0;65
3;1;0.0;4;True;3;13.62;94.0;7.0;12
4;0;0.0;5;True;0;17.38;68.0;37.0;73
7;19;0.0;4;True;0;31.48;44.0;17.0;533
6;23;0.0;3;True;0;23.96;47.0;9.0;159
3;23;0.0;5;True;0;8.92;71.0;0.0;123
5;2;1.0;1;False;0;20.2;83.0;15.0;48
7;20;0.0;2;True;3;24.9;70.0;13.0;452
8;0;0.0;1;True;1;20.2;83.0;7.0;26
1;1;0.0;3;True;0;-6.12;38.0;20.0;3
12;21;0.0;4;True;1;3.28;60.0;9.0;191
9;6;0.0;6;False;0;18.32;83.0;20.0;41
7;12;0.0;5;True;0;33.36;28.0;7.0;331
8;12;0.0;5;True;0;30.54;41.0;15.0;365
6;22;0.0;4;True;1;22.08;65.0;15.0;242
1;8;0.0;2;True;1;7.04;93.0;9.0;490
4;14;0.0;5;True;0;16.44;27.0;0.0;348
6;15;0.0;1;True;1;20.2;69.0;13.0;237
11;13;0.0;3;True;1;7.04;53.0;17.0;181
3;7;0.0;5;True;1;10.8;87.0;13.0;278
2;13;0.0;6;False;1;4.22;81.0;19.0;235
4;9;0.0;5;True;0;13.62;88.0;6.0;359
10;23;0.0;2;True;0;6.1;81.0;9.0;39
5;20;0.0;5;True;0;24.9;65.0;11.0;350
12;12;0.0;6;False;0;9.86;50.0;6.0;453
3;8;0.0;4;True;1;15.5;94.0;6.0;649
1;2;0.0;4;True;0;1.4;51.0;6.0;4
9;9;0.0;6;False;0;22.08;69.0;17.0;377
1;2;0.0;0;False;0;8.92;37.0;19.0;67
2;11;0.0;3;True;0;10.8;58.0;11.0;143
9;11;0.0;6;False;0;24.9;58.0;19.0;626
6;22;0.0;5;True;3;30.54;63.0;13.0;163
5;23;0.0;2;True;0;20.2;78.0;0.0;95
1;19;0.0;2;True;0;13.62;63.0;28.0;308
3;22;0.0;4;True;0;11.74;44.0;19.0;152
6;4;0.0;6;False;1;21.14;94.0;0.0;18
11;11;0.0;5;True;0;9.86;43.0;15.0;218
9;9;0.0;6;False;0;24.9;74.0;26.0;348
12;6;0.0;3;True;1;4.22;60.0;17.0;128
5;13;0.0;3;True;1;19.26;78.0;13.0;228
6;8;0.0;6;False;0;17.38;64.0;11.0;210
12;5;0.0;6;False;1;8.92;93.0;7.0;6
6;8;0.0;5;True;0;19.26;60.0;6.0;700
5;6;0.0;5;True;0;11.74;50.0;17.0;135
1;6;0.0;0;False;1;-1.42;50.0;19.0;8
5;10;0.0;5;True;0;23.96;79.0;11.0;232
12;20;0.0;0;False;0;4.22;65.0;0.0;52
8;6;0.0;0;False;0;22.08;65.0;11.0;16
6;8;0.0;4;True;0;23.02;50.0;9.0;617
2;14;0.0;4;True;3;7.04;81.0;13.0;31
9;19;0.0;0;False;0;23.02;36.0;17.0;496
4;16;0.0;6;False;1;12.68;38.0;13.0;376
12;12;0.0;4;True;1;8.92;53.0;11.0;212
7;23;0.0;1;True;0;26.78;74.0;6.0;166
3;10;0.0;2;True;0;16.44;77.0;15.0;143
10;20;0.0;3;True;1;10.8;50.0;13.0;268
8;10;0.0;4;True;0;25.84;54.0;0.0;234
2;18;0.0;5;True;1;11.74;94.0;0.0;300
2;20;0.0;0;False;0;7.04;42.0;11.0;88
4;8;0.0;2;True;0;7.98;57.0;0.0;604
3;17;0.0;1;True;0;13.62;24.0;30.0;664
1;17;1.0;1;False;0;4.22;48.0;22.0;193
12;6;0.0;0;False;3;10.8;94.0;7.0;6
2;6;0.0;4;True;0;1.4;75.0;19.0;76
1;16;0.0;0;False;0;2.34;29.0;20.0;205
8;6;0.0;6;False;1;21.14;88.0;7.0;23
8;15;0.0;3;True;0;30.54;46.0;11.0;295
2;10;0.0;5;True;0;7.98;71.0;19.0;116
2;17;0.0;4;True;0;11.74;54.0;33.0;450
8;0;0.0;3;True;0;24.9;84.0;0.0;58
11;3;0.0;4;True;0;7.98;61.0;9.0;15
1;4;0.0;6;False;0;-1.42;50.0;9.0;3
10;3;0.0;2;True;0;12.68;77.0;9.0;1
3;4;0.0;0;False;1;7.98;46.0;13.0;14
1;1;0.0;6;False;0;6.1;52.0;11.0;58
5;15;0.0;4;True;0;23.02;61.0;13.0;283
10;17;0.0;1;True;3;18.32;60.0;17.0;856
9;11;0.0;6;False;0;18.32;52.0;19.0;663
1;7;0.0;1;True;0;2.34;44.0;19.0;225
11;3;0.0;5;True;0;4.22;70.0;0.0;1
7;20;0.0;6;False;3;20.2;88.0;11.0;214
5;19;0.0;2;True;1;22.08;69.0;19.0;458
4;1;0.0;6;False;0;10.8;28.0;17.0;69
4;3;0.0;5;True;0;7.98;61.0;11.0;11
7;23;0.0;0;False;3;23.96;83.0;6.0;123
8;7;0.0;5;True;0;22.08;73.0;7.0;379
4;11;0.0;5;True;0;17.38;68.0;11.0;254
4;1;0.0;3;True;0;11.74;41.0;0.0;25
8;7;0.0;0;False;0;22.08;65.0;9.0;39
6;7;0.0;6;False;0;17.38;68.0;13.0;78
5;14;0.0;6;False;3;24.9;61.0;20.0;428
8;0;0.0;0;False;0;22.08;89.0;17.0;134
8;18;0.0;5;True;0;32.42;36.0;17.0;546
4;11;0.0;4;True;1;13.62;94.0;15.0;151
12;2;0.0;3;True;0;5.16;56.0;11.0;9
11;4;0.0;6;False;0;3.28;70.0;13.0;7
10;3;0.0;4;True;1;16.44;88.0;9.0;8
8;6;0.0;3;True;1;24.9;84.0;11.0;173
7;11;0.0;4;True;0;29.6;55.0;7.0;216
5;13;0.0;4;True;0;25.84;54.0;11.0;302
6;10;0.0;2;True;0;21.14;41.0;24.0;190
8;13;0.0;1;True;0;24.9;58.0;9.0;291
11;8;0.0;4;True;0;6.1;33.0;19.0;668
3;14;0.0;3;True;0;24.9;23.0;22.0;224
8;9;0.0;3;True;1;23.96;74.0;6.0;350
9;10;0.0;3;True;0;18.32;52.0;13.0;192
3;20;0.0;4;True;1;20.2;43.0;26.0;302
8;5;0.0;5;True;0;22.08;78.0;0.0;38
5;23;0.0;4;True;1;22.08;78.0;9.0;167
12;19;0.0;3;True;0;9.86;43.0;24.0;414
12;1;0.0;5;True;0;3.28;60.0;13.0;9
1;20;0.0;3;True;3;7.04;93.0;11.0;57
4;3;0.0;0;False;1;7.98;81.0;9.0;25
7;2;1.0;3;False;0;23.02;83.0;9.0;93
12;4;1.0;2;False;1;3.28;87.0;6.0;1
3;1;0.0;5;True;1;11.74;82.0;22.0;26
8;19;0.0;6;False;1;22.08;78.0;20.0;354
11;9;0.0;6;False;1;7.98;49.0;20.0;219
5;23;0.0;0;False;1;21.14;57.0;15.0;74
2;6;0.0;3;True;1;5.16;75.0;6.0;104
8;23;0.0;5;True;1;23.96;69.0;6.0;178
7;1;0.0;6;False;1;24.9;51.0;7.0;118
10;7;0.0;0;False;3;11.74;58.0;11.0;35
9;21;0.0;2;True;0;26.78;74.0;17.0;268
10;19;0.0;3;True;0;24.9;65.0;0.0;593
4;9;0.0;3;True;3;14.56;44.0;20.0;265
8;5;0.0;3;True;0;20.2;78.0;0.0;40
8;21;0.0;6;False;0;21.14;83.0;24.0;208
11;14;0.0;6;False;0;17.38;37.0;0.0;627
11;4;0.0;2;True;1;7.98;66.0;13.0;6
3;1;0.0;6;False;3;8.92;93.0;0.0;44
12;22;0.0;5;True;0;4.22;44.0;20.0;63
4;7;0.0;5;True;0;11.74;94.0;0.0;359
7;12;0.0;6;False;0;31.48;41.0;15.0;487
8;14;0.0;0;False;0;34.3;42.0;31.0;526
8;2;0.0;5;True;0;23.02;89.0;9.0;20
3;17;0.0;5;True;0;13.62;24.0;26.0;566
5;7;0.0;1;True;3;18.32;88.0;20.0;153
1;10;0.0;5;True;1;2.34;44.0;19.0;97
11;13;0.0;5;True;0;10.8;43.0;24.0;294
6;2;0.0;6;False;1;17.38;88.0;0.0;41
8;18;0.0;1;True;0;30.54;41.0;9.0;843
1;19;0.0;5;True;0;8.92;50.0;26.0;251
10;11;0.0;1;True;1;20.2;73.0;26.0;263
12;21;0.0;5;True;0;6.1;75.0;11.0;172
3;5;0.0;5;True;0;6.1;70.0;0.0;24
11;21;0.0;4;True;0;4.22;65.0;9.0;208
4;13;0.0;6;False;1;10.8;37.0;0.0;389
9;12;0.0;0;False;0;18.32;43.0;7.0;776
11;21;0.0;6;False;1;7.04;57.0;7.0;139
1;6;0.0;5;True;1;2.34;73.0;7.0;70
1;2;0.0;0;False;0;5.16;26.0;22.0;51
7;19;0.0;5;True;0;26.78;51.0;11.0;488
5;14;0.0;0;False;0;27.72;58.0;17.0;547
7;4;0.0;4;True;0;25.84;70.0;7.0;8
1;20;0.0;5;True;0;7.98;53.0;24.0;159
8;11;0.0;2;True;0;26.78;62.0;0.0;196
9;14;0.0;6;False;0;23.96;34.0;22.0;715
12;23;0.0;0;False;0;1.4;51.0;15.0;49
12;17;0.0;3;True;0;12.68;35.0;19.0;605
10;5;0.0;4;True;0;12.68;82.0;15.0;42
6;16;0.0;4;True;0;34.3;35.0;9.0;320
8;10;0.0;1;True;0;25.84;74.0;9.0;206
10;11;0.0;2;True;1;14.56;69.0;13.0;193
2;20;0.0;4;True;0;13.62;44.0;9.0;269
10;5;0.0;2;True;0;11.74;67.0;17.0;52
10;18;0.0;3;True;0;23.02;44.0;0.0;858
12;19;0.0;3;True;0;9.86;50.0;26.0;336
4;11;0.0;6;False;0;21.14;61.0;22.0;608
7;10;0.0;5;True;0;31.48;47.0;0.0;231
7;12;0.0;4;True;0;31.48;49.0;19.0;274
1;4;0.0;0;False;1;-0.48;47.0;26.0;6
4;17;0.0;3;True;0;11.74;35.0;26.0;579
8;4;0.0;3;True;1;22.08;78.0;9.0;4
8;22;0.0;1;True;0;25.84;62.0;22.0;192
8;10;0.0;2;True;0;26.78;62.0;17.0;204
3;0;0.0;6;False;1;12.68;94.0;6.0;100
12;11;0.0;6;False;1;7.04;76.0;7.0;392
12;13;0.0;5;True;1;8.92;66.0;9.0;220
12;0;0.0;6;False;0;4.22;44.0;39.0;31
11;19;0.0;2;True;0;4.22;73.0;20.0;350
2;9;0.0;0;False;1;3.28;56.0;17.0;93
11;16;0.0;5;True;0;11.74;35.0;19.0;383
10;9;0.0;2;True;1;11.74;77.0;15.0;382
4;22;0.0;2;True;0;17.38;30.0;17.0;162
2;5;0.0;6;False;3;2.34;93.0;11.0;2
7;1;1.0;3;False;0;23.96;74.0;0.0;123
12;23;0.0;1;True;0;4.22;65.0;9.0;49
9;7;0.0;0;False;0;15.5;77.0;7.0;71
11;17;0.0;6;False;1;8.92;46.0;20.0;410
3;14;0.0;5;True;1;12.68;44.0;19.0;205
11;13;0.0;4;True;1;10.8;58.0;11.0;248
2;15;0.0;5;True;0;9.86;40.0;0.0;216
11;22;0.0;6;False;0;9.86;71.0;6.0;193
8;1;0.0;6;False;1;23.96;69.0;0.0;115
11;4;0.0;1;True;0;2.34;69.0;0.0;10
11;23;0.0;2;True;0;6.1;56.0;15.0;205
9;15;0.0;2;True;0;23.02;36.0;22.0;303
11;14;0.0;4;True;1;10.8;50.0;15.0;185
11;2;0.0;2;True;1;7.04;70.0;11.0;5
5;1;0.0;2;True;1;19.26;83.0;9.0;27
6;8;0.0;5;True;1;22.08;89.0;13.0;694
6;1;0.0;6;False;3;22.08;89.0;15.0;58
9;3;0.0;6;False;0;24.9;70.0;7.0;35
8;2;0.0;6;False;3;21.14;88.0;11.0;43
11;22;0.0;4;True;1;7.04;66.0;11.0;153
9;2;0.0;1;True;0;16.44;72.0;0.0;13
6;19;0.0;3;True;0;28.66;29.0;22.0;643
4;21;0.0;6;False;3;8.92;71.0;13.0;84
4;7;0.0;2;True;0;20.2;43.0;17.0;461
2;9;0.0;3;True;0;7.04;70.0;6.0;252
3;6;0.0;4;True;1;11.74;94.0;0.0;109
12;8;0.0;3;True;1;4.22;65.0;11.0;688
6;17;0.0;4;True;0;33.36;22.0;13.0;705
7;10;0.0;6;False;3;19.26;88.0;17.0;268
5;14;0.0;4;True;0;18.32;37.0;28.0;247
1;13;0.0;3;True;0;6.1;42.0;31.0;130
11;22;0.0;4;True;0;7.98;42.0;20.0;161
5;1;0.0;1;True;1;16.44;77.0;13.0;9
4;22;0.0;0;False;0;15.5;36.0;15.0;118
2;17;0.0;4;True;0;17.38;32.0;11.0;610
12;2;0.0;3;True;1;4.22;65.0;20.0;1
3;20;0.0;4;True;0;13.62;38.0;20.0;335
8;19;0.0;4;True;0;27.72;40.0;7.0;677
10;19;0.0;6;False;0;14.56;55.0;15.0;341
5;1;0.0;3;True;0;18.32;83.0;0.0;15
10;16;0.0;3;True;0;18.32;52.0;13.0;466
5;8;0.0;3;True;1;20.2;83.0;9.0;622
2;19;0.0;3;True;3;3.28;87.0;7.0;161
3;16;0.0;2;True;0;25.84;34.0;26.0;365
6;19;0.0;6;False;0;22.08;36.0;11.0;554
11;14;0.0;0;False;0;10.8;40.0;13.0;509
12;15;0.0;6;False;1;3.28;87.0;0.0;129
2;1;0.0;4;True;1;6.1;70.0;0.0;5
4;10;0.0;2;True;0;12.68;33.0;0.0;219
8;7;0.0;3;True;1;23.02;69.0;13.0;492
8;9;0.0;4;True;0;24.9;58.0;0.0;396
7;10;0.0;5;True;1;26.78;48.0;0.0;268
12;8;0.0;6;False;1;9.86;94.0;6.0;111
8;23;0.0;2;True;0;25.84;66.0;11.0;167
4;21;0.0;5;True;0;18.32;68.0;9.0;287
3;2;0.0;1;True;0;9.86;54.0;7.0;9
11;15;0.0;4;True;0;12.68;18.0;28.0;233
6;17;0.0;1;True;0;29.6;24.0;31.0;833
11;23;1.0;4;False;0;6.1;70.0;0.0;36
7;23;0.0;5;True;0;27.72;66.0;0.0;189
8;10;0.0;3;True;0;25.84;48.0;11.0;178
9;0;0.0;1;True;0;17.38;68.0;11.0;45
2;0;0.0;6;False;0;8.92;43.0;26.0;61
4;8;0.0;4;True;1;11.74;82.0;7.0;677
12;17;0.0;6;False;1;7.98;76.0;7.0;320
1;8;0.0;4;True;1;5.16;81.0;6.0;530
8;11;0.0;6;False;0;32.42;47.0;17.0;470
6;4;0.0;3;True;0;20.2;83.0;9.0;10
5;19;0.0;4;True;0;25.84;34.0;11.0;591
7;7;0.0;1;True;0;24.9;79.0;6.0;469
2;16;0.0;4;True;0;13.62;55.0;19.0;229
8;4;0.0;5;True;0;23.02;83.0;17.0;12
12;10;0.0;4;True;1;7.04;66.0;0.0;161
9;20;0.0;2;True;0;19.26;56.0;9.0;461
1;10;0.0;5;True;3;14.56;100.0;11.0;126
9;16;0.0;4;True;0;25.84;39.0;6.0;491
9;10;0.0;5;True;0;25.84;74.0;9.0;224
6;4;0.0;5;True;1;21.14;73.0;6.0;6
3;12;0.0;1;True;0;20.2;64.0;17.0;282
1;18;0.0;3;True;0;3.28;32.0;24.0;355
7;5;0.0;5;True;0;24.9;84.0;0.0;37
9;10;0.0;5;True;1;22.08;78.0;9.0;245
4;2;0.0;2;True;0;8.92;53.0;11.0;5
1;11;0.0;3;True;1;6.1;61.0;20.0;157
3;21;0.0;0;False;0;5.16;36.0;15.0;79
1;22;0.0;1;True;1;4.22;100.0;19.0;68
10;17;0.0;3;True;0;23.02;47.0;0.0;963
8;4;0.0;6;False;0;25.84;79.0;13.0;13
2;7;0.0;5;True;0;1.4;59.0;11.0;230
4;14;1.0;1;False;0;27.72;45.0;22.0;288
9;23;0.0;6;False;0;15.5;59.0;6.0;196
7;20;1.0;3;False;0;32.42;47.0;15.0;551
6;5;0.0;4;True;1;20.2;56.0;17.0;40
2;7;0.0;5;True;0;3.28;65.0;15.0;226
1;1;0.0;5;True;0;4.22;48.0;9.0;15
7;10;0.0;1;True;1;23.02;83.0;13.0;175
7;3;0.0;4;True;0;25.84;70.0;7.0;5
5;5;0.0;0;False;3;16.44;83.0;11.0;11
11;13;0.0;3;True;0;7.98;42.0;13.0;214
2;20;0.0;5;True;1;7.04;57.0;0.0;151
12;11;0.0;3;True;1;7.04;49.0;15.0;172
6;4;0.0;2;True;1;20.2;78.0;9.0;10
11;10;0.0;5;True;0;8.92;50.0;22.0;197
3;7;0.0;3;True;0;12.68;82.0;7.0;368
3;7;0.0;6;False;1;15.5;88.0;9.0;70
2;20;0.0;0;False;0;-1.42;42.0;22.0;57
12;9;0.0;6;False;0;4.22;75.0;7.0;220
4;13;0.0;4;True;0;13.62;31.0;0.0;291
8;19;0.0;5;True;1;26.78;55.0;26.0;491
9;13;0.0;0;False;0;22.08;41.0;11.0;694
7;10;0.0;0;False;0;34.3;45.0;0.0;319
4;3;0.0;1;True;0;12.68;30.0;11.0;3
8;2;0.0;3;True;0;22.08;83.0;7.0;13
5;20;0.0;4;True;0;23.96;44.0;11.0;479
11;12;0.0;2;True;3;5.16;87.0;26.0;76
6;9;0.0;4;True;0;19.26;68.0;0.0;337
5;16;0.0;5;True;0;27.72;48.0;11.0;440
3;18;0.0;0;False;0;18.32;64.0;11.0;459
4;2;0.0;2;True;0;8.92;71.0;9.0;2
2;20;0.0;6;False;0;4.22;30.0;37.0;105
10;15;0.0;3;True;1;25.84;62.0;11.0;319
4;20;0.0;4;True;0;17.38;77.0;13.0;337
5;7;0.0;0;False;0;16.44;68.0;13.0;90
7;7;0.0;1;True;3;23.02;83.0;15.0;230
7;0;0.0;1;True;3;25.84;79.0;7.0;43
2;19;0.0;2;True;0;11.74;26.0;0.0;306
2;0;0.0;4;True;1;6.1;70.0;9.0;23
4;18;0.0;4;True;1;17.38;77.0;13.0;664
7;8;0.0;0;False;1;24.9;84.0;9.0;133
5;14;0.0;5;True;0;23.02;34.0;9.0;350
2;18;0.0;4;True;0;17.38;37.0;9.0;522
12;15;0.0;5;True;1;6.1;42.0;26.0;263
12;15;1.0;2;False;0;8.92;50.0;17.0;107
2;11;0.0;4;True;3;10.8;82.0;17.0;105
11;15;0.0;5;True;0;14.56;41.0;17.0;447
9;8;0.0;4;True;0;15.5;68.0;6.0;790
4;14;0.0;0;False;0;17.38;34.0;0.0;653
4;17;0.0;1;True;3;6.1;82.0;22.0;232
3;23;0.0;1;True;0;7.98;25.0;35.0;48
11;11;0.0;5;True;1;7.98;53.0;6.0;201
9;9;0.0;5;True;0;24.9;79.0;9.0;344
9;7;0.0;0;False;0;13.62;59.0;15.0;57
11;23;1.0;1;False;1;17.38;77.0;15.0;63
6;8;0.0;1;True;0;23.02;69.0;13.0;608
7;12;0.0;2;True;0;29.6;41.0;9.0;272
5;13;0.0;2;True;1;25.84;51.0;15.0;249
10;23;0.0;2;True;0;10.8;71.0;0.0;199
2;0;0.0;0;False;1;7.98;39.0;24.0;74
10;21;0.0;5;True;0;15.5;77.0;0.0;206
8;13;0.0;4;True;0;27.72;48.0;7.0;290
1;12;0.0;0;False;0;9.86;43.0;15.0;351
10;23;0.0;0;False;0;12.68;54.0;0.0;66
8;3;0.0;2;True;0;23.02;89.0;9.0;4
6;5;0.0;5;True;0;15.5;72.0;7.0;29
4;10;0.0;4;True;0;11.74;35.0;19.0;246
12;8;0.0;2;True;1;7.98;61.0;20.0;724
7;19;0.0;4;True;0;26.78;48.0;15.0;629
1;1;0.0;6;False;2;-1.42;86.0;13.0;23
6;4;0.0;4;True;0;13.62;88.0;7.0;6
4;17;0.0;1;True;0;18.32;60.0;11.0;683
8;15;0.0;0;False;1;22.08;65.0;0.0;276
12;3;0.0;0;False;1;10.8;87.0;7.0;48
6;14;0.0;2;True;0;27.72;58.0;7.0;227
6;23;0.0;4;True;0;18.32;52.0;9.0;177
3;15;0.0;1;True;0;22.08;57.0;15.0;286
6;10;0.0;1;True;0;22.08;41.0;31.0;187
6;20;0.0;2;True;0;23.96;83.0;13.0;386
1;19;0.0;0;False;0;-0.48;37.0;11.0;110
2;11;0.0;6;False;0;6.1;39.0;41.0;210
5;6;0.0;0;False;0;21.14;83.0;11.0;22
3;13;0.0;2;True;0;6.1;39.0;9.0;164
10;21;0.0;2;True;0;13.62;63.0;0.0;195
8;1;0.0;1;True;0;21.14;88.0;6.0;7
8;3;0.0;1;True;3;25.84;79.0;6.0;5
7;2;0.0;1;True;1;26.78;51.0;17.0;15
4;21;0.0;0;False;1;15.5;59.0;11.0;134
2;23;1.0;1;False;0;6.1;39.0;0.0;26
3;14;0.0;6;False;0;7.98;27.0;19.0;379
3;6;0.0;6;False;1;8.92;87.0;11.0;23
12;18;0.0;0;False;1;3.28;44.0;20.0;125
8;1;0.0;2;True;0;23.96;79.0;17.0;27
12;17;0.0;3;True;3;4.22;93.0;24.0;53
4;5;0.0;2;True;0;6.1;70.0;13.0;22
7;19;0.0;2;True;0;33.36;35.0;17.0;547
1;22;0.0;0;False;0;7.04;26.0;26.0;64
4;15;0.0;6;False;0;16.44;19.0;28.0;626
10;11;1.0;1;False;1;10.8;62.0;6.0;308
3;12;0.0;2;True;0;20.2;78.0;17.0;261
4;23;0.0;2;True;0;17.38;32.0;15.0;82
6;0;0.0;0;False;0;17.38;60.0;11.0;169
2;20;0.0;3;True;3;3.28;87.0;9.0;125
2;11;0.0;1;True;0;2.34;37.0;13.0;90
4;7;0.0;1;True;3;6.1;81.0;17.0;207
8;3;0.0;1;True;0;20.2;88.0;7.0;3
7;20;0.0;6;False;0;25.84;84.0;6.0;356
8;6;0.0;3;True;0;20.2;73.0;13.0;181
11;11;0.0;2;True;3;6.1;87.0;20.0;65
7;21;0.0;1;True;0;25.84;70.0;13.0;322
6;7;0.0;1;True;0;18.32;60.0;15.0;517
5;22;0.0;2;True;0;19.26;78.0;15.0;83
11;11;0.0;3;True;0;10.8;50.0;13.0;241
4;21;0.0;2;True;0;17.38;45.0;0.0;243
9;8;0.0;0;False;0;23.96;89.0;6.0;129
2;22;0.0;1;True;0;12.68;44.0;17.0;92
5;5;0.0;1;True;0;13.62;88.0;7.0;23
10;20;0.0;2;True;1;6.1;81.0;13.0;81
9;18;0.0;6;False;0;25.84;54.0;19.0;598
6;11;0.0;4;True;0;32.42;41.0;9.0;161
7;22;0.0;6;False;0;24.9;79.0;13.0;225
5;2;0.0;6;False;0;15.5;51.0;7.0;69
9;8;0.0;0;False;0;19.26;68.0;15.0;170
5;20;0.0;5;True;0;21.14;41.0;11.0;337
4;15;0.0;6;False;0;11.74;41.0;15.0;408
1;7;0.0;0;False;1;-0.48;74.0;15.0;13
1;15;0.0;4;True;0;4.22;44.0;20.0;127
4;15;0.0;3;True;3;11.74;77.0;13.0;98
7;22;0.0;2;True;1;22.08;83.0;9.0;139
3;9;0.0;5;True;1;11.74;82.0;0.0;312
4;11;0.0;2;True;0;14.56;23.0;0.0;258
11;19;0.0;0;False;0;8.92;66.0;11.0;210
6;1;0.0;2;True;1;23.96;65.0;11.0;16
7;19;0.0;3;True;0;27.72;33.0;9.0;698
2;11;0.0;1;True;0;4.22;70.0;9.0;116
10;19;0.0;3;True;1;10.8;50.0;13.0;410
6;0;0.0;2;True;0;17.38;68.0;28.0;34
10;21;1.0;1;False;1;10.8;76.0;15.0;151
3;9;0.0;5;True;0;7.98;57.0;11.0;321
8;17;0.0;5;True;0;30.54;36.0;22.0;791
8;23;0.0;1;True;0;24.9;84.0;11.0;114
12;21;0.0;4;True;1;3.28;60.0;17.0;63
2;7;0.0;6;False;3;2.34;93.0;9.0;19
2;19;0.0;5;True;1;7.04;57.0;0.0;262
9;8;0.0;5;True;0;23.02;83.0;7.0;719
10;16;0.0;2;True;1;15.5;72.0;11.0;424
1;12;0.0;3;True;0;7.04;53.0;9.0;193
8;22;0.0;2;True;0;25.84;66.0;6.0;189
11;0;0.0;3;True;0;7.98;81.0;0.0;26
3;2;0.0;5;True;0;17.38;88.0;6.0;32
12;6;0.0;1;True;0;-0.48;64.0;11.0;40
7;4;0.0;4;True;0;23.02;74.0;13.0;4
3;19;0.0;3;True;0;22.08;33.0;11.0;472
1;11;0.0;6;False;1;0.46;86.0;7.0;63
7;9;0.0;0;False;0;30.54;56.0;0.0;219
5;19;0.0;3;True;0;25.84;54.0;11.0;556
3;2;0.0;5;True;0;7.98;53.0;19.0;6
8;9;0.0;2;True;0;22.08;69.0;0.0;328
9;1;0.0;1;True;0;16.44;72.0;6.0;21
11;17;0.0;4;True;0;10.8;20.0;20.0;592
11;19;0.0;5;True;0;7.04;66.0;0.0;377
8;20;0.0;2;True;0;26.78;74.0;15.0;436
9;9;0.0;4;True;0;23.02;65.0;0.0;335
8;9;0.0;6;False;1;23.96;69.0;19.0;288
3;11;0.0;2;True;0;19.26;83.0;9.0;230
11;17;0.0;1;True;0;11.74;32.0;0.0;553
2;14;0.0;6;False;0;7.04;29.0;37.0;216
7;1;0.0;1;True;0;23.02;89.0;13.0;27
12;16;0.0;6;False;0;6.1;39.0;30.0;147
7;22;1.0;3;False;0;30.54;56.0;15.0;502
11;5;0.0;5;True;1;6.1;65.0;6.0;36
9;16;0.0;1;True;1;22.08;69.0;17.0;453
11;13;0.0;1;True;0;11.74;35.0;7.0;217
1;7;0.0;5;True;1;3.28;65.0;0.0;205
4;8;0.0;1;True;0;10.8;43.0;13.0;596
3;15;0.0;3;True;0;17.38;37.0;30.0;209
11;20;0.0;1;True;1;9.86;62.0;17.0;259
11;20;0.0;5;True;0;8.92;66.0;9.0;255
1;10;0.0;3;True;1;4.22;70.0;22.0;141
7;7;0.0;0;False;0;23.02;69.0;17.0;40
11;18;0.0;3;True;0;11.74;38.0;7.0;311
4;20;0.0;0;False;1;15.5;59.0;15.0;232
11;23;0.0;5;True;0;7.04;81.0;6.0;162
6;10;0.0;2;True;3;22.08;89.0;19.0;125
7;3;0.0;0;False;0;25.84;84.0;9.0;33
2;22;0.0;3;True;0;15.5;55.0;13.0;140
5;14;0.0;0;False;0;24.9;48.0;9.0;552
5;0;0.0;3;True;1;19.26;83.0;13.0;35
12;22;0.0;6;False;1;9.86;94.0;7.0;160
7;18;0.0;2;True;3;24.9;74.0;15.0;819
11;9;0.0;2;True;1;8.92;71.0;0.0;326
5;3;0.0;4;True;1;20.2;88.0;7.0;4
12;5;0.0;2;True;1;12.68;88.0;0.0;46
5;7;0.0;2;True;1;15.5;94.0;17.0;169
5;17;0.0;5;True;0;22.08;23.0;17.0;779
8;12;0.0;0;False;0;26.78;42.0;13.0;505
4;15;0.0;4;True;0;20.2;43.0;0.0;262
12;1;0.0;3;True;0;16.44;55.0;22.0;11
8;9;0.0;0;False;0;24.9;48.0;15.0;217
8;10;0.0;4;True;0;26.78;48.0;9.0;199
9;10;0.0;0;False;0;22.08;57.0;20.0;495
11;17;0.0;2;True;0;7.98;49.0;24.0;608
5;3;0.0;3;True;3;18.32;88.0;11.0;2
11;23;0.0;3;True;0;7.04;61.0;0.0;57
3;15;0.0;4;True;0;22.08;38.0;46.0;185
1;7;0.0;6;False;0;-1.42;50.0;9.0;24
7;21;0.0;1;True;1;26.78;55.0;6.0;331
2;6;0.0;0;False;0;-3.3;49.0;26.0;2
4;15;0.0;0;False;0;21.14;17.0;24.0;486
12;12;0.0;5;True;1;7.98;71.0;13.0;240
6;17;0.0;2;True;0;20.2;43.0;0.0;850
10;18;1.0;1;False;1;11.74;66.0;19.0;456
1;1;0.0;5;True;1;10.8;87.0;15.0;29
5;19;0.0;5;True;0;24.9;51.0;9.0;452
10;23;0.0;5;True;0;19.26;78.0;15.0;171
5;15;0.0;1;True;1;22.08;73.0;13.0;225
7;17;0.0;0;False;0;28.66;59.0;0.0;270
3;11;0.0;1;True;0;18.32;68.0;11.0;201
9;21;0.0;5;True;0;20.2;73.0;17.0;312
11;19;0.0;3;True;0;9.86;43.0;13.0;243
8;7;0.0;4;True;1;21.14;83.0;6.0;481
1;20;0.0;3;True;0;7.04;61.0;13.0;235
8;23;0.0;2;True;0;21.14;83.0;0.0;136
4;0;0.0;2;True;0;23.02;54.0;13.0;43
1;13;0.0;5;True;0;15.5;59.0;31.0;201
1;12;0.0;4;True;0;1.4;51.0;13.0;111
6;12;0.0;0;False;0;23.02;39.0;20.0;684
9;22;0.0;0;False;0;14.56;72.0;0.0;91
6;13;0.0;6;False;0;25.84;34.0;11.0;617
11;12;0.0;3;True;1;7.04;53.0;19.0;212
7;13;0.0;1;True;1;29.6;52.0;7.0;240
9;22;1.0;1;False;1;24.9;84.0;9.0;121
1;20;0.0;5;True;0;11.74;41.0;13.0;177
9;19;0.0;0;False;1;24.9;84.0;15.0;292
8;12;0.0;3;True;0;26.78;55.0;15.0;307
3;3;0.0;2;True;0;4.22;30.0;22.0;4
2;23;0.0;5;True;1;6.1;70.0;6.0;65
7;17;0.0;2;True;0;28.66;49.0;13.0;872
5;10;0.0;6;False;0;23.02;65.0;9.0;432
4;13;0.0;2;True;0;16.44;23.0;11.0;283
5;23;0.0;6;False;0;19.26;56.0;6.0;176
8;16;0.0;1;True;0;25.84;54.0;17.0;460
1;12;0.0;2;True;0;10.8;43.0;20.0;194
5;21;0.0;5;True;0;24.9;65.0;9.0;255
6;18;0.0;1;True;0;27.72;27.0;30.0;791
6;4;0.0;2;True;3;20.2;88.0;11.0;4
8;8;0.0;0;False;0;27.72;66.0;22.0;108
11;16;0.0;5;True;0;10.8;43.0;9.0;405
5;23;0.0;3;True;0;21.14;78.0;7.0;133
7;3;0.0;1;True;0;23.96;79.0;6.0;6
11;21;0.0;5;True;0;7.98;49.0;13.0;178
1;4;0.0;0;False;0;5.16;81.0;6.0;8
9;15;0.0;0;False;0;22.08;41.0;11.0;557
5;15;0.0;0;False;1;21.14;61.0;7.0;571
9;8;0.0;4;True;0;21.14;71.0;6.0;794
5;16;0.0;4;True;0;19.26;30.0;31.0;421
3;0;0.0;2;True;0;2.34;37.0;20.0;8
5;6;1.0;1;False;0;21.14;73.0;11.0;20
2;13;0.0;5;True;0;8.92;46.0;0.0;198
1;13;0.0;0;False;1;-0.48;80.0;9.0;199
6;14;0.0;1;True;0;28.66;43.0;17.0;251
11;4;0.0;5;True;1;6.1;65.0;7.0;5
8;4;0.0;4;True;0;21.14;83.0;0.0;6
6;12;0.0;1;True;3;18.32;78.0;9.0;168
12;10;0.0;6;False;3;4.22;81.0;9.0;41
7;14;0.0;5;True;0;32.42;47.0;20.0;326
3;0;0.0;1;True;0;9.86;54.0;13.0;24
2;5;0.0;4;True;0;10.8;76.0;15.0;32
1;13;0.0;4;True;0;7.98;42.0;20.0;118
3;11;0.0;5;True;1;8.92;53.0;0.0;201
6;15;0.0;5;True;3;25.84;66.0;19.0;258
6;7;0.0;5;True;0;26.78;58.0;11.0;359
8;5;0.0;1;True;0;21.14;88.0;0.0;36
8;15;0.0;3;True;0;27.72;40.0;13.0;338
12;3;0.0;2;True;1;10.8;87.0;9.0;4
11;6;0.0;0;False;1;2.34;47.0;7.0;11
9;5;0.0;0;False;0;13.62;59.0;17.0;6
12;17;0.0;3;True;0;10.8;50.0;26.0;562
4;11;0.0;0;False;0;15.5;25.0;19.0;404
4;17;0.0;3;True;0;20.2;20.0;20.0;732
1;2;0.0;4;True;0;-1.42;50.0;9.0;3
9;17;0.0;4;True;1;23.02;69.0;20.0;905
3;14;0.0;6;False;0;21.14;53.0;6.0;690
3;13;0.0;4;True;1;20.2;49.0;43.0;233
4;20;0.0;2;True;0;13.62;28.0;26.0;282
10;3;0.0;2;True;3;8.92;87.0;19.0;3
11;5;0.0;6;False;0;3.28;70.0;11.0;11
4;21;0.0;1;True;0;13.62;28.0;9.0;238
1;13;0.0;4;True;0;11.74;77.0;11.0;183
1;18;0.0;4;True;0;12.68;67.0;13.0;421
6;22;0.0;0;False;0;24.9;65.0;11.0;159
1;0;0.0;4;True;3;7.98;93.0;13.0;3
4;22;0.0;6;False;1;8.92;71.0;9.0;83
9;3;0.0;1;True;0;16.44;68.0;19.0;12
8;17;0.0;3;True;0;29.6;49.0;11.0;837
2;0;0.0;2;True;0;11.74;54.0;9.0;10
9;20;0.0;4;True;0;18.32;64.0;9.0;417
6;0;0.0;5;True;0;23.02;50.0;17.0;86
11;2;0.0;3;True;0;3.28;60.0;20.0;1
1;3;0.0;4;True;0;-2.36;54.0;7.0;4
2;10;0.0;0;False;1;4.22;65.0;19.0;148
9;20;0.0;3;True;0;16.44;48.0;11.0;409
9;5;0.0;5;True;0;17.38;83.0;0.0;41
2;7;0.0;2;True;1;3.28;60.0;6.0;280
12;20;0.0;4;True;1;3.28;60.0;7.0;227
6;21;0.0;3;True;0;26.78;35.0;9.0;367
7;4;0.0;4;True;0;22.08;73.0;7.0;5
5;15;0.0;6;False;0;23.96;24.0;13.0;590
11;8;0.0;3;True;1;5.16;81.0;6.0;551
11;18;0.0;1;True;0;7.98;46.0;15.0;542
8;13;0.0;3;True;1;28.66;49.0;13.0;294
1;22;0.0;5;True;0;1.4;47.0;22.0;65
5;18;0.0;5;True;0;24.9;54.0;31.0;641
12;7;0.0;2;True;0;8.92;93.0;9.0;355
10;19;0.0;3;True;0;15.5;72.0;13.0;516
5;14;0.0;3;True;0;23.96;65.0;9.0;248
10;11;0.0;0;False;1;11.74;71.0;7.0;336
3;3;0.0;5;True;0;16.44;88.0;7.0;10
8;1;0.0;3;True;0;21.14;78.0;0.0;21
11;5;0.0;6;False;1;7.04;49.0;17.0;9
1;23;0.0;1;True;0;4.22;60.0;13.0;52
1;18;0.0;4;True;1;4.22;44.0;22.0;361
6;17;0.0;1;True;0;22.08;38.0;30.0;834
7;23;0.0;0;False;0;23.96;79.0;11.0;123
1;1;0.0;3;True;1;13.62;77.0;22.0;10
9;11;0.0;3;True;0;20.2;43.0;17.0;247
3;19;0.0;5;True;0;11.74;28.0;41.0;244
12;8;0.0;0;False;0;-1.42;69.0;7.0;48
6;11;0.0;1;True;0;22.08;38.0;33.0;239
1;13;0.0;0;False;0;11.74;58.0;19.0;223
5;2;0.0;5;True;0;19.26;83.0;9.0;11
2;18;0.0;5;True;0;9.86;40.0;9.0;385
3;16;0.0;3;True;0;25.84;25.0;13.0;356
9;14;0.0;2;True;0;29.6;55.0;28.0;274
7;3;0.0;0;False;1;23.96;89.0;11.0;57
10;20;0.0;0;False;0;17.38;73.0;15.0;246
11;3;0.0;2;True;0;2.34;64.0;7.0;4
7;10;0.0;6;False;1;25.84;70.0;6.0;401
7;6;0.0;0;False;0;24.9;79.0;6.0;27
10;15;0.0;6;False;0;18.32;43.0;0.0;711
12;7;0.0;5;True;0;2.34;64.0;11.0;112
1;14;0.0;2;True;0;11.74;38.0;20.0;106
8;0;0.0;3;True;0;24.9;61.0;13.0;60
11;9;0.0;0;False;0;7.04;53.0;0.0;217
1;10;0.0;0;False;0;-1.42;54.0;19.0;126
12;3;0.0;0;False;1;4.22;93.0;0.0;25
4;5;0.0;6;False;0;15.5;82.0;17.0;1
10;19;0.0;0;False;0;18.32;64.0;15.0;336
4;2;0.0;5;True;0;14.56;59.0;28.0;22
5;8;0.0;3;True;0;19.26;83.0;0.0;719
4;6;0.0;4;True;0;6.1;65.0;17.0;96
3;21;0.0;3;True;0;12.68;62.0;17.0;188
12;4;0.0;1;True;0;8.92;93.0;0.0;5
10;20;0.0;0;False;0;10.8;82.0;9.0;116
10;7;0.0;6;False;0;14.56;83.0;13.0;86
1;5;0.0;0;False;1;7.04;49.0;7.0;2
9;19;0.0;5;True;0;22.08;65.0;17.0;588
6;7;0.0;2;True;3;21.14;88.0;17.0;303
2;10;0.0;3;True;0;7.98;71.0;6.0;139
2;0;1.0;1;False;1;3.28;87.0;6.0;41
7;12;0.0;3;True;0;27.72;33.0;0.0;310
9;12;0.0;5;True;1;24.9;54.0;13.0;409
6;13;0.0;6;False;0;21.14;41.0;17.0;679
3;13;0.0;5;True;3;10.8;50.0;0.0;242
4;7;0.0;6;False;0;7.98;49.0;11.0;55
9;0;0.0;2;True;3;20.2;94.0;17.0;13
11;9;0.0;3;True;0;5.16;52.0;13.0;322
2;11;0.0;6;False;0;6.1;70.0;0.0;270
1;19;0.0;0;False;3;11.74;67.0;26.0;105
2;12;0.0;3;True;0;12.68;54.0;7.0;179
12;21;0.0;2;True;0;7.04;53.0;13.0;207
2;10;0.0;2;True;0;3.28;70.0;13.0;85
11;9;0.0;4;True;3;8.92;57.0;7.0;331
5;5;0.0;2;True;1;16.44;72.0;19.0;20
9;5;0.0;5;True;0;18.32;88.0;0.0;38
10;13;0.0;4;True;0;15.5;31.0;7.0;291
11;4;0.0;2;True;0;2.34;69.0;6.0;7
10;11;0.0;4;True;0;13.62;36.0;0.0;251
12;19;0.0;0;False;1;10.8;82.0;13.0;174
5;23;0.0;2;True;3;18.32;88.0;7.0;71
1;15;0.0;0;False;0;13.62;51.0;20.0;265
12;4;0.0;3;True;0;3.28;75.0;9.0;7
3;4;0.0;2;True;1;16.44;88.0;9.0;6
8;22;0.0;3;True;0;25.84;74.0;7.0;233
4;8;0.0;1;True;0;12.68;30.0;13.0;617
11;4;1.0;1;False;0;10.8;76.0;6.0;4
1;6;0.0;2;True;3;6.1;75.0;17.0;57
1;20;1.0;1;False;0;4.22;60.0;19.0;90
7;18;0.0;6;False;0;30.54;43.0;19.0;481
9;1;0.0;3;True;0;16.44;72.0;7.0;21
10;5;0.0;5;True;1;17.38;88.0;0.0;36
8;13;0.0;3;True;0;27.72;48.0;7.0;316
9;6;0.0;2;True;0;12.68;77.0;15.0;194
1;15;0.0;2;True;0;-0.48;37.0;28.0;77
8;16;0.0;6;False;0;34.3;39.0;20.0;450
10;6;0.0;4;True;0;12.68;88.0;20.0;153
3;17;0.0;4;True;0;16.44;38.0;26.0;703
11;0;0.0;4;True;0;8.92;57.0;6.0;60
2;4;0.0;5;True;0;4.22;60.0;15.0;2
8;21;0.0;2;True;0;22.08;73.0;0.0;280
1;12;0.0;1;True;1;4.22;56.0;7.0;103
3;20;0.0;3;True;0;15.5;51.0;17.0;260
8;5;0.0;5;True;0;22.08;89.0;11.0;29
4;7;0.0;5;True;0;7.98;61.0;15.0;296
1;10;0.0;3;True;1;3.28;87.0;9.0;97
3;3;0.0;5;True;1;10.8;87.0;19.0;3
4;15;0.0;1;True;1;8.92;62.0;26.0;112
3;21;0.0;5;True;1;12.68;94.0;0.0;152
7;3;0.0;6;False;3;20.2;88.0;17.0;25
3;19;0.0;4;True;1;22.08;50.0;13.0;425
3;13;0.0;1;True;1;4.22;55.0;20.0;120
12;13;0.0;1;True;3;3.28;81.0;7.0;70
11;18;1.0;4;False;0;10.8;43.0;0.0;70
9;13;0.0;4;True;1;26.78;48.0;0.0;326
3;13;0.0;6;False;0;12.68;51.0;19.0;339
2;14;1.0;1;False;0;7.04;36.0;13.0;263
3;12;0.0;2;True;0;7.04;31.0;11.0;220
6;4;0.0;1;True;1;17.38;77.0;13.0;9
12;18;1.0;2;False;1;7.04;66.0;17.0;43
10;22;0.0;6;False;0;12.68;62.0;9.0;185
4;2;0.0;2;True;0;18.32;83.0;7.0;4
3;3;0.0;5;True;0;7.04;57.0;13.0;3
9;20;0.0;5;True;0;21.14;69.0;13.0;369
12;8;0.0;5;True;1;6.1;75.0;13.0;441
11;17;0.0;6;False;0;4.22;41.0;26.0;126
7;16;0.0;0;False;0;35.24;33.0;20.0;313
6;22;0.0;4;True;0;27.72;52.0;11.0;274
2;0;0.0;1;True;0;-1.42;46.0;15.0;9
1;4;0.0;1;True;0;1.4;51.0;9.0;5
3;23;0.0;5;True;1;12.68;94.0;0.0;126
6;6;0.0;4;True;0;19.26;60.0;19.0;181
4;11;0.0;3;True;1;9.86;43.0;22.0;180
4;9;0.0;2;True;0;20.2;38.0;33.0;400
4;10;0.0;5;True;0;15.5;77.0;13.0;237
7;21;0.0;6;False;0;33.36;37.0;13.0;201
10;3;0.0;3;True;1;6.1;81.0;7.0;3
9;7;0.0;3;True;0;16.44;72.0;0.0;557
11;1;0.0;3;True;0;7.04;81.0;7.0;14
5;11;0.0;1;True;1;18.32;83.0;15.0;79
6;8;0.0;6;False;0;22.08;89.0;11.0;194
8;2;0.0;2;True;0;23.96;83.0;17.0;15
12;7;0.0;3;True;0;4.22;75.0;9.0;363
9;13;0.0;6;False;0;23.96;36.0;13.0;704
8;13;0.0;2;True;0;29.6;46.0;6.0;286
1;4;0.0;0;False;0;3.28;30.0;0.0;5
8;12;0.0;5;True;1;32.42;50.0;20.0;338
3;20;0.0;3;True;0;21.14;35.0;7.0;330
3;13;0.0;5;True;1;24.9;48.0;0.0;428
10;16;0.0;2;True;0;17.38;39.0;19.0;446
1;18;0.0;0;False;3;-0.48;86.0;7.0;121
9;10;0.0;1;True;0;21.14;50.0;19.0;210
8;15;0.0;4;True;0;28.66;46.0;9.0;305
11;1;0.0;3;True;1;5.16;61.0;17.0;92
10;1;0.0;2;True;3;8.92;87.0;15.0;13
7;21;0.0;5;True;3;21.14;83.0;22.0;122
12;10;0.0;6;False;1;10.8;87.0;9.0;287
5;1;0.0;3;True;1;20.2;78.0;17.0;14
5;20;0.0;5;True;0;21.14;25.0;9.0;341
4;18;0.0;2;True;0;17.38;22.0;28.0;704
2;20;0.0;3;True;0;8.92;46.0;11.0;211
8;15;0.0;2;True;0;30.54;46.0;15.0;283
10;6;0.0;4;True;0;8.92;50.0;11.0;159
3;21;0.0;1;True;0;4.22;37.0;26.0;120
10;2;0.0;6;False;0;18.32;78.0;13.0;75
7;1;0.0;3;True;0;22.08;89.0;0.0;14
7;23;0.0;2;True;0;23.02;83.0;0.0;171
10;2;0.0;2;True;0;12.68;88.0;9.0;7
1;10;0.0;1;True;0;3.28;60.0;0.0;108
9;5;0.0;5;True;0;21.14;88.0;0.0;40
12;5;0.0;2;True;0;9.86;87.0;6.0;36
7;7;0.0;4;True;0;26.78;58.0;19.0;473
11;12;0.0;5;True;0;12.68;41.0;22.0;262
6;14;0.0;6;False;0;22.08;38.0;20.0;647
2;22;0.0;4;True;0;12.68;54.0;17.0;137
11;5;0.0;1;True;1;6.1;52.0;22.0;39
12;0;0.0;4;True;1;5.16;52.0;15.0;32
3;19;0.0;1;True;1;18.32;49.0;15.0;446
8;12;0.0;6;False;0;27.72;37.0;13.0;654
12;12;0.0;0;False;0;6.1;42.0;13.0;196
12;12;0.0;5;True;1;6.1;49.0;9.0;222
3;6;0.0;0;False;1;10.8;100.0;17.0;18
4;12;0.0;6;False;1;9.86;43.0;0.0;381
4;17;0.0;3;True;1;11.74;77.0;13.0;488
4;1;0.0;1;True;0;13.62;41.0;9.0;16
2;1;0.0;1;True;0;4.22;65.0;15.0;6
4;23;0.0;1;True;0;12.68;44.0;20.0;67
9;8;0.0;6;False;0;18.32;49.0;28.0;212
1;9;0.0;1;True;0;1.4;47.0;15.0;198
4;20;0.0;5;True;0;13.62;24.0;19.0;252
10;5;0.0;0;False;1;12.68;54.0;9.0;10
1;11;0.0;6;False;0;1.4;40.0;13.0;178
12;20;0.0;5;True;0;7.04;61.0;9.0;221
3;4;0.0;0;False;1;11.74;94.0;22.0;8
7;6;0.0;4;True;0;25.84;66.0;9.0;152
5;18;0.0;4;True;0;25.84;58.0;9.0;706
1;16;0.0;3;True;0;7.98;53.0;11.0;246
3;5;0.0;4;True;0;13.62;67.0;0.0;26
9;23;0.0;2;True;1;18.32;83.0;15.0;78
10;1;0.0;3;True;1;6.1;81.0;6.0;8
12;2;0.0;6;False;0;4.22;81.0;0.0;69
5;5;1.0;1;False;0;20.2;78.0;9.0;9
9;20;0.0;4;True;0;21.14;69.0;7.0;463
5;9;0.0;3;True;1;18.32;88.0;0.0;315
10;22;0.0;3;True;0;8.92;57.0;9.0;165
9;13;0.0;6;False;0;21.14;41.0;20.0;686
8;6;0.0;1;True;0;21.14;73.0;6.0;159
6;9;0.0;1;True;0;21.14;43.0;19.0;282
11;7;1.0;1;False;0;10.8;87.0;0.0;264
8;17;0.0;5;True;1;26.78;51.0;15.0;812
3;2;0.0;4;True;0;16.44;83.0;6.0;6
1;22;0.0;0;False;0;0.46;37.0;6.0;60
4;6;0.0;1;True;1;6.1;81.0;20.0;45
4;0;0.0;5;True;0;10.8;37.0;17.0;55
1;17;0.0;5;True;0;5.16;33.0;28.0;332
9;0;0.0;2;True;1;24.9;84.0;17.0;29
1;4;0.0;4;True;3;8.92;93.0;13.0;2
8;5;0.0;3;True;0;20.2;73.0;13.0;40
7;1;0.0;5;True;0;28.66;55.0;15.0;29
2;18;0.0;0;False;1;6.1;49.0;22.0;167
2;13;0.0;4;True;0;16.44;39.0;13.0;218
9;7;0.0;6;False;1;26.78;58.0;9.0;66
8;23;0.0;0;False;0;23.96;61.0;0.0;110
5;20;0.0;3;True;1;21.14;83.0;6.0;295
11;8;0.0;2;True;0;7.98;71.0;9.0;665
2;7;0.0;3;True;3;9.86;62.0;6.0;208
8;20;0.0;4;True;0;24.9;54.0;19.0;478
7;7;0.0;2;True;0;26.78;58.0;0.0;483
3;3;0.0;1;True;0;13.62;88.0;6.0;2
6;15;0.0;3;True;0;29.6;26.0;31.0;249
1;7;0.0;4;True;1;1.4;69.0;6.0;215
3;6;0.0;3;True;1;14.56;94.0;15.0;149
12;20;0.0;3;True;0;6.1;52.0;19.0;268
1;9;0.0;2;True;0;6.1;52.0;13.0;261
7;15;0.0;1;True;0;29.6;55.0;13.0;281
9;17;0.0;2;True;0;24.9;28.0;0.0;970
12;6;0.0;1;True;0;8.92;93.0;0.0;138
6;4;0.0;3;True;0;20.2;40.0;17.0;11
2;22;0.0;5;True;0;7.98;49.0;7.0;119
6;8;0.0;4;True;0;20.2;64.0;22.0;719
12;14;0.0;1;True;1;15.5;94.0;15.0;210
5;13;0.0;6;False;0;27.72;66.0;13.0;539
1;18;0.0;3;True;1;1.4;37.0;9.0;289
8;21;0.0;5;True;1;23.96;69.0;20.0;255
6;0;0.0;1;True;0;19.26;53.0;0.0;49
12;8;0.0;3;True;3;1.4;86.0;22.0;31
1;2;0.0;4;True;1;5.16;75.0;11.0;7
6;11;0.0;5;True;1;24.9;74.0;19.0;235
6;16;0.0;2;True;0;25.84;26.0;33.0;416
5;7;0.0;4;True;0;20.2;83.0;7.0;415
9;23;0.0;6;False;1;19.26;73.0;11.0;133
5;3;0.0;2;True;0;23.96;79.0;19.0;3
11;1;0.0;4;True;0;2.34;64.0;6.0;16
5;2;0.0;5;True;0;13.62;44.0;11.0;31
4;4;0.0;5;True;0;7.98;49.0;17.0;5
11;1;0.0;1;True;0;1.4;69.0;0.0;10
1;2;0.0;3;True;0;1.4;85.0;11.0;5
8;9;0.0;1;True;3;24.9;79.0;11.0;276
10;3;0.0;3;True;0;15.5;77.0;6.0;4
1;16;0.0;3;True;1;0.46;40.0;19.0;131
9;20;0.0;4;True;0;23.02;78.0;15.0;406
5;23;0.0;6;False;0;24.9;74.0;17.0;150
5;19;0.0;5;True;0;26.78;62.0;17.0;404
8;8;0.0;2;True;1;24.9;70.0;11.0;705
7;22;0.0;4;True;0;29.6;49.0;41.0;234
5;14;0.0;3;True;0;21.14;69.0;6.0;240
9;6;0.0;0;False;0;15.5;72.0;0.0;35
4;5;0.0;6;False;0;7.98;46.0;9.0;5
4;2;1.0;1;False;0;20.2;64.0;17.0;14
1;12;0.0;3;True;1;-3.3;46.0;13.0;84
9;19;1.0;1;False;0;25.84;74.0;13.0;374
6;1;0.0;6;False;0;18.32;56.0;0.0;95
7;8;0.0;4;True;1;24.9;74.0;17.0;729
5;16;0.0;1;True;1;20.2;53.0;26.0;388
4;14;0.0;2;True;0;15.5;25.0;26.0;216
9;12;0.0;4;True;1;26.78;48.0;9.0;335
12;6;0.0;2;True;0;8.92;93.0;11.0;118
4;20;0.0;2;True;0;14.56;21.0;22.0;285
12;23;0.0;6;False;1;4.22;60.0;0.0;32
12;7;0.0;3;True;3;13.62;59.0;20.0;398
6;10;0.0;4;True;0;31.48;49.0;7.0;150
3;10;0.0;1;True;0;16.44;72.0;9.0;184
8;17;0.0;4;True;0;30.54;52.0;17.0;865
5;16;0.0;1;True;1;22.08;73.0;17.0;315
10;20;0.0;5;True;0;16.44;77.0;13.0;229
11;20;0.0;3;True;1;7.04;49.0;22.0;256
10;3;0.0;3;True;1;13.62;88.0;0.0;6
9;15;0.0;6;False;1;32.42;44.0;19.0;563
12;7;0.0;2;True;0;11.74;88.0;9.0;502
7;8;0.0;0;False;0;31.48;53.0;9.0;130
9;2;0.0;2;True;3;20.2;94.0;13.0;4
10;5;0.0;1;True;1;18.32;73.0;19.0;40
9;10;0.0;1;True;0;17.38;49.0;15.0;198
11;16;0.0;5;True;1;14.56;41.0;7.0;357
4;11;1.0;1;False;0;22.08;65.0;17.0;251
9;0;1.0;1;False;1;23.02;94.0;0.0;104
2;0;0.0;0;False;3;-3.3;68.0;26.0;21
9;14;0.0;6;False;0;27.72;48.0;19.0;654
6;4;0.0;0;False;0;15.5;72.0;6.0;13
6;0;0.0;0;False;0;24.9;51.0;0.0;163
3;8;0.0;5;True;0;5.16;75.0;6.0;549
10;9;0.0;0;False;0;13.62;55.0;11.0;269
3;2;0.0;2;True;3;16.44;72.0;20.0;1
1;2;0.0;1;True;0;3.28;48.0;24.0;7
2;6;0.0;2;True;0;6.1;45.0;22.0;101
4;12;0.0;2;True;0;16.44;25.0;0.0;331
6;13;0.0;5;True;0;26.78;37.0;17.0;416
9;22;0.0;2;True;0;26.78;70.0;19.0;179
2;4;0.0;1;True;0;0.46;80.0;7.0;2
3;22;0.0;5;True;0;7.98;31.0;33.0;107
11;3;0.0;3;True;1;5.16;52.0;22.0;11
6;1;0.0;2;True;0;20.2;35.0;26.0;30
9;7;0.0;6;False;0;17.38;52.0;19.0;73
3;6;0.0;0;False;1;6.1;52.0;20.0;5
6;9;0.0;6;False;0;25.84;62.0;13.0;332
3;10;0.0;1;True;0;10.8;50.0;15.0;137
9;15;0.0;3;True;0;21.14;35.0;0.0;311
7;9;0.0;0;False;1;23.02;69.0;0.0;258
6;0;0.0;3;True;0;16.44;59.0;6.0;49
4;17;1.0;1;False;0;29.6;33.0;26.0;712
1;10;0.0;5;True;0;4.22;65.0;13.0;116
8;16;0.0;6;False;1;23.02;74.0;20.0;434
2;21;0.0;6;False;3;3.28;93.0;9.0;78
5;0;0.0;0;False;0;19.26;53.0;7.0;170
8;14;0.0;5;True;0;27.72;58.0;24.0;307
8;6;0.0;2;True;0;18.32;83.0;7.0;169
3;6;0.0;2;True;1;16.44;94.0;11.0;100
9;22;0.0;6;False;1;23.02;89.0;0.0;78
12;23;0.0;4;True;0;4.22;60.0;0.0;120
8;0;0.0;3;True;0;23.96;79.0;11.0;47
11;12;0.0;6;False;0;10.8;40.0;11.0;476
3;21;0.0;1;True;0;20.2;64.0;11.0;223
10;1;0.0;5;True;1;16.44;88.0;6.0;36
11;16;0.0;2;True;0;7.98;46.0;11.0;402
3;9;0.0;3;True;0;10.8;43.0;30.0;314
10;2;0.0;6;False;1;15.5;88.0;13.0;90
5;5;0.0;3;True;0;17.38;94.0;7.0;38
10;11;0.0;4;True;1;17.38;83.0;7.0;238
8;18;0.0;3;True;3;23.02;61.0;15.0;683
1;13;0.0;0;False;0;10.8;37.0;20.0;343
11;13;0.0;2;True;0;7.98;46.0;9.0;278
12;21;0.0;6;False;0;8.92;62.0;9.0;184
5;19;0.0;4;True;0;24.9;61.0;13.0;522
9;1;0.0;1;True;0;17.38;60.0;13.0;18
4;15;0.0;2;True;0;20.2;20.0;13.0;316
6;19;0.0;6;False;1;24.9;42.0;13.0;461
10;14;0.0;1;True;1;20.2;43.0;7.0;244
1;5;0.0;2;True;0;6.1;49.0;13.0;22
12;7;0.0;0;False;0;-0.48;64.0;6.0;19
8;6;0.0;1;True;1;24.9;79.0;15.0;141
1;0;0.0;5;True;1;10.8;82.0;17.0;38
1;20;0.0;2;True;0;13.62;63.0;24.0;180
2;6;0.0;1;True;0;-0.48;86.0;7.0;72
11;23;0.0;2;True;0;7.04;81.0;7.0;83
1;18;0.0;2;True;0;-1.42;26.0;35.0;224
1;5;0.0;4;True;1;1.4;59.0;6.0;26
11;3;0.0;3;True;1;4.22;70.0;15.0;3
5;5;0.0;6;False;0;11.74;67.0;9.0;13
9;21;0.0;2;True;0;18.32;60.0;7.0;310
5;19;0.0;1;True;0;23.02;69.0;6.0;448
2;21;0.0;3;True;3;11.74;88.0;11.0;39
2;7;0.0;5;True;1;10.8;76.0;15.0;272
9;19;0.0;5;True;0;26.78;62.0;19.0;568
5;20;0.0;2;True;3;24.9;61.0;35.0;204
4;10;0.0;4;True;0;14.56;63.0;6.0;189
10;1;0.0;3;True;0;17.38;68.0;0.0;27
2;23;0.0;0;False;0;3.28;70.0;9.0;42
6;20;0.0;3;True;0;23.96;36.0;28.0;448
4;21;0.0;3;True;0;20.2;23.0;22.0;298
8;1;0.0;5;True;1;22.08;73.0;0.0;42
11;10;0.0;3;True;1;5.16;56.0;20.0;178
8;14;0.0;5;True;1;32.42;44.0;17.0;331
8;0;0.0;3;True;0;23.02;69.0;0.0;47
4;7;0.0;0;False;1;8.92;71.0;9.0;84
10;13;0.0;0;False;0;22.08;41.0;30.0;619
3;9;0.0;0;False;0;6.1;49.0;30.0;118
9;16;0.0;1;True;0;23.02;34.0;22.0;488
8;10;0.0;5;True;1;27.72;48.0;0.0;262
12;16;0.0;2;True;0;12.68;41.0;31.0;363
5;18;0.0;0;False;1;23.96;44.0;24.0;389
10;16;0.0;3;True;1;25.84;58.0;0.0;478
8;2;0.0;3;True;0;24.9;84.0;0.0;6
12;12;0.0;1;True;3;12.68;100.0;15.0;173
6;23;0.0;6;False;0;28.66;62.0;6.0;152
7;12;0.0;2;True;0;29.6;46.0;0.0;248
3;9;0.0;1;True;0;9.86;54.0;11.0;281
1;23;0.0;5;True;0;8.92;50.0;0.0;101
3;15;0.0;5;True;3;13.62;82.0;7.0;107
12;9;0.0;5;True;0;3.28;75.0;9.0;343
3;20;0.0;5;True;0;10.8;62.0;11.0;209
5;12;0.0;3;True;0;24.9;54.0;13.0;330
4;1;0.0;3;True;0;13.62;59.0;0.0;11
5;21;0.0;4;True;0;23.96;44.0;11.0;359
4;15;0.0;3;True;1;22.08;44.0;19.0;268
12;8;0.0;4;True;1;6.1;70.0;0.0;599
5;3;0.0;3;True;0;18.32;88.0;7.0;6
12;1;0.0;1;True;1;8.92;100.0;0.0;4
12;7;0.0;0;False;0;3.28;56.0;24.0;13
1;14;0.0;0;False;0;12.68;54.0;20.0;267
4;8;0.0;5;True;0;6.1;49.0;22.0;508
9;17;0.0;3;True;0;24.9;41.0;20.0;925
4;16;0.0;3;True;1;22.08;44.0;19.0;390
8;14;0.0;1;True;0;25.84;54.0;11.0;275
12;23;0.0;6;False;1;8.92;62.0;9.0;119
1;7;0.0;6;False;3;-0.48;93.0;11.0;13
2;6;0.0;3;True;0;7.04;76.0;11.0;90
12;23;0.0;2;True;0;14.56;67.0;17.0;96
5;21;0.0;5;True;0;20.2;28.0;7.0;270
3;8;0.0;0;False;0;6.1;52.0;22.0;66
11;10;0.0;0;False;0;7.98;49.0;13.0;360
5;17;0.0;0;False;0;25.84;45.0;22.0;549
12;15;0.0;0;False;3;8.92;93.0;11.0;225
4;8;0.0;5;True;0;9.86;46.0;11.0;563
2;13;0.0;2;True;1;8.92;40.0;17.0;173
2;3;0.0;2;True;1;4.22;52.0;0.0;3
9;1;0.0;6;False;0;20.2;73.0;0.0;109
6;15;0.0;1;True;0;28.66;38.0;31.0;233
7;19;0.0;6;False;0;35.24;33.0;9.0;287
8;1;0.0;3;True;0;22.08;69.0;9.0;14
12;16;0.0;3;True;0;11.74;50.0;24.0;334
12;9;0.0;4;True;0;3.28;48.0;13.0;276
5;4;0.0;5;True;1;21.14;88.0;0.0;9
1;23;0.0;2;True;0;7.04;76.0;0.0;99
6;14;0.0;5;True;0;27.72;31.0;26.0;373
4;11;0.0;6;False;0;16.44;45.0;13.0;564
7;13;0.0;0;False;1;24.9;65.0;6.0;626
11;0;0.0;6;False;0;10.8;37.0;28.0;42
6;22;0.0;0;False;0;20.2;60.0;13.0;153
12;6;0.0;4;True;0;3.28;70.0;33.0;45
9;19;0.0;2;True;0;21.14;50.0;17.0;539
4;13;0.0;4;True;0;18.32;46.0;0.0;238
8;14;0.0;2;True;0;31.48;38.0;22.0;251
4;19;0.0;5;True;0;17.38;24.0;11.0;427
11;12;0.0;6;False;1;8.92;46.0;31.0;394
1;6;1.0;1;False;0;4.22;41.0;26.0;14
9;19;0.0;6;False;0;24.9;58.0;13.0;407
1;18;0.0;2;True;0;10.8;40.0;7.0;385
9;4;0.0;3;True;1;16.44;68.0;24.0;10
3;1;0.0;5;True;0;9.86;50.0;19.0;27
9;23;0.0;4;True;3;21.14;83.0;11.0;45
3;4;0.0;3;True;0;14.56;67.0;6.0;5
7;5;0.0;3;True;0;22.08;65.0;11.0;59
3;22;0.0;1;True;1;18.32;73.0;11.0;148
4;21;0.0;0;False;0;21.14;57.0;17.0;229
4;0;0.0;0;False;1;13.62;82.0;13.0;117
1;15;0.0;3;True;1;0.46;37.0;22.0;90
9;3;0.0;0;False;0;15.5;68.0;0.0;48
6;22;0.0;3;True;0;21.14;50.0;20.0;238
6;21;0.0;5;True;0;24.9;37.0;9.0;339
10;14;0.0;0;False;1;15.5;59.0;30.0;402
8;2;0.0;4;True;0;21.14;73.0;0.0;17
6;9;0.0;0;False;0;18.32;68.0;11.0;274
6;17;0.0;5;True;3;24.9;70.0;17.0;227
9;17;0.0;5;True;1;23.02;54.0;20.0;808
10;12;0.0;2;True;1;14.56;69.0;13.0;260
11;5;0.0;3;True;0;2.34;69.0;13.0;39
5;5;0.0;6;False;0;13.62;67.0;0.0;12
2;12;0.0;6;False;1;6.1;70.0;6.0;300
4;19;0.0;5;True;0;14.56;23.0;20.0;412
9;1;0.0;2;True;0;23.96;82.0;9.0;24
1;19;0.0;3;True;1;7.98;53.0;0.0;316
9;14;0.0;5;True;0;24.9;54.0;20.0;412
12;22;0.0;0;False;0;3.28;60.0;7.0;58
2;6;0.0;5;True;0;3.28;65.0;11.0;88
11;8;0.0;4;True;1;8.92;56.0;7.0;680
4;18;1.0;1;False;0;29.6;31.0;26.0;676
12;19;0.0;1;True;0;16.44;77.0;19.0;427
5;23;0.0;4;True;0;17.38;49.0;9.0;166
5;4;0.0;1;True;1;17.38;77.0;15.0;6
10;18;0.0;6;False;0;16.44;39.0;15.0;521
9;12;0.0;2;True;0;22.08;33.0;0.0;316
7;5;0.0;2;True;0;24.9;61.0;0.0;35
12;22;0.0;0;False;3;8.92;93.0;7.0;78
1;2;0.0;5;True;0;11.74;94.0;9.0;13
9;10;0.0;2;True;3;23.96;79.0;43.0;160
10;8;0.0;3;True;1;16.44;83.0;7.0;801
7;10;0.0;0;False;1;23.02;74.0;0.0;379
5;21;0.0;4;True;0;15.5;42.0;13.0;230
8;12;0.0;4;True;0;27.72;45.0;9.0;294
11;3;0.0;5;True;0;7.04;53.0;28.0;9
12;12;0.0;6;False;0;6.1;36.0;44.0;146
10;7;0.0;5;True;1;16.44;88.0;7.0;421
10;8;0.0;6;False;0;13.62;67.0;9.0;193
1;6;0.0;1;True;1;1.4;86.0;0.0;42
4;6;0.0;0;False;0;7.98;87.0;9.0;7
3;13;0.0;4;True;0;19.26;78.0;6.0;298
2;5;0.0;1;True;0;0.46;80.0;7.0;17
12;20;0.0;3;True;3;7.04;93.0;17.0;32
4;18;0.0;1;True;3;7.04;81.0;9.0;379
12;16;0.0;0;False;1;12.68;67.0;7.0;443
10;0;0.0;4;True;1;20.2;64.0;7.0;76
9;5;0.0;2;True;1;22.08;89.0;22.0;48
4;19;0.0;0;False;0;16.44;55.0;15.0;346
12;11;0.0;4;True;0;7.98;42.0;17.0;189
12;18;0.0;5;True;1;9.86;71.0;7.0;498
2;3;0.0;1;True;0;3.28;75.0;11.0;2
7;3;0.0;3;True;0;22.08;89.0;9.0;5
9;23;0.0;0;False;0;14.56;72.0;6.0;57
10;22;0.0;0;False;0;9.86;87.0;9.0;79
11;15;1.0;1;False;0;18.32;64.0;17.0;382
4;2;0.0;0;False;0;12.68;24.0;15.0;32
7;15;0.0;3;True;0;29.6;41.0;17.0;276
8;15;0.0;5;True;0;33.36;42.0;17.0;380
6;1;0.0;0;False;1;23.96;54.0;6.0;127
2;9;0.0;3;True;1;3.28;70.0;11.0;253
3;14;0.0;1;True;0;14.56;33.0;30.0;217
8;4;0.0;3;True;0;20.2;73.0;15.0;10
11;7;0.0;0;False;0;6.1;89.0;6.0;68
1;14;0.0;2;True;0;12.68;62.0;33.0;132
5;20;0.0;3;True;3;15.5;82.0;15.0;51
1;15;0.0;6;False;0;3.28;38.0;20.0;226
11;5;0.0;2;True;1;2.34;64.0;13.0;41
12;18;0.0;0;False;1;12.68;72.0;7.0;203
10;7;0.0;2;True;0;11.74;67.0;6.0;525
6;17;0.0;0;False;0;24.9;34.0;17.0;578
6;15;0.0;4;True;0;26.78;30.0;0.0;333
8;4;0.0;3;True;0;24.9;84.0;0.0;7
9;11;0.0;5;True;1;23.96;61.0;7.0;280
12;3;0.0;3;True;0;4.22;60.0;9.0;10
1;2;0.0;3;True;0;5.16;70.0;13.0;6
8;23;0.0;3;True;0;22.08;83.0;0.0;140
7;7;0.0;1;True;0;25.84;70.0;6.0;483
8;9;0.0;5;True;1;26.78;66.0;7.0;396
9;7;0.0;1;True;0;13.62;67.0;9.0;530
3;22;0.0;5;True;1;12.68;94.0;0.0;148
1;7;0.0;4;True;1;7.98;87.0;19.0;220
3;18;0.0;1;True;3;5.16;55.0;44.0;375
2;19;0.0;0;False;0;-0.48;40.0;19.0;80
11;21;0.0;0;False;0;12.68;67.0;15.0;171
6;9;0.0;3;True;0;23.02;41.0;24.0;282
1;9;0.0;3;True;1;1.4;86.0;9.0;225
12;0;0.0;4;True;3;4.22;87.0;20.0;3
4;8;0.0;4;True;3;13.62;82.0;13.0;362
10;9;0.0;0;False;1;15.5;55.0;28.0;330
4;21;0.0;2;True;0;18.32;26.0;20.0;297
8;13;0.0;6;False;0;29.6;49.0;24.0;569
7;15;0.0;1;True;0;32.42;47.0;17.0;237
7;1;0.0;2;True;0;23.02;83.0;9.0;21
10;5;0.0;2;True;1;9.86;82.0;13.0;19
12;4;0.0;2;True;1;7.98;76.0;19.0;8
12;2;0.0;4;True;0;7.04;66.0;0.0;8
6;5;0.0;2;True;1;20.2;78.0;13.0;37
7;3;0.0;0;False;0;29.6;59.0;7.0;35
12;12;0.0;2;True;3;14.56;48.0;17.0;313
3;14;0.0;3;True;0;16.44;36.0;22.0;175
5;1;0.0;5;True;0;13.62;51.0;9.0;46
5;3;0.0;2;True;1;16.44;68.0;19.0;6
7;5;0.0;6;False;0;26.78;74.0;13.0;14
9;1;0.0;3;True;0;24.9;84.0;13.0;13
2;5;0.0;6;False;0;3.28;81.0;6.0;4
3;17;0.0;0;False;0;16.44;27.0;20.0;498
9;18;0.0;0;False;0;16.44;59.0;30.0;401
5;11;0.0;6;False;0;21.14;41.0;6.0;522
4;23;0.0;4;True;0;15.5;63.0;7.0;144
12;12;0.0;4;True;0;8.92;40.0;17.0;282
1;0;0.0;0;False;0;-0.48;47.0;22.0;59
2;18;0.0;2;True;0;9.86;40.0;30.0;425
6;23;0.0;2;True;0;17.38;56.0;6.0;113
9;1;0.0;0;False;0;17.38;52.0;24.0;142
2;11;0.0;1;True;0;8.92;43.0;17.0;103
5;22;0.0;6;False;0;24.9;74.0;17.0;204
12;10;0.0;3;True;3;1.4;86.0;20.0;8
2;15;0.0;5;True;3;10.8;87.0;13.0;94
5;17;0.0;1;True;1;20.2;53.0;22.0;769
9;21;0.0;4;True;0;21.14;65.0;7.0;317
7;22;0.0;6;False;0;23.02;78.0;6.0;276
1;15;0.0;2;True;0;12.68;62.0;33.0;129
1;16;1.0;1;False;0;4.22;35.0;28.0;154
2;14;0.0;6;False;1;4.22;81.0;17.0;243
8;6;0.0;2;True;1;24.9;79.0;13.0;179
1;12;0.0;5;True;0;8.92;50.0;17.0;191
12;2;0.0;0;False;1;6.1;87.0;0.0;74
9;18;0.0;3;True;0;27.72;75.0;13.0;839
5;11;0.0;1;True;1;20.2;83.0;11.0;106
11;10;1.0;4;False;0;8.92;57.0;7.0;219
9;19;0.0;4;True;0;23.02;65.0;9.0;559
9;22;0.0;4;True;3;21.14;83.0;20.0;47
3;23;0.0;0;False;0;4.22;41.0;13.0;26
3;15;0.0;2;True;0;11.74;20.0;0.0;200
11;2;0.0;5;True;1;6.1;70.0;11.0;9
7;18;0.0;2;True;1;32.42;30.0;0.0;627
6;2;0.0;6;False;0;19.26;53.0;0.0;67
10;1;0.0;0;False;1;15.5;72.0;19.0;133
6;16;0.0;1;True;0;23.02;39.0;31.0;448
7;3;0.0;1;True;3;24.9;89.0;13.0;5
3;17;0.0;0;False;0;18.32;64.0;6.0;541
3;11;0.0;6;False;0;13.62;72.0;9.0;463
8;6;0.0;5;True;0;21.14;78.0;9.0;157
3;15;0.0;2;True;1;21.14;69.0;7.0;244
9;5;0.0;1;True;0;15.5;72.0;17.0;40
8;19;0.0;5;True;0;29.6;49.0;9.0;452
6;22;0.0;1;True;0;23.02;29.0;26.0;187
5;13;0.0;0;False;0;23.96;54.0;17.0;602
4;6;0.0;5;True;0;6.1;49.0;26.0;80
1;6;0.0;2;True;1;0.46;93.0;13.0;79
3;9;0.0;6;False;3;9.86;87.0;6.0;94
4;9;0.0;4;True;0;8.92;57.0;24.0;287
6;4;0.0;1;True;0;22.08;78.0;9.0;7
11;22;0.0;5;True;0;12.68;33.0;35.0;79
9;16;0.0;0;False;0;26.78;70.0;0.0;474
12;21;0.0;3;True;1;6.1;52.0;17.0;202
7;11;0.0;0;False;0;27.72;55.0;15.0;509
7;15;0.0;1;True;0;31.48;36.0;13.0;234
6;18;0.0;3;True;0;29.6;27.0;22.0;804
6;3;0.0;0;False;0;16.44;63.0;7.0;50
1;17;0.0;0;False;0;9.86;40.0;15.0;219
3;10;0.0;3;True;0;8.92;50.0;20.0;147
5;18;0.0;0;False;0;24.9;51.0;22.0;474
3;11;0.0;4;True;1;17.38;60.0;31.0;204
10;21;0.0;3;True;1;23.02;74.0;0.0;209
3;7;0.0;0;False;3;11.74;88.0;11.0;42
6;14;0.0;1;True;0;21.14;41.0;33.0;270
5;13;0.0;4;True;0;17.38;39.0;30.0;318
2;20;1.0;1;False;0;7.98;34.0;13.0;126
11;2;0.0;1;True;1;6.1;56.0;11.0;6
9;7;0.0;1;True;0;16.44;77.0;0.0;492
10;15;0.0;5;True;0;16.44;42.0;30.0;455
9;9;0.0;0;False;1;24.9;84.0;0.0;232
6;22;0.0;2;True;0;25.84;79.0;6.0;291
7;7;0.0;6;False;0;25.84;70.0;9.0;76
3;8;0.0;5;True;1;10.8;87.0;15.0;562
9;0;0.0;0;False;0;21.14;38.0;17.0;180
3;16;0.0;6;False;0;22.08;50.0;0.0;685
10;1;0.0;5;True;3;17.38;88.0;0.0;16
6;7;0.0;6;False;0;22.08;89.0;11.0;92
10;1;0.0;3;True;1;13.62;88.0;0.0;8
9;14;0.0;4;True;1;27.72;45.0;6.0;258
4;22;0.0;1;True;0;7.04;76.0;13.0;89
6;18;0.0;1;True;0;22.08;38.0;26.0;822
3;3;0.0;6;False;0;4.22;41.0;20.0;16
5;0;0.0;5;True;0;13.62;55.0;7.0;64
11;22;0.0;3;True;3;6.1;56.0;17.0;60
3;12;0.0;1;True;0;14.56;39.0;15.0;221
9;21;0.0;3;True;0;25.84;79.0;0.0;296
11;17;0.0;5;True;0;8.92;46.0;13.0;580
2;10;0.0;2;True;0;6.1;42.0;20.0;132
2;22;0.0;1;True;0;6.1;65.0;9.0;87
2;4;0.0;4;True;0;10.8;76.0;15.0;1
11;1;0.0;6;False;0;6.1;81.0;6.0;76
1;16;1.0;1;False;0;4.22;44.0;24.0;180
2;14;0.0;4;True;0;17.38;37.0;17.0;192
4;12;0.0;0;False;1;11.74;67.0;15.0;445
9;4;0.0;5;True;0;17.38;77.0;0.0;12
11;4;0.0;0;False;0;7.04;81.0;7.0;11
3;22;0.0;2;True;0;5.16;56.0;11.0;106
7;7;0.0;0;False;0;29.6;66.0;0.0;52
10;23;0.0;4;True;0;20.2;56.0;6.0;155
9;0;0.0;5;True;0;18.32;73.0;6.0;87
6;23;0.0;2;True;3;23.02;94.0;15.0;89
10;0;0.0;4;True;0;12.68;51.0;9.0;42
1;6;0.0;2;True;0;-1.42;59.0;19.0;85
12;5;0.0;0;False;1;4.22;93.0;0.0;8
5;11;0.0;6;False;0;21.14;38.0;6.0;586
10;19;0.0;0;False;1;10.8;82.0;7.0;114
7;18;0.0;5;True;1;23.02;78.0;22.0;622
8;7;0.0;3;True;0;21.14;78.0;0.0;553
11;9;0.0;5;True;0;7.98;53.0;28.0;327
11;5;0.0;5;True;1;7.04;66.0;11.0;26
4;6;0.0;2;True;0;6.1;70.0;15.0;120
11;9;0.0;1;True;1;6.1;52.0;19.0;257
1;17;0.0;6;False;0;11.74;44.0;26.0;290
2;9;0.0;0;False;0;-3.3;49.0;20.0;63
7;1;0.0;5;True;0;23.02;89.0;9.0;11
12;6;0.0;0;False;1;7.98;87.0;0.0;6
7;19;0.0;2;True;1;31.48;36.0;9.0;497
2;2;0.0;0;False;1;3.28;93.0;7.0;63
3;14;0.0;6;False;3;16.44;88.0;24.0;223
8;7;0.0;6;False;0;22.08;83.0;6.0;62
8;7;0.0;0;False;1;21.14;69.0;9.0;41
8;14;0.0;4;True;0;33.36;32.0;15.0;247
6;1;0.0;5;True;0;18.32;56.0;11.0;29
1;6;0.0;6;False;3;-0.48;93.0;11.0;1
9;15;0.0;4;True;1;27.72;45.0;0.0;296
9;11;0.0;6;False;0;27.72;62.0;30.0;578
6;22;0.0;6;False;0;19.26;46.0;9.0;228
8;5;0.0;4;True;1;23.02;94.0;0.0;41
6;16;0.0;6;False;0;22.08;38.0;17.0;644
4;21;0.0;3;True;0;16.44;52.0;9.0;239
7;16;0.0;2;True;1;34.3;24.0;13.0;527
6;1;0.0;3;True;0;16.44;68.0;0.0;27
10;12;0.0;3;True;0;17.38;56.0;15.0;390
5;1;0.0;6;False;0;15.5;48.0;0.0;93
8;3;0.0;5;True;1;25.84;79.0;13.0;9
4;4;0.0;4;True;0;6.1;61.0;15.0;1
9;1;0.0;6;False;1;23.02;89.0;19.0;117
10;8;0.0;0;False;0;12.68;77.0;13.0;132
9;23;0.0;0;False;1;15.5;59.0;7.0;100
6;3;0.0;2;True;1;20.2;78.0;7.0;8
2;0;0.0;0;False;0;3.28;41.0;24.0;70
3;4;0.0;5;True;0;7.04;61.0;0.0;2
3;14;0.0;4;True;0;15.5;42.0;24.0;238
7;6;0.0;6;False;0;26.78;74.0;7.0;31
12;9;0.0;5;True;1;3.28;60.0;19.0;191
3;13;0.0;6;False;0;20.2;60.0;7.0;686
3;9;0.0;1;True;0;15.5;72.0;11.0;331
8;10;0.0;2;True;0;23.02;61.0;7.0;178
10;5;0.0;6;False;1;15.5;82.0;13.0;9
12;20;0.0;6;False;1;8.92;100.0;0.0;182
9;2;0.0;5;True;3;20.2;88.0;20.0;10
7;22;0.0;4;True;0;25.84;51.0;11.0;318
4;23;1.0;1;False;0;24.9;45.0;20.0;121
5;6;0.0;1;True;3;18.32;88.0;20.0;79
6;13;0.0;0;False;0;22.08;53.0;11.0;614
6;23;0.0;2;True;0;21.14;41.0;9.0;131
12;19;0.0;4;True;0;4.22;60.0;13.0;373
3;23;0.0;4;True;1;18.32;49.0;30.0;94
1;1;1.0;1;False;0;-1.42;43.0;7.0;20
8;22;0.0;5;True;0;27.72;58.0;13.0;277
9;18;0.0;3;True;0;23.02;44.0;17.0;977
1;17;0.0;2;True;0;11.74;38.0;17.0;460
8;4;0.0;4;True;0;23.02;83.0;0.0;9
1;16;0.0;0;False;0;10.8;37.0;20.0;314
4;23;0.0;4;True;0;10.8;50.0;9.0;136
4;21;0.0;0;False;0;16.44;34.0;15.0;130
4;8;0.0;6;False;0;16.44;81.0;17.0;201
9;20;0.0;6;False;0;16.44;55.0;13.0;315
1;22;0.0;4;True;0;9.86;76.0;20.0;133
12;4;0.0;4;True;1;4.22;56.0;13.0;8
10;0;0.0;3;True;0;17.38;73.0;6.0;46
7;1;0.0;2;True;0;25.84;58.0;0.0;14
3;6;0.0;6;False;1;8.92;93.0;6.0;7
6;1;0.0;0;False;0;18.32;60.0;11.0;88
3;4;0.0;6;False;1;11.74;94.0;0.0;2
1;16;0.0;4;True;0;4.22;41.0;22.0;193
5;6;0.0;5;True;0;17.38;94.0;7.0;135
1;8;0.0;6;False;0;1.4;80.0;6.0;91
10;13;0.0;3;True;0;11.74;50.0;15.0;213
7;13;0.0;5;True;0;34.3;27.0;7.0;293
12;23;0.0;6;False;1;7.04;81.0;0.0;126
12;19;0.0;0;False;0;6.1;42.0;0.0;58
5;11;0.0;6;False;0;24.9;58.0;6.0;575
6;13;0.0;5;True;0;33.36;39.0;15.0;300
1;4;0.0;2;True;3;7.04;66.0;22.0;2
4;9;0.0;5;True;0;7.98;42.0;22.0;376
6;22;0.0;6;False;0;24.9;58.0;11.0;214
1;8;0.0;0;False;0;4.22;87.0;7.0;14
6;20;0.0;2;True;0;24.9;30.0;19.0;505
5;22;0.0;0;False;1;21.14;61.0;11.0;131
2;23;0.0;4;True;0;12.68;54.0;0.0;85
4;14;0.0;2;True;0;18.32;21.0;15.0;311
7;23;0.0;4;True;3;23.02;89.0;15.0;65
5;7;0.0;1;True;1;14.56;82.0;7.0;385
2;7;1.0;1;False;1;2.34;55.0;22.0;44
7;22;0.0;2;True;0;23.96;74.0;17.0;257
7;9;0.0;0;False;1;25.84;79.0;0.0;221
11;8;0.0;4;True;0;1.4;69.0;7.0;679
12;11;0.0;2;True;1;8.92;53.0;24.0;173
2;13;0.0;0;False;0;6.1;49.0;11.0;261
4;3;0.0;1;True;0;10.8;76.0;11.0;4
4;4;0.0;1;True;0;12.68;24.0;13.0;5
2;14;0.0;1;True;0;10.8;35.0;11.0;140
5;20;0.0;4;True;1;23.02;69.0;19.0;398
11;15;0.0;5;True;0;13.62;36.0;15.0;356
1;20;0.0;0;False;3;-0.48;86.0;11.0;74
3;23;0.0;3;True;0;17.38;77.0;0.0;125
6;19;0.0;1;True;0;21.14;38.0;28.0;645
7;7;0.0;2;True;1;26.78;70.0;0.0;526
2;16;0.0;0;False;0;6.1;56.0;15.0;296
7;9;0.0;4;True;1;27.72;58.0;19.0;318
6;14;0.0;4;True;0;32.42;25.0;22.0;254
2;1;0.0;0;False;1;7.04;39.0;17.0;72
5;22;0.0;2;True;3;20.2;78.0;17.0;147
4;6;0.0;0;False;0;8.92;37.0;0.0;28
1;7;0.0;2;True;1;7.04;93.0;9.0;232
4;20;0.0;1;True;1;16.44;59.0;13.0;309
11;14;0.0;6;False;0;7.04;33.0;31.0;207
6;12;0.0;4;True;0;31.48;26.0;19.0;276
4;16;0.0;1;True;0;18.32;30.0;28.0;391
9;15;0.0;2;True;0;29.6;59.0;31.0;292
12;13;0.0;3;True;1;7.98;42.0;0.0;238
2;4;0.0;6;False;0;6.1;42.0;22.0;2
4;21;0.0;5;True;0;12.68;33.0;20.0;208
2;16;0.0;3;True;3;10.8;82.0;15.0;167
2;16;0.0;1;True;0;8.92;23.0;13.0;211
10;13;0.0;6;False;0;13.62;36.0;13.0;670
6;8;0.0;3;True;1;21.14;73.0;35.0;713
11;20;0.0;5;True;0;8.92;46.0;17.0;227
11;4;0.0;4;True;1;7.98;66.0;7.0;10
9;8;0.0;5;True;0;20.2;83.0;6.0;705
8;3;0.0;4;True;0;21.14;73.0;17.0;4
7;0;0.0;4;True;0;23.02;65.0;13.0;92
3;19;0.0;6;False;3;13.62;94.0;9.0;133
1;6;0.0;3;True;0;7.98;36.0;35.0;88
6;1;0.0;0;False;0;22.08;73.0;9.0;116
4;19;0.0;1;True;1;7.98;76.0;15.0;298
12;16;0.0;3;True;0;13.62;33.0;19.0;377
7;18;0.0;4;True;0;27.72;45.0;9.0;825
1;3;0.0;6;False;0;7.04;57.0;7.0;20
7;20;0.0;3;True;0;26.78;62.0;6.0;366
4;2;0.0;0;False;1;8.92;87.0;7.0;40
6;11;0.0;1;True;1;27.72;48.0;15.0;202
5;11;0.0;2;True;1;23.02;65.0;19.0;229
4;0;0.0;3;True;0;14.56;48.0;0.0;41
5;2;0.0;5;True;1;21.14;83.0;0.0;23
2;21;1.0;1;False;0;6.1;39.0;11.0;98
1;12;0.0;2;True;0;0.46;37.0;35.0;74
1;14;0.0;6;False;0;3.28;41.0;20.0;231
11;22;0.0;1;True;0;7.04;61.0;0.0;104
3;17;0.0;2;True;0;24.9;37.0;7.0;676
11;3;0.0;2;True;1;7.98;71.0;7.0;2
9;15;0.0;4;True;0;26.78;66.0;13.0;270
9;4;0.0;3;True;0;24.9;79.0;19.0;5
1;14;0.0;1;True;3;2.34;75.0;11.0;50
8;7;0.0;3;True;1;24.9;84.0;11.0;482
6;3;0.0;0;False;0;17.38;64.0;7.0;28
2;1;0.0;2;True;0;4.22;56.0;0.0;7
9;17;0.0;4;True;0;26.78;70.0;17.0;808
3;3;0.0;0;False;1;8.92;43.0;9.0;26
1;11;0.0;5;True;1;1.4;32.0;24.0;123
5;2;0.0;3;True;0;18.32;94.0;13.0;19
1;16;0.0;4;True;1;10.8;71.0;6.0;224
12;15;0.0;4;True;1;4.22;56.0;30.0;120
1;2;1.0;1;False;0;-1.42;46.0;0.0;17
1;23;0.0;3;True;0;-0.48;47.0;20.0;38
4;16;0.0;2;True;0;15.5;23.0;13.0;362
11;0;0.0;4;True;3;5.16;61.0;15.0;15
10;20;0.0;2;True;3;21.14;94.0;9.0;306
6;14;0.0;0;False;0;31.48;30.0;9.0;500
5;19;0.0;3;True;1;21.14;83.0;11.0;376
2;18;0.0;6;False;1;2.34;47.0;44.0;108
6;7;0.0;3;True;0;20.2;83.0;20.0;505
1;18;0.0;1;True;0;7.98;23.0;11.0;410
1;15;0.0;6;False;3;1.4;80.0;13.0;119
9;9;0.0;4;True;0;18.32;60.0;6.0;355
4;2;0.0;3;True;0;13.62;51.0;0.0;5
12;17;0.0;3;True;1;7.04;53.0;15.0;561
3;2;0.0;4;True;1;13.62;94.0;19.0;6
9;22;0.0;3;True;3;21.14;69.0;13.0;215
6;12;0.0;4;True;1;23.02;61.0;15.0;265
5;6;0.0;4;True;1;13.62;88.0;11.0;136
2;22;0.0;6;False;1;-1.42;39.0;26.0;46
7;4;1.0;3;False;0;23.96;69.0;17.0;16
11;13;0.0;0;False;1;4.22;41.0;11.0;195
2;8;0.0;5;True;1;4.22;100.0;0.0;520
12;11;0.0;6;False;3;1.4;93.0;6.0;45
4;11;0.0;3;True;0;16.44;32.0;9.0;219
2;9;0.0;3;True;0;7.04;61.0;22.0;231
1;11;0.0;5;True;0;6.1;56.0;11.0;138
8;1;0.0;0;False;0;22.08;65.0;0.0;131
1;19;0.0;2;True;0;15.5;29.0;19.0;328
8;18;0.0;3;True;0;26.78;42.0;11.0;812
12;7;0.0;1;True;1;9.86;94.0;17.0;294
9;11;0.0;4;True;3;24.9;84.0;11.0;62
1;16;0.0;2;True;0;17.38;26.0;30.0;307
11;15;0.0;6;False;0;6.1;36.0;31.0;198
2;11;0.0;4;True;0;3.28;52.0;15.0;99
1;13;0.0;5;True;0;10.8;43.0;19.0;204
10;19;0.0;2;True;3;21.14;94.0;0.0;395
6;11;0.0;4;True;0;23.02;47.0;15.0;237
2;23;0.0;5;True;0;4.22;70.0;7.0;77
3;12;0.0;2;True;0;20.2;60.0;19.0;244
3;7;0.0;2;True;1;13.62;82.0;19.0;308
9;10;0.0;2;True;0;21.14;38.0;0.0;196
11;16;0.0;2;True;1;11.74;62.0;6.0;395
9;22;0.0;0;False;0;16.44;48.0;0.0;138
11;16;0.0;2;True;0;9.86;40.0;20.0;310
8;7;0.0;4;True;1;24.9;84.0;11.0;475
12;12;0.0;6;False;1;10.8;87.0;15.0;486
9;4;0.0;5;True;0;15.5;77.0;0.0;10
11;9;0.0;6;False;0;7.98;49.0;15.0;248
4;1;0.0;3;True;0;16.44;34.0;13.0;14
10;11;0.0;2;True;0;20.2;53.0;0.0;253
11;6;0.0;3;True;0;3.28;65.0;13.0;146
6;22;0.0;3;True;0;30.54;46.0;7.0;257
10;17;0.0;0;False;0;16.44;39.0;17.0;491
7;1;0.0;6;False;0;27.72;70.0;11.0;71
7;16;0.0;5;True;1;23.96;83.0;22.0;436
8;7;0.0;6;False;0;20.2;83.0;15.0;64
9;17;0.0;2;True;0;27.72;70.0;24.0;856
2;3;0.0;4;True;1;6.1;61.0;0.0;1
5;10;0.0;4;True;0;24.9;39.0;26.0;220
5;19;0.0;0;False;0;27.72;58.0;13.0;442
8;17;0.0;2;True;1;28.66;62.0;9.0;868
9;15;0.0;4;True;0;23.02;47.0;13.0;291
3;5;0.0;6;False;0;2.34;42.0;19.0;10
10;8;0.0;3;True;1;10.8;76.0;0.0;817
9;13;0.0;2;True;0;22.08;47.0;17.0;305
2;16;0.0;1;True;0;10.8;43.0;17.0;228
10;19;0.0;2;True;1;15.5;68.0;13.0;115
5;21;0.0;2;True;3;20.2;88.0;30.0;71
7;11;0.0;0;False;0;30.54;52.0;11.0;451
5;16;0.0;4;True;0;23.96;57.0;11.0;370
2;6;0.0;6;False;1;6.1;42.0;20.0;13
9;7;0.0;6;False;0;23.02;89.0;19.0;82
2;20;0.0;0;False;1;6.1;52.0;19.0;103
12;6;0.0;5;True;0;-0.48;80.0;7.0;113
9;5;0.0;3;True;0;18.32;73.0;15.0;36
9;22;0.0;5;True;0;24.9;74.0;15.0;299
3;5;0.0;1;True;0;12.68;94.0;0.0;31
8;17;0.0;2;True;3;27.72;66.0;17.0;812
6;1;0.0;2;True;1;20.2;78.0;11.0;14
12;9;0.0;2;True;0;7.98;61.0;26.0;334
5;1;0.0;6;False;0;22.08;83.0;9.0;82
2;19;0.0;1;True;0;15.5;29.0;26.0;334
4;15;0.0;0;False;0;18.32;37.0;9.0;603
11;0;0.0;5;True;0;5.16;65.0;0.0;32
9;19;0.0;1;True;0;16.44;39.0;9.0;590
8;14;0.0;1;True;0;29.6;33.0;7.0;248
3;10;0.0;0;False;0;7.04;49.0;19.0;218
9;6;0.0;1;True;0;15.5;72.0;9.0;180
12;11;0.0;4;True;1;7.98;57.0;15.0;190
1;17;0.0;2;True;0;17.38;26.0;28.0;559
9;6;0.0;3;True;0;24.9;79.0;19.0;210
5;13;1.0;1;False;0;29.6;63.0;19.0;556
2;6;0.0;4;True;1;6.1;70.0;6.0;87
12;1;0.0;1;True;0;2.34;69.0;0.0;11
4;14;0.0;1;True;0;18.32;28.0;37.0;218
11;6;0.0;3;True;1;4.22;56.0;19.0;118
6;13;0.0;4;True;0;24.9;37.0;19.0;315
5;15;0.0;2;True;1;26.78;45.0;15.0;234
9;7;0.0;5;True;1;18.32;94.0;0.0;394
12;15;0.0;1;True;1;11.74;88.0;0.0;211
4;17;0.0;0;False;0;21.14;22.0;20.0;411
3;18;0.0;3;True;0;24.9;32.0;0.0;749
5;7;0.0;2;True;0;23.02;78.0;15.0;450
11;15;0.0;0;False;0;18.32;37.0;15.0;724
10;5;0.0;5;True;0;16.44;77.0;0.0;41
11;19;0.0;1;True;0;7.98;53.0;0.0;371
1;6;0.0;3;True;0;1.4;86.0;9.0;74
3;2;0.0;1;True;0;3.28;48.0;9.0;4
11;22;1.0;1;False;0;16.44;77.0;17.0;112
7;2;0.0;1;True;1;23.02;94.0;6.0;17
6;13;0.0;6;False;0;33.36;30.0;17.0;428
2;18;0.0;4;True;0;10.8;43.0;31.0;410
2;3;0.0;4;True;3;12.68;67.0;13.0;6
8;23;0.0;0;False;1;21.14;73.0;0.0;46
12;2;0.0;6;False;0;4.22;44.0;35.0;23
3;17;0.0;0;False;0;7.98;31.0;37.0;263
11;20;0.0;5;True;0;7.04;66.0;0.0;245
11;21;0.0;3;True;0;6.1;56.0;0.0;213
8;3;0.0;2;True;0;18.32;88.0;0.0;3
9;18;0.0;2;True;0;22.08;41.0;15.0;822
4;19;0.0;1;True;0;16.44;34.0;24.0;421
8;14;0.0;6;False;0;29.6;49.0;20.0;538
3;20;0.0;4;True;1;19.26;60.0;24.0;330
11;11;1.0;4;False;0;11.74;41.0;6.0;232
8;13;0.0;5;True;1;27.72;58.0;24.0;290
3;5;0.0;5;True;1;15.5;94.0;0.0;34
9;3;0.0;5;True;0;21.14;83.0;6.0;9
7;1;0.0;2;True;0;23.96;79.0;11.0;17
4;0;0.0;3;True;0;7.98;36.0;28.0;30
12;18;0.0;5;True;1;4.22;56.0;20.0;243
1;17;0.0;5;True;0;11.74;50.0;39.0;422
3;3;0.0;5;True;0;7.98;61.0;9.0;7
1;13;0.0;6;False;0;2.34;44.0;19.0;220
5;21;0.0;4;True;3;22.08;78.0;11.0;285
9;18;0.0;6;False;1;30.54;52.0;0.0;442
10;8;0.0;4;True;0;13.62;82.0;17.0;834
4;21;0.0;5;True;0;15.5;36.0;0.0;189
1;2;0.0;0;False;1;0.46;74.0;19.0;47
7;7;0.0;0;False;0;26.78;70.0;0.0;50
6;23;0.0;1;True;3;20.2;78.0;13.0;74
7;5;0.0;6;False;1;22.08;73.0;7.0;5
6;3;0.0;4;True;0;25.84;74.0;0.0;11
4;22;0.0;2;True;0;12.68;35.0;7.0;157
8;2;0.0;6;False;0;25.84;84.0;9.0;84
11;8;0.0;6;False;0;7.04;76.0;0.0;146
5;22;0.0;4;True;1;22.08;78.0;7.0;243
6;5;0.0;4;True;0;14.56;82.0;6.0;34
7;2;0.0;5;True;0;27.72;62.0;9.0;17
2;1;0.0;6;False;0;7.04;49.0;11.0;45
11;6;0.0;6;False;0;3.28;70.0;15.0;21
9;5;1.0;1;False;0;23.02;89.0;0.0;4
4;15;0.0;5;True;0;22.08;47.0;13.0;407
1;10;0.0;4;True;1;6.1;81.0;9.0;108
3;18;0.0;0;False;0;16.44;29.0;19.0;389
5;15;0.0;3;True;1;24.9;61.0;0.0;257
5;10;0.0;2;True;1;19.26;68.0;28.0;157
10;0;0.0;6;False;0;13.62;82.0;9.0;123
3;21;0.0;6;False;0;6.1;39.0;15.0;110
1;16;0.0;6;False;1;18.32;37.0;19.0;401
4;21;0.0;1;True;1;7.04;81.0;15.0;152
6;9;0.0;3;True;1;22.08;69.0;39.0;352
11;12;0.0;4;True;0;8.92;40.0;11.0;236
12;9;0.0;6;False;1;4.22;81.0;0.0;49
8;8;0.0;2;True;0;20.2;78.0;9.0;723
7;5;0.0;4;True;0;25.84;62.0;0.0;29
4;15;0.0;5;True;0;16.44;29.0;33.0;324
6;22;0.0;2;True;0;23.02;34.0;17.0;245
5;20;0.0;3;True;0;23.02;65.0;17.0;459
1;9;0.0;0;False;0;-2.36;54.0;13.0;90
10;12;0.0;0;False;1;14.56;59.0;33.0;491
3;11;0.0;4;True;0;18.32;60.0;9.0;211
10;10;0.0;6;False;0;21.14;69.0;19.0;539
6;1;0.0;3;True;0;22.08;78.0;0.0;28
3;5;0.0;1;True;0;1.4;55.0;6.0;18
9;8;0.0;1;True;0;17.38;77.0;6.0;683
6;9;0.0;1;True;0;24.9;65.0;13.0;268
8;2;0.0;2;True;1;19.26;88.0;19.0;8
6;18;0.0;1;True;1;29.6;43.0;20.0;831
7;19;0.0;3;True;0;26.78;48.0;15.0;633
3;9;0.0;6;False;1;16.44;83.0;9.0;249
1;6;0.0;1;True;0;2.34;44.0;17.0;80
1;4;0.0;4;True;1;1.4;59.0;6.0;5
5;13;0.0;1;True;3;20.2;83.0;17.0;184
11;2;0.0;3;True;1;4.22;75.0;15.0;1
10;16;0.0;6;False;0;15.5;31.0;13.0;637
5;16;0.0;0;False;0;25.84;42.0;17.0;564
3;4;0.0;1;True;0;1.4;55.0;6.0;1
8;14;0.0;2;True;0;30.54;41.0;15.0;255
4;22;0.0;4;True;0;11.74;35.0;13.0;158
11;13;0.0;5;True;0;13.62;38.0;20.0;299
10;10;0.0;6;False;0;10.8;43.0;0.0;347
8;2;0.0;5;True;0;23.02;69.0;0.0;16
2;16;0.0;2;True;0;8.92;46.0;28.0;254
10;18;0.0;5;True;1;18.32;78.0;9.0;665
9;13;0.0;5;True;0;29.6;59.0;17.0;354
11;0;0.0;0;False;1;6.1;70.0;11.0;129
11;20;0.0;2;True;1;9.86;76.0;0.0;235
2;12;0.0;4;True;0;15.5;42.0;17.0;224
3;0;0.0;1;True;0;14.56;82.0;7.0;23
7;17;0.0;6;False;3;24.9;79.0;11.0;458
9;10;0.0;2;True;0;18.32;52.0;20.0;170
5;15;0.0;0;False;1;24.9;39.0;28.0;502
5;13;0.0;4;True;0;26.78;35.0;9.0;293
7;6;0.0;6;False;3;19.26;88.0;17.0;15
3;22;0.0;4;True;0;9.86;50.0;17.0;126
6;2;0.0;2;True;1;20.2;78.0;9.0;15
5;15;0.0;1;True;1;21.14;73.0;11.0;196
1;13;0.0;0;False;0;1.4;34.0;19.0;224
4;13;0.0;3;True;1;20.2;46.0;17.0;251
12;17;0.0;2;True;0;10.8;47.0;30.0;572
6;6;0.0;2;True;1;20.2;78.0;7.0;161
5;17;0.0;3;True;0;26.78;48.0;6.0;839
6;14;0.0;2;True;1;19.26;46.0;11.0;276
8;6;0.0;5;True;3;22.08;89.0;20.0;44
11;13;0.0;2;True;1;12.68;58.0;0.0;267
4;20;0.0;6;False;1;9.86;66.0;0.0;102
4;1;0.0;6;False;0;10.8;58.0;9.0;70
1;20;0.0;2;True;0;10.8;58.0;7.0;238
1;9;0.0;4;True;1;6.1;81.0;0.0;274
3;10;0.0;5;True;1;10.8;87.0;6.0;180
7;12;1.0;3;False;0;32.42;41.0;15.0;494
12;11;0.0;4;True;0;4.22;48.0;11.0;178
11;13;0.0;5;True;1;10.8;40.0;11.0;262
10;10;0.0;6;False;0;16.44;52.0;9.0;423
12;6;0.0;1;True;1;9.86;94.0;11.0;123
1;5;1.0;1;False;0;-2.36;54.0;6.0;6
10;17;0.0;4;True;0;15.5;39.0;19.0;827
9;19;0.0;5;True;3;21.14;50.0;17.0;508
3;5;0.0;5;True;3;10.8;66.0;19.0;29
4;23;0.0;4;True;0;15.5;88.0;11.0;112
6;8;0.0;0;False;0;22.08;73.0;6.0;181
10;10;0.0;6;False;0;17.38;73.0;19.0;479
12;23;0.0;1;True;3;11.74;94.0;15.0;47
10;17;0.0;0;False;3;10.8;82.0;15.0;157
11;16;0.0;4;True;0;11.74;16.0;26.0;339
2;22;0.0;2;True;0;7.98;46.0;7.0;101
12;19;0.0;3;True;3;6.1;87.0;13.0;35
3;13;0.0;3;True;0;23.02;27.0;15.0;254
2;3;0.0;6;False;0;6.1;45.0;20.0;7
2;10;0.0;3;True;0;10.8;62.0;9.0;133
11;13;0.0;4;True;0;9.86;32.0;9.0;224
2;19;0.0;3;True;0;9.86;43.0;11.0;311
7;4;0.0;3;True;0;22.08;65.0;15.0;4
6;6;0.0;5;True;1;24.9;61.0;11.0;163
11;16;0.0;6;False;0;5.16;38.0;30.0;170
3;0;0.0;2;True;0;7.04;26.0;35.0;10
12;0;0.0;1;True;0;0.46;55.0;13.0;34
2;0;0.0;4;True;0;13.62;59.0;9.0;31
8;19;0.0;3;True;0;26.78;66.0;17.0;652
10;19;0.0;1;True;0;16.44;52.0;7.0;514
8;2;0.0;4;True;0;23.02;83.0;6.0;11
3;12;0.0;5;True;1;23.02;61.0;15.0;471
6;6;0.0;2;True;0;14.56;82.0;17.0;184
5;0;0.0;4;True;3;15.5;77.0;11.0;33
8;13;0.0;2;True;1;29.6;52.0;13.0;253
8;21;0.0;2;True;0;26.78;62.0;15.0;308
9;12;0.0;6;False;0;29.6;55.0;33.0;694
12;7;1.0;2;False;1;2.34;93.0;11.0;6
7;19;0.0;1;True;0;26.78;55.0;11.0;631
3;2;0.0;1;True;0;13.62;88.0;11.0;8
10;15;1.0;1;False;3;11.74;58.0;13.0;370
9;8;0.0;2;True;1;23.02;83.0;37.0;672
9;21;0.0;0;False;0;20.2;46.0;15.0;206
12;1;0.0;6;False;0;4.22;81.0;0.0;69
1;18;0.0;6;False;0;17.38;45.0;9.0;297
8;3;0.0;6;False;0;25.84;84.0;9.0;30
10;15;0.0;3;True;0;20.2;40.0;11.0;319
10;13;0.0;3;True;0;18.32;49.0;0.0;297
1;22;0.0;3;True;3;7.98;87.0;13.0;49
1;17;0.0;2;True;0;11.74;67.0;6.0;515
1;8;1.0;1;False;0;-3.3;58.0;11.0;78
6;14;0.0;0;False;0;31.48;30.0;20.0;551
12;10;0.0;0;False;0;4.22;41.0;39.0;122
8;12;0.0;3;True;1;29.6;52.0;0.0;280
8;11;0.0;1;True;0;26.78;66.0;13.0;229
3;17;0.0;4;True;0;18.32;35.0;20.0;600
2;21;0.0;3;True;3;3.28;87.0;13.0;129
4;17;0.0;4;True;0;20.2;43.0;6.0;748
11;9;0.0;2;True;1;7.04;81.0;9.0;268
9;9;0.0;1;True;0;19.26;68.0;9.0;299
2;8;0.0;0;False;1;3.28;75.0;11.0;62
6;19;0.0;2;True;0;19.26;46.0;17.0;513
3;4;0.0;1;True;0;12.68;82.0;11.0;4
9;16;0.0;6;False;0;21.14;41.0;17.0;722
9;17;0.0;0;False;0;27.72;66.0;6.0;503
10;7;0.0;2;True;0;9.86;83.0;17.0;362
7;5;0.0;4;True;1;25.84;70.0;7.0;40
8;4;0.0;5;True;0;22.08;73.0;11.0;9
2;19;0.0;3;True;0;17.38;52.0;19.0;335
12;5;0.0;1;True;0;-0.48;64.0;13.0;9
7;22;0.0;0;False;0;30.54;43.0;9.0;151
4;19;0.0;4;True;1;17.38;77.0;15.0;464
1;2;1.0;1;False;0;8.92;34.0;30.0;7
10;8;0.0;0;False;1;15.5;59.0;37.0;173
12;14;1.0;2;False;0;9.86;46.0;20.0;126
9;13;0.0;5;True;0;24.9;54.0;11.0;421
1;3;0.0;0;False;0;7.98;42.0;9.0;32
1;12;0.0;0;False;0;10.8;62.0;19.0;201
6;20;0.0;6;False;0;27.72;35.0;15.0;363
7;19;0.0;0;False;0;27.72;55.0;11.0;443
5;7;0.0;5;True;0;13.62;82.0;7.0;515
7;20;0.0;4;True;0;26.78;48.0;15.0;514
2;0;0.0;6;False;0;7.98;42.0;11.0;86
7;9;0.0;1;True;0;28.66;46.0;17.0;295
2;8;0.0;0;False;1;3.28;56.0;13.0;56
2;11;0.0;5;True;0;8.92;62.0;28.0;142
3;3;0.0;0;False;0;3.28;60.0;9.0;66
5;16;0.0;6;False;0;28.66;55.0;17.0;504
11;10;0.0;3;True;0;7.04;45.0;24.0;171
2;12;0.0;4;True;0;11.74;82.0;0.0;148
10;9;0.0;6;False;0;8.92;50.0;6.0;266
3;8;0.0;1;True;0;12.68;62.0;15.0;657
2;17;0.0;4;True;0;7.98;34.0;9.0;399
5;11;0.0;1;True;1;17.38;73.0;13.0;213
3;13;0.0;4;True;0;19.26;32.0;17.0;211
2;1;0.0;6;False;3;5.16;81.0;9.0;45
10;16;0.0;4;True;0;15.5;36.0;9.0;481
11;23;0.0;6;False;0;8.92;71.0;7.0;146
10;13;0.0;2;True;0;16.44;45.0;19.0;328
4;7;0.0;3;True;1;15.5;39.0;13.0;418
10;23;0.0;0;False;1;18.32;68.0;19.0;105
2;3;0.0;3;True;0;12.68;44.0;13.0;3
12;23;0.0;3;True;3;4.22;87.0;20.0;10
10;0;0.0;1;True;0;10.8;62.0;0.0;31
5;23;0.0;5;True;0;17.38;37.0;13.0;180
1;5;0.0;5;True;1;1.4;80.0;9.0;13
9;12;0.0;6;False;0;21.14;41.0;20.0;682
4;2;0.0;4;True;0;13.62;33.0;30.0;18
7;18;0.0;2;True;0;27.72;62.0;22.0;877
7;12;0.0;0;False;1;24.9;70.0;7.0;504
12;4;0.0;3;True;0;15.5;63.0;30.0;10
11;11;0.0;0;False;1;4.22;41.0;15.0;204
12;18;0.0;0;False;0;6.1;45.0;11.0;93
7;19;0.0;1;True;0;30.54;52.0;11.0;665
2;16;0.0;1;True;0;17.38;26.0;30.0;286
4;1;0.0;0;False;1;8.92;81.0;9.0;42
6;11;0.0;6;False;0;27.72;48.0;15.0;516
8;15;0.0;2;True;0;29.6;52.0;0.0;306
2;15;0.0;6;False;0;7.04;29.0;28.0;232
2;21;0.0;0;False;0;5.16;56.0;7.0;66
2;4;0.0;6;False;0;4.22;70.0;0.0;7
3;0;0.0;4;True;1;11.74;94.0;0.0;11
8;17;0.0;4;True;0;30.54;34.0;15.0;844
4;7;0.0;1;True;0;7.98;66.0;26.0;306
6;18;0.0;5;True;0;25.84;39.0;15.0;693
3;9;0.0;1;True;0;13.62;47.0;19.0;282
6;5;0.0;0;False;0;17.38;68.0;9.0;17
6;16;0.0;6;False;0;34.3;29.0;11.0;373
1;7;0.0;6;False;0;2.34;75.0;0.0;31
7;20;0.0;6;False;0;34.3;37.0;11.0;276
2;3;1.0;1;False;1;3.28;81.0;13.0;8
3;23;0.0;0;False;0;10.8;50.0;11.0;52
2;9;0.0;3;True;3;6.1;81.0;11.0;38
6;6;0.0;3;True;1;22.08;89.0;6.0;165
4;13;1.0;1;False;0;26.78;45.0;20.0;263
9;2;0.0;3;True;0;16.44;72.0;6.0;11
1;3;0.0;2;True;0;-0.48;55.0;19.0;2
11;5;0.0;6;False;0;4.22;41.0;22.0;3
12;5;0.0;4;True;1;4.22;56.0;11.0;33
6;21;0.0;4;True;0;22.08;65.0;11.0;337
8;18;0.0;0;False;1;22.08;89.0;6.0;264
4;11;0.0;1;True;1;7.04;70.0;24.0;101
2;8;0.0;3;True;3;8.92;73.0;7.0;520
10;10;1.0;1;False;1;9.86;68.0;9.0;298
4;6;0.0;3;True;0;7.98;66.0;0.0;106
7;12;0.0;5;True;3;23.96;83.0;11.0;274
5;1;0.0;3;True;3;22.08;89.0;13.0;4
4;15;0.0;5;True;0;17.38;28.0;17.0;352
3;9;0.0;0;False;1;10.8;94.0;17.0;118
2;16;0.0;4;True;3;7.98;81.0;0.0;118
9;14;0.0;2;True;3;20.2;94.0;31.0;143
6;18;0.0;4;True;0;32.42;25.0;15.0;697
11;1;1.0;1;False;0;10.8;76.0;11.0;30
10;10;0.0;2;True;1;12.68;75.0;15.0;164
3;21;0.0;6;False;1;10.8;71.0;22.0;143
12;23;0.0;2;True;0;6.1;52.0;15.0;64
12;21;0.0;6;False;1;5.16;56.0;33.0;60
8;15;0.0;5;True;0;32.42;30.0;31.0;383
5;13;0.0;3;True;0;25.84;42.0;0.0;350
4;9;0.0;1;True;1;6.1;75.0;26.0;272
11;18;0.0;0;False;0;8.92;43.0;15.0;237
2;19;0.0;2;True;0;8.92;46.0;20.0;304
11;23;0.0;4;True;0;7.98;46.0;24.0;87
9;2;0.0;2;True;0;14.56;77.0;11.0;6
11;21;0.0;3;True;0;6.1;39.0;11.0;223
1;11;0.0;5;True;0;3.28;38.0;41.0;114
3;14;0.0;2;True;0;7.04;36.0;15.0;136
5;8;0.0;4;True;0;16.44;55.0;30.0;634
9;2;0.0;0;False;0;16.44;48.0;17.0;95
12;18;0.0;1;True;1;10.8;94.0;6.0;507
3;10;0.0;5;True;1;7.98;36.0;33.0;159
10;5;0.0;1;True;0;9.86;76.0;6.0;46
6;4;0.0;2;True;3;15.5;82.0;13.0;5
12;17;0.0;5;True;1;4.22;56.0;22.0;321
5;4;0.0;2;True;1;18.32;88.0;11.0;7
8;11;0.0;5;True;1;31.48;49.0;19.0;263
3;10;0.0;6;False;1;10.8;87.0;0.0;168
3;5;0.0;0;False;1;7.98;46.0;15.0;5
10;6;0.0;6;False;0;11.74;71.0;0.0;31
8;8;0.0;4;True;0;25.84;74.0;7.0;739
5;12;0.0;4;True;0;20.2;43.0;13.0;348
6;1;0.0;1;True;0;17.38;77.0;15.0;14
11;14;0.0;2;True;0;9.86;46.0;26.0;203
1;21;0.0;6;False;0;8.92;29.0;24.0;127
9;3;0.0;5;True;1;20.2;83.0;9.0;7
1;9;1.0;1;False;0;3.28;35.0;0.0;68
8;22;0.0;4;True;0;26.78;70.0;13.0;262
5;2;0.0;3;True;1;20.2;83.0;11.0;12
3;15;0.0;1;True;0;14.56;29.0;41.0;223
4;13;0.0;2;True;0;21.14;29.0;17.0;239
11;7;0.0;0;False;1;2.34;51.0;7.0;21
9;15;0.0;6;False;0;20.2;43.0;17.0;727
6;14;0.0;0;False;0;22.08;53.0;0.0;582
12;7;0.0;4;True;0;3.28;70.0;15.0;90
1;18;0.0;2;True;0;10.8;62.0;6.0;423
3;13;0.0;0;False;0;8.92;37.0;24.0;364
3;11;0.0;5;True;1;8.92;34.0;24.0;187
6;6;0.0;5;True;1;26.78;66.0;0.0;122
12;18;0.0;2;True;0;15.5;63.0;15.0;731
12;22;0.0;4;True;1;3.28;60.0;19.0;44
12;23;1.0;2;False;1;5.16;65.0;17.0;30
8;17;0.0;3;True;3;26.78;55.0;15.0;783
2;20;0.0;1;True;0;6.1;42.0;11.0;214
10;11;0.0;4;True;1;24.9;70.0;7.0;214
9;3;0.0;6;False;0;18.32;83.0;19.0;45
1;9;0.0;3;True;0;3.28;70.0;17.0;236
3;7;0.0;2;True;0;2.34;37.0;13.0;286
6;5;0.0;0;False;0;21.14;69.0;6.0;13
2;4;0.0;0;False;0;3.28;41.0;13.0;6
4;9;0.0;2;True;0;10.8;47.0;24.0;308
3;0;0.0;4;True;0;17.38;49.0;9.0;60
8;3;0.0;5;True;0;22.08;65.0;7.0;6
2;6;0.0;5;True;1;5.16;96.0;9.0;71
3;12;0.0;6;False;0;6.1;33.0;22.0;329
4;5;0.0;2;True;0;7.98;71.0;9.0;24
8;17;0.0;0;False;0;22.08;89.0;15.0;233
7;8;0.0;5;True;0;27.72;66.0;6.0;676
12;1;0.0;5;True;1;3.28;70.0;13.0;28
10;6;0.0;1;True;0;12.68;77.0;7.0;155
12;5;0.0;6;False;1;4.22;75.0;0.0;3
10;21;0.0;0;False;3;12.68;88.0;28.0;46
4;3;0.0;6;False;0;8.92;66.0;6.0;32
2;21;0.0;6;False;0;3.28;35.0;22.0;85
7;22;0.0;3;True;0;24.9;58.0;9.0;278
2;12;0.0;5;True;0;7.98;46.0;9.0;216
12;15;0.0;4;True;0;8.92;34.0;9.0;280
5;23;0.0;3;True;3;14.56;82.0;13.0;55
9;2;0.0;6;False;1;17.38;56.0;15.0;92
5;21;0.0;6;False;1;25.84;62.0;13.0;251
1;18;0.0;6;False;1;1.4;75.0;26.0;110
4;18;0.0;5;True;0;16.44;25.0;24.0;654
8;9;0.0;1;True;0;23.02;83.0;7.0;342
8;19;0.0;6;False;1;23.02;89.0;7.0;275
1;16;0.0;2;True;0;11.74;38.0;24.0;240
7;13;0.0;2;True;0;35.24;31.0;13.0;221
7;18;0.0;0;False;0;28.66;62.0;7.0;253
5;7;0.0;0;False;3;16.44;83.0;11.0;36
2;12;0.0;2;True;1;6.1;52.0;15.0;172
6;2;0.0;5;True;0;18.32;83.0;7.0;15
10;11;0.0;1;True;0;18.32;37.0;11.0;211
6;19;0.0;3;True;0;24.9;34.0;26.0;671
1;1;0.0;5;True;0;2.34;75.0;0.0;8
6;11;0.0;2;True;0;23.02;69.0;9.0;230
5;23;0.0;3;True;0;23.02;65.0;7.0;160
1;5;0.0;0;False;0;5.16;81.0;7.0;5
8;9;0.0;4;True;0;25.84;54.0;7.0;337
1;19;0.0;5;True;1;1.4;37.0;7.0;192
6;18;0.0;6;False;0;33.36;35.0;0.0;339
11;23;0.0;0;False;0;2.34;69.0;6.0;41
3;15;0.0;3;True;0;24.9;24.0;0.0;283
3;6;0.0;4;True;0;11.74;77.0;17.0;109
1;7;0.0;4;True;1;5.16;81.0;6.0;239
4;5;0.0;5;True;0;7.04;53.0;22.0;23
7;18;0.0;4;True;1;34.3;39.0;22.0;607
1;6;0.0;2;True;0;5.16;52.0;11.0;104
1;11;0.0;4;True;1;7.98;81.0;7.0;119
9;17;0.0;6;False;3;19.26;83.0;13.0;171
1;10;0.0;2;True;0;-0.48;47.0;31.0;60
3;12;0.0;1;True;1;4.22;52.0;0.0;137
7;19;0.0;5;True;0;30.54;52.0;13.0;516
3;5;0.0;2;True;1;16.44;94.0;0.0;20
11;11;0.0;5;True;0;10.8;47.0;20.0;251
7;6;0.0;2;True;0;24.9;65.0;9.0;154
2;21;0.0;3;True;1;14.56;33.0;19.0;239
11;2;0.0;0;False;0;7.04;87.0;7.0;70
8;22;0.0;4;True;1;23.02;69.0;15.0;259
8;18;0.0;0;False;0;28.66;35.0;7.0;491
1;20;0.0;4;True;0;6.1;49.0;0.0;177
3;4;0.0;1;True;0;7.98;61.0;13.0;3
6;20;0.0;6;False;0;30.54;52.0;11.0;292
12;21;0.0;0;False;0;3.28;70.0;0.0;42
6;3;0.0;6;False;0;18.32;73.0;17.0;26
7;5;0.0;1;True;1;23.02;83.0;15.0;28
6;17;0.0;3;True;0;30.54;24.0;26.0;843
11;23;0.0;3;True;0;4.22;48.0;9.0;78
4;14;0.0;3;True;3;12.68;72.0;7.0;51
12;2;1.0;2;False;1;4.22;87.0;11.0;7
8;1;0.0;3;True;0;23.02;83.0;6.0;33
7;20;0.0;2;True;0;26.78;66.0;11.0;523
11;8;0.0;3;True;1;4.22;60.0;19.0;601
7;22;0.0;3;True;0;27.72;58.0;6.0;288
4;8;0.0;0;False;1;8.92;76.0;6.0;125
9;1;0.0;2;True;0;15.5;63.0;0.0;10
10;23;0.0;3;True;1;19.26;68.0;6.0;123
3;12;0.0;0;False;1;12.68;88.0;9.0;503
11;12;0.0;1;True;0;8.92;43.0;22.0;244
9;7;0.0;2;True;1;22.08;89.0;30.0;356
4;16;1.0;1;False;0;29.6;33.0;31.0;358
9;17;0.0;0;False;0;21.14;35.0;19.0;575
3;23;0.0;1;True;1;18.32;78.0;9.0;54
4;18;0.0;1;True;0;17.38;34.0;20.0;646
11;0;0.0;3;True;1;4.22;75.0;17.0;23
12;11;0.0;2;True;0;14.56;63.0;15.0;269
10;19;0.0;6;False;1;16.44;72.0;15.0;300
10;18;0.0;4;True;1;18.32;64.0;22.0;788
3;15;0.0;4;True;0;16.44;39.0;24.0;307
9;1;0.0;3;True;0;19.26;64.0;22.0;29
11;2;0.0;0;False;0;2.34;44.0;24.0;28
6;23;0.0;5;True;3;30.54;63.0;13.0;48
6;14;0.0;0;False;0;23.96;36.0;22.0;678
9;1;0.0;3;True;1;17.38;68.0;17.0;12
9;14;0.0;4;True;0;25.84;39.0;9.0;274
8;23;0.0;6;False;0;27.72;66.0;20.0;222
4;0;0.0;3;True;0;12.68;38.0;0.0;36
5;18;0.0;4;True;0;25.84;54.0;22.0;752
12;8;0.0;0;False;3;10.8;87.0;11.0;69
9;7;0.0;2;True;1;23.96;89.0;7.0;493
7;15;0.0;2;True;0;30.54;49.0;20.0;285
9;8;0.0;4;True;3;24.9;79.0;0.0;646
1;8;0.0;5;True;0;3.28;52.0;24.0;419
5;1;0.0;4;True;1;13.62;88.0;7.0;24
1;3;0.0;0;False;0;4.22;28.0;13.0;21
7;2;0.0;2;True;0;24.9;74.0;9.0;16
11;4;0.0;6;False;0;4.22;41.0;30.0;3
3;7;0.0;0;False;1;10.8;94.0;22.0;39
2;0;0.0;4;True;1;3.28;87.0;11.0;26
3;17;0.0;3;True;0;20.2;69.0;6.0;729
4;19;0.0;2;True;0;16.44;20.0;24.0;479
4;9;0.0;4;True;0;10.8;37.0;17.0;351
12;18;0.0;0;False;3;8.92;93.0;6.0;198
10;12;1.0;1;False;1;11.74;63.0;11.0;341
11;5;0.0;4;True;1;6.1;61.0;15.0;37
3;9;0.0;5;True;1;7.98;42.0;35.0;284
3;14;0.0;0;False;0;8.92;34.0;24.0;332
6;10;0.0;5;True;0;29.6;52.0;24.0;185
5;18;0.0;0;False;0;27.72;58.0;20.0;518
8;9;0.0;2;True;1;24.9;74.0;9.0;327
7;9;0.0;3;True;0;25.84;37.0;20.0;342
3;7;0.0;1;True;0;12.68;72.0;13.0;370
4;4;0.0;2;True;0;7.98;71.0;9.0;2
5;11;0.0;2;True;1;20.2;78.0;0.0;189
7;19;0.0;6;False;0;23.96;83.0;0.0;338
1;2;0.0;6;False;0;8.92;50.0;7.0;38
2;22;0.0;4;True;0;7.04;49.0;28.0;109
8;9;0.0;2;True;1;24.9;79.0;11.0;395
8;22;0.0;2;True;0;24.9;54.0;0.0;216
4;11;0.0;2;True;0;20.2;33.0;28.0;239
9;16;0.0;3;True;0;21.14;35.0;0.0;466
2;11;1.0;1;False;0;4.22;48.0;24.0;208
7;0;0.0;2;True;0;24.9;70.0;6.0;69
12;4;0.0;1;True;3;8.92;100.0;0.0;5
9;23;0.0;2;True;0;20.2;56.0;22.0;98
5;9;0.0;2;True;0;25.84;70.0;17.0;257
10;22;0.0;5;True;1;16.44;83.0;9.0;217
3;18;0.0;2;True;0;20.2;69.0;17.0;801
2;17;0.0;2;True;0;11.74;26.0;6.0;530
7;12;0.0;3;True;1;28.66;43.0;0.0;292
2;10;0.0;0;False;0;4.22;41.0;11.0;188
5;0;0.0;4;True;0;20.2;83.0;6.0;56
4;21;0.0;0;False;0;16.44;48.0;9.0;204
12;14;0.0;5;True;1;6.1;49.0;9.0;261
7;2;0.0;5;True;0;24.9;79.0;9.0;26
6;0;0.0;6;False;1;18.32;83.0;9.0;86
12;6;0.0;0;False;1;3.28;52.0;28.0;8
5;18;0.0;1;True;1;19.26;83.0;0.0;300
1;19;0.0;0;False;0;7.04;49.0;13.0;112
1;15;0.0;5;True;0;4.22;33.0;39.0;138
3;14;0.0;4;True;1;21.14;43.0;43.0;203
3;17;0.0;2;True;0;8.92;34.0;19.0;446
1;5;0.0;2;True;0;-1.42;54.0;13.0;12
10;2;0.0;4;True;0;11.74;50.0;9.0;11
11;19;0.0;3;True;1;6.1;56.0;20.0;319
12;5;0.0;3;True;1;2.34;69.0;19.0;11
2;18;0.0;1;True;0;7.98;25.0;17.0;405
7;12;0.0;0;False;0;27.72;55.0;22.0;511
9;21;0.0;4;True;3;21.14;83.0;20.0;253
5;1;0.0;4;True;0;20.2;88.0;6.0;30
3;19;0.0;2;True;0;19.26;73.0;9.0;555
9;10;0.0;0;False;0;19.26;46.0;11.0;479
12;23;0.0;4;True;1;3.28;60.0;17.0;26
3;10;0.0;2;True;0;17.38;88.0;13.0;163
7;11;0.0;1;True;1;29.6;52.0;11.0;198
11;8;0.0;5;True;0;7.04;57.0;7.0;687
1;4;0.0;3;True;0;7.98;46.0;35.0;1
1;21;0.0;2;True;0;7.04;66.0;6.0;116
6;3;0.0;5;True;0;18.32;83.0;11.0;5
7;18;0.0;0;False;0;33.36;32.0;24.0;370
8;0;0.0;4;True;0;22.08;78.0;0.0;60
6;18;0.0;3;True;0;25.84;32.0;30.0;744
12;16;0.0;3;True;3;4.22;87.0;24.0;13
12;20;0.0;0;False;1;11.74;82.0;13.0;154
8;15;0.0;3;True;1;31.48;44.0;13.0;278
12;9;0.0;1;True;1;0.46;64.0;7.0;157
2;2;0.0;2;True;0;10.8;54.0;7.0;3
3;21;0.0;2;True;0;8.92;37.0;11.0;221
11;1;0.0;5;True;0;5.16;81.0;6.0;13
2;19;0.0;0;False;0;6.1;52.0;15.0;69
10;20;0.0;3;True;0;24.9;65.0;0.0;497
5;10;0.0;6;False;0;18.32;49.0;6.0;411
4;8;0.0;0;False;0;10.8;30.0;13.0;84
10;10;0.0;1;True;0;15.5;55.0;0.0;212
11;7;0.0;3;True;1;4.22;56.0;20.0;319
11;6;0.0;3;True;1;4.22;65.0;15.0;136
6;13;0.0;1;True;1;19.26;73.0;9.0;225
3;2;0.0;3;True;0;6.1;56.0;19.0;4
2;18;0.0;0;False;0;7.98;36.0;19.0;216
9;0;0.0;2;True;0;16.44;59.0;7.0;32
3;19;0.0;4;True;0;14.56;39.0;19.0;468
6;14;0.0;4;True;0;33.36;37.0;11.0;176
1;23;1.0;1;False;0;2.34;44.0;17.0;34
7;11;0.0;1;True;1;28.66;55.0;9.0;215
5;4;1.0;1;False;0;20.2;78.0;9.0;6
6;15;0.0;6;False;0;22.08;38.0;17.0;702
9;17;0.0;6;False;0;20.2;38.0;24.0;712
7;0;0.0;0;False;1;20.2;88.0;7.0;113
2;18;0.0;2;True;1;9.86;46.0;20.0;406
5;0;0.0;1;True;3;19.26;88.0;20.0;40
8;20;0.0;1;True;0;26.78;70.0;13.0;416
11;14;0.0;3;True;0;8.92;43.0;9.0;181
7;23;0.0;1;True;1;24.9;65.0;7.0;131
7;7;0.0;6;False;0;22.08;78.0;19.0;48
4;3;0.0;6;False;0;8.92;32.0;17.0;28
12;2;0.0;6;False;1;3.28;70.0;0.0;19
7;2;0.0;0;False;0;30.54;52.0;7.0;70
10;3;0.0;0;False;0;9.86;66.0;6.0;41
6;20;0.0;0;False;0;27.72;48.0;11.0;363
8;3;0.0;3;True;0;21.14;78.0;0.0;7
4;7;0.0;3;True;0;5.16;52.0;9.0;321
11;15;0.0;1;True;0;9.86;40.0;19.0;231
3;18;0.0;2;True;0;11.74;17.0;6.0;644
1;11;0.0;1;True;1;4.22;56.0;6.0;88
1;0;0.0;1;True;1;0.46;86.0;0.0;19
2;16;0.0;0;False;1;7.04;45.0;19.0;212
2;21;0.0;5;True;0;7.98;49.0;7.0;134
3;0;0.0;6;False;0;6.1;36.0;24.0;77
2;6;0.0;5;True;0;1.4;59.0;13.0;64
2;16;0.0;6;False;1;7.98;61.0;11.0;143
6;9;0.0;5;True;0;27.72;55.0;11.0;300
1;7;0.0;5;True;0;4.22;60.0;15.0;177
6;1;0.0;5;True;0;22.08;53.0;15.0;34
8;5;0.0;6;False;1;22.08;73.0;11.0;14
12;15;0.0;3;True;3;4.22;87.0;24.0;13
5;22;0.0;0;False;0;21.14;73.0;22.0;145
11;8;0.0;5;True;1;2.34;80.0;6.0;729
4;2;0.0;3;True;0;7.04;45.0;19.0;2
2;14;0.0;3;True;0;11.74;41.0;24.0;134
3;16;0.0;6;False;1;15.5;63.0;20.0;535
11;10;0.0;2;True;3;6.1;75.0;26.0;94
10;19;0.0;4;True;0;12.68;51.0;9.0;743
12;15;0.0;6;False;0;7.04;33.0;39.0;153
9;10;0.0;1;True;1;21.14;65.0;13.0;202
12;13;0.0;5;True;0;8.92;50.0;15.0;313
4;21;0.0;4;True;0;16.44;55.0;7.0;267
7;2;0.0;2;True;0;25.84;70.0;6.0;7
2;5;0.0;5;True;1;5.16;93.0;11.0;16
8;23;0.0;1;True;1;20.2;83.0;0.0;102
1;14;0.0;0;False;1;-0.48;80.0;11.0;182
5;20;0.0;0;False;0;20.2;64.0;13.0;276
5;11;0.0;3;True;1;19.26;81.0;9.0;184
11;15;0.0;3;True;0;13.62;36.0;6.0;449
11;16;0.0;1;True;0;8.92;43.0;19.0;360
1;7;0.0;2;True;1;0.46;93.0;11.0;222
7;13;0.0;3;True;0;36.18;33.0;0.0;203
8;1;0.0;3;True;0;24.9;61.0;0.0;37
3;15;0.0;5;True;1;25.84;42.0;9.0;472
7;23;0.0;2;True;1;23.02;83.0;11.0;147
2;1;0.0;3;True;0;7.04;49.0;7.0;6
7;9;0.0;6;False;0;28.66;59.0;7.0;337
7;15;0.0;4;True;0;31.48;47.0;6.0;292
9;2;0.0;6;False;0;23.02;89.0;22.0;77
6;21;0.0;6;False;1;22.08;50.0;15.0;290
9;22;0.0;4;True;0;20.2;69.0;9.0;251
2;18;0.0;4;True;3;7.98;87.0;9.0;353
9;8;0.0;1;True;0;15.5;55.0;13.0;750
8;1;0.0;2;True;1;20.2;83.0;9.0;33
4;9;0.0;1;True;0;9.86;54.0;24.0;317
7;22;0.0;0;False;3;26.78;70.0;6.0;122
3;15;0.0;0;False;0;8.92;32.0;35.0;334
1;1;0.0;4;True;0;-1.42;50.0;11.0;5
6;9;0.0;1;True;0;24.9;65.0;9.0;316
9;14;0.0;3;True;0;26.78;48.0;19.0;277
6;15;0.0;6;False;0;31.48;20.0;20.0;555
11;16;0.0;0;False;0;6.1;39.0;15.0;228
1;2;0.0;5;True;0;10.8;76.0;24.0;14
10;15;0.0;6;False;0;15.5;36.0;13.0;615
5;5;0.0;4;True;1;13.62;88.0;17.0;21
10;18;0.0;5;True;0;18.32;83.0;7.0;233
8;5;0.0;0;False;0;25.84;74.0;17.0;19
2;14;0.0;2;True;1;7.04;53.0;26.0;124
7;16;0.0;3;True;0;29.6;29.0;11.0;484
6;23;0.0;5;True;0;21.14;53.0;17.0;222
4;3;0.0;6;False;0;15.5;82.0;15.0;29
11;7;0.0;1;True;1;8.92;66.0;20.0;386
7;0;0.0;4;True;0;26.78;66.0;6.0;66
7;16;0.0;2;True;0;35.24;29.0;11.0;381
7;17;0.0;4;True;0;27.72;43.0;15.0;795
1;21;0.0;1;True;1;4.22;100.0;19.0;120
4;0;0.0;4;True;3;11.74;77.0;0.0;25
7;7;0.0;1;True;0;24.9;84.0;9.0;421
3;23;0.0;6;False;1;8.92;76.0;19.0;112
8;8;0.0;3;True;0;22.08;73.0;6.0;740
3;16;0.0;6;False;0;8.92;23.0;0.0;390
4;3;0.0;2;True;0;9.86;46.0;0.0;3
1;8;0.0;1;True;3;1.4;86.0;9.0;272
12;20;0.0;1;True;3;3.28;93.0;9.0;23
7;13;0.0;0;False;0;36.18;38.0;17.0;337
11;8;0.0;1;True;1;8.92;66.0;20.0;663
11;10;0.0;0;False;0;3.28;48.0;17.0;139
8;12;0.0;1;True;0;27.72;62.0;0.0;283
10;23;0.0;4;True;1;17.38;83.0;0.0;117
5;15;0.0;4;True;0;27.72;33.0;20.0;290
2;15;0.0;2;True;1;11.74;38.0;30.0;145
3;7;0.0;6;False;1;8.92;93.0;9.0;16
6;15;0.0;0;False;0;32.42;28.0;15.0;487
8;17;0.0;6;False;3;26.78;66.0;24.0;512
12;5;0.0;3;True;0;4.22;60.0;13.0;37
10;23;0.0;4;True;0;11.74;58.0;6.0;186
5;16;0.0;3;True;3;24.9;61.0;6.0;278
10;4;0.0;3;True;1;13.62;88.0;7.0;6
1;21;0.0;2;True;0;-3.3;36.0;15.0;68
12;15;0.0;5;True;1;6.1;49.0;0.0;225
9;9;0.0;2;True;0;20.2;49.0;0.0;358
1;11;0.0;1;True;0;4.22;38.0;0.0;99
1;21;0.0;5;True;0;3.28;41.0;19.0;102
5;21;1.0;1;False;0;27.72;66.0;19.0;247
9;20;1.0;1;False;0;25.84;76.0;7.0;261
5;18;0.0;4;True;0;26.78;30.0;13.0;785
4;10;0.0;0;False;0;15.5;25.0;15.0;299
1;11;0.0;0;False;0;-0.48;47.0;15.0;165
3;2;0.0;4;True;0;13.62;63.0;26.0;11
4;20;0.0;3;True;0;22.08;27.0;15.0;372
4;4;0.0;6;False;0;8.92;71.0;7.0;14
7;0;0.0;0;False;0;30.54;56.0;9.0;147
7;19;0.0;0;False;0;31.48;39.0;9.0;382
7;9;0.0;1;True;1;23.02;83.0;11.0;363
9;16;0.0;4;True;1;25.84;58.0;22.0;472
2;21;0.0;3;True;0;7.98;53.0;11.0;178
2;3;0.0;0;False;0;3.28;41.0;13.0;21
7;16;0.0;4;True;0;35.24;33.0;17.0;433
5;10;0.0;2;True;0;21.14;78.0;17.0;174
9;20;0.0;3;True;0;23.02;69.0;13.0;434
2;18;0.0;3;True;3;10.8;87.0;0.0;192
9;21;1.0;1;False;0;25.84;76.0;7.0;184
12;13;0.0;6;False;1;7.98;76.0;0.0;509
9;9;0.0;6;False;0;20.2;43.0;28.0;342
8;0;0.0;2;True;1;20.2;83.0;6.0;59
7;3;0.0;2;True;0;25.84;66.0;0.0;3
10;0;0.0;0;False;0;10.8;71.0;17.0;111
12;17;0.0;1;True;1;10.8;94.0;17.0;495
3;1;0.0;3;True;0;6.1;61.0;20.0;5
9;21;0.0;6;False;0;16.44;55.0;9.0;292
1;8;0.0;5;True;0;2.34;64.0;17.0;425
9;18;0.0;4;True;0;20.2;56.0;17.0;900
12;0;0.0;4;True;0;4.22;48.0;19.0;44
9;23;0.0;3;True;0;18.32;68.0;7.0;127
5;6;0.0;3;True;0;17.38;94.0;6.0;158
6;18;0.0;2;True;0;29.6;55.0;11.0;795
6;5;0.0;2;True;3;20.2;88.0;9.0;29
6;16;0.0;2;True;1;23.02;89.0;19.0;239
3;9;0.0;3;True;0;6.1;61.0;22.0;264
9;17;0.0;1;True;1;22.08;65.0;15.0;842
3;19;0.0;5;True;0;23.02;50.0;13.0;686
4;15;0.0;6;False;1;22.08;27.0;24.0;658
9;0;0.0;0;False;1;23.02;89.0;6.0;99
3;8;0.0;6;False;0;2.34;44.0;20.0;111
4;8;0.0;1;True;0;8.92;57.0;22.0;589
1;4;0.0;0;False;0;7.04;49.0;17.0;6
8;10;0.0;1;True;1;22.08;69.0;6.0;193
1;11;0.0;0;False;0;5.16;28.0;15.0;255
8;22;0.0;5;True;1;24.9;61.0;0.0;251
9;6;0.0;6;False;0;15.5;63.0;17.0;37
12;22;0.0;3;True;0;7.98;61.0;6.0;129
5;10;0.0;3;True;0;23.02;61.0;0.0;192
11;9;1.0;1;False;0;12.68;88.0;7.0;397
7;12;0.0;2;True;1;30.54;56.0;15.0;229
12;4;0.0;4;True;0;2.34;55.0;20.0;9
4;5;0.0;0;False;1;7.98;81.0;6.0;18
10;7;0.0;6;False;0;17.38;83.0;20.0;84
10;4;0.0;2;True;0;11.74;67.0;11.0;7
3;19;0.0;2;True;0;11.74;17.0;0.0;417
6;17;0.0;3;True;0;25.84;32.0;33.0;857
2;6;0.0;6;False;0;2.34;87.0;9.0;5
9;9;0.0;0;False;0;16.44;63.0;7.0;285
7;11;0.0;0;False;0;33.36;39.0;15.0;377
5;19;0.0;1;True;0;19.26;56.0;22.0;546
12;23;0.0;1;True;0;13.62;88.0;17.0;84
11;15;0.0;1;True;0;11.74;35.0;6.0;230
11;4;0.0;6;False;0;4.22;87.0;7.0;6
9;4;0.0;5;True;3;18.32;88.0;7.0;12
5;9;0.0;5;True;0;14.56;41.0;20.0;322
1;6;0.0;0;False;1;-0.48;74.0;15.0;4
6;7;0.0;5;True;0;18.32;83.0;11.0;430
10;12;0.0;5;True;0;17.38;39.0;31.0;387
1;12;0.0;6;False;0;10.8;43.0;15.0;376
1;5;0.0;2;True;1;6.1;100.0;6.0;26
6;5;0.0;0;False;0;15.5;68.0;0.0;12
12;12;0.0;6;False;1;7.04;81.0;6.0;446
4;13;0.0;5;True;0;21.14;43.0;13.0;381
12;16;0.0;0;False;0;5.16;38.0;28.0;133
1;14;0.0;5;True;0;15.5;55.0;37.0;176
6;14;0.0;2;True;0;24.9;30.0;31.0;267
2;9;0.0;4;True;0;1.4;59.0;15.0;238
11;21;0.0;2;True;0;3.28;81.0;19.0;185
8;13;0.0;5;True;1;29.6;41.0;7.0;351
9;19;0.0;0;False;0;21.14;50.0;9.0;403
5;17;0.0;3;True;3;22.08;69.0;7.0;285
7;5;0.0;6;False;3;19.26;88.0;17.0;17
6;18;0.0;3;True;3;20.2;53.0;13.0;782
11;20;0.0;2;True;0;6.1;61.0;15.0;228
2;20;0.0;3;True;3;11.74;88.0;11.0;97
7;13;0.0;1;True;0;32.42;34.0;15.0;236
3;6;0.0;5;True;1;10.8;50.0;24.0;85
2;6;0.0;0;False;0;3.28;52.0;22.0;5
2;1;0.0;2;True;0;5.16;61.0;9.0;14
2;16;0.0;5;True;3;10.8;87.0;13.0;178
4;16;0.0;1;True;0;18.32;60.0;13.0;347
3;7;0.0;4;True;0;11.74;77.0;24.0;334
2;8;0.0;6;False;0;3.28;87.0;0.0;90
11;22;0.0;5;True;0;6.1;75.0;0.0;163
5;4;0.0;1;True;3;18.32;88.0;20.0;7
8;16;0.0;2;True;0;30.54;43.0;15.0;458
12;23;0.0;6;False;1;10.8;94.0;0.0;162
11;17;0.0;5;True;0;9.86;40.0;22.0;638
8;11;0.0;2;True;1;27.72;66.0;6.0;214
5;12;0.0;6;False;0;25.84;58.0;7.0;550
1;13;1.0;1;False;1;3.28;41.0;28.0;228
8;2;0.0;0;False;1;21.14;69.0;6.0;119
11;19;0.0;2;True;1;10.8;71.0;0.0;384
7;15;0.0;5;True;1;24.9;84.0;20.0;216
8;22;0.0;0;False;0;21.14;88.0;6.0;114
6;6;0.0;5;True;0;16.44;68.0;6.0;139
6;6;0.0;1;True;3;16.44;88.0;9.0;37
5;2;0.0;1;True;0;20.2;60.0;20.0;2
2;5;0.0;3;True;0;4.22;75.0;6.0;29
6;2;0.0;2;True;1;23.96;65.0;13.0;6
11;6;0.0;2;True;1;6.1;81.0;11.0;100
7;8;0.0;6;False;0;30.54;63.0;13.0;152
4;9;0.0;5;True;0;11.74;41.0;11.0;330
1;16;0.0;5;True;1;1.4;37.0;11.0;174
11;21;1.0;4;False;0;7.98;61.0;6.0;46
6;5;0.0;0;False;0;21.14;69.0;9.0;8
12;21;0.0;1;True;0;4.22;60.0;11.0;90
6;23;0.0;6;False;0;20.2;53.0;20.0;183
11;17;0.0;4;True;3;10.8;50.0;15.0;689
1;10;0.0;5;True;0;3.28;44.0;30.0;103
12;14;0.0;3;True;1;7.98;46.0;0.0;225
9;13;0.0;4;True;0;22.08;44.0;9.0;336
6;14;0.0;1;True;1;30.54;34.0;19.0;259
8;15;0.0;1;True;0;30.54;46.0;9.0;274
6;10;0.0;0;False;0;21.14;43.0;15.0;404
4;16;0.0;4;True;0;15.5;31.0;13.0;402
10;23;0.0;3;True;0;8.92;57.0;6.0;101
11;7;0.0;4;True;0;1.4;64.0;0.0;362
9;4;0.0;6;False;1;20.2;69.0;24.0;6
6;9;0.0;6;False;0;18.32;60.0;17.0;332
2;0;0.0;2;True;0;4.22;65.0;0.0;12
5;20;0.0;4;True;0;16.44;40.0;22.0;374
8;9;0.0;3;True;0;23.96;65.0;0.0;376
6;1;0.0;6;False;0;22.08;53.0;6.0;123
10;10;0.0;5;True;1;19.26;88.0;13.0;224
1;5;0.0;0;False;3;-0.48;74.0;15.0;3
4;18;0.0;0;False;3;8.92;93.0;30.0;39
10;7;0.0;4;True;1;16.44;88.0;13.0;495
12;2;0.0;6;False;1;4.22;81.0;0.0;50
2;22;0.0;4;True;1;6.1;56.0;0.0;107
7;16;0.0;1;True;0;30.54;52.0;9.0;457
5;15;0.0;2;True;1;24.9;61.0;6.0;256
3;3;0.0;0;False;3;11.74;94.0;20.0;18
5;6;0.0;4;True;1;20.2;88.0;11.0;156
12;4;0.0;6;False;1;3.28;75.0;6.0;3
3;4;0.0;4;True;0;14.56;88.0;13.0;5
1;22;0.0;4;True;1;4.22;44.0;28.0;90
12;12;0.0;2;True;1;8.92;53.0;30.0;226
9;11;0.0;0;False;0;23.02;47.0;17.0;585
2;9;0.0;5;True;0;2.34;55.0;11.0;275
8;22;0.0;1;True;0;24.9;84.0;13.0;161
1;12;0.0;0;False;0;0.46;40.0;20.0;234
5;3;0.0;4;True;0;13.62;88.0;15.0;3
12;13;0.0;2;True;0;15.5;42.0;19.0;286
8;16;0.0;4;True;0;32.42;39.0;17.0;417
7;1;0.0;2;True;0;24.9;74.0;9.0;15
2;8;0.0;4;True;3;10.8;87.0;0.0;445
1;4;0.0;5;True;0;2.34;69.0;9.0;3
1;9;0.0;3;True;0;-6.12;45.0;9.0;180
1;14;0.0;3;True;0;7.98;49.0;6.0;160
2;17;0.0;6;False;0;14.56;36.0;19.0;364
5;0;0.0;2;True;1;18.32;88.0;9.0;32
12;13;0.0;0;False;0;7.04;39.0;15.0;186
2;10;0.0;6;False;3;2.34;93.0;7.0;166
12;14;0.0;4;True;0;6.1;42.0;6.0;212
11;2;0.0;0;False;0;5.16;81.0;7.0;73
10;9;0.0;3;True;1;21.14;83.0;13.0;362
3;22;0.0;2;True;0;18.32;60.0;6.0;170
8;0;0.0;0;False;0;23.02;57.0;6.0;187
7;10;0.0;4;True;0;27.72;58.0;13.0;198
1;0;0.0;6;False;0;8.92;50.0;11.0;79
12;11;0.0;1;True;0;14.56;77.0;9.0;233
11;18;0.0;5;True;1;9.86;43.0;22.0;522
7;18;0.0;3;True;0;28.66;38.0;17.0;814
11;6;0.0;1;True;1;8.92;66.0;17.0;131
9;0;0.0;6;False;0;17.38;60.0;15.0;149
12;3;0.0;0;False;0;1.4;51.0;9.0;9
2;15;0.0;0;False;1;6.1;56.0;17.0;272
4;10;0.0;5;True;0;12.68;38.0;28.0;236
1;10;0.0;2;True;1;7.04;57.0;13.0;144
5;12;0.0;4;True;0;24.9;58.0;7.0;289
7;4;0.0;0;False;1;23.96;89.0;7.0;19
1;21;0.0;6;False;0;0.46;43.0;17.0;69
4;15;1.0;1;False;0;29.6;33.0;30.0;275
8;17;0.0;3;True;0;28.66;35.0;15.0;870
5;11;0.0;4;True;0;16.44;48.0;35.0;256
12;21;0.0;3;True;0;7.98;46.0;28.0;198
1;1;0.0;5;True;1;9.86;76.0;20.0;12
5;6;0.0;4;True;0;17.38;73.0;24.0;159
7;11;0.0;3;True;0;34.3;42.0;0.0;183
1;23;0.0;2;True;0;13.62;72.0;26.0;61
12;12;0.0;1;True;1;10.8;87.0;0.0;232
3;17;0.0;6;False;0;14.56;67.0;28.0;543
4;1;0.0;2;True;1;7.04;81.0;9.0;7
2;7;0.0;3;True;1;3.28;70.0;7.0;281
6;23;0.0;5;True;1;23.02;74.0;0.0;174
12;10;0.0;4;True;0;7.04;45.0;19.0;167
3;21;0.0;1;True;0;9.86;25.0;33.0;186
11;12;0.0;6;False;1;6.1;36.0;41.0;199
3;14;0.0;0;False;1;15.5;77.0;6.0;521
8;3;0.0;3;True;0;24.9;84.0;0.0;7
5;3;0.0;5;True;0;13.62;41.0;19.0;13
9;21;0.0;1;True;3;21.14;83.0;15.0;233
6;9;0.0;4;True;0;21.14;61.0;15.0;357
5;0;0.0;2;True;1;15.5;59.0;13.0;35
4;8;0.0;2;True;0;9.86;62.0;9.0;692
7;17;0.0;3;True;0;26.78;70.0;17.0;370
11;0;0.0;5;True;1;7.04;66.0;7.0;65
3;0;0.0;2;True;1;18.32;78.0;6.0;29
6;0;0.0;6;False;0;19.26;56.0;9.0;137
11;21;0.0;5;True;0;7.98;76.0;0.0;199
5;18;0.0;5;True;0;27.72;62.0;13.0;522
6;18;0.0;0;False;0;30.54;38.0;15.0;490
8;22;0.0;3;True;0;23.02;54.0;0.0;235
4;23;0.0;4;True;0;11.74;35.0;13.0;94
2;12;0.0;6;False;1;4.22;81.0;11.0;221
1;13;0.0;1;True;3;2.34;93.0;6.0;37
7;4;0.0;1;True;0;23.02;83.0;0.0;5
10;17;0.0;6;False;0;17.38;37.0;15.0;731
2;17;0.0;0;False;0;8.92;32.0;15.0;287
2;5;0.0;2;True;1;4.22;65.0;7.0;22
8;13;0.0;5;True;0;31.48;36.0;26.0;357
7;10;0.0;3;True;0;34.3;42.0;13.0;138
9;13;0.0;3;True;0;24.9;58.0;15.0;340
4;13;0.0;6;False;0;21.14;33.0;20.0;678
7;14;0.0;4;True;0;35.24;33.0;22.0;241
4;23;0.0;3;True;0;7.98;57.0;20.0;61
2;2;0.0;3;True;0;6.1;56.0;15.0;4
5;20;0.0;2;True;0;23.02;61.0;11.0;335
10;7;0.0;6;False;0;10.8;82.0;0.0;65
12;16;0.0;5;True;1;6.1;39.0;22.0;281
6;4;0.0;1;True;0;17.38;64.0;6.0;8
4;7;1.0;1;False;0;16.44;83.0;9.0;387
7;15;0.0;0;False;0;34.3;37.0;19.0;345
5;2;0.0;6;False;0;22.08;89.0;9.0;64
1;22;0.0;2;True;0;6.1;70.0;6.0;114
3;0;0.0;3;True;0;16.44;88.0;0.0;33
2;18;0.0;3;True;0;18.32;46.0;11.0;526
1;17;0.0;6;False;1;17.38;43.0;9.0;322
4;4;0.0;0;False;1;7.98;81.0;6.0;12
1;10;1.0;1;False;1;-1.42;59.0;13.0;126
8;12;0.0;6;False;0;32.42;40.0;24.0;547
9;22;0.0;0;False;3;23.96;83.0;9.0;166
8;19;0.0;1;True;1;21.14;78.0;13.0;299
12;5;0.0;5;True;1;3.28;60.0;6.0;15
8;8;0.0;5;True;1;24.9;74.0;0.0;690
3;12;0.0;4;True;1;21.14;50.0;9.0;265
5;19;0.0;0;False;1;23.02;50.0;28.0;339
3;7;0.0;1;True;0;13.62;88.0;13.0;354
11;5;0.0;3;True;1;4.22;70.0;9.0;39
5;19;1.0;1;False;0;29.6;55.0;20.0;395
4;12;0.0;3;True;1;20.2;46.0;28.0;283
6;15;0.0;4;True;0;26.78;48.0;20.0;324
4;3;0.0;0;False;1;8.92;87.0;13.0;16
9;2;0.0;0;False;0;16.44;63.0;0.0;89
9;18;0.0;0;False;0;21.14;50.0;11.0;481
1;17;0.0;3;True;1;1.4;40.0;13.0;281
4;12;0.0;0;False;0;14.56;44.0;7.0;584
7;5;0.0;2;True;0;23.02;83.0;9.0;42
6;8;0.0;2;True;1;20.2;78.0;11.0;673
7;19;0.0;3;True;1;27.72;62.0;7.0;516
1;14;0.0;1;True;3;2.34;93.0;13.0;61
8;9;0.0;6;False;0;28.66;65.0;15.0;278
11;18;0.0;5;True;1;13.62;44.0;0.0;208
6;0;0.0;5;True;0;26.78;48.0;9.0;114
1;12;0.0;5;True;1;1.4;34.0;22.0;124
3;1;0.0;3;True;0;8.92;46.0;20.0;8
3;8;0.0;6;False;1;8.92;87.0;13.0;145
2;16;0.0;3;True;3;4.22;81.0;7.0;75
4;18;0.0;2;True;0;20.2;26.0;11.0;800
9;16;0.0;0;False;0;22.08;36.0;15.0;648
2;2;0.0;1;True;0;2.34;75.0;0.0;3
7;1;0.0;0;False;0;23.02;83.0;7.0;158
9;12;0.0;1;True;0;22.08;44.0;26.0;332
6;4;0.0;4;True;0;24.9;84.0;6.0;12
4;5;0.0;1;True;0;10.8;76.0;33.0;24
6;17;0.0;6;False;0;31.48;24.0;0.0;495
3;11;0.0;1;True;0;12.68;44.0;15.0;150
1;9;0.0;2;True;1;0.46;93.0;11.0;195
11;19;0.0;4;True;0;6.1;52.0;13.0;344
1;20;0.0;0;False;0;6.1;39.0;15.0;111
4;8;0.0;0;False;3;10.8;82.0;17.0;51
12;14;0.0;2;True;1;19.26;56.0;15.0;270
12;10;0.0;5;True;0;7.04;42.0;31.0;154
6;23;0.0;4;True;0;29.6;59.0;6.0;146
10;20;0.0;6;False;0;10.8;54.0;6.0;255
3;19;0.0;3;True;0;20.2;56.0;13.0;456
9;4;0.0;1;True;0;12.68;67.0;7.0;8
10;20;0.0;1;True;3;17.38;68.0;0.0;262
2;15;0.0;2;True;0;12.68;38.0;13.0;146
11;10;0.0;4;True;1;7.04;66.0;9.0;153
7;14;0.0;2;True;1;31.48;53.0;15.0;244
1;15;0.0;0;False;0;10.8;37.0;19.0;330
11;13;0.0;0;False;0;17.38;45.0;7.0;686
2;4;0.0;4;True;1;2.34;75.0;30.0;1
11;4;0.0;0;False;0;4.22;65.0;9.0;9
7;9;0.0;2;True;0;26.78;66.0;9.0;331
5;12;0.0;6;False;0;26.78;66.0;15.0;529
5;5;0.0;2;True;0;23.02;78.0;15.0;33
8;4;0.0;0;False;0;25.84;74.0;17.0;14
4;23;0.0;5;True;0;11.74;62.0;6.0;198
1;11;1.0;1;False;0;4.22;35.0;33.0;175
10;23;0.0;2;True;1;14.56;77.0;6.0;84
6;10;0.0;6;False;0;22.08;47.0;13.0;435
7;17;0.0;3;True;0;29.6;31.0;15.0;830
4;22;0.0;0;False;3;7.98;87.0;35.0;13
10;16;0.0;0;False;0;17.38;37.0;15.0;591
6;19;0.0;5;True;0;34.3;47.0;13.0;363
12;23;0.0;0;False;1;8.92;93.0;9.0;33
8;3;0.0;4;True;0;23.96;83.0;6.0;6
12;5;0.0;5;True;0;1.4;69.0;7.0;34
7;15;0.0;1;True;0;29.6;49.0;17.0;236
6;16;0.0;0;False;0;23.02;54.0;20.0;580
11;17;0.0;5;True;0;8.92;50.0;13.0;582
6;21;0.0;0;False;0;25.84;62.0;11.0;253
1;23;0.0;0;False;0;-0.48;43.0;6.0;29
8;22;0.0;2;True;0;22.08;78.0;0.0;232
3;6;0.0;2;True;0;2.34;37.0;13.0;101
2;7;0.0;0;False;1;3.28;75.0;11.0;16
6;7;0.0;5;True;0;16.44;72.0;7.0;428
4;5;0.0;1;True;0;9.86;62.0;17.0;20
4;13;0.0;0;False;1;12.68;62.0;13.0;464
2;2;0.0;6;False;0;7.04;45.0;17.0;38
1;8;0.0;1;True;1;2.34;55.0;6.0;420
11;22;0.0;5;True;0;7.98;71.0;7.0;163
10;19;0.0;2;True;0;14.56;48.0;0.0;531
10;23;0.0;0;False;3;11.74;94.0;24.0;14
7;23;0.0;5;True;1;25.84;45.0;9.0;212
7;8;0.0;6;False;1;19.26;83.0;17.0;112
4;6;0.0;3;True;1;11.74;58.0;0.0;126
7;17;0.0;5;True;1;29.6;36.0;11.0;835
9;22;0.0;5;True;1;19.26;53.0;15.0;220
4;15;0.0;0;False;0;24.9;39.0;26.0;617
10;21;0.0;1;True;1;17.38;73.0;9.0;218
8;4;0.0;5;True;3;24.9;84.0;19.0;7
8;18;0.0;6;False;0;26.78;37.0;11.0;554
3;0;0.0;3;True;0;8.92;40.0;19.0;30
3;0;0.0;0;False;0;4.22;44.0;6.0;69
2;9;0.0;6;False;3;2.34;93.0;7.0;90
11;9;0.0;2;True;3;7.04;81.0;22.0;110
10;0;1.0;1;False;0;9.86;76.0;19.0;51
10;17;0.0;3;True;0;24.9;65.0;0.0;917
4;1;1.0;1;False;0;21.14;61.0;24.0;28
8;21;0.0;4;True;0;26.78;48.0;13.0;356
4;1;0.0;5;True;0;8.92;62.0;9.0;38
5;18;0.0;4;True;0;23.02;27.0;11.0;868
5;22;0.0;6;False;0;18.32;68.0;9.0;274
4;22;0.0;6;False;0;14.56;20.0;13.0;182
12;1;0.0;1;True;1;9.86;87.0;7.0;15
9;7;0.0;2;True;0;12.68;77.0;13.0;556
10;21;0.0;0;False;0;18.32;73.0;30.0;196
8;15;0.0;6;False;0;27.72;37.0;15.0;596
10;10;0.0;0;False;1;14.56;51.0;28.0;434
9;4;0.0;2;True;0;11.74;71.0;9.0;9
2;3;0.0;0;False;1;6.1;36.0;15.0;15
1;15;0.0;2;True;0;17.38;26.0;30.0;177
8;10;0.0;3;True;0;24.9;61.0;6.0;225
7;19;0.0;2;True;3;26.78;62.0;24.0;614
11;12;0.0;3;True;0;7.98;46.0;0.0;240
8;17;0.0;5;True;0;29.6;52.0;19.0;730
10;8;0.0;5;True;0;11.74;71.0;6.0;745
8;0;0.0;4;True;0;23.02;69.0;0.0;76
11;9;0.0;2;True;0;4.22;60.0;11.0;363
12;14;0.0;0;False;0;6.1;36.0;31.0;160
8;7;0.0;5;True;1;22.08;89.0;6.0;421
8;19;0.0;1;True;0;28.66;59.0;13.0;640
8;15;0.0;5;True;0;29.6;52.0;30.0;324
8;13;0.0;6;False;1;25.84;51.0;24.0;517
12;1;0.0;3;True;0;5.16;61.0;15.0;21
8;18;0.0;5;True;1;30.54;38.0;17.0;669
11;4;0.0;3;True;0;5.16;87.0;7.0;10
12;3;0.0;6;False;1;8.92;93.0;7.0;29
3;23;0.0;6;False;1;12.68;94.0;19.0;105
10;5;0.0;5;True;0;8.92;81.0;6.0;35
9;16;0.0;1;True;0;19.26;30.0;17.0;516
12;12;0.0;1;True;0;16.44;68.0;11.0;268
8;0;0.0;0;False;1;22.08;73.0;9.0;120
4;17;0.0;5;True;0;16.44;23.0;28.0;655
1;22;0.0;0;False;0;13.62;55.0;28.0;66
4;0;0.0;6;False;0;9.86;43.0;11.0;103
8;3;0.0;3;True;0;21.14;73.0;7.0;9
4;20;0.0;4;True;0;18.32;49.0;15.0;404
10;15;0.0;1;True;1;21.14;43.0;9.0;329
12;13;0.0;2;True;1;9.86;50.0;15.0;254
5;2;0.0;0;False;0;22.08;73.0;15.0;61
9;19;0.0;6;False;0;16.44;55.0;11.0;470
4;4;0.0;3;True;1;15.5;42.0;19.0;7
4;12;0.0;2;True;0;17.38;22.0;19.0;259
11;6;0.0;5;True;0;4.22;65.0;7.0;131
7;20;0.0;0;False;0;25.84;79.0;17.0;294
1;0;0.0;0;False;0;-0.48;80.0;20.0;52
10;18;0.0;3;True;0;24.9;65.0;0.0;810
7;15;0.0;5;True;0;35.24;29.0;13.0;285
9;21;0.0;5;True;0;24.9;74.0;11.0;301
1;20;0.0;0;False;0;6.1;52.0;11.0;126
9;11;0.0;2;True;1;26.78;70.0;19.0;198
10;4;0.0;1;True;0;9.86;66.0;0.0;7
5;21;0.0;0;False;0;18.32;73.0;13.0;203
2;4;0.0;0;False;1;3.28;87.0;9.0;9
8;4;0.0;0;False;1;22.08;89.0;13.0;16
10;19;0.0;4;True;0;23.02;57.0;7.0;534
4;11;0.0;3;True;1;20.2;43.0;24.0;213
12;2;0.0;5;True;0;2.34;69.0;0.0;9
9;21;0.0;6;False;3;22.08;89.0;0.0;104
11;16;1.0;4;False;0;13.62;33.0;0.0;182
2;20;0.0;6;False;1;-0.48;43.0;37.0;63
10;15;0.0;4;True;0;21.14;65.0;9.0;305
12;7;0.0;6;False;1;4.22;70.0;9.0;18
6;2;0.0;0;False;0;18.32;56.0;6.0;74
7;23;0.0;1;True;0;25.84;66.0;11.0;114
1;16;0.0;6;False;0;3.28;38.0;15.0;206
5;0;1.0;1;False;0;21.14;83.0;15.0;65
3;4;0.0;2;True;0;0.46;51.0;20.0;3
10;18;0.0;4;True;0;23.02;57.0;7.0;887
7;6;0.0;2;True;0;25.84;66.0;7.0;213
8;16;0.0;1;True;0;29.6;55.0;17.0;444
2;22;0.0;2;True;1;7.98;71.0;13.0;100
7;2;0.0;4;True;0;26.78;51.0;0.0;18
2;4;0.0;5;True;0;10.8;87.0;9.0;2
12;21;0.0;4;True;0;5.16;48.0;0.0;213
11;19;0.0;3;True;0;6.1;52.0;11.0;396
12;15;0.0;5;True;1;8.92;71.0;11.0;303
2;3;0.0;4;True;0;2.34;80.0;19.0;4
7;20;0.0;5;True;0;32.42;39.0;7.0;336
10;20;1.0;1;False;3;10.8;71.0;15.0;227
9;18;0.0;0;False;0;26.78;74.0;0.0;500
11;1;0.0;0;False;0;6.1;70.0;13.0;95
11;0;0.0;0;False;0;6.1;61.0;7.0;102
6;4;0.0;3;True;0;23.02;83.0;6.0;7
12;9;0.0;0;False;0;3.28;52.0;26.0;74
10;6;0.0;2;True;3;19.26;83.0;7.0;179
12;10;0.0;1;True;1;12.68;94.0;15.0;133
10;7;0.0;4;True;0;12.68;88.0;17.0;508
5;0;0.0;3;True;0;21.14;78.0;9.0;47
10;2;0.0;4;True;0;17.38;77.0;0.0;18
3;11;0.0;0;False;0;8.92;43.0;19.0;299
4;19;0.0;3;True;0;23.02;39.0;15.0;494
12;14;0.0;3;True;0;14.56;33.0;33.0;218
11;1;0.0;1;True;1;6.1;56.0;11.0;8
5;12;0.0;5;True;0;18.32;28.0;28.0;348
7;0;0.0;0;False;0;27.72;66.0;0.0;149
8;5;0.0;6;False;0;24.9;84.0;15.0;17
10;4;0.0;0;False;0;11.74;77.0;19.0;12
3;13;0.0;5;True;0;11.74;44.0;15.0;222
12;1;0.0;2;True;1;12.68;94.0;9.0;15
1;2;0.0;5;True;0;4.22;48.0;9.0;11
8;19;0.0;2;True;3;21.14;73.0;7.0;476
8;11;0.0;3;True;0;25.84;45.0;0.0;253
10;20;0.0;3;True;1;21.14;61.0;6.0;441
7;21;0.0;6;False;1;20.2;88.0;11.0;163
5;4;0.0;3;True;0;17.38;88.0;0.0;4
2;13;0.0;2;True;0;8.92;32.0;7.0;190
1;12;0.0;2;True;0;11.74;38.0;20.0;140
12;0;0.0;2;True;0;11.74;88.0;7.0;55
9;0;0.0;0;False;1;18.32;73.0;13.0;124
8;17;0.0;2;True;0;29.6;35.0;26.0;864
8;13;0.0;6;False;0;33.36;42.0;20.0;527
4;16;0.0;4;True;0;21.14;41.0;7.0;387
7;11;0.0;0;False;0;35.24;42.0;20.0;389
8;6;0.0;6;False;1;22.08;78.0;11.0;30
1;6;0.0;5;True;1;4.22;75.0;15.0;73
5;22;0.0;0;False;3;21.14;83.0;0.0;59
2;21;0.0;0;False;0;6.1;45.0;9.0;83
6;21;0.0;6;False;0;20.2;40.0;7.0;316
9;5;0.0;2;True;0;11.74;77.0;6.0;47
10;23;0.0;6;False;0;11.74;58.0;20.0;125
1;17;0.0;4;True;1;8.92;34.0;13.0;412
4;22;0.0;5;True;0;10.8;35.0;15.0;158
7;8;0.0;0;False;0;28.66;62.0;7.0;142
5;14;0.0;6;False;0;27.72;66.0;15.0;564
1;9;0.0;6;False;1;-0.48;93.0;17.0;42
11;13;0.0;0;False;0;10.8;43.0;15.0;493
3;8;0.0;3;True;0;5.16;61.0;20.0;566
8;19;0.0;0;False;1;22.08;89.0;11.0;292
12;3;0.0;3;True;1;3.28;70.0;24.0;2
7;0;0.0;5;True;0;25.84;70.0;0.0;97
9;4;0.0;0;False;0;16.44;77.0;17.0;28
1;19;0.0;6;False;1;11.74;41.0;37.0;206
4;6;0.0;6;False;0;7.98;76.0;11.0;21
12;13;0.0;1;True;3;12.68;100.0;15.0;220
2;19;0.0;2;True;0;9.86;43.0;15.0;338
1;23;0.0;6;False;0;-0.48;47.0;15.0;76
1;11;0.0;3;True;1;-4.24;42.0;6.0;46
5;12;0.0;2;True;0;29.6;55.0;22.0;237
5;16;0.0;6;False;1;23.96;65.0;26.0;540
7;22;0.0;5;True;0;28.66;59.0;9.0;199
2;17;0.0;3;True;0;11.74;38.0;13.0;487
4;15;0.0;1;True;0;14.56;33.0;28.0;324
2;11;0.0;6;False;1;3.28;81.0;7.0;183
3;23;0.0;5;True;0;20.2;69.0;17.0;176
9;16;0.0;6;False;1;23.02;36.0;15.0;783
7;2;0.0;2;True;0;25.84;58.0;0.0;10
7;11;0.0;5;True;0;31.48;47.0;22.0;251
11;21;0.0;4;True;0;8.92;37.0;26.0;233
1;18;0.0;1;True;1;3.28;93.0;9.0;282
2;23;0.0;2;True;0;7.04;57.0;9.0;51
1;8;0.0;4;True;1;1.4;75.0;0.0;388
12;4;0.0;0;False;1;7.98;87.0;0.0;11
2;15;0.0;6;False;1;7.04;66.0;15.0;305
5;4;0.0;3;True;3;19.26;83.0;13.0;3
7;3;0.0;2;True;0;23.02;83.0;11.0;6
11;2;0.0;2;True;0;3.28;65.0;6.0;2
11;12;0.0;5;True;0;11.74;41.0;24.0;292
5;23;1.0;1;False;0;25.84;74.0;11.0;82
7;21;0.0;1;True;0;27.72;62.0;13.0;296
7;6;0.0;2;True;1;23.96;79.0;7.0;187
7;11;0.0;2;True;1;32.42;47.0;0.0;206
7;23;0.0;2;True;0;26.78;58.0;22.0;192
3;5;0.0;2;True;0;0.46;51.0;15.0;25
6;9;0.0;3;True;1;25.84;74.0;0.0;316
4;6;0.0;2;True;0;20.2;46.0;17.0;144
3;1;0.0;2;True;1;16.44;59.0;15.0;16
6;8;0.0;2;True;1;21.14;88.0;15.0;613
1;0;0.0;2;True;1;6.1;100.0;19.0;25
10;5;0.0;0;False;0;10.8;82.0;13.0;11
3;0;0.0;5;True;0;12.68;77.0;17.0;57
6;12;0.0;5;True;1;24.9;74.0;24.0;310
1;9;0.0;0;False;0;7.04;53.0;9.0;125
7;23;0.0;6;False;1;20.2;88.0;0.0;149
8;0;0.0;0;False;0;26.78;70.0;19.0;153
2;14;0.0;0;False;0;7.98;31.0;0.0;331
10;17;0.0;5;True;0;13.62;38.0;26.0;837
4;3;0.0;3;True;0;6.1;49.0;15.0;2
5;13;0.0;6;False;0;24.9;37.0;9.0;704
11;4;0.0;3;True;1;5.16;52.0;20.0;9
8;13;0.0;0;False;0;33.36;44.0;31.0;523
9;21;0.0;6;False;1;20.2;83.0;11.0;181
8;0;0.0;2;True;0;24.9;74.0;15.0;60
11;5;0.0;2;True;1;7.98;87.0;19.0;18
1;9;0.0;4;True;0;-2.36;54.0;0.0;210
11;14;0.0;3;True;0;13.62;33.0;13.0;413
5;10;0.0;2;True;1;20.2;78.0;6.0;200
7;12;0.0;0;False;0;35.24;42.0;13.0;376
10;6;0.0;3;True;0;9.86;82.0;0.0;178
10;10;0.0;4;True;0;12.68;41.0;24.0;204
12;3;0.0;3;True;0;14.56;67.0;9.0;7
7;10;1.0;3;False;0;29.6;46.0;0.0;447
8;21;0.0;0;False;3;21.14;78.0;6.0;190
8;17;0.0;1;True;0;30.54;41.0;0.0;858
12;13;0.0;0;False;1;9.86;76.0;13.0;356
7;13;0.0;0;False;0;35.24;33.0;17.0;420
1;22;0.0;4;True;0;4.22;60.0;11.0;71
12;10;0.0;3;True;0;7.04;70.0;7.0;164
11;4;0.0;1;True;1;8.92;66.0;15.0;12
5;15;0.0;0;False;0;25.84;45.0;24.0;499
12;20;0.0;5;True;1;3.28;65.0;7.0;97
8;15;0.0;4;True;0;28.66;62.0;31.0;270
8;11;0.0;0;False;0;26.78;66.0;24.0;482
7;17;0.0;6;False;3;20.2;88.0;11.0;241
3;16;0.0;2;True;0;8.92;32.0;19.0;250
6;17;0.0;4;True;0;25.84;48.0;15.0;867
2;13;0.0;5;True;1;11.74;71.0;7.0;183
11;14;0.0;6;False;1;8.92;50.0;22.0;455
6;2;0.0;3;True;0;21.14;83.0;9.0;4
7;5;0.0;4;True;0;23.02;74.0;13.0;42
9;13;0.0;3;True;0;20.2;40.0;17.0;289
2;7;0.0;4;True;3;8.92;93.0;0.0;205
3;20;0.0;3;True;0;18.32;78.0;6.0;374
6;6;0.0;6;False;0;17.38;68.0;13.0;47
4;13;0.0;1;True;0;17.38;28.0;39.0;281
1;5;0.0;3;True;0;7.98;46.0;35.0;29
11;16;0.0;3;True;0;8.92;29.0;17.0;325
1;22;0.0;3;True;1;1.4;47.0;6.0;52
8;21;0.0;4;True;0;27.72;66.0;15.0;342
8;14;0.0;6;False;0;27.72;37.0;19.0;598
9;21;0.0;3;True;0;23.02;65.0;13.0;360
6;15;0.0;5;True;0;25.84;39.0;13.0;377
12;9;0.0;2;True;0;10.8;87.0;6.0;326
2;2;0.0;6;False;0;6.1;61.0;17.0;45
12;16;0.0;5;True;0;9.86;54.0;13.0;417
8;11;0.0;5;True;0;32.42;28.0;20.0;309
4;3;1.0;1;False;0;19.26;68.0;13.0;8
10;8;0.0;4;True;0;22.08;89.0;0.0;738
3;4;0.0;5;True;3;10.8;66.0;19.0;1
12;16;0.0;1;True;3;3.28;87.0;15.0;33
12;23;0.0;0;False;0;3.28;60.0;0.0;25
4;7;0.0;0;False;0;15.5;63.0;7.0;46
5;21;0.0;0;False;1;22.08;53.0;13.0;169
3;8;0.0;0;False;0;2.34;69.0;9.0;72
8;2;0.0;0;False;0;26.78;70.0;20.0;73
7;17;0.0;0;False;0;26.78;66.0;15.0;556
6;18;0.0;6;False;0;22.08;36.0;0.0;512
4;13;0.0;6;False;0;23.02;54.0;15.0;649
1;8;0.0;1;True;0;1.4;47.0;15.0;493
11;17;0.0;1;True;1;11.74;58.0;13.0;619
2;20;0.0;4;True;1;7.04;87.0;9.0;216
2;18;0.0;3;True;3;3.28;87.0;7.0;167
1;18;0.0;5;True;0;10.8;50.0;33.0;383
12;3;0.0;5;True;1;3.28;60.0;11.0;2
4;3;0.0;2;True;0;8.92;71.0;9.0;2
2;3;0.0;5;True;1;5.16;93.0;7.0;1
1;13;0.0;4;True;1;9.86;71.0;0.0;173
4;9;0.0;2;True;0;11.74;38.0;6.0;408
4;22;0.0;5;True;0;17.38;68.0;17.0;202
8;22;0.0;4;True;0;25.84;51.0;11.0;254
11;21;0.0;1;True;0;6.1;52.0;19.0;152
6;13;0.0;0;False;0;31.48;28.0;9.0;492
2;13;0.0;2;True;0;7.98;49.0;28.0;131
10;6;0.0;6;False;1;15.5;82.0;13.0;31
5;13;0.0;1;True;1;21.14;73.0;15.0;176
4;9;0.0;0;False;0;12.68;26.0;15.0;179
4;8;0.0;0;False;0;16.44;59.0;0.0;97
8;10;0.0;6;False;0;30.54;57.0;13.0;396
5;16;0.0;3;True;0;22.08;65.0;11.0;367
5;14;0.0;5;True;1;23.02;74.0;19.0;242
12;10;0.0;2;True;0;8.92;57.0;22.0;154
2;21;0.0;5;True;1;7.04;66.0;6.0;122
10;12;0.0;0;False;0;17.38;39.0;22.0;675
10;10;0.0;2;True;3;19.26;88.0;9.0;45
3;16;0.0;5;True;1;25.84;42.0;11.0;589
2;9;0.0;5;True;0;3.28;65.0;13.0;270
4;2;0.0;5;True;0;7.98;49.0;13.0;11
1;3;0.0;5;True;1;11.74;94.0;19.0;8
5;11;0.0;3;True;0;22.08;73.0;0.0;197
2;13;0.0;1;True;0;7.04;22.0;15.0;140
7;10;0.0;2;True;0;27.72;62.0;13.0;190
2;6;0.0;2;True;1;4.22;56.0;0.0;90
12;5;0.0;1;True;0;0.46;80.0;9.0;9
11;0;0.0;2;True;1;16.44;83.0;19.0;23
3;20;0.0;0;False;0;14.56;77.0;15.0;259
4;22;0.0;2;True;0;15.5;51.0;0.0;158
8;22;0.0;5;True;0;27.72;70.0;17.0;202
9;16;0.0;3;True;0;27.72;70.0;17.0;430
3;20;0.0;1;True;0;20.2;64.0;15.0;330
6;3;0.0;2;True;1;23.02;69.0;17.0;12
8;21;0.0;1;True;0;26.78;70.0;13.0;317
11;12;0.0;5;True;1;9.86;46.0;0.0;268
10;18;0.0;0;False;3;11.74;94.0;33.0;154
6;7;0.0;6;False;0;22.08;83.0;11.0;78
1;5;0.0;3;True;0;1.4;80.0;9.0;22
8;17;0.0;0;False;0;30.54;46.0;17.0;382
3;8;0.0;4;True;0;11.74;94.0;9.0;594
3;7;0.0;0;False;1;6.1;52.0;20.0;23
11;20;0.0;4;True;1;9.86;54.0;17.0;296
8;5;0.0;0;False;1;20.2;73.0;9.0;11
3;6;0.0;5;True;0;6.1;70.0;0.0;92
2;14;0.0;1;True;0;7.98;23.0;7.0;135
10;1;0.0;1;True;1;19.26;64.0;26.0;29
10;23;0.0;3;True;0;12.68;58.0;13.0;136
6;13;0.0;3;True;0;21.14;41.0;6.0;303
1;19;0.0;4;True;0;7.98;34.0;6.0;265
8;14;0.0;0;False;3;22.08;73.0;0.0;149
4;11;0.0;5;True;0;10.8;37.0;20.0;291
11;11;0.0;2;True;0;7.04;70.0;17.0;155
3;0;0.0;5;True;0;7.98;53.0;11.0;46
5;15;0.0;3;True;1;22.08;53.0;7.0;259
2;8;0.0;6;False;3;2.34;93.0;9.0;78
1;3;0.0;4;True;0;1.4;61.0;0.0;4
3;14;0.0;5;True;1;25.84;42.0;7.0;432
5;21;0.0;2;True;1;22.08;65.0;19.0;223
2;10;0.0;5;True;3;8.92;81.0;11.0;141
7;14;0.0;5;True;0;34.3;31.0;11.0;275
11;15;0.0;3;True;0;8.92;43.0;19.0;260
5;16;0.0;2;True;0;26.78;45.0;13.0;354
10;6;0.0;3;True;0;14.56;82.0;7.0;173
6;5;0.0;2;True;3;14.56;82.0;11.0;36
8;21;0.0;5;True;0;27.72;58.0;13.0;303
8;13;0.0;2;True;0;30.54;43.0;20.0;288
10;4;0.0;1;True;1;18.32;68.0;15.0;10
11;18;0.0;3;True;0;7.04;33.0;19.0;542
8;15;0.0;0;False;0;27.72;40.0;9.0;577
3;4;0.0;2;True;1;13.62;82.0;13.0;1
5;22;0.0;3;True;3;14.56;82.0;7.0;67
4;9;0.0;3;True;0;11.74;54.0;0.0;321
10;18;0.0;0;False;0;19.26;60.0;17.0;453
6;9;0.0;6;False;0;22.08;89.0;11.0;275
11;0;0.0;1;True;0;8.92;66.0;15.0;27
8;23;0.0;3;True;0;23.96;65.0;7.0;138
3;7;0.0;5;True;0;7.04;57.0;11.0;289
5;1;0.0;0;False;0;23.02;74.0;15.0;78
3;5;0.0;4;True;0;14.56;88.0;11.0;18
11;10;0.0;4;True;3;8.92;62.0;13.0;146
11;18;0.0;6;False;0;8.92;50.0;7.0;271
6;16;0.0;1;True;1;29.6;41.0;28.0;427
5;8;0.0;2;True;1;19.26;88.0;6.0;409
7;14;0.0;1;True;0;29.6;49.0;15.0;254
2;20;0.0;1;True;0;14.56;33.0;24.0;219
7;6;0.0;5;True;1;24.9;54.0;0.0;127
10;15;0.0;2;True;3;6.1;87.0;17.0;124
6;10;0.0;1;True;0;27.72;55.0;11.0;184
6;22;0.0;1;True;1;21.14;73.0;11.0;164
5;4;0.0;5;True;0;18.32;88.0;13.0;4
9;16;0.0;6;False;3;18.32;88.0;13.0;114
3;15;0.0;2;True;0;7.98;36.0;20.0;166
1;2;0.0;6;False;0;-0.48;47.0;11.0;38
8;0;0.0;5;True;0;23.96;57.0;11.0;88
2;1;0.0;0;False;3;-4.24;79.0;31.0;24
3;21;0.0;2;True;0;19.26;56.0;7.0;244
6;7;0.0;4;True;0;21.14;61.0;7.0;508
6;21;0.0;5;True;0;23.02;50.0;7.0;333
5;3;0.0;5;True;0;13.62;72.0;6.0;14
5;9;1.0;1;False;0;24.9;61.0;0.0;263
1;23;0.0;1;True;1;5.16;93.0;22.0;37
7;17;0.0;0;False;0;29.6;59.0;33.0;436
1;6;0.0;5;True;1;11.74;100.0;22.0;72
10;13;0.0;5;True;1;19.26;68.0;9.0;337
12;14;0.0;2;True;1;9.86;50.0;15.0;204
3;20;0.0;6;False;1;10.8;71.0;22.0;208
5;13;0.0;1;True;1;20.2;53.0;22.0;272
3;13;0.0;5;True;1;9.86;29.0;26.0;224
9;12;0.0;2;True;0;27.72;70.0;19.0;287
5;7;0.0;0;False;0;16.44;68.0;11.0;60
6;14;0.0;3;True;0;29.6;24.0;24.0;270
1;7;0.0;3;True;0;-7.06;44.0;13.0;152
7;18;0.0;5;True;0;28.66;46.0;13.0;631
1;0;0.0;3;True;0;-4.24;42.0;22.0;9
10;10;0.0;5;True;1;17.38;88.0;7.0;197
8;19;0.0;4;True;0;29.6;63.0;11.0;607
12;3;0.0;1;True;0;-0.48;59.0;7.0;1
10;17;0.0;2;True;3;6.1;87.0;15.0;124
7;9;0.0;4;True;0;31.48;49.0;20.0;293
1;17;0.0;1;True;3;2.34;87.0;0.0;152
10;13;0.0;2;True;3;6.1;81.0;24.0;116
11;13;0.0;5;True;0;13.62;38.0;19.0;424
6;23;0.0;1;True;0;19.26;49.0;20.0;86
4;2;0.0;0;False;1;8.92;76.0;11.0;81
12;17;0.0;6;False;0;9.86;87.0;9.0;345
9;23;0.0;1;True;0;13.62;63.0;9.0;94
4;12;1.0;1;False;0;23.96;57.0;17.0;271
5;12;0.0;1;True;1;18.32;68.0;15.0;263
8;6;0.0;1;True;1;20.2;78.0;9.0;161
3;16;0.0;2;True;0;11.74;20.0;0.0;305
5;2;0.0;0;False;0;18.32;52.0;0.0;98
12;19;0.0;5;True;0;5.16;45.0;20.0;153
12;16;0.0;0;False;3;8.92;93.0;11.0;253
2;21;0.0;3;True;0;16.44;52.0;11.0;233
3;0;0.0;5;True;1;19.26;49.0;31.0;54
3;8;0.0;1;True;0;7.98;61.0;9.0;564
12;0;0.0;6;False;1;8.92;93.0;6.0;103
5;16;0.0;5;True;0;28.66;52.0;15.0;584
9;23;0.0;4;True;0;22.08;89.0;11.0;169
12;8;0.0;5;True;1;7.04;57.0;19.0;472
3;20;0.0;2;True;0;11.74;17.0;6.0;294
6;6;0.0;6;False;1;15.5;77.0;13.0;36
6;23;0.0;0;False;0;25.84;58.0;7.0;110
9;13;0.0;6;False;1;30.54;52.0;6.0;504
2;11;0.0;2;True;0;7.98;36.0;17.0;163
5;19;0.0;3;True;0;24.9;54.0;19.0;590
9;9;0.0;5;True;1;21.14;83.0;7.0;426
10;16;0.0;5;True;0;25.84;37.0;0.0;634
11;15;0.0;5;True;0;11.74;38.0;9.0;267
4;1;0.0;0;False;1;13.62;82.0;22.0;73
7;17;1.0;3;False;0;35.24;35.0;20.0;414
8;20;0.0;1;True;0;27.72;66.0;11.0;457
2;5;0.0;2;True;0;7.04;42.0;24.0;21
1;16;0.0;5;True;0;16.44;27.0;19.0;294
12;22;0.0;3;True;1;6.1;52.0;15.0;122
7;10;0.0;5;True;0;32.42;30.0;0.0;210
10;15;0.0;2;True;1;16.44;63.0;11.0;254
10;9;0.0;6;False;0;15.5;59.0;9.0;363
12;20;0.0;6;False;1;6.1;56.0;37.0;66
8;17;0.0;3;True;1;29.6;55.0;19.0;858
3;17;0.0;2;True;0;20.2;73.0;13.0;750
10;8;0.0;6;False;0;7.98;53.0;7.0;174
3;17;0.0;4;True;0;21.14;38.0;44.0;597
4;9;0.0;0;False;1;8.92;81.0;9.0;275
1;21;0.0;3;True;1;1.4;44.0;0.0;90
12;7;0.0;5;True;1;7.04;57.0;13.0;208
2;0;0.0;5;True;1;5.16;65.0;6.0;43
1;0;0.0;1;True;1;7.04;26.0;28.0;10
6;19;0.0;1;True;0;26.78;27.0;31.0;582
3;16;0.0;0;False;0;14.56;77.0;0.0;492
4;14;0.0;2;True;0;22.08;27.0;19.0;257
6;17;0.0;5;True;1;30.54;38.0;11.0;646
12;8;0.0;6;False;0;4.22;44.0;41.0;29
10;21;0.0;5;True;1;17.38;77.0;9.0;292
11;12;0.0;0;False;0;9.86;46.0;15.0;504
12;13;0.0;0;False;1;9.86;87.0;19.0;285
8;21;0.0;3;True;0;24.9;61.0;13.0;315
5;23;0.0;2;True;0;21.14;73.0;7.0;105
9;7;0.0;5;True;0;22.08;89.0;7.0;486
9;22;0.0;1;True;0;17.38;52.0;9.0;159
12;20;0.0;2;True;0;8.92;50.0;17.0;268
4;2;0.0;1;True;0;11.74;71.0;9.0;8
11;2;0.0;3;True;0;5.16;87.0;7.0;8
8;20;0.0;4;True;0;24.9;61.0;7.0;474
10;22;0.0;3;True;0;23.02;74.0;0.0;241
12;21;0.0;3;True;0;7.98;61.0;15.0;168
5;11;0.0;0;False;0;23.02;36.0;22.0;581
1;18;0.0;5;True;0;15.5;29.0;17.0;419
8;2;0.0;4;True;0;22.08;69.0;13.0;15
11;18;1.0;1;False;0;16.44;72.0;9.0;551
2;17;0.0;5;True;1;7.98;42.0;13.0;396
6;18;0.0;6;False;0;30.54;24.0;15.0;451
7;19;0.0;0;False;0;25.84;84.0;15.0;312
5;16;0.0;2;True;3;22.08;73.0;15.0;389
11;21;0.0;4;True;1;7.04;66.0;7.0;224
9;4;0.0;4;True;0;18.32;94.0;9.0;8
1;21;0.0;5;True;1;1.4;37.0;6.0;104
8;16;0.0;5;True;1;31.48;32.0;30.0;488
10;15;0.0;3;True;0;11.74;54.0;11.0;230
1;3;0.0;2;True;1;7.04;93.0;9.0;3
11;20;0.0;1;True;0;7.04;49.0;17.0;241
8;4;0.0;1;True;0;22.08;69.0;7.0;11
11;4;0.0;0;False;0;2.34;44.0;0.0;2
2;15;0.0;3;True;0;15.5;31.0;28.0;195
3;12;0.0;2;True;0;4.22;41.0;7.0;138
7;20;0.0;0;False;0;27.72;70.0;6.0;285
12;20;0.0;5;True;3;9.86;76.0;7.0;241
5;17;0.0;3;True;1;22.08;53.0;9.0;705
8;23;0.0;4;True;1;23.02;69.0;0.0;157
12;2;0.0;2;True;1;12.68;88.0;15.0;7
1;1;0.0;0;False;0;6.1;28.0;24.0;73
6;15;0.0;5;True;0;27.72;29.0;19.0;397
4;14;0.0;2;True;0;17.38;24.0;13.0;224
11;6;0.0;4;True;1;6.1;65.0;17.0;147
11;23;0.0;5;True;1;6.1;75.0;6.0;110
1;10;0.0;0;False;0;6.1;81.0;7.0;70
1;3;0.0;3;True;1;12.68;51.0;33.0;4
8;23;0.0;5;True;0;26.78;62.0;7.0;174
6;10;0.0;1;True;3;17.38;88.0;7.0;91
5;2;0.0;4;True;0;22.08;65.0;6.0;14
3;0;0.0;0;False;0;13.62;88.0;13.0;107
7;9;0.0;6;False;1;19.26;83.0;13.0;207
7;2;0.0;4;True;0;25.84;70.0;13.0;7
12;16;0.0;0;False;0;7.98;34.0;13.0;190
10;9;0.0;4;True;0;10.8;43.0;26.0;355
5;19;0.0;0;False;1;20.2;64.0;11.0;383
5;9;0.0;2;True;1;18.32;68.0;24.0;295
6;19;0.0;2;True;0;23.96;83.0;13.0;491
3;12;0.0;3;True;1;17.38;39.0;24.0;268
11;19;0.0;4;True;1;7.98;61.0;9.0;386
2;13;0.0;6;False;0;10.8;43.0;19.0;384
5;18;0.0;3;True;0;26.78;48.0;11.0;796
8;5;0.0;5;True;3;24.9;84.0;19.0;33
7;17;0.0;2;True;0;35.24;29.0;0.0;770
4;15;0.0;1;True;0;19.26;28.0;37.0;255
10;14;0.0;6;False;0;20.2;46.0;17.0;750
7;23;0.0;2;True;0;28.66;59.0;13.0;161
3;19;0.0;6;False;0;19.26;64.0;19.0;417
4;4;0.0;4;True;1;14.56;59.0;6.0;3
8;8;0.0;3;True;0;23.02;61.0;11.0;808
1;2;0.0;2;True;1;2.34;87.0;11.0;4
7;7;0.0;3;True;1;23.02;83.0;7.0;497
5;12;0.0;3;True;1;19.26;83.0;15.0;245
12;0;0.0;3;True;0;15.5;59.0;19.0;37
10;16;0.0;0;False;3;14.56;67.0;31.0;293
1;5;0.0;5;True;1;6.1;70.0;37.0;21
4;13;0.0;0;False;0;15.5;45.0;7.0;595
12;0;0.0;1;True;0;2.34;69.0;0.0;12
10;7;0.0;0;False;1;15.5;59.0;20.0;65
3;11;0.0;3;True;0;11.74;38.0;20.0;161
12;10;0.0;1;True;1;1.4;69.0;9.0;120
11;8;0.0;0;False;0;7.04;87.0;7.0;119
1;12;1.0;1;False;0;1.4;55.0;22.0;185
8;19;0.0;3;True;0;24.9;61.0;9.0;649
11;19;0.0;6;False;0;7.98;53.0;6.0;253
12;2;0.0;0;False;1;7.98;87.0;6.0;87
5;12;0.0;3;True;1;23.02;69.0;6.0;248
8;6;0.0;3;True;0;21.14;73.0;0.0;187
10;19;0.0;3;True;1;22.08;53.0;6.0;572
7;5;0.0;6;False;0;23.96;79.0;11.0;14
1;21;0.0;3;True;3;7.98;87.0;15.0;29
3;1;0.0;1;True;0;9.86;50.0;9.0;10
6;4;0.0;6;False;0;21.14;57.0;0.0;8
6;19;0.0;5;True;0;26.78;30.0;15.0;555
3;10;0.0;4;True;0;15.5;68.0;31.0;138
9;12;0.0;0;False;0;23.02;44.0;11.0;656
8;14;0.0;5;True;0;34.3;25.0;15.0;436
9;8;0.0;2;True;0;17.38;68.0;6.0;750
10;22;0.0;6;False;0;10.8;62.0;0.0;189
8;5;0.0;0;False;0;22.08;89.0;13.0;16
8;16;0.0;2;True;0;27.72;37.0;0.0;467
1;2;0.0;5;True;0;2.34;69.0;11.0;5
9;21;0.0;1;True;0;18.32;49.0;11.0;285
9;16;0.0;5;True;1;25.84;51.0;0.0;563
12;20;0.0;2;True;1;15.5;63.0;15.0;306
8;16;0.0;4;True;0;30.54;46.0;13.0;406
9;5;0.0;6;False;0;18.32;83.0;22.0;17
10;8;0.0;1;True;1;13.62;77.0;7.0;784
12;3;0.0;4;True;0;2.34;55.0;13.0;2
9;9;0.0;0;False;0;15.5;51.0;22.0;276
2;7;0.0;0;False;0;-4.24;53.0;13.0;18
4;18;0.0;3;True;0;23.02;41.0;17.0;759
7;14;1.0;3;False;0;34.3;37.0;11.0;547
12;18;0.0;3;True;0;11.74;35.0;30.0;609
1;3;1.0;1;False;0;-2.36;50.0;0.0;3
6;22;0.0;1;True;0;18.32;52.0;19.0;168
3;15;0.0;1;True;1;6.1;53.0;13.0;130
7;9;0.0;2;True;0;25.84;70.0;7.0;333
3;19;0.0;0;False;0;6.1;36.0;33.0;132
11;8;0.0;2;True;0;2.34;69.0;11.0;588
6;22;0.0;5;True;0;22.08;53.0;9.0;321
7;14;0.0;2;True;0;30.54;38.0;11.0;242
1;23;0.0;2;True;0;-3.3;46.0;26.0;18
10;13;0.0;1;True;1;18.32;88.0;15.0;146
5;1;0.0;0;False;0;18.32;52.0;0.0;130
11;0;0.0;5;True;0;7.98;57.0;11.0;50
3;2;0.0;3;True;0;7.98;49.0;20.0;3
10;6;0.0;6;False;0;17.38;88.0;17.0;30
10;10;0.0;0;False;0;15.5;48.0;20.0;443
7;2;0.0;2;True;0;23.02;83.0;9.0;8
2;14;0.0;5;True;0;10.8;37.0;24.0;170
12;23;0.0;0;False;3;8.92;100.0;6.0;51
1;15;0.0;6;False;0;19.26;37.0;20.0;449
6;2;0.0;5;True;0;22.08;57.0;15.0;16
7;23;0.0;4;True;0;29.6;55.0;11.0;131
6;5;0.0;3;True;0;20.2;83.0;13.0;40
1;17;0.0;0;False;1;-0.48;80.0;7.0;108
9;9;0.0;4;True;0;20.2;64.0;6.0;338
10;17;0.0;2;True;1;16.44;68.0;11.0;806
2;17;0.0;5;True;0;11.74;32.0;22.0;465
8;20;0.0;3;True;0;24.9;61.0;9.0;427
8;14;0.0;3;True;1;29.6;52.0;17.0;236
12;18;0.0;4;True;0;5.16;45.0;11.0;565
10;16;0.0;6;False;0;20.2;43.0;35.0;659
11;21;0.0;4;True;1;9.86;54.0;9.0;267
1;0;0.0;2;True;1;2.34;87.0;7.0;14
7;6;0.0;5;True;1;23.02;89.0;11.0;126
10;19;0.0;1;True;3;16.44;83.0;6.0;239
7;22;0.0;0;False;0;25.84;74.0;7.0;130
5;11;0.0;5;True;0;18.32;35.0;17.0;291
11;6;0.0;4;True;0;2.34;69.0;0.0;121
9;22;0.0;2;True;3;19.26;83.0;31.0;151
7;18;0.0;1;True;0;30.54;46.0;7.0;741
10;23;0.0;3;True;1;23.02;78.0;0.0;220
7;17;0.0;1;True;0;31.48;32.0;9.0;747
5;23;0.0;5;True;0;23.02;78.0;15.0;166
9;8;0.0;5;True;1;20.2;78.0;11.0;766
7;9;1.0;3;False;0;27.72;52.0;0.0;293
9;17;0.0;4;True;0;25.84;42.0;13.0;884
7;20;0.0;5;True;0;28.66;59.0;7.0;354
7;14;0.0;5;True;3;24.9;84.0;11.0;229
9;17;0.0;1;True;0;19.26;30.0;0.0;898
2;9;0.0;2;True;0;5.16;45.0;24.0;232
11;9;0.0;0;False;1;3.28;48.0;15.0;96
12;22;0.0;3;True;3;3.28;93.0;30.0;11
10;9;0.0;2;True;0;14.56;55.0;17.0;355
12;8;0.0;6;False;1;4.22;75.0;6.0;119
10;6;0.0;5;True;3;17.38;94.0;11.0;131
4;1;0.0;0;False;1;8.92;76.0;11.0;62
2;6;0.0;3;True;3;10.8;54.0;11.0;67
12;20;0.0;6;False;1;8.92;57.0;13.0;201
8;3;0.0;5;True;0;23.02;89.0;7.0;5
11;14;0.0;3;True;0;8.92;40.0;20.0;176
7;20;0.0;2;True;0;32.42;34.0;11.0;427
2;17;0.0;1;True;0;17.38;24.0;30.0;529
11;4;1.0;4;False;0;2.34;80.0;9.0;3
10;2;0.0;4;True;0;13.62;82.0;13.0;14
12;9;0.0;3;True;1;5.16;61.0;9.0;285
1;12;0.0;5;True;1;15.5;88.0;11.0;180
10;22;0.0;4;True;0;10.8;66.0;11.0;177
11;9;0.0;5;True;0;3.28;75.0;6.0;330
9;10;0.0;4;True;3;23.02;94.0;9.0;49
12;5;0.0;3;True;0;4.22;75.0;6.0;31
2;20;0.0;3;True;0;16.44;52.0;11.0;264
6;0;0.0;3;True;0;21.14;41.0;13.0;54
6;0;0.0;3;True;0;24.9;79.0;13.0;53
2;15;0.0;3;True;1;10.8;82.0;19.0;90
10;5;0.0;3;True;1;6.1;81.0;9.0;24
9;16;0.0;2;True;0;24.9;28.0;9.0;536
12;8;0.0;5;True;1;3.28;60.0;9.0;239
6;12;0.0;0;False;0;30.54;30.0;0.0;502
12;22;0.0;1;True;0;11.74;82.0;7.0;144
11;0;0.0;2;True;1;7.04;66.0;6.0;26
3;16;0.0;4;True;1;21.14;41.0;43.0;342
1;4;0.0;4;True;0;-2.36;54.0;7.0;1
11;22;0.0;3;True;0;5.16;61.0;0.0;173
3;18;0.0;5;True;3;8.92;87.0;13.0;160
5;10;0.0;0;False;0;20.2;60.0;17.0;350
6;0;0.0;6;False;0;22.08;83.0;0.0;116
7;7;0.0;5;True;0;25.84;70.0;13.0;410
9;11;0.0;2;True;1;23.96;79.0;43.0;151
10;1;0.0;0;False;0;11.74;58.0;15.0;117
2;15;0.0;4;True;0;13.62;67.0;11.0;174
7;13;0.0;5;True;3;23.96;83.0;7.0;156
10;14;0.0;2;True;3;20.2;88.0;9.0;163
7;9;0.0;3;True;1;24.9;74.0;9.0;328
1;12;0.0;4;True;0;6.1;49.0;17.0;120
6;1;0.0;1;True;0;24.9;65.0;15.0;31
7;20;0.0;5;True;3;22.08;83.0;26.0;251
12;21;0.0;1;True;0;12.68;82.0;13.0;221
9;14;0.0;4;True;0;22.08;47.0;13.0;298
7;0;1.0;3;False;0;23.96;79.0;6.0;159
3;0;0.0;4;True;0;17.38;68.0;13.0;48
11;1;0.0;4;True;1;4.22;65.0;7.0;16
3;1;0.0;1;True;0;14.56;82.0;17.0;28
5;10;0.0;1;True;3;19.26;88.0;19.0;99
10;23;0.0;5;True;0;16.44;83.0;11.0;178
5;22;0.0;3;True;0;15.5;82.0;15.0;173
9;5;0.0;2;True;0;13.62;72.0;6.0;44
11;18;0.0;5;True;0;11.74;44.0;7.0;496
3;2;0.0;0;False;1;13.62;82.0;7.0;56
5;4;0.0;6;False;0;12.68;67.0;7.0;9
11;10;0.0;4;True;0;7.04;31.0;22.0;161
10;17;0.0;4;True;1;19.26;64.0;22.0;890
3;7;0.0;6;False;0;2.34;44.0;17.0;40
3;17;0.0;4;True;0;23.02;65.0;11.0;810
10;13;0.0;1;True;0;21.14;29.0;11.0;315
11;8;1.0;1;False;0;11.74;82.0;11.0;540
7;9;0.0;2;True;0;31.48;53.0;0.0;339
2;14;0.0;1;True;0;13.62;36.0;19.0;158
6;1;0.0;1;True;3;18.32;60.0;11.0;14
5;16;1.0;1;False;0;30.54;56.0;22.0;501
8;1;0.0;4;True;0;24.9;79.0;9.0;28
1;11;0.0;4;True;0;-0.48;55.0;11.0;99
9;16;0.0;5;True;0;29.6;55.0;19.0;470
5;0;0.0;4;True;0;22.08;69.0;9.0;61
9;20;0.0;3;True;0;21.14;57.0;9.0;470
11;11;0.0;3;True;1;7.04;51.0;24.0;147
11;23;0.0;1;True;0;4.22;60.0;9.0;53
1;12;1.0;1;False;0;5.16;36.0;17.0;202
4;22;0.0;0;False;0;15.5;45.0;0.0;108
9;12;0.0;3;True;0;23.96;36.0;9.0;352
6;6;0.0;3;True;0;19.26;46.0;19.0;200
7;13;0.0;3;True;0;28.66;31.0;11.0;312
4;0;0.0;5;True;0;14.56;67.0;7.0;64
5;8;0.0;2;True;0;24.9;74.0;13.0;634
11;18;0.0;4;True;1;10.8;50.0;11.0;678
8;7;0.0;2;True;1;23.02;83.0;6.0;179
3;18;0.0;5;True;0;12.68;26.0;35.0;470
4;17;0.0;5;True;0;18.32;24.0;11.0;738
9;14;0.0;3;True;0;24.9;37.0;11.0;278
1;14;0.0;5;True;0;4.22;33.0;37.0;129
11;17;0.0;5;True;0;11.74;44.0;9.0;654
4;10;0.0;5;True;0;8.92;40.0;22.0;238
8;0;0.0;6;False;0;24.9;70.0;19.0;180
2;11;0.0;3;True;0;8.92;53.0;19.0;138
6;21;0.0;4;True;0;30.54;52.0;13.0;311
6;4;0.0;0;False;0;21.14;78.0;6.0;10
3;1;0.0;4;True;0;13.62;63.0;22.0;21
3;1;0.0;5;True;3;18.32;52.0;33.0;26
6;12;0.0;2;True;1;17.38;56.0;15.0;247
1;23;0.0;3;True;1;1.4;44.0;7.0;32
9;17;0.0;0;False;0;18.32;35.0;20.0;723
5;15;0.0;3;True;0;22.08;65.0;13.0;256
4;3;0.0;5;True;0;12.68;47.0;33.0;3
12;10;0.0;5;True;1;7.04;76.0;11.0;166
2;12;0.0;1;True;0;5.16;28.0;22.0;118
6;1;0.0;4;True;0;25.84;79.0;9.0;18
11;7;0.0;2;True;3;6.1;81.0;9.0;293
5;17;0.0;2;True;0;23.96;65.0;7.0;678
4;22;0.0;2;True;0;10.8;37.0;33.0;127
3;23;0.0;0;False;0;14.56;82.0;9.0;65
3;3;0.0;3;True;0;6.1;56.0;24.0;3
10;0;0.0;5;True;1;17.38;77.0;0.0;71
8;13;0.0;5;True;0;33.36;27.0;22.0;368
2;23;0.0;6;False;3;-2.36;50.0;33.0;20
4;6;0.0;1;True;0;8.92;71.0;31.0;110
2;17;1.0;1;False;0;9.86;27.0;17.0;253
3;9;0.0;4;True;0;13.62;77.0;17.0;286
9;17;0.0;5;True;0;23.96;57.0;19.0;846
10;20;0.0;1;True;1;16.44;72.0;26.0;256
6;10;0.0;3;True;0;20.2;46.0;6.0;203
3;19;0.0;6;False;0;11.74;71.0;30.0;284
5;19;0.0;2;True;0;24.9;54.0;9.0;487
3;8;0.0;5;True;0;7.04;66.0;11.0;593
12;5;0.0;0;False;1;7.98;87.0;0.0;9
12;9;0.0;1;True;1;10.8;87.0;0.0;282
3;23;0.0;3;True;0;12.68;62.0;22.0;62
1;6;1.0;1;False;0;-3.3;54.0;6.0;13
4;3;0.0;2;True;0;18.32;83.0;6.0;6
11;20;0.0;0;False;0;3.28;60.0;0.0;119
4;18;0.0;6;False;1;21.14;35.0;15.0;481
8;3;0.0;4;True;0;23.02;83.0;0.0;6
11;6;0.0;2;True;1;7.98;71.0;11.0;148
8;22;0.0;4;True;1;23.96;61.0;7.0;198
4;14;0.0;6;False;0;15.5;22.0;20.0;578
10;14;0.0;2;True;3;6.1;81.0;24.0;126
5;17;0.0;6;False;1;28.66;52.0;17.0;462
1;4;0.0;2;True;0;6.1;49.0;13.0;1
6;13;0.0;3;True;1;24.9;45.0;26.0;255
12;0;0.0;6;False;1;3.28;70.0;0.0;26
4;12;0.0;5;True;0;11.74;35.0;20.0;337
2;12;0.0;3;True;0;9.86;46.0;26.0;163
5;6;0.0;1;True;0;13.62;88.0;7.0;142
12;20;0.0;3;True;0;7.98;46.0;26.0;293
6;11;0.0;6;False;0;33.36;30.0;17.0;452
8;13;0.0;0;False;3;22.08;83.0;9.0;162
4;3;0.0;5;True;0;12.68;88.0;7.0;10
10;9;0.0;5;True;1;17.38;88.0;9.0;403
2;20;0.0;2;True;0;10.8;30.0;9.0;204
10;17;0.0;6;False;0;17.38;49.0;26.0;610
6;6;0.0;0;False;0;22.08;65.0;11.0;25
4;0;0.0;4;True;0;7.04;66.0;19.0;23
3;5;0.0;3;True;0;8.92;43.0;20.0;40
7;13;0.0;4;True;0;29.6;33.0;15.0;277
8;6;0.0;4;True;0;23.02;83.0;11.0;167
12;12;0.0;6;False;3;1.4;100.0;0.0;48
12;3;0.0;1;True;0;1.4;75.0;0.0;3
3;15;0.0;2;True;0;24.9;39.0;15.0;264
10;1;0.0;2;True;1;17.38;77.0;7.0;11
4;17;0.0;6;False;1;26.78;30.0;26.0;568
7;21;0.0;0;False;0;27.72;70.0;9.0;207
6;11;0.0;4;True;0;29.6;31.0;13.0;211
2;20;0.0;5;True;0;12.68;62.0;28.0;167
9;6;0.0;1;True;0;13.62;59.0;0.0;168
10;23;0.0;6;False;0;12.68;62.0;9.0;179
1;20;1.0;1;False;0;3.28;41.0;15.0;88
11;18;0.0;3;True;1;7.04;53.0;24.0;465
2;14;0.0;0;False;0;6.1;61.0;11.0;243
6;3;0.0;3;True;0;23.02;83.0;9.0;8
6;14;0.0;1;True;1;19.26;68.0;13.0;219
5;3;0.0;6;False;0;21.14;88.0;7.0;31
9;21;0.0;0;False;0;15.5;68.0;0.0;123
12;14;0.0;1;True;1;10.8;87.0;6.0;181
12;22;0.0;1;True;1;3.28;93.0;0.0;12
3;20;0.0;6;False;0;18.32;64.0;13.0;271
7;10;0.0;1;True;1;28.66;62.0;0.0;200
8;16;0.0;5;True;0;34.3;27.0;17.0;528
10;21;0.0;6;False;0;10.8;58.0;13.0;204
1;12;0.0;6;False;0;2.34;41.0;17.0;219
7;0;0.0;4;True;0;26.78;51.0;7.0;88
1;18;0.0;6;False;0;2.34;41.0;13.0;143
8;19;0.0;6;False;0;30.54;52.0;24.0;397
6;15;0.0;1;True;0;29.6;41.0;24.0;259
12;15;0.0;4;True;1;7.98;57.0;13.0;249
12;11;0.0;5;True;0;7.04;65.0;13.0;211
6;15;0.0;3;True;0;22.08;38.0;0.0;300
2;17;0.0;6;False;3;2.34;69.0;31.0;144
8;7;0.0;0;False;0;26.78;74.0;20.0;68
12;10;0.0;4;True;0;5.16;56.0;35.0;75
4;23;0.0;0;False;0;14.56;59.0;0.0;82
3;1;0.0;2;True;0;1.4;44.0;17.0;6
6;19;0.0;4;True;0;24.9;48.0;17.0;579
6;12;0.0;3;True;0;21.14;38.0;0.0;315
7;1;0.0;0;False;0;30.54;56.0;7.0;124
8;13;0.0;3;True;0;26.78;42.0;0.0;300
2;13;0.0;3;True;0;13.62;47.0;15.0;186
4;6;0.0;0;False;1;8.92;76.0;9.0;97
4;7;0.0;5;True;0;9.86;50.0;19.0;315
11;2;0.0;4;True;1;6.1;49.0;15.0;6
12;21;0.0;1;True;3;3.28;93.0;6.0;22
12;14;0.0;6;False;1;3.28;87.0;6.0;98
12;11;0.0;6;False;0;7.98;61.0;6.0;393
12;6;0.0;0;False;0;-0.48;64.0;6.0;9
5;1;0.0;1;True;3;19.26;88.0;24.0;15
11;10;0.0;2;True;1;10.8;66.0;6.0;176
2;16;0.0;0;False;0;8.92;32.0;17.0;339
4;9;0.0;0;False;0;10.8;71.0;9.0;185
7;11;0.0;4;True;0;29.6;66.0;15.0;212
6;3;0.0;1;True;1;16.44;83.0;15.0;4
3;9;0.0;6;False;1;12.68;88.0;6.0;321
1;21;0.0;4;True;0;12.68;67.0;9.0;174
11;15;0.0;6;False;0;11.74;35.0;20.0;549
6;4;0.0;5;True;1;27.72;66.0;0.0;10
7;10;0.0;4;True;0;32.42;44.0;24.0;186
8;3;0.0;0;False;1;21.14;61.0;11.0;55
2;18;0.0;3;True;1;14.56;41.0;22.0;525
7;18;0.0;1;True;0;31.48;32.0;11.0;730
2;8;0.0;0;False;0;-4.24;53.0;17.0;26
11;22;0.0;4;True;0;4.22;70.0;6.0;151
10;22;0.0;0;False;0;18.32;73.0;26.0;125
12;22;0.0;4;True;3;7.98;87.0;13.0;21
5;5;0.0;2;True;3;18.32;88.0;13.0;17
4;7;0.0;0;False;0;9.86;27.0;11.0;37
3;10;0.0;4;True;1;15.5;100.0;6.0;142
8;17;0.0;6;False;1;23.02;74.0;22.0;403
10;17;1.0;1;False;1;11.74;66.0;17.0;497
11;15;0.0;6;False;1;8.92;46.0;30.0;448
4;13;0.0;5;True;0;16.44;27.0;19.0;358
3;20;0.0;0;False;0;5.16;38.0;17.0;88
8;23;0.0;5;True;0;26.78;79.0;9.0;196
10;3;1.0;1;False;0;7.98;81.0;7.0;10
3;10;0.0;6;False;0;4.22;35.0;28.0;223
6;11;0.0;5;True;0;23.02;50.0;13.0;286
8;18;0.0;3;True;3;27.72;62.0;15.0;891
5;21;0.0;4;True;0;21.14;78.0;9.0;299
1;15;0.0;1;True;1;2.34;100.0;15.0;74
6;21;0.0;2;True;0;17.38;56.0;11.0;283
5;1;0.0;4;True;0;22.08;69.0;6.0;26
7;15;0.0;5;True;1;29.6;36.0;7.0;353
4;14;0.0;0;False;0;24.9;39.0;19.0;628
6;14;0.0;4;True;0;25.84;37.0;17.0;265
4;22;0.0;4;True;0;16.44;83.0;11.0;183
8;21;0.0;5;True;1;27.72;66.0;13.0;278
3;10;0.0;0;False;1;10.8;87.0;22.0;250
11;11;0.0;3;True;0;7.04;45.0;11.0;146
4;20;0.0;0;False;0;22.08;50.0;15.0;291
10;22;0.0;4;True;1;17.38;83.0;13.0;229
12;23;0.0;5;True;0;5.16;75.0;6.0;134
7;22;0.0;3;True;0;25.84;58.0;17.0;244
4;7;0.0;1;True;0;10.8;50.0;13.0;349
5;5;0.0;5;True;1;21.14;88.0;6.0;30
1;19;0.0;3;True;1;1.4;40.0;7.0;184
5;2;0.0;3;True;3;18.32;88.0;30.0;1
11;19;0.0;5;True;1;9.86;43.0;20.0;374
3;12;0.0;5;True;1;9.86;54.0;0.0;270
5;10;0.0;1;True;3;17.38;88.0;17.0;59
1;20;0.0;4;True;0;4.22;52.0;30.0;191
1;1;0.0;2;True;0;0.46;55.0;15.0;6
8;12;0.0;2;True;0;29.6;49.0;19.0;297
3;0;0.0;3;True;0;17.38;60.0;7.0;39
10;16;0.0;5;True;0;13.62;41.0;24.0;520
2;4;0.0;2;True;1;6.1;70.0;0.0;3
6;18;0.0;0;False;0;30.54;34.0;17.0;534
8;15;0.0;4;True;0;33.36;32.0;15.0;267
1;3;0.0;1;True;0;3.28;48.0;13.0;4
12;15;0.0;3;True;1;7.98;46.0;7.0;228
10;13;0.0;5;True;0;21.14;73.0;15.0;375
6;11;0.0;1;True;1;17.38;88.0;11.0;121
8;14;0.0;0;False;0;22.08;89.0;7.0;377
2;14;0.0;0;False;0;-0.48;40.0;35.0;111
12;20;0.0;5;True;0;5.16;41.0;17.0;112
1;12;0.0;0;False;1;-0.48;80.0;15.0;185
1;22;0.0;3;True;0;0.46;47.0;17.0;78
9;18;0.0;4;True;0;23.96;57.0;17.0;852
1;15;0.0;4;True;1;11.74;71.0;7.0;164
5;5;0.0;0;False;0;16.44;72.0;13.0;12
8;8;0.0;3;True;1;24.9;65.0;19.0;682
10;21;0.0;3;True;0;15.5;51.0;24.0;269
10;7;0.0;3;True;0;13.62;82.0;7.0;507
7;9;0.0;1;True;1;26.78;70.0;0.0;293
11;20;0.0;2;True;0;6.1;49.0;24.0;223
10;9;0.0;5;True;0;20.2;60.0;6.0;384
2;5;0.0;2;True;0;1.4;69.0;0.0;15
6;10;0.0;0;False;0;27.72;40.0;0.0;452
1;14;0.0;0;False;0;7.04;26.0;17.0;280
6;22;0.0;6;False;0;21.14;53.0;20.0;280
10;11;0.0;3;True;1;8.92;66.0;15.0;189
4;17;0.0;1;True;0;17.38;32.0;28.0;632
1;20;0.0;4;True;1;10.8;82.0;9.0;224
4;6;0.0;4;True;0;8.92;46.0;22.0;126
5;20;0.0;3;True;1;17.38;60.0;9.0;431
6;12;0.0;6;False;0;23.96;41.0;7.0;603
4;13;0.0;4;True;1;15.5;82.0;11.0;197
5;12;0.0;4;True;0;16.44;48.0;28.0;272
4;17;0.0;6;False;0;17.38;19.0;28.0;567
9;23;0.0;4;True;0;17.38;68.0;7.0;154
2;17;0.0;2;True;0;9.86;40.0;30.0;432
7;16;0.0;2;True;0;29.6;55.0;20.0;455
11;23;0.0;6;False;0;3.28;44.0;13.0;57
11;17;1.0;4;False;0;12.68;35.0;0.0;109
11;10;0.0;2;True;0;6.1;49.0;13.0;230
11;15;0.0;0;False;0;11.74;54.0;19.0;407
1;23;0.0;2;True;0;4.22;81.0;7.0;41
2;15;0.0;4;True;3;7.98;76.0;0.0;53
1;2;0.0;6;False;3;-1.42;86.0;0.0;26
9;0;0.0;3;True;0;16.44;72.0;7.0;49
8;1;0.0;2;True;0;23.96;89.0;13.0;21
4;8;0.0;3;True;0;8.92;76.0;6.0;654
5;3;0.0;4;True;0;20.2;73.0;17.0;3
11;20;1.0;4;False;0;7.98;71.0;0.0;52
4;23;0.0;3;True;0;16.44;23.0;28.0;131
7;16;0.0;4;True;0;29.6;36.0;13.0;439
10;15;0.0;0;False;1;15.5;63.0;33.0;301
4;1;0.0;4;True;0;14.56;27.0;22.0;13
9;2;0.0;4;True;0;20.2;78.0;6.0;16
4;5;0.0;2;True;0;20.2;53.0;17.0;30
8;17;0.0;1;True;0;29.6;46.0;15.0;845
5;3;0.0;2;True;1;19.26;83.0;7.0;5
1;15;0.0;6;False;0;10.8;47.0;22.0;410
10;23;0.0;2;True;1;21.14;94.0;0.0;98
4;9;0.0;6;False;1;9.86;37.0;0.0;214
8;18;0.0;1;True;1;21.14;78.0;17.0;815
8;0;0.0;4;True;0;25.84;74.0;13.0;67
2;23;0.0;3;True;0;7.98;53.0;6.0;58
10;9;0.0;3;True;0;7.98;76.0;9.0;297
11;3;0.0;3;True;0;5.16;87.0;7.0;2
11;22;0.0;0;False;1;8.92;66.0;17.0;74
2;8;0.0;2;True;1;3.28;70.0;0.0;513
8;11;0.0;5;True;3;23.96;79.0;9.0;251
12;6;0.0;3;True;1;2.34;69.0;15.0;36
8;12;0.0;3;True;0;27.72;40.0;0.0;360
3;19;0.0;0;False;0;18.32;64.0;11.0;352
12;14;0.0;1;True;1;5.16;45.0;15.0;247
6;12;0.0;6;False;0;33.36;30.0;17.0;471
11;4;0.0;0;False;1;6.1;81.0;13.0;12
12;17;0.0;0;False;0;4.22;41.0;22.0;123
10;7;0.0;3;True;1;6.1;87.0;9.0;337
9;5;0.0;1;True;0;13.62;63.0;0.0;37
10;23;0.0;2;True;0;17.38;73.0;7.0;111
9;16;0.0;0;False;0;23.96;36.0;19.0;701
9;20;0.0;2;True;0;26.78;70.0;17.0;385
7;5;0.0;1;True;1;25.84;51.0;0.0;40
7;15;0.0;6;False;0;33.36;32.0;19.0;497
1;15;0.0;1;True;0;7.04;24.0;13.0;138
9;14;0.0;1;True;0;20.2;28.0;0.0;303
8;14;0.0;3;True;1;27.72;52.0;20.0;255
5;21;0.0;6;False;1;19.26;78.0;15.0;269
11;20;0.0;5;True;0;13.62;41.0;6.0;142
5;23;0.0;0;False;3;21.14;83.0;9.0;96
6;4;0.0;0;False;1;23.02;65.0;0.0;13
6;10;0.0;0;False;0;27.72;40.0;7.0;413
6;20;0.0;4;True;0;32.42;44.0;13.0;436
8;19;0.0;2;True;0;26.78;45.0;11.0;597
12;13;0.0;1;True;1;4.22;44.0;11.0;203
7;2;0.0;5;True;1;23.02;61.0;6.0;17
8;13;0.0;0;False;0;28.66;40.0;0.0;543
5;10;0.0;4;True;0;22.08;65.0;9.0;185
1;6;0.0;6;False;0;-1.42;50.0;0.0;5
8;16;0.0;4;True;0;30.54;32.0;15.0;419
5;14;0.0;2;True;1;22.08;73.0;13.0;184
5;9;0.0;1;True;3;18.32;88.0;15.0;186
7;10;0.0;1;True;1;26.78;66.0;15.0;189
6;5;0.0;1;True;0;23.02;74.0;11.0;43
3;23;0.0;6;False;0;4.22;41.0;13.0;83
7;4;0.0;4;True;0;25.84;58.0;0.0;7
8;15;0.0;3;True;0;27.72;48.0;9.0;316
7;14;0.0;6;False;0;29.6;55.0;7.0;632
10;9;0.0;1;True;3;20.2;69.0;26.0;359
11;4;0.0;4;True;1;6.1;45.0;19.0;10
6;23;0.0;3;True;0;16.44;77.0;0.0;123
5;9;0.0;5;True;0;20.2;78.0;0.0;294
9;2;0.0;1;True;1;13.62;63.0;9.0;8
11;6;0.0;3;True;0;5.16;87.0;6.0;101
5;13;0.0;2;True;3;22.08;65.0;17.0;219
3;2;0.0;5;True;3;14.56;77.0;28.0;11
5;1;0.0;4;True;1;14.56;88.0;9.0;11
9;2;0.0;5;True;0;16.44;72.0;0.0;14
5;21;0.0;0;False;0;22.08;69.0;26.0;233
3;7;0.0;5;True;1;9.86;40.0;20.0;268
12;21;0.0;0;False;1;8.92;93.0;0.0;106
12;22;0.0;6;False;0;8.92;62.0;13.0;156
3;9;0.0;4;True;0;14.56;77.0;6.0;315
11;21;0.0;6;False;0;10.8;66.0;0.0;220
5;1;0.0;6;False;0;20.2;83.0;0.0;107
8;9;0.0;5;True;1;25.84;58.0;0.0;389
5;3;0.0;3;True;0;18.32;83.0;6.0;6
1;23;0.0;4;True;0;3.28;70.0;7.0;60
6;23;0.0;0;False;0;19.26;64.0;13.0;108
5;7;0.0;6;False;0;18.32;88.0;0.0;87
6;16;0.0;5;True;0;34.3;31.0;15.0;380
5;8;0.0;1;True;3;17.38;88.0;15.0;156
8;22;0.0;0;False;1;21.14;78.0;11.0;56
1;21;0.0;2;True;0;13.62;67.0;31.0;180
5;9;0.0;4;True;0;23.02;47.0;17.0;311
2;5;0.0;4;True;0;1.4;75.0;19.0;18
9;15;0.0;3;True;0;28.66;70.0;13.0;245
6;12;0.0;1;True;1;29.6;43.0;13.0;261
8;23;0.0;6;False;1;21.14;83.0;17.0;158
1;7;0.0;0;False;0;1.4;37.0;9.0;12
10;3;0.0;6;False;0;7.04;66.0;15.0;15
12;0;0.0;0;False;1;4.22;60.0;11.0;41
6;22;0.0;1;True;1;25.84;58.0;13.0;164
9;2;0.0;3;True;1;17.38;64.0;22.0;3
5;23;0.0;1;True;1;17.38;45.0;13.0;113
4;6;0.0;6;False;0;15.5;82.0;15.0;31
11;18;0.0;4;True;0;7.04;49.0;11.0;537
11;0;0.0;1;True;0;2.34;69.0;0.0;23
2;8;0.0;2;True;0;1.4;69.0;6.0;464
1;20;0.0;0;False;0;-0.48;37.0;7.0;95
1;14;0.0;3;True;3;7.04;81.0;7.0;73
4;3;0.0;3;True;0;7.04;70.0;6.0;3
1;21;0.0;4;True;0;4.22;60.0;9.0;97
7;14;0.0;4;True;0;28.66;33.0;15.0;209
4;21;0.0;2;True;1;13.62;28.0;11.0;226
7;21;0.0;0;False;0;24.9;79.0;7.0;345
5;21;0.0;4;True;0;19.26;40.0;7.0;299
1;19;0.0;1;True;3;1.4;93.0;6.0;190
12;1;0.0;4;True;0;4.22;48.0;19.0;16
8;8;0.0;1;True;0;23.02;83.0;6.0;699
7;18;0.0;2;True;0;34.3;33.0;13.0;772
6;15;0.0;6;False;0;26.78;35.0;17.0;583
6;13;0.0;3;True;0;32.42;44.0;7.0;211
4;18;0.0;3;True;1;11.74;77.0;0.0;505
11;20;0.0;3;True;0;6.1;52.0;6.0;267
3;4;0.0;4;True;0;16.44;36.0;17.0;9
1;9;0.0;6;False;0;2.34;80.0;0.0;158
7;11;0.0;4;True;0;34.3;35.0;20.0;244
5;2;0.0;4;True;0;20.2;78.0;11.0;16
12;11;0.0;3;True;3;1.4;86.0;31.0;10
9;3;0.0;4;True;0;12.68;77.0;0.0;6
8;20;0.0;0;False;0;25.84;45.0;0.0;300
5;9;0.0;5;True;0;18.32;56.0;7.0;361
10;17;0.0;3;True;1;10.8;58.0;11.0;723
11;9;0.0;5;True;0;7.98;53.0;7.0;351
12;9;0.0;4;True;0;5.16;52.0;17.0;325
9;23;0.0;1;True;3;20.2;94.0;17.0;70
6;4;0.0;4;True;1;20.2;56.0;17.0;6
2;8;0.0;0;False;0;1.4;51.0;17.0;59
11;23;0.0;0;False;0;11.74;71.0;13.0;109
4;20;0.0;0;False;0;18.32;28.0;28.0;211
5;2;0.0;2;True;0;23.96;83.0;9.0;8
5;23;0.0;6;False;1;18.32;83.0;19.0;149
10;10;0.0;0;False;1;11.74;67.0;13.0;185
3;6;0.0;3;True;0;12.68;82.0;6.0;121
7;1;0.0;3;True;0;24.9;58.0;13.0;28
1;20;0.0;4;True;1;11.74;71.0;13.0;240
4;19;0.0;6;False;0;17.38;16.0;22.0;413
9;0;0.0;4;True;1;24.9;84.0;6.0;65
12;20;0.0;4;True;0;3.28;60.0;11.0;91
10;18;0.0;1;True;0;17.38;64.0;7.0;786
3;21;0.0;5;True;0;8.92;34.0;22.0;141
1;17;0.0;0;False;0;2.34;25.0;17.0;146
6;16;0.0;1;True;1;20.2;73.0;13.0;332
2;12;0.0;3;True;0;10.8;62.0;19.0;207
6;17;0.0;1;True;1;29.6;41.0;24.0;800
8;3;0.0;6;False;3;21.14;83.0;11.0;21
3;13;0.0;3;True;0;18.32;43.0;22.0;273
1;15;0.0;4;True;0;12.68;72.0;9.0;188
12;0;0.0;6;False;0;4.22;81.0;0.0;108
12;11;0.0;6;False;0;5.16;41.0;24.0;159
9;3;0.0;0;False;0;23.02;89.0;6.0;42
1;14;0.0;1;True;0;7.04;24.0;9.0;115
7;20;0.0;0;False;0;26.78;66.0;7.0;303
11;18;0.0;0;False;0;16.44;45.0;9.0;405
7;13;0.0;2;True;0;29.6;55.0;19.0;288
4;11;0.0;1;True;0;16.44;27.0;28.0;223
2;11;0.0;4;True;0;14.56;48.0;19.0;182
4;8;1.0;1;False;1;18.32;83.0;11.0;597
12;1;0.0;6;False;1;3.28;75.0;6.0;37
8;16;0.0;4;True;0;29.6;43.0;11.0;482
2;21;0.0;5;True;0;9.86;37.0;13.0;129
2;9;0.0;2;True;0;7.04;49.0;0.0;289
9;5;0.0;0;False;0;12.68;72.0;0.0;10
10;17;0.0;3;True;0;19.26;43.0;15.0;948
11;19;0.0;1;True;1;10.8;58.0;19.0;406
8;12;0.0;4;True;0;31.48;44.0;9.0;286
5;14;0.0;2;True;3;21.14;69.0;22.0;71
7;8;0.0;4;True;0;23.96;65.0;9.0;702
6;22;0.0;3;True;0;25.84;39.0;6.0;297
5;7;0.0;2;True;3;18.32;94.0;9.0;92
2;13;0.0;4;True;3;7.98;71.0;17.0;64
5;6;0.0;5;True;0;12.68;77.0;9.0;182
8;16;0.0;3;True;0;27.72;48.0;13.0;431
11;6;0.0;4;True;0;7.98;61.0;11.0;148
5;1;0.0;5;True;0;21.14;83.0;6.0;42
1;3;0.0;0;False;1;0.46;69.0;19.0;21
5;20;0.0;0;False;1;23.02;50.0;19.0;230
2;7;0.0;6;False;1;3.28;87.0;9.0;28
5;6;0.0;4;True;0;12.68;72.0;15.0;139
7;8;0.0;2;True;0;26.78;70.0;13.0;743
10;12;0.0;0;False;0;21.14;46.0;22.0;562
8;0;0.0;1;True;1;25.84;79.0;0.0;33
11;5;0.0;0;False;1;2.34;47.0;11.0;3
5;17;0.0;2;True;1;22.08;69.0;19.0;717
2;18;0.0;5;True;0;10.8;35.0;17.0;377
8;2;0.0;3;True;0;21.14;78.0;0.0;17
4;2;0.0;4;True;1;14.56;55.0;7.0;13
2;12;0.0;0;False;0;-1.42;39.0;43.0;140
9;23;0.0;4;True;0;19.26;73.0;7.0;170
7;4;0.0;6;False;3;19.26;88.0;19.0;16
12;12;0.0;3;True;0;10.8;54.0;19.0;236
3;18;0.0;6;False;1;12.68;72.0;31.0;341
12;20;0.0;1;True;1;13.62;77.0;0.0;300
5;18;1.0;1;False;0;29.6;59.0;20.0;383
3;21;0.0;4;True;0;19.26;78.0;11.0;374
2;22;0.0;3;True;1;3.28;87.0;9.0;98
3;20;0.0;1;True;0;4.22;37.0;31.0;179
8;18;0.0;5;True;0;27.72;62.0;20.0;640
10;20;0.0;6;False;0;14.56;55.0;17.0;247
2;9;0.0;2;True;1;4.22;56.0;6.0;262
6;16;0.0;0;False;0;24.9;34.0;20.0;662
3;21;0.0;6;False;0;17.38;68.0;11.0;223
5;8;0.0;5;True;1;22.08;89.0;7.0;583
12;10;0.0;2;True;0;13.62;82.0;13.0;156
12;23;0.0;3;True;1;5.16;56.0;15.0;79
12;22;0.0;1;True;1;15.5;82.0;15.0;126
8;6;0.0;5;True;0;23.02;83.0;15.0;163
12;22;0.0;6;False;0;2.34;51.0;19.0;39
11;2;0.0;5;True;0;7.04;53.0;17.0;12
1;7;0.0;4;True;0;-2.36;54.0;6.0;206
8;9;0.0;0;False;1;23.02;74.0;0.0;270
6;23;0.0;3;True;0;21.14;50.0;19.0;153
7;19;0.0;4;True;0;34.3;45.0;22.0;614
7;4;0.0;1;True;3;23.02;89.0;26.0;2
9;1;0.0;4;True;0;17.38;77.0;6.0;28
9;14;0.0;5;True;1;24.9;54.0;17.0;399
8;19;0.0;4;True;0;29.6;55.0;13.0;623
6;18;0.0;2;True;0;23.96;83.0;13.0;653
3;14;0.0;3;True;0;21.14;38.0;24.0;221
6;15;0.0;6;False;0;33.36;30.0;17.0;404
9;0;0.0;1;True;0;13.62;63.0;13.0;64
7;0;0.0;5;True;3;23.02;89.0;6.0;34
3;22;0.0;6;False;0;12.68;21.0;9.0;134
5;6;0.0;2;True;3;18.32;88.0;7.0;137
1;21;0.0;1;True;1;1.4;93.0;0.0;79
9;17;0.0;6;False;1;23.02;36.0;17.0;729
12;0;1.0;2;False;3;3.28;93.0;6.0;13
9;4;0.0;5;True;0;21.14;88.0;0.0;8
6;21;0.0;5;True;1;32.42;53.0;13.0;236
11;18;0.0;2;True;0;4.22;81.0;24.0;482
7;19;0.0;0;False;0;25.84;70.0;11.0;522
3;4;0.0;4;True;0;12.68;72.0;19.0;2
12;18;0.0;6;False;0;4.22;44.0;31.0;82
3;7;0.0;5;True;1;15.5;93.0;9.0;346
6;20;0.0;5;True;0;25.84;32.0;9.0;408
12;2;0.0;4;True;0;3.28;52.0;19.0;9
7;6;0.0;3;True;0;22.08;65.0;13.0;190
6;3;0.0;2;True;0;17.38;45.0;19.0;9
2;13;0.0;3;True;1;5.16;61.0;7.0;126
1;3;0.0;1;True;1;0.46;86.0;0.0;1
5;15;0.0;2;True;0;24.9;61.0;6.0;245
9;15;0.0;6;False;1;23.96;34.0;19.0;654
9;2;0.0;2;True;0;23.96;82.0;9.0;5
10;21;0.0;4;True;0;21.14;69.0;0.0;321
1;13;1.0;1;False;0;6.1;36.0;20.0;176
6;21;0.0;1;True;0;19.26;49.0;17.0;265
10;15;0.0;2;True;3;21.14;83.0;9.0;209
2;23;0.0;0;False;0;-1.42;43.0;15.0;23
6;19;0.0;4;True;0;31.48;30.0;20.0;571
7;12;0.0;5;True;1;27.72;40.0;7.0;379
12;21;0.0;6;False;1;8.92;100.0;0.0;209
10;13;0.0;5;True;0;24.9;48.0;0.0;424
1;14;0.0;2;True;0;-0.48;43.0;35.0;79
3;21;0.0;3;True;0;20.2;40.0;6.0;288
7;11;0.0;2;True;0;27.72;58.0;0.0;224
5;21;0.0;3;True;0;22.08;73.0;13.0;393
3;11;0.0;4;True;1;16.44;94.0;0.0;219
1;15;0.0;0;False;0;2.34;27.0;13.0;206
9;6;0.0;0;False;0;12.68;72.0;6.0;22
2;23;0.0;3;True;1;3.28;87.0;11.0;60
2;1;0.0;1;True;0;2.34;75.0;6.0;6
4;18;0.0;6;False;3;10.8;47.0;0.0;90
10;14;0.0;4;True;0;20.2;73.0;9.0;285
3;11;0.0;6;False;1;10.8;87.0;6.0;214
10;9;0.0;6;False;0;20.2;73.0;13.0;395
7;6;0.0;1;True;0;23.96;79.0;9.0;140
1;14;1.0;1;False;0;6.1;36.0;28.0;151
10;21;0.0;3;True;1;10.8;50.0;13.0;192
11;12;0.0;1;True;1;10.8;62.0;19.0;242
1;1;0.0;4;True;3;8.92;93.0;13.0;3
7;2;0.0;1;True;0;24.9;74.0;7.0;15
4;0;0.0;6;False;0;10.8;58.0;9.0;96
6;15;0.0;3;True;0;34.3;35.0;0.0;179
3;2;0.0;1;True;0;13.62;88.0;15.0;20
4;21;0.0;4;True;0;11.74;47.0;13.0;234
5;0;0.0;6;False;0;22.08;83.0;11.0;116
8;16;0.0;3;True;0;29.6;55.0;19.0;479
3;8;0.0;6;False;3;8.92;93.0;0.0;48
2;15;0.0;4;True;0;17.38;33.0;9.0;217
6;10;0.0;1;True;0;25.84;62.0;11.0;147
6;8;0.0;0;False;0;17.38;60.0;6.0;140
8;13;0.0;3;True;1;29.6;52.0;0.0;313
12;3;0.0;0;False;1;4.22;56.0;28.0;15
5;3;0.0;3;True;0;20.2;78.0;7.0;5
1;14;0.0;3;True;1;-1.42;46.0;17.0;75
5;18;0.0;1;True;0;22.08;73.0;7.0;530
12;3;0.0;3;True;0;4.22;75.0;9.0;5
5;13;0.0;2;True;1;22.08;73.0;0.0;243
6;19;0.0;2;True;0;25.84;28.0;15.0;612
11;13;0.0;1;True;0;8.92;40.0;17.0;222
2;23;0.0;6;False;1;3.28;87.0;9.0;70
2;13;0.0;6;False;1;6.1;70.0;13.0;302
10;4;0.0;3;True;1;6.1;87.0;13.0;5
3;2;0.0;2;True;0;17.38;88.0;6.0;10
4;6;0.0;0;False;1;12.68;72.0;22.0;12
11;8;0.0;2;True;3;7.04;81.0;11.0;500
10;1;1.0;1;False;0;7.98;87.0;11.0;37
9;13;0.0;3;True;0;29.6;63.0;11.0;234
6;6;0.0;3;True;0;20.2;83.0;15.0;194
6;11;0.0;3;True;1;23.02;54.0;30.0;246
7;3;0.0;4;True;0;22.08;69.0;7.0;10
3;14;0.0;3;True;1;18.32;78.0;0.0;225
8;2;0.0;3;True;0;21.14;73.0;9.0;6
8;8;0.0;4;True;0;23.96;61.0;13.0;682
4;14;0.0;5;True;0;22.08;44.0;15.0;394
5;12;0.0;0;False;1;20.2;64.0;6.0;558
11;6;0.0;5;True;0;1.4;86.0;0.0;106
3;1;0.0;4;True;0;18.32;60.0;9.0;33
5;4;0.0;4;True;0;21.14;69.0;0.0;8
4;23;0.0;0;False;3;13.62;72.0;0.0;63
11;5;0.0;6;False;0;5.16;87.0;0.0;10
10;9;0.0;3;True;1;11.74;77.0;0.0;382
10;19;0.0;4;True;1;18.32;68.0;20.0;513
10;20;0.0;2;True;1;15.5;72.0;11.0;360
9;21;0.0;0;False;0;20.2;56.0;7.0;191
7;0;0.0;1;True;0;23.02;89.0;6.0;47
9;9;0.0;4;True;3;23.02;94.0;9.0;123
9;18;0.0;2;True;1;20.2;88.0;11.0;281
2;10;0.0;0;False;0;-2.36;42.0;24.0;91
2;5;0.0;4;True;3;10.8;82.0;0.0;19
6;23;0.0;4;True;0;26.78;48.0;9.0;171
12;15;0.0;0;False;1;9.86;82.0;7.0;338
2;4;0.0;3;True;0;10.8;50.0;11.0;1
7;5;0.0;5;True;1;23.02;89.0;9.0;42
9;14;1.0;1;False;0;26.78;70.0;20.0;512
2;19;0.0;6;False;3;4.22;87.0;9.0;80
11;7;0.0;5;True;0;4.22;65.0;9.0;341
8;10;0.0;0;False;0;26.78;66.0;26.0;385
3;10;0.0;6;False;1;15.5;77.0;6.0;443
12;23;0.0;4;True;3;10.8;82.0;20.0;13
7;12;0.0;2;True;0;33.36;28.0;13.0;272
12;22;0.0;4;True;0;3.28;65.0;11.0;133
2;5;0.0;5;True;0;4.22;60.0;15.0;17
3;2;0.0;5;True;1;11.74;82.0;13.0;4
4;15;0.0;4;True;1;16.44;83.0;22.0;204
12;21;1.0;2;False;1;6.1;65.0;13.0;34
9;19;0.0;3;True;0;22.08;50.0;13.0;635
8;15;0.0;0;False;3;22.08;89.0;19.0;391
2;23;0.0;3;True;0;13.62;63.0;6.0;97
5;6;0.0;5;True;1;21.14;88.0;7.0;113
11;18;0.0;2;True;1;10.8;66.0;6.0;550
5;10;0.0;0;False;0;23.96;74.0;17.0;424
1;2;0.0;1;True;0;3.28;56.0;9.0;5
4;9;0.0;4;True;1;13.62;72.0;0.0;301
6;0;0.0;6;False;3;22.08;89.0;11.0;69
8;14;0.0;2;True;1;30.54;46.0;0.0;261
11;1;0.0;5;True;0;3.28;70.0;6.0;19
9;13;0.0;2;True;1;24.9;74.0;39.0;114
10;20;0.0;2;True;0;13.62;55.0;0.0;432
10;1;0.0;3;True;1;21.14;94.0;0.0;19
6;20;0.0;0;False;0;23.02;39.0;13.0;314
2;23;0.0;4;True;0;7.04;49.0;17.0;61
2;13;0.0;6;False;0;7.04;31.0;33.0;226
12;17;0.0;5;True;0;7.98;57.0;11.0;622
2;0;0.0;2;True;1;4.22;60.0;0.0;14
7;3;0.0;6;False;1;24.9;54.0;7.0;40
1;1;0.0;0;False;1;-0.48;47.0;20.0;42
7;8;0.0;6;False;0;26.78;66.0;11.0;163
7;18;1.0;3;False;0;34.3;42.0;13.0;430
10;8;0.0;6;False;0;15.5;77.0;17.0;213
8;3;0.0;6;False;0;21.14;88.0;13.0;30
2;14;0.0;6;False;1;7.04;66.0;15.0;276
12;9;0.0;3;True;1;12.68;51.0;15.0;388
8;23;0.0;3;True;0;23.02;57.0;0.0;157
7;8;0.0;4;True;0;27.72;58.0;17.0;657
9;21;0.0;4;True;0;18.32;64.0;13.0;274
8;15;0.0;4;True;0;29.6;33.0;17.0;260
3;6;0.0;6;False;1;11.74;94.0;13.0;30
1;10;0.0;2;True;1;0.46;93.0;11.0;83
9;23;0.0;5;True;0;20.2;73.0;22.0;186
10;11;0.0;2;True;0;15.5;45.0;28.0;228
9;13;0.0;3;True;0;24.9;34.0;9.0;323
6;13;0.0;0;False;0;29.6;33.0;19.0;585
3;10;0.0;3;True;0;18.32;56.0;7.0;188
11;21;0.0;5;True;0;6.1;75.0;6.0;183
2;7;0.0;4;True;0;1.4;69.0;17.0;267
10;13;0.0;5;True;0;18.32;37.0;26.0;381
9;13;0.0;1;True;0;22.08;65.0;17.0;343
8;9;0.0;5;True;1;22.08;89.0;0.0;220
10;20;0.0;6;False;1;16.44;72.0;15.0;296
11;15;0.0;5;True;1;10.8;40.0;28.0;306
12;6;0.0;3;True;0;3.28;75.0;6.0;112
7;0;0.0;1;True;1;23.96;89.0;6.0;39
5;2;0.0;5;True;0;14.56;67.0;9.0;21
9;7;0.0;5;True;0;16.44;77.0;0.0;503
6;15;0.0;2;True;0;25.84;28.0;31.0;317
7;0;0.0;6;False;1;25.84;48.0;6.0;191
1;2;0.0;2;True;3;5.16;75.0;17.0;12
11;7;0.0;6;False;1;4.22;41.0;22.0;25
9;20;0.0;3;True;0;25.84;84.0;11.0;412
5;21;0.0;1;True;1;17.38;45.0;15.0;247
12;5;0.0;2;True;3;7.98;71.0;22.0;41
8;14;0.0;5;True;0;32.42;34.0;28.0;328
5;8;0.0;2;True;1;18.32;88.0;9.0;590
4;4;0.0;0;False;1;12.68;77.0;11.0;7
1;15;0.0;5;True;0;14.56;51.0;22.0;197
1;10;0.0;6;False;0;4.22;70.0;9.0;191
7;20;0.0;1;True;0;27.72;62.0;11.0;403
5;10;0.0;2;True;0;21.14;78.0;7.0;171
6;18;0.0;5;True;3;21.14;88.0;24.0;110
3;19;0.0;0;False;0;15.5;31.0;19.0;258
12;21;0.0;3;True;1;6.1;87.0;20.0;20
2;13;1.0;1;False;0;6.1;42.0;19.0;312
11;5;0.0;5;True;0;6.1;56.0;13.0;27
12;5;1.0;2;False;1;2.34;93.0;9.0;3
7;11;0.0;0;False;1;23.02;74.0;0.0;505
2;6;0.0;3;True;0;6.1;61.0;9.0;95
6;16;0.0;4;True;0;25.84;34.0;15.0;466
1;19;0.0;4;True;1;10.8;76.0;7.0;313
5;8;1.0;1;False;0;23.02;69.0;0.0;155
3;1;0.0;4;True;0;16.44;83.0;6.0;30
9;14;0.0;5;True;0;29.6;59.0;17.0;253
10;1;0.0;0;False;0;11.74;77.0;19.0;112
10;3;0.0;0;False;0;11.74;77.0;20.0;28
7;18;0.0;5;True;0;34.3;33.0;17.0;560
8;22;0.0;2;True;0;25.84;74.0;7.0;224
9;7;0.0;4;True;0;20.2;78.0;0.0;558
5;14;0.0;4;True;0;26.78;55.0;15.0;252
1;21;0.0;5;True;0;7.98;53.0;35.0;135
9;1;0.0;4;True;0;20.2;78.0;6.0;21
12;10;0.0;0;False;1;8.92;87.0;9.0;257
9;23;0.0;0;False;0;17.38;68.0;7.0;94
5;6;0.0;2;True;0;15.5;77.0;20.0;165
10;4;0.0;5;True;0;17.38;77.0;0.0;11
7;21;0.0;4;True;0;31.48;47.0;13.0;323
11;19;0.0;5;True;1;13.62;47.0;11.0;154
6;22;0.0;2;True;0;18.32;52.0;7.0;193
8;19;0.0;0;False;0;24.9;84.0;15.0;185
2;17;0.0;3;True;0;16.44;32.0;26.0;529
7;16;0.0;3;True;0;26.78;66.0;17.0;224
11;16;0.0;5;True;0;9.86;40.0;22.0;421
5;17;0.0;4;True;0;23.02;31.0;9.0;852
11;21;1.0;1;False;3;17.38;73.0;15.0;155
11;15;0.0;2;True;1;13.62;55.0;7.0;287
5;12;0.0;2;True;0;22.08;73.0;13.0;264
9;18;0.0;4;True;1;23.02;69.0;15.0;899
11;21;0.0;5;True;0;13.62;47.0;17.0;98
10;0;0.0;2;True;1;18.32;73.0;0.0;31
11;6;0.0;6;False;0;3.28;44.0;19.0;10
5;16;0.0;0;False;0;28.66;52.0;19.0;501
3;17;0.0;6;False;3;15.5;88.0;15.0;115
11;14;0.0;4;True;0;8.92;43.0;15.0;187
2;11;0.0;2;True;1;4.22;70.0;19.0;86
7;23;0.0;5;True;1;21.14;83.0;19.0;166
8;23;0.0;4;True;0;23.02;74.0;0.0;156
2;15;0.0;3;True;0;20.2;35.0;19.0;194
2;5;0.0;5;True;1;10.8;87.0;13.0;26
5;16;0.0;3;True;0;25.84;51.0;11.0;398
10;23;0.0;6;False;1;16.44;68.0;26.0;167
11;14;1.0;4;False;0;14.56;29.0;0.0;220
6;17;0.0;2;True;1;23.02;89.0;19.0;681
4;4;0.0;0;False;1;8.92;87.0;9.0;4
10;22;0.0;6;False;1;16.44;72.0;17.0;157
7;1;0.0;3;True;0;27.72;66.0;7.0;16
8;16;0.0;5;True;1;27.72;48.0;9.0;515
6;21;0.0;3;True;0;17.38;73.0;11.0;298
12;16;0.0;4;True;1;4.22;52.0;19.0;174
11;18;0.0;3;True;0;7.04;53.0;11.0;567
8;20;0.0;5;True;1;25.84;58.0;15.0;359
8;8;0.0;2;True;1;23.02;89.0;6.0;618
1;8;0.0;3;True;0;3.28;70.0;17.0;513
5;4;0.0;6;False;0;14.56;59.0;6.0;14
8;0;0.0;5;True;0;24.9;65.0;6.0;85
3;19;0.0;2;True;0;22.08;47.0;15.0;479
12;1;0.0;5;True;0;2.34;69.0;6.0;26
10;4;0.0;4;True;0;12.68;88.0;15.0;5
10;12;0.0;4;True;1;20.2;53.0;17.0;377
7;1;0.0;5;True;1;23.96;54.0;7.0;59
9;14;0.0;3;True;0;21.14;38.0;17.0;286
2;12;0.0;3;True;3;7.04;93.0;22.0;70
9;0;0.0;5;True;3;20.2;88.0;11.0;17
10;20;0.0;5;True;1;17.38;83.0;11.0;311
12;3;0.0;5;True;0;1.4;69.0;7.0;12
2;20;0.0;2;True;0;8.92;50.0;9.0;212
11;8;0.0;6;False;0;4.22;65.0;15.0;168
6;18;0.0;4;True;0;32.42;41.0;13.0;640
9;11;0.0;5;True;1;23.02;69.0;0.0;361
4;5;0.0;1;True;0;12.68;24.0;13.0;32
11;8;0.0;5;True;1;7.04;57.0;9.0;711
7;13;0.0;1;True;0;29.6;49.0;11.0;226
10;23;0.0;6;False;0;11.74;58.0;0.0;163
2;0;0.0;1;True;0;3.28;65.0;9.0;21
12;20;0.0;1;True;1;11.74;94.0;17.0;200
3;3;0.0;4;True;0;19.26;28.0;17.0;5
7;23;0.0;6;False;0;31.48;56.0;11.0;148
9;7;0.0;0;False;0;12.68;77.0;0.0;57
1;23;0.0;0;False;0;12.68;51.0;20.0;29
12;20;0.0;6;False;0;3.28;48.0;11.0;61
12;8;0.0;1;True;1;11.74;100.0;17.0;584
6;10;0.0;2;True;1;16.44;63.0;20.0;176
3;16;0.0;5;True;3;10.8;58.0;20.0;50
3;14;0.0;1;True;1;19.26;32.0;19.0;221
8;9;0.0;1;True;1;26.78;45.0;0.0;305
7;3;1.0;3;False;0;23.96;74.0;13.0;32
4;9;0.0;5;True;0;11.74;44.0;33.0;334
5;22;0.0;6;False;1;19.26;78.0;13.0;217
2;18;0.0;6;False;0;13.62;38.0;20.0;246
6;12;0.0;0;False;0;21.14;57.0;0.0;615
10;12;0.0;6;False;0;20.2;53.0;17.0;668
3;18;0.0;4;True;0;23.02;65.0;11.0;801
10;16;0.0;5;True;1;19.26;73.0;11.0;582
4;12;0.0;3;True;0;17.38;28.0;19.0;269
9;9;0.0;6;False;0;15.5;63.0;13.0;332
9;22;0.0;0;False;0;18.32;68.0;6.0;127
6;20;0.0;5;True;1;27.72;55.0;35.0;202
5;3;0.0;0;False;0;17.38;56.0;6.0;66
5;16;0.0;2;True;0;23.96;65.0;11.0;374
7;4;0.0;5;True;0;26.78;66.0;15.0;6
9;10;0.0;4;True;0;19.26;53.0;6.0;190
4;20;0.0;3;True;0;8.92;46.0;22.0;235
7;21;0.0;6;False;0;24.9;84.0;15.0;269
8;17;0.0;2;True;0;26.78;51.0;19.0;878
9;9;0.0;6;False;1;27.72;58.0;13.0;237
4;17;0.0;4;True;0;17.38;77.0;11.0;614
7;21;0.0;4;True;3;23.02;89.0;17.0;332
12;16;0.0;1;True;1;15.5;88.0;7.0;345
1;10;0.0;1;True;1;1.4;93.0;0.0;149
11;20;0.0;6;False;1;7.98;66.0;6.0;172
3;18;0.0;6;False;0;8.92;21.0;6.0;297
8;21;0.0;3;True;0;23.02;54.0;7.0;313
3;12;0.0;3;True;1;22.08;29.0;0.0;267
12;10;0.0;5;True;0;4.22;81.0;13.0;190
8;5;0.0;3;True;0;22.08;78.0;7.0;39
2;15;0.0;0;False;1;6.1;49.0;13.0;253
2;2;0.0;3;True;0;4.22;65.0;0.0;1
2;1;1.0;1;False;1;3.28;87.0;6.0;15
7;5;0.0;0;False;0;23.96;79.0;7.0;10
9;9;0.0;3;True;0;20.2;64.0;13.0;334
7;11;0.0;2;True;0;29.6;46.0;13.0;249
9;19;0.0;6;False;0;21.14;41.0;11.0;478
8;23;0.0;5;True;0;25.84;70.0;19.0;192
7;6;0.0;5;True;0;24.9;79.0;0.0;139
8;2;0.0;5;True;0;24.9;74.0;11.0;20
8;19;0.0;2;True;1;27.72;66.0;7.0;610
5;23;0.0;3;True;0;20.2;83.0;9.0;106
10;0;0.0;0;False;0;12.68;54.0;11.0;154
9;16;0.0;5;True;0;24.9;54.0;13.0;567
6;5;0.0;5;True;0;17.38;88.0;7.0;33
7;2;0.0;4;True;0;23.02;69.0;17.0;21
8;14;0.0;0;False;0;27.72;40.0;13.0;579
8;11;0.0;3;True;1;26.78;58.0;13.0;235
11;16;0.0;4;True;1;10.8;54.0;11.0;344
7;2;0.0;1;True;3;24.9;89.0;13.0;5
6;13;0.0;4;True;0;32.42;26.0;15.0;236
3;23;0.0;1;True;0;2.34;37.0;39.0;31
8;21;0.0;2;True;1;25.84;74.0;0.0;317
5;9;0.0;3;True;1;20.2;83.0;0.0;325
2;19;0.0;1;True;0;8.92;43.0;17.0;291
11;11;0.0;2;True;0;7.04;45.0;9.0;216
2;1;0.0;4;True;1;13.62;55.0;0.0;17
9;13;0.0;0;False;0;20.2;38.0;11.0;702
1;11;0.0;1;True;1;1.4;93.0;6.0;62
10;4;0.0;5;True;1;16.44;88.0;11.0;5
10;0;0.0;2;True;0;13.62;88.0;11.0;37
6;17;0.0;5;True;0;26.78;37.0;19.0;823
6;9;0.0;5;True;0;27.72;58.0;15.0;333
3;1;0.0;3;True;0;16.44;83.0;6.0;26
4;21;0.0;1;True;3;14.56;41.0;28.0;165
12;16;0.0;4;True;0;7.04;42.0;0.0;331
4;1;0.0;2;True;0;11.74;50.0;15.0;9
4;0;0.0;1;True;0;12.68;72.0;7.0;48
9;16;0.0;6;False;1;31.48;49.0;11.0;462
5;11;0.0;0;False;0;18.32;73.0;7.0;414
7;5;0.0;2;True;0;23.02;83.0;11.0;45
9;6;0.0;5;True;0;15.5;77.0;6.0;165
12;18;0.0;4;True;0;7.04;42.0;7.0;466
9;14;0.0;4;True;0;26.78;74.0;6.0;216
6;7;0.0;0;False;0;20.2;78.0;7.0;62
3;8;0.0;4;True;0;12.68;77.0;26.0;585
8;4;0.0;4;True;0;21.14;73.0;0.0;8
9;8;0.0;0;False;0;14.56;55.0;24.0;175
12;19;0.0;2;True;0;7.04;53.0;15.0;433
8;1;0.0;5;True;0;24.9;65.0;7.0;41
1;2;0.0;6;False;0;4.22;60.0;0.0;41
7;0;0.0;3;True;1;23.02;83.0;9.0;44
6;4;0.0;6;False;1;22.08;83.0;11.0;19
5;0;0.0;1;True;1;20.2;56.0;17.0;35
10;4;0.0;0;False;1;12.68;54.0;17.0;11
11;1;0.0;2;True;3;12.68;88.0;43.0;5
3;6;0.0;2;True;3;13.62;82.0;13.0;113
2;14;0.0;5;True;0;8.92;46.0;15.0;170
12;22;0.0;0;False;1;10.8;82.0;13.0;89
9;13;0.0;2;True;0;29.6;55.0;30.0;275
1;10;0.0;4;True;0;-1.42;59.0;0.0;108
9;19;0.0;2;True;1;20.2;88.0;20.0;324
6;12;0.0;5;True;0;25.84;39.0;22.0;369
4;6;0.0;4;True;1;14.56;63.0;17.0;127
6;13;0.0;2;True;3;23.02;83.0;13.0;59
7;7;0.0;4;True;0;27.72;55.0;0.0;343
3;14;0.0;5;True;3;10.8;54.0;0.0;229
2;23;0.0;1;True;0;5.16;41.0;0.0;36
2;22;0.0;6;False;0;3.28;38.0;31.0;82
4;22;0.0;3;True;0;7.98;57.0;22.0;134
12;19;0.0;6;False;1;6.1;61.0;17.0;97
12;10;0.0;6;False;0;7.04;61.0;11.0;273
9;6;0.0;2;True;0;13.62;77.0;7.0;211
2;15;0.0;3;True;3;6.1;61.0;7.0;54
9;19;0.0;2;True;0;21.14;41.0;13.0;596
7;7;0.0;3;True;0;26.78;66.0;11.0;495
1;8;0.0;5;True;0;3.28;70.0;9.0;447
1;17;0.0;6;False;0;3.28;41.0;17.0;144
4;19;0.0;4;True;0;19.26;46.0;9.0;586
5;7;0.0;3;True;1;17.38;88.0;13.0;358
9;17;0.0;0;False;0;23.02;41.0;0.0;570
8;23;0.0;5;True;3;22.08;83.0;15.0;121
2;14;0.0;4;True;0;10.8;76.0;7.0;141
4;8;0.0;2;True;0;20.2;43.0;15.0;673
8;7;0.0;0;False;0;22.08;89.0;13.0;34
3;14;0.0;1;True;1;5.16;57.0;24.0;128
2;13;0.0;0;False;0;-0.48;40.0;30.0;138
6;15;0.0;4;True;0;35.24;33.0;11.0;194
10;6;0.0;0;False;1;12.68;54.0;13.0;23
7;14;0.0;0;False;0;35.24;33.0;17.0;444
10;8;0.0;1;True;1;20.2;64.0;26.0;737
7;8;0.0;1;True;0;25.84;79.0;7.0;738
10;19;0.0;5;True;1;17.38;83.0;11.0;471
5;13;0.0;5;True;0;20.2;26.0;26.0;363
7;9;0.0;0;False;0;25.84;62.0;17.0;226
1;12;0.0;2;True;0;7.98;87.0;11.0;175
4;16;0.0;2;True;0;19.26;21.0;17.0;362
12;16;0.0;4;True;1;7.98;53.0;22.0;302
4;7;0.0;4;True;1;10.8;82.0;9.0;406
2;7;0.0;5;True;1;5.16;93.0;7.0;226
7;9;0.0;1;True;0;27.72;62.0;11.0;348
5;13;0.0;0;False;0;24.9;37.0;19.0;607
5;8;0.0;1;True;3;18.32;88.0;17.0;270
9;10;0.0;2;True;1;25.84;74.0;17.0;172
4;15;0.0;3;True;3;9.86;46.0;15.0;202
8;1;0.0;5;True;0;23.96;83.0;11.0;32
6;1;0.0;5;True;0;19.26;78.0;13.0;51
8;15;0.0;4;True;0;29.6;46.0;11.0;338
5;17;0.0;6;False;0;26.78;30.0;6.0;626
10;13;0.0;4;True;0;21.14;53.0;24.0;332
7;0;0.0;3;True;0;27.72;66.0;11.0;53
7;23;0.0;0;False;0;24.9;70.0;0.0;100
6;23;0.0;3;True;0;28.66;59.0;7.0;123
5;14;0.0;6;False;0;25.84;30.0;6.0;730
9;4;1.0;1;False;0;23.02;89.0;6.0;11
3;2;0.0;6;False;3;8.92;93.0;6.0;38
12;2;0.0;3;True;0;13.62;67.0;11.0;9
3;19;0.0;4;True;0;14.56;41.0;22.0;328
4;6;0.0;1;True;0;10.8;47.0;13.0;123
1;9;0.0;5;True;0;3.28;70.0;11.0;241
10;7;0.0;2;True;3;19.26;83.0;7.0;260
2;0;0.0;5;True;1;6.1;87.0;0.0;34
5;15;0.0;1;True;1;21.14;53.0;20.0;262
6;20;0.0;1;True;0;25.84;30.0;30.0;475
6;15;0.0;5;True;0;34.3;35.0;24.0;284
9;6;0.0;4;True;1;24.9;84.0;6.0;200
9;10;0.0;6;False;0;17.38;56.0;17.0;472
6;10;0.0;3;True;0;30.54;52.0;9.0;167
10;14;0.0;3;True;0;26.78;30.0;17.0;301
3;1;0.0;2;True;0;6.1;26.0;31.0;5
7;13;0.0;4;True;0;35.24;33.0;15.0;310
4;5;0.0;3;True;0;5.16;56.0;13.0;27
11;1;0.0;3;True;1;4.22;75.0;15.0;12
6;16;0.0;3;True;0;22.08;41.0;9.0;452
1;23;0.0;0;False;0;6.1;33.0;22.0;25
1;7;0.0;1;True;1;2.34;60.0;7.0;240
1;10;0.0;3;True;0;-5.18;45.0;0.0;64
10;19;0.0;5;True;0;17.38;88.0;11.0;232
1;17;0.0;2;True;0;13.62;63.0;30.0;462
11;6;0.0;2;True;3;7.04;81.0;31.0;50
2;4;0.0;6;False;0;3.28;81.0;6.0;6
1;22;0.0;2;True;0;13.62;72.0;26.0;90
2;7;0.0;2;True;0;7.04;45.0;0.0;299
5;17;0.0;2;True;0;25.84;54.0;0.0;785
10;1;0.0;1;True;0;12.68;77.0;6.0;18
11;7;0.0;2;True;0;1.4;69.0;11.0;387
8;8;0.0;5;True;0;23.96;65.0;9.0;668
1;3;0.0;0;False;0;6.1;81.0;0.0;52
8;0;0.0;4;True;0;24.9;74.0;0.0;63
5;8;0.0;6;False;0;16.44;52.0;11.0;195
1;1;0.0;2;True;1;5.16;65.0;24.0;2
7;22;0.0;1;True;0;26.78;51.0;11.0;188
3;18;0.0;4;True;0;23.02;44.0;19.0;746
10;20;0.0;1;True;0;15.5;59.0;7.0;403
7;8;0.0;2;True;1;29.6;55.0;0.0;661
10;20;0.0;3;True;0;16.44;48.0;33.0;392
11;21;0.0;6;False;0;3.28;44.0;13.0;75
6;14;0.0;5;True;0;33.36;39.0;15.0;263
8;22;0.0;6;False;0;23.02;61.0;0.0;261
5;11;0.0;2;True;0;22.08;78.0;13.0;224
5;16;0.0;6;False;0;26.78;30.0;7.0;642
1;3;0.0;6;False;0;4.22;60.0;6.0;17
3;19;0.0;4;True;1;20.2;40.0;30.0;416
8;20;0.0;0;False;0;24.9;84.0;7.0;193
1;1;0.0;2;True;1;7.04;93.0;17.0;9
11;10;0.0;0;False;0;7.98;66.0;20.0;329
1;4;0.0;3;True;0;4.22;70.0;19.0;4
8;5;0.0;6;False;0;21.14;88.0;7.0;11
9;0;0.0;3;True;0;19.26;64.0;20.0;40
11;1;0.0;1;True;1;8.92;66.0;15.0;19
12;12;0.0;2;True;0;16.44;68.0;13.0;312
2;4;0.0;2;True;0;7.04;42.0;24.0;2
2;10;0.0;6;False;0;4.22;81.0;7.0;205
7;13;0.0;2;True;0;34.3;25.0;9.0;283
4;23;0.0;5;True;0;10.8;40.0;17.0;116
10;20;0.0;4;True;0;22.08;65.0;7.0;441
12;17;0.0;0;False;3;8.92;93.0;9.0;229
2;10;0.0;3;True;1;4.22;70.0;15.0;108
2;16;0.0;6;False;3;2.34;75.0;28.0;146
5;2;0.0;3;True;0;18.32;83.0;0.0;16
7;18;0.0;5;True;0;30.54;46.0;11.0;622
3;4;0.0;0;False;0;3.28;60.0;9.0;22
9;11;0.0;3;True;1;28.66;62.0;11.0;217
5;19;0.0;0;False;0;23.02;61.0;28.0;402
8;0;0.0;1;True;0;23.02;65.0;7.0;47
12;15;0.0;0;False;0;12.68;67.0;9.0;417
12;9;0.0;0;False;1;8.92;87.0;9.0;132
3;3;0.0;2;True;3;16.44;72.0;20.0;2
12;21;0.0;0;False;0;1.4;51.0;11.0;47
3;10;0.0;1;True;1;3.28;60.0;0.0;86
5;7;0.0;4;True;0;12.68;72.0;20.0;401
9;12;0.0;3;True;0;28.66;70.0;7.0;266
7;16;0.0;6;False;0;32.42;39.0;15.0;487
2;6;0.0;0;False;0;2.34;44.0;22.0;2
3;12;0.0;5;True;0;8.92;34.0;28.0;201
9;9;0.0;3;True;0;20.2;64.0;9.0;328
2;1;0.0;5;True;0;6.1;56.0;22.0;22
3;15;0.0;6;False;1;16.44;59.0;19.0;605
12;13;0.0;1;True;1;10.8;87.0;9.0;210
6;11;0.0;5;True;0;29.6;49.0;11.0;236
11;15;0.0;4;True;1;9.86;58.0;11.0;217
3;7;0.0;3;True;0;4.22;65.0;26.0;344
9;1;0.0;4;True;0;13.62;72.0;7.0;18
10;2;0.0;0;False;0;10.8;62.0;11.0;132
4;15;0.0;2;True;0;18.32;21.0;20.0;203
6;20;0.0;1;True;0;20.2;40.0;24.0;461
5;19;0.0;5;True;0;22.08;23.0;17.0;503
10;17;0.0;5;True;0;24.9;42.0;11.0;900
9;1;1.0;1;False;1;23.96;89.0;11.0;55
4;19;0.0;0;False;0;18.32;35.0;9.0;375
3;9;0.0;4;True;1;15.5;94.0;6.0;318
4;7;0.0;4;True;3;13.62;82.0;24.0;225
9;8;1.0;1;False;1;24.9;84.0;7.0;127
1;7;0.0;0;False;0;-2.36;54.0;19.0;17
5;6;0.0;0;False;3;16.44;83.0;15.0;17
6;10;0.0;5;True;1;23.02;78.0;19.0;204
8;3;0.0;6;False;0;23.02;69.0;6.0;38
8;15;0.0;2;True;0;27.72;37.0;0.0;302
6;11;0.0;4;True;0;23.02;57.0;17.0;228
6;21;0.0;6;False;0;26.78;40.0;13.0;316
3;3;0.0;6;False;1;12.68;88.0;0.0;26
8;21;0.0;5;True;1;24.9;61.0;11.0;306
10;15;0.0;1;True;0;20.2;78.0;22.0;260
1;20;0.0;1;True;1;4.22;100.0;11.0;169
8;5;0.0;4;True;0;21.14;73.0;0.0;35
9;22;0.0;3;True;0;18.32;64.0;6.0;212
1;8;0.0;2;True;3;6.1;81.0;19.0;93
6;4;0.0;1;True;0;23.02;78.0;17.0;4
3;15;0.0;5;True;3;11.74;54.0;0.0;280
11;22;0.0;2;True;0;4.22;56.0;22.0;135
4;11;0.0;6;False;1;9.86;40.0;7.0;358
4;16;0.0;6;False;1;22.08;27.0;24.0;582
11;12;0.0;0;False;0;10.8;62.0;19.0;442
2;14;0.0;5;True;1;7.04;39.0;6.0;146
10;13;0.0;0;False;1;12.68;72.0;6.0;320
1;3;0.0;6;False;0;-1.42;54.0;7.0;20
8;14;0.0;1;True;0;30.54;46.0;0.0;287
12;9;0.0;1;True;1;11.74;100.0;15.0;284
10;0;0.0;3;True;1;13.62;88.0;6.0;33
5;19;0.0;4;True;0;22.08;31.0;13.0;537
7;5;1.0;3;False;0;23.02;69.0;0.0;19
5;18;0.0;2;True;1;22.08;69.0;19.0;710
1;4;0.0;2;True;1;1.4;86.0;11.0;4
4;23;0.0;2;True;0;8.92;40.0;28.0;62
6;5;0.0;4;True;0;21.14;57.0;6.0;47
3;20;0.0;5;True;0;13.62;88.0;0.0;235
12;22;0.0;3;True;0;7.04;45.0;26.0;105
5;6;0.0;6;False;1;17.38;94.0;0.0;42
4;19;0.0;6;False;1;20.2;40.0;11.0;459
9;3;0.0;3;True;0;15.5;77.0;6.0;7
12;20;0.0;0;False;3;8.92;100.0;6.0;108
9;6;0.0;1;True;0;14.56;82.0;0.0;164
9;18;0.0;6;False;3;19.26;83.0;9.0;167
8;13;0.0;4;True;0;32.42;44.0;15.0;310
11;14;0.0;4;True;0;12.68;18.0;28.0;182
11;1;0.0;5;True;0;7.04;53.0;19.0;20
8;9;0.0;1;True;1;22.08;69.0;0.0;357
5;13;0.0;5;True;1;22.08;73.0;0.0;278
11;18;0.0;4;True;0;10.8;24.0;28.0;507
6;18;0.0;0;False;0;24.9;34.0;17.0;496
5;16;0.0;4;True;0;26.78;55.0;24.0;390
4;13;0.0;6;False;0;15.5;22.0;13.0;643
11;0;0.0;2;True;0;3.28;60.0;7.0;19
9;11;0.0;5;True;0;27.72;62.0;9.0;296
6;20;0.0;6;False;1;23.02;47.0;13.0;352
3;8;0.0;6;False;1;15.5;94.0;13.0;154
1;5;0.0;1;True;1;1.4;64.0;6.0;21
10;20;0.0;2;True;0;19.26;64.0;9.0;379
11;6;0.0;0;False;0;6.1;87.0;6.0;19
1;9;0.0;5;True;0;2.34;47.0;26.0;263
11;0;0.0;5;True;0;4.22;70.0;11.0;52
8;11;0.0;1;True;0;27.72;40.0;6.0;245
12;4;0.0;6;False;1;3.28;87.0;7.0;6
2;3;0.0;0;False;1;-3.3;46.0;46.0;14
5;23;0.0;4;True;0;20.2;83.0;0.0;121
4;10;1.0;1;False;0;21.14;69.0;17.0;224
6;2;0.0;4;True;1;21.14;53.0;17.0;9
6;12;0.0;0;False;0;29.6;33.0;15.0;556
3;2;0.0;0;False;3;11.74;100.0;20.0;35
12;18;0.0;6;False;0;9.86;58.0;11.0;272
5;22;0.0;6;False;0;22.08;47.0;0.0;338
8;5;0.0;4;True;0;23.02;89.0;9.0;41
11;10;0.0;5;True;0;7.98;53.0;13.0;198
2;10;0.0;1;True;0;2.34;75.0;7.0;116
8;18;0.0;4;True;0;29.6;36.0;0.0;832
10;22;0.0;2;True;1;21.14;94.0;7.0;240
3;11;0.0;5;True;1;21.14;73.0;7.0;318
10;13;0.0;6;False;0;18.32;43.0;11.0;714
8;9;0.0;4;True;0;27.72;66.0;11.0;353
12;13;0.0;0;False;0;10.8;71.0;15.0;431
9;8;0.0;1;True;0;18.32;60.0;19.0;730
1;11;0.0;2;True;0;0.46;37.0;35.0;75
2;15;0.0;3;True;0;11.74;41.0;15.0;171
3;21;0.0;5;True;0;9.86;66.0;9.0;220
10;16;0.0;3;True;0;26.78;33.0;9.0;532
4;10;0.0;3;True;1;7.98;49.0;22.0;153
10;1;0.0;1;True;0;10.8;71.0;0.0;11
2;8;0.0;6;False;0;4.22;48.0;20.0;93
4;1;0.0;1;True;3;11.74;88.0;6.0;5
1;0;1.0;1;False;0;-1.42;46.0;9.0;25
11;11;0.0;4;True;0;8.92;37.0;15.0;163
4;8;0.0;6;False;0;9.86;40.0;9.0;158
3;23;0.0;2;True;0;18.32;56.0;9.0;87
5;15;1.0;1;False;0;30.54;56.0;20.0;460
1;13;0.0;2;True;0;7.98;87.0;11.0;203
4;1;0.0;5;True;0;13.62;82.0;13.0;25
12;10;0.0;2;True;0;12.68;77.0;6.0;184
5;0;0.0;6;False;0;16.44;48.0;7.0;148
11;3;0.0;6;False;1;7.98;49.0;17.0;28
2;11;0.0;5;True;0;7.04;53.0;20.0;164
11;11;0.0;6;False;1;8.92;46.0;26.0;340
10;12;0.0;4;True;0;13.62;36.0;0.0;326
6;18;0.0;5;True;0;27.72;27.0;15.0;723
3;15;0.0;3;True;1;18.32;78.0;0.0;243
3;3;0.0;3;True;1;15.5;88.0;13.0;8
3;1;0.0;2;True;0;17.38;88.0;0.0;15
10;5;1.0;1;False;0;7.98;76.0;15.0;19
11;23;0.0;6;False;0;7.04;57.0;7.0;148
12;8;0.0;4;True;0;3.28;60.0;13.0;679
5;7;0.0;2;True;0;16.44;72.0;19.0;463
5;15;0.0;6;False;0;27.72;66.0;19.0;513
8;22;0.0;6;False;1;23.02;89.0;11.0;168
4;2;0.0;1;True;1;7.04;87.0;22.0;4
2;7;0.0;1;True;0;-0.48;86.0;7.0;234
2;22;0.0;3;True;1;12.68;47.0;17.0;147
11;3;0.0;1;True;1;6.1;56.0;15.0;4
11;3;0.0;6;False;0;4.22;65.0;13.0;21
10;9;0.0;4;True;1;15.5;77.0;11.0;387
4;22;0.0;3;True;0;18.32;22.0;11.0;181
5;16;0.0;0;False;0;25.84;42.0;24.0;577
5;2;0.0;0;False;1;17.38;83.0;19.0;93
12;14;0.0;2;True;0;13.62;47.0;30.0;247
8;22;0.0;5;True;0;25.84;74.0;19.0;218
12;20;0.0;0;False;0;2.34;47.0;22.0;72
8;5;0.0;5;True;0;22.08;73.0;7.0;36
6;21;0.0;5;True;3;23.96;65.0;19.0;217
6;11;0.0;2;True;1;18.32;56.0;13.0;227
6;15;0.0;6;False;0;31.48;30.0;22.0;483
7;18;0.0;6;False;0;25.84;79.0;9.0;351
4;12;0.0;2;True;0;14.56;29.0;26.0;224
10;22;0.0;3;True;0;13.62;88.0;17.0;215
5;14;0.0;6;False;0;23.02;36.0;13.0;615
8;3;0.0;3;True;0;23.02;74.0;7.0;11
5;5;0.0;0;False;0;21.14;83.0;13.0;7
11;21;0.0;0;False;0;4.22;48.0;0.0;64
3;21;0.0;0;False;0;16.44;72.0;6.0;173
3;20;0.0;4;True;0;21.14;73.0;19.0;424
4;6;0.0;6;False;0;7.04;36.0;13.0;19
1;12;0.0;5;True;0;3.28;38.0;33.0;154
4;5;0.0;4;True;0;9.86;43.0;19.0;29
5;3;0.0;6;False;0;15.5;48.0;7.0;33
2;5;0.0;6;False;0;3.28;70.0;6.0;1
2;17;0.0;4;True;3;7.98;87.0;0.0;289
7;2;0.0;3;True;0;26.78;66.0;9.0;8
6;2;0.0;1;True;0;18.32;60.0;15.0;11
2;13;0.0;4;True;1;11.74;77.0;0.0;137
6;10;0.0;6;False;0;26.78;55.0;13.0;494
4;13;0.0;3;True;1;10.8;40.0;24.0;163
8;3;0.0;3;True;0;22.08;83.0;7.0;7
1;12;0.0;6;False;0;6.1;61.0;19.0;314
10;19;0.0;0;False;3;11.74;94.0;24.0;54
3;6;0.0;0;False;1;10.8;94.0;7.0;11
4;13;0.0;2;True;0;15.5;29.0;26.0;224
7;7;0.0;2;True;1;24.9;74.0;7.0;520
7;21;0.0;3;True;0;27.72;62.0;0.0;319
7;18;0.0;4;True;0;32.42;41.0;13.0;777
8;9;0.0;2;True;1;24.9;74.0;0.0;402
2;1;0.0;3;True;0;7.04;70.0;9.0;7
10;8;0.0;3;True;0;15.5;77.0;11.0;839
7;3;0.0;2;True;0;23.96;79.0;0.0;3
10;1;0.0;0;False;0;12.68;54.0;15.0;109
3;20;0.0;2;True;0;7.04;49.0;13.0;187
10;3;0.0;5;True;1;16.44;88.0;11.0;13
3;23;0.0;3;True;0;18.32;43.0;11.0;91
9;3;0.0;4;True;0;16.44;83.0;0.0;11
2;4;0.0;3;True;0;5.16;70.0;7.0;1
9;1;0.0;4;True;1;24.9;84.0;0.0;18
4;11;0.0;0;False;3;9.86;87.0;20.0;77
4;4;0.0;6;False;0;7.98;49.0;11.0;2
9;21;0.0;6;False;0;18.32;52.0;7.0;296
10;9;0.0;0;False;1;14.56;67.0;19.0;223
2;23;0.0;3;True;1;13.62;41.0;19.0;62
9;19;0.0;0;False;0;16.44;42.0;11.0;413
4;20;0.0;5;True;0;15.5;29.0;9.0;286
5;11;0.0;0;False;0;21.14;57.0;17.0;428
2;4;0.0;3;True;0;3.28;70.0;6.0;1
11;12;1.0;4;False;0;12.68;35.0;0.0;262
5;7;0.0;4;True;0;17.38;73.0;26.0;474
3;2;0.0;3;True;0;15.5;68.0;13.0;2
12;7;0.0;0;False;3;10.8;87.0;15.0;23
9;14;0.0;5;True;1;25.84;45.0;11.0;371
2;21;0.0;1;True;0;7.04;57.0;11.0;154
10;15;0.0;3;True;1;19.26;43.0;15.0;301
7;4;0.0;5;True;1;23.02;61.0;0.0;11
6;1;0.0;2;True;1;16.44;77.0;22.0;20
7;18;0.0;1;True;0;31.48;53.0;0.0;794
1;15;1.0;1;False;0;5.16;38.0;30.0;168
11;17;0.0;2;True;1;6.1;75.0;26.0;527
7;5;0.0;3;True;0;22.08;89.0;0.0;41
12;19;0.0;0;False;3;9.86;94.0;6.0;122
7;23;0.0;5;True;0;29.6;63.0;7.0;164
8;2;0.0;1;True;0;20.2;83.0;11.0;5
5;14;0.0;1;True;1;21.14;50.0;24.0;239
10;12;0.0;1;True;3;20.2;78.0;22.0;284
4;23;0.0;1;True;0;7.04;76.0;11.0;59
7;12;0.0;1;True;0;31.48;49.0;9.0;237
10;14;0.0;3;True;1;25.84;70.0;11.0;251
4;21;1.0;1;False;0;23.96;51.0;17.0;271
4;14;0.0;0;False;3;9.86;87.0;22.0;53
12;6;0.0;4;True;0;2.34;55.0;20.0;124
3;0;0.0;1;True;0;3.28;44.0;13.0;17
5;19;0.0;1;True;3;19.26;88.0;9.0;304
5;13;0.0;5;True;0;22.08;36.0;11.0;395
11;16;0.0;6;False;0;17.38;37.0;0.0;605
7;17;0.0;6;False;0;37.12;26.0;9.0;279
12;15;0.0;0;False;0;5.16;38.0;22.0;138
1;18;0.0;5;True;1;1.4;34.0;6.0;301
2;9;0.0;3;True;1;8.92;71.0;13.0;276
6;13;0.0;5;True;0;24.9;42.0;17.0;393
12;19;0.0;5;True;0;7.98;53.0;6.0;319
9;11;0.0;0;False;0;20.2;43.0;15.0;591
4;17;0.0;6;False;1;21.14;33.0;17.0;560
4;16;0.0;3;True;0;20.2;20.0;22.0;376
6;0;0.0;2;True;1;20.2;78.0;11.0;35
9;15;0.0;1;True;0;23.02;31.0;26.0;346
3;12;0.0;6;False;1;11.74;67.0;17.0;299
12;2;0.0;0;False;1;10.8;87.0;7.0;78
9;10;0.0;6;False;1;28.66;55.0;13.0;417
3;19;0.0;4;True;0;23.02;61.0;0.0;586
4;2;0.0;5;True;0;12.68;88.0;13.0;21
11;20;1.0;1;False;1;16.44;77.0;19.0;304
6;23;0.0;6;False;0;25.84;44.0;0.0;225
3;20;0.0;5;True;1;8.92;87.0;13.0;100
4;7;0.0;0;False;1;7.98;87.0;9.0;27
7;16;0.0;2;True;0;29.6;43.0;15.0;435
12;8;0.0;1;True;0;-1.42;69.0;9.0;196
8;10;0.0;4;True;0;26.78;58.0;6.0;233
12;8;0.0;1;True;1;9.86;87.0;7.0;592
10;7;0.0;5;True;0;8.92;81.0;6.0;392
6;23;0.0;5;True;0;22.08;57.0;11.0;215
6;19;0.0;3;True;0;18.32;73.0;20.0;538
9;12;0.0;0;False;3;26.78;70.0;0.0;545
5;4;0.0;4;True;0;13.62;77.0;13.0;2
3;18;0.0;2;True;0;7.98;42.0;22.0;457
12;21;0.0;2;True;1;15.5;63.0;17.0;280
2;2;0.0;3;True;0;6.1;61.0;0.0;4
6;0;0.0;4;True;0;26.78;70.0;6.0;69
5;18;0.0;4;True;0;18.32;35.0;35.0;770
3;19;0.0;3;True;0;17.38;42.0;24.0;361
3;11;0.0;0;False;1;12.68;82.0;11.0;368
8;10;0.0;6;False;1;24.9;65.0;20.0;442
2;0;0.0;1;True;0;4.22;60.0;17.0;29
7;3;0.0;3;True;0;23.02;65.0;15.0;12
4;20;0.0;3;True;0;18.32;22.0;6.0;380
8;15;0.0;3;True;0;27.72;52.0;17.0;266
6;6;0.0;6;False;0;22.08;89.0;11.0;42
6;2;0.0;4;True;0;25.84;79.0;7.0;18
10;14;0.0;0;False;1;12.68;67.0;0.0;314
2;10;0.0;5;True;0;5.16;56.0;19.0;129
1;2;0.0;2;True;0;6.1;42.0;15.0;2
11;10;0.0;1;True;0;7.04;49.0;0.0;147
11;9;0.0;0;False;0;8.92;77.0;0.0;273
11;1;0.0;0;False;0;2.34;44.0;13.0;36
11;17;0.0;2;True;1;10.8;71.0;11.0;590
12;8;0.0;5;True;0;1.4;69.0;6.0;636
12;0;0.0;4;True;0;7.04;61.0;9.0;42
10;19;0.0;5;True;0;11.74;41.0;15.0;493
5;11;0.0;2;True;0;27.72;62.0;20.0;197
1;21;0.0;4;True;0;4.22;44.0;24.0;121
11;9;0.0;5;True;0;5.16;75.0;7.0;112
10;17;0.0;1;True;0;18.32;64.0;17.0;766
9;10;0.0;3;True;0;20.2;73.0;19.0;185
2;5;0.0;6;False;1;6.1;42.0;20.0;3
3;5;0.0;2;True;0;2.34;37.0;19.0;17
1;3;0.0;3;True;0;2.34;80.0;0.0;4
3;16;0.0;3;True;3;21.14;43.0;6.0;221
11;6;0.0;6;False;0;3.28;93.0;6.0;16
1;13;0.0;6;False;1;1.4;80.0;17.0;76
10;20;0.0;5;True;0;11.74;47.0;9.0;308
3;20;0.0;2;True;0;19.26;68.0;6.0;377
9;19;0.0;6;False;3;28.66;62.0;0.0;392
3;15;0.0;0;False;0;15.5;29.0;20.0;487
11;6;1.0;4;False;0;4.22;70.0;7.0;17
9;5;0.0;6;False;1;23.02;94.0;17.0;15
6;2;0.0;1;True;0;17.38;77.0;15.0;9
7;16;0.0;6;False;1;25.84;79.0;24.0;566
8;11;0.0;1;True;0;23.02;65.0;7.0;241
9;21;0.0;2;True;1;20.2;88.0;13.0;207
1;13;0.0;0;False;0;7.04;26.0;15.0;316
7;18;0.0;3;True;1;27.72;62.0;9.0;643
1;4;0.0;5;True;1;10.8;100.0;20.0;4
3;6;0.0;1;True;0;0.46;59.0;9.0;91
12;17;0.0;4;True;1;7.98;66.0;13.0;475
3;16;0.0;5;True;3;14.56;77.0;0.0;129
6;9;0.0;6;False;0;20.2;60.0;6.0;367
9;13;0.0;0;False;0;23.96;39.0;0.0;729
1;23;0.0;5;True;0;7.04;49.0;28.0;86
10;8;0.0;5;True;0;19.26;64.0;0.0;785
5;4;0.0;2;True;0;23.02;78.0;15.0;5
2;5;0.0;3;True;0;7.04;70.0;7.0;30
9;17;0.0;2;True;3;20.2;88.0;13.0;338
7;10;0.0;6;False;0;30.54;52.0;15.0;395
10;14;0.0;3;True;1;11.74;50.0;15.0;224
9;20;0.0;0;False;0;16.44;42.0;11.0;252
1;22;0.0;3;True;0;6.1;65.0;6.0;113
3;5;0.0;1;True;0;12.68;77.0;11.0;36
6;3;0.0;6;False;0;18.32;60.0;6.0;27
3;17;0.0;0;False;0;15.5;72.0;6.0;419
7;1;0.0;1;True;1;27.72;58.0;13.0;17
1;19;0.0;6;False;0;16.44;42.0;7.0;215
1;3;0.0;5;True;0;8.92;87.0;17.0;7
12;0;0.0;5;True;3;11.74;88.0;20.0;17
3;10;0.0;5;True;0;8.92;50.0;11.0;132
3;17;0.0;5;True;1;10.8;62.0;15.0;606
1;18;0.0;0;False;0;0.46;29.0;15.0;120
5;6;0.0;6;False;0;21.14;88.0;13.0;31
12;6;0.0;6;False;1;3.28;75.0;0.0;11
2;16;0.0;3;True;0;16.44;29.0;31.0;298
7;3;0.0;3;True;0;26.78;66.0;9.0;4
3;1;0.0;1;True;0;3.28;48.0;9.0;6
9;18;0.0;0;False;0;23.02;36.0;17.0;560
4;1;0.0;1;True;3;7.98;87.0;24.0;2
6;11;0.0;6;False;0;19.26;46.0;19.0;536
12;9;0.0;6;False;1;4.22;93.0;17.0;193
1;20;0.0;6;False;0;1.4;44.0;17.0;103
5;3;1.0;1;False;0;21.14;73.0;11.0;18
2;20;0.0;1;True;0;7.98;46.0;11.0;201
8;18;0.0;3;True;0;26.78;51.0;15.0;848
6;10;0.0;5;True;0;34.3;39.0;20.0;171
5;0;0.0;2;True;0;19.26;83.0;17.0;36
10;11;0.0;0;False;0;16.44;44.0;22.0;547
11;9;0.0;3;True;0;7.04;76.0;6.0;365
5;2;0.0;6;False;0;13.62;59.0;9.0;56
9;6;0.0;4;True;0;15.5;82.0;0.0;195
11;15;0.0;2;True;1;6.1;75.0;20.0;155
6;3;0.0;4;True;1;21.14;53.0;19.0;5
1;12;0.0;1;True;0;4.22;35.0;26.0;134
9;1;0.0;2;True;3;20.2;94.0;13.0;5
12;19;0.0;4;True;3;7.98;71.0;17.0;118
4;6;0.0;2;True;0;7.98;71.0;7.0;103
4;2;0.0;1;True;0;13.62;31.0;13.0;6
10;8;0.0;2;True;3;20.2;88.0;0.0;134
10;4;0.0;3;True;1;20.2;100.0;0.0;11
1;19;0.0;5;True;0;4.22;38.0;19.0;206
3;12;0.0;3;True;1;17.38;77.0;0.0;229
6;3;0.0;6;False;1;22.08;89.0;0.0;23
9;8;0.0;0;False;0;14.56;67.0;7.0;144
8;14;0.0;4;True;0;32.42;41.0;9.0;225
3;13;0.0;4;True;0;13.62;44.0;22.0;273
8;19;0.0;4;True;0;25.84;51.0;6.0;633
11;23;0.0;0;False;1;6.1;56.0;11.0;53
11;15;0.0;4;True;0;8.92;43.0;19.0;220
5;5;0.0;3;True;1;18.32;88.0;9.0;28
3;16;0.0;4;True;0;25.84;37.0;26.0;426
6;6;0.0;5;True;3;21.14;88.0;9.0;141
4;12;0.0;1;True;0;17.38;28.0;48.0;280
2;12;0.0;2;True;1;6.1;56.0;26.0;163
5;2;0.0;1;True;0;15.5;77.0;13.0;6
2;8;0.0;3;True;0;7.04;61.0;24.0;515
7;3;0.0;1;True;1;25.84;54.0;28.0;5
10;6;0.0;5;True;0;16.44;83.0;0.0;137
1;18;0.0;4;True;0;7.98;36.0;11.0;383
11;23;0.0;5;True;0;7.04;53.0;15.0;128
5;8;0.0;5;True;0;18.32;88.0;0.0;618
2;8;0.0;3;True;1;3.28;70.0;15.0;508
7;23;0.0;3;True;1;24.9;58.0;17.0;152
11;10;0.0;0;False;0;10.8;69.0;7.0;405
1;18;0.0;0;False;3;13.62;59.0;17.0;106
8;12;0.0;6;False;0;27.72;58.0;15.0;546
3;14;0.0;6;False;1;13.62;44.0;24.0;430
9;11;0.0;3;True;0;22.08;61.0;17.0;227
6;14;0.0;6;False;0;33.36;30.0;17.0;409
12;23;0.0;6;False;0;2.34;51.0;13.0;40
11;21;0.0;6;False;0;7.98;53.0;7.0;166
8;9;0.0;3;True;1;25.84;62.0;13.0;367
6;6;0.0;1;True;0;21.14;83.0;7.0;144
5;22;0.0;4;True;0;23.02;50.0;11.0;264
11;0;1.0;4;False;0;7.04;66.0;6.0;46
11;14;0.0;5;True;0;11.74;35.0;7.0;251
1;20;0.0;6;False;1;0.46;80.0;20.0;67
6;18;0.0;4;True;0;24.9;34.0;19.0;813
10;8;0.0;4;True;1;16.44;83.0;11.0;779
2;15;0.0;2;True;0;11.74;26.0;6.0;166
11;2;0.0;5;True;0;7.04;66.0;11.0;10
12;2;0.0;0;False;1;4.22;56.0;19.0;19
12;4;0.0;3;True;0;2.34;69.0;24.0;2
6;3;0.0;2;True;3;15.5;82.0;13.0;5
11;17;0.0;4;True;0;7.98;39.0;13.0;561
3;19;0.0;0;False;0;15.5;72.0;17.0;375
6;0;0.0;1;True;0;24.9;65.0;7.0;41
4;3;0.0;0;False;0;11.74;26.0;9.0;26
9;5;0.0;1;True;0;14.56;82.0;6.0;45
5;3;0.0;4;True;0;21.14;69.0;6.0;8
12;10;0.0;6;False;1;5.16;89.0;11.0;256
12;16;0.0;1;True;0;20.2;53.0;9.0;442
4;18;0.0;2;True;0;15.5;18.0;0.0;632
12;4;0.0;1;True;1;9.86;94.0;7.0;12
5;21;0.0;2;True;0;21.14;78.0;9.0;261
3;6;0.0;4;True;1;14.56;100.0;6.0;136
10;15;0.0;1;True;0;22.08;29.0;11.0;296
12;5;0.0;5;True;1;4.22;81.0;7.0;26
12;7;0.0;0;False;1;7.98;87.0;6.0;27
6;4;0.0;5;True;0;18.32;83.0;11.0;14
1;0;0.0;2;True;1;4.22;70.0;22.0;12
11;22;0.0;6;False;1;7.04;57.0;7.0;145
2;17;0.0;6;False;0;6.1;33.0;24.0;159
2;3;0.0;3;True;0;5.16;75.0;0.0;3
1;17;0.0;0;False;0;8.92;21.0;28.0;234
8;2;0.0;6;False;3;22.08;78.0;13.0;85
5;10;0.0;4;True;1;16.44;77.0;0.0;168
1;22;0.0;5;True;0;7.98;49.0;26.0;119
4;7;0.0;3;True;0;7.98;71.0;0.0;389
10;3;0.0;4;True;0;11.74;47.0;20.0;3
8;16;0.0;0;False;3;22.08;89.0;19.0;173
9;13;0.0;0;False;0;21.14;41.0;17.0;594
3;7;0.0;4;True;0;12.68;72.0;6.0;381
6;20;0.0;2;True;0;29.6;55.0;17.0;458
3;16;0.0;1;True;0;23.02;50.0;15.0;385
7;5;0.0;5;True;1;23.02;56.0;6.0;34
10;7;0.0;0;False;0;11.74;82.0;15.0;51
12;21;0.0;1;True;1;13.62;94.0;13.0;245
10;2;0.0;0;False;0;10.8;76.0;6.0;66
10;8;0.0;4;True;0;9.86;46.0;26.0;798
5;12;0.0;0;False;0;22.08;57.0;15.0;531
2;17;0.0;3;True;1;10.8;87.0;11.0;253
7;14;0.0;3;True;0;29.6;41.0;15.0;241
5;15;0.0;5;True;1;25.84;62.0;7.0;343
5;20;0.0;2;True;3;22.08;73.0;9.0;263
2;14;0.0;3;True;0;12.68;54.0;22.0;177
7;3;0.0;6;False;0;25.84;70.0;0.0;43
1;14;0.0;4;True;0;11.74;77.0;11.0;156
10;18;0.0;1;True;3;17.38;77.0;9.0;592
1;23;0.0;6;False;1;-0.48;80.0;17.0;52
9;15;0.0;5;True;1;23.96;54.0;19.0;392
4;6;0.0;5;True;0;11.74;88.0;0.0;113
11;16;0.0;1;True;0;11.74;58.0;17.0;380
8;11;0.0;4;True;0;30.54;52.0;7.0;226
11;15;1.0;4;False;0;14.56;29.0;0.0;228
10;4;0.0;5;True;1;18.32;83.0;0.0;6
2;1;0.0;3;True;0;12.68;41.0;19.0;4
2;14;0.0;5;True;1;13.62;67.0;7.0;31
2;23;0.0;1;True;0;11.74;50.0;11.0;56
7;22;0.0;6;False;1;20.2;88.0;7.0;180
3;9;0.0;5;True;0;6.1;81.0;0.0;314
9;1;0.0;5;True;3;20.2;88.0;0.0;13
5;3;0.0;1;True;1;19.26;68.0;22.0;2
10;4;0.0;3;True;0;8.92;81.0;6.0;4
2;7;0.0;1;True;0;3.28;60.0;15.0;280
5;0;0.0;5;True;0;20.2;78.0;22.0;89
2;9;0.0;0;False;0;2.34;47.0;15.0;87
9;1;0.0;0;False;0;17.38;64.0;0.0;117
1;13;0.0;2;True;0;13.62;36.0;15.0;198
9;14;0.0;0;False;3;25.84;79.0;6.0;457
10;14;0.0;3;True;1;18.32;43.0;11.0;270
2;8;0.0;1;True;0;-0.48;86.0;9.0;444
1;17;0.0;1;True;1;3.28;96.0;7.0;276
7;15;0.0;2;True;0;29.6;41.0;15.0;265
4;15;0.0;2;True;0;23.02;24.0;22.0;308
6;16;0.0;4;True;0;33.36;23.0;13.0;387
9;23;0.0;3;True;0;14.56;67.0;6.0;123
8;20;0.0;1;True;1;21.14;83.0;19.0;261
11;12;0.0;5;True;0;10.8;43.0;19.0;290
4;20;0.0;0;False;3;8.92;93.0;28.0;35
7;6;1.0;3;False;0;23.02;69.0;0.0;32
7;10;0.0;0;False;0;32.42;44.0;20.0;366
7;3;0.0;1;True;0;23.02;83.0;0.0;3
10;15;0.0;5;True;1;21.14;61.0;7.0;448
11;7;0.0;4;True;1;8.92;57.0;11.0;420
11;3;0.0;5;True;0;3.28;75.0;0.0;4
11;22;0.0;5;True;0;8.92;46.0;17.0;149
8;2;0.0;5;True;0;23.02;61.0;9.0;19
11;20;0.0;0;False;0;7.04;53.0;24.0;141
4;22;0.0;1;True;1;13.62;41.0;33.0;108
4;10;0.0;2;True;0;20.2;38.0;28.0;217
1;13;0.0;1;True;0;6.1;31.0;13.0;132
3;12;0.0;0;False;0;10.8;37.0;20.0;410
6;5;0.0;3;True;0;14.56;77.0;0.0;38
11;6;0.0;4;True;0;6.1;39.0;15.0;124
11;17;0.0;3;True;0;10.8;40.0;11.0;374
1;0;0.0;4;True;0;-1.42;50.0;13.0;16
9;15;0.0;3;True;0;26.78;48.0;20.0;300
1;9;1.0;1;False;0;-3.3;58.0;11.0;96
8;22;0.0;0;False;0;24.9;58.0;9.0;181
4;2;0.0;0;False;0;13.62;72.0;19.0;56
4;10;0.0;4;True;0;10.8;50.0;20.0;141
12;0;0.0;3;True;1;5.16;65.0;17.0;9
4;17;0.0;1;True;0;15.5;29.0;19.0;729
4;12;0.0;5;True;0;19.26;53.0;13.0;362
11;19;0.0;0;False;0;14.56;55.0;9.0;277
3;0;0.0;0;False;1;10.8;30.0;24.0;72
1;4;0.0;0;False;3;-0.48;80.0;19.0;2
3;18;0.0;0;False;0;15.5;72.0;6.0;491
8;2;0.0;4;True;0;21.14;83.0;0.0;20
8;4;0.0;4;True;1;23.96;89.0;9.0;10
10;9;0.0;3;True;1;16.44;77.0;6.0;373
11;7;0.0;1;True;0;3.28;65.0;0.0;365
1;13;0.0;1;True;1;4.22;56.0;7.0;80
5;23;0.0;5;True;0;20.2;83.0;6.0;256
10;18;0.0;6;False;0;16.44;48.0;28.0;495
8;23;0.0;4;True;0;24.9;54.0;7.0;226
4;1;0.0;6;False;0;8.92;50.0;20.0;67
2;22;0.0;5;True;0;8.92;40.0;15.0;107
8;17;0.0;1;True;0;29.6;36.0;11.0;818
1;9;0.0;6;False;0;-1.42;50.0;7.0;81
6;2;0.0;4;True;0;23.02;50.0;6.0;13
12;5;0.0;0;False;1;10.8;87.0;7.0;8
12;18;0.0;1;True;3;3.28;93.0;7.0;26
4;14;0.0;0;False;0;20.2;18.0;30.0;503
8;22;0.0;3;True;0;24.9;61.0;11.0;226
8;4;0.0;6;False;0;21.14;73.0;15.0;13
7;21;1.0;3;False;0;31.48;53.0;9.0;584
4;13;0.0;3;True;0;18.32;26.0;15.0;228
12;3;0.0;6;False;1;3.28;75.0;0.0;6
5;6;0.0;0;False;0;15.5;63.0;9.0;25
11;21;0.0;3;True;0;8.92;50.0;0.0;105
12;3;0.0;5;True;1;4.22;81.0;13.0;5
5;12;0.0;6;False;0;23.02;36.0;0.0;642
5;0;0.0;6;False;0;20.2;83.0;0.0;153
6;17;0.0;5;True;0;27.72;29.0;13.0;793
1;10;0.0;0;False;0;3.28;35.0;9.0;191
12;0;0.0;5;True;1;3.28;60.0;11.0;25
12;4;0.0;0;False;1;10.8;94.0;7.0;12
11;1;1.0;4;False;0;5.16;65.0;6.0;42
9;21;0.0;3;True;0;20.2;60.0;9.0;306
2;7;0.0;3;True;1;4.22;81.0;9.0;253
11;20;0.0;1;True;0;7.98;49.0;0.0;277
4;1;0.0;5;True;0;8.92;46.0;13.0;30
3;14;0.0;5;True;1;14.56;72.0;0.0;202
9;8;0.0;3;True;0;25.84;74.0;13.0;725
4;21;0.0;6;False;1;18.32;43.0;9.0;220
2;16;0.0;6;False;0;12.68;44.0;22.0;404
12;19;0.0;1;True;1;11.74;88.0;9.0;340
7;12;0.0;6;False;3;20.2;83.0;15.0;457
3;9;0.0;0;False;0;4.22;60.0;15.0;90
5;16;0.0;3;True;0;25.84;45.0;7.0;446
9;3;0.0;4;True;0;20.2;78.0;0.0;7
8;1;0.0;5;True;0;24.9;74.0;13.0;43
4;7;0.0;0;False;3;11.74;77.0;26.0;24
5;1;0.0;1;True;1;20.2;60.0;19.0;11
2;2;0.0;2;True;0;3.28;60.0;0.0;3
6;8;0.0;1;True;0;20.2;49.0;15.0;665
10;11;0.0;0;False;0;18.32;52.0;20.0;494
6;3;0.0;4;True;0;23.02;50.0;6.0;7
3;7;0.0;4;True;1;12.68;94.0;9.0;304
2;15;0.0;0;False;0;-0.48;40.0;37.0;155
9;16;0.0;4;True;0;22.08;47.0;11.0;457
7;23;1.0;3;False;1;28.66;43.0;6.0;183
1;4;0.0;2;True;1;6.1;100.0;6.0;2
7;15;0.0;4;True;0;29.6;36.0;13.0;271
12;10;1.0;2;False;0;5.16;81.0;0.0;32
1;12;0.0;1;True;1;2.34;93.0;0.0;62
6;0;0.0;5;True;0;18.32;56.0;11.0;77
9;6;0.0;0;False;1;23.02;89.0;0.0;15
4;3;0.0;0;False;1;16.44;59.0;9.0;45
7;22;0.0;5;True;1;21.14;83.0;13.0;135
5;23;0.0;0;False;3;20.2;78.0;24.0;86
5;17;0.0;5;True;0;27.72;62.0;19.0;653
6;20;0.0;3;True;0;32.42;39.0;15.0;407
1;0;0.0;6;False;0;6.1;52.0;19.0;69
1;5;0.0;4;True;0;-2.36;55.0;17.0;19
12;23;0.0;3;True;0;6.1;49.0;26.0;74
9;19;0.0;1;True;0;21.14;38.0;20.0;633
4;21;0.0;1;True;1;16.44;59.0;13.0;221
8;8;0.0;2;True;1;23.02;85.0;7.0;693
7;15;0.0;0;False;3;35.24;42.0;19.0;298
9;5;0.0;0;False;0;15.5;72.0;0.0;13
2;11;0.0;3;True;0;8.92;66.0;11.0;171
6;13;0.0;2;True;1;20.2;46.0;11.0;267
3;15;0.0;4;True;0;25.84;32.0;15.0;287
6;2;0.0;5;True;0;26.78;79.0;0.0;12
7;9;0.0;0;False;0;32.42;50.0;7.0;242
9;14;0.0;2;True;0;23.96;30.0;6.0;255
11;3;0.0;3;True;0;3.28;65.0;15.0;5
4;22;0.0;3;True;0;15.5;51.0;0.0;192
8;18;0.0;4;True;0;29.6;59.0;15.0;767
11;0;1.0;1;False;0;11.74;71.0;7.0;49
10;10;0.0;2;True;0;15.5;48.0;19.0;222
3;4;0.0;1;True;0;12.68;94.0;0.0;3
8;22;0.0;3;True;0;25.84;70.0;7.0;288
11;13;0.0;5;True;0;11.74;38.0;13.0;278
6;21;0.0;1;True;1;25.84;58.0;13.0;250
7;20;0.0;0;False;0;24.9;74.0;11.0;378
4;4;0.0;1;True;0;9.86;62.0;17.0;2
4;2;0.0;1;True;3;12.68;94.0;9.0;5
5;15;0.0;5;True;0;21.14;25.0;13.0;439
9;12;0.0;4;True;1;25.84;79.0;15.0;137
10;0;0.0;5;True;0;18.32;73.0;0.0;102
12;4;0.0;5;True;0;1.4;75.0;6.0;10
9;0;0.0;5;True;0;22.08;89.0;9.0;96
10;2;0.0;2;True;0;12.68;67.0;9.0;3
12;20;0.0;2;True;0;7.04;53.0;15.0;257
3;8;0.0;4;True;0;12.68;77.0;7.0;623
11;23;0.0;2;True;0;4.22;56.0;20.0;84
7;23;0.0;1;True;0;26.78;51.0;7.0;102
4;0;1.0;1;False;0;22.08;53.0;22.0;41
7;19;0.0;1;True;0;29.6;52.0;17.0;582
2;15;0.0;1;True;0;16.44;25.0;28.0;174
10;23;0.0;5;True;0;13.62;88.0;7.0;131
12;21;0.0;5;True;1;8.92;93.0;7.0;171
9;5;0.0;0;False;0;23.02;89.0;0.0;12
11;17;0.0;3;True;0;7.04;49.0;13.0;583
3;14;0.0;4;True;0;20.2;73.0;7.0;257
8;21;0.0;5;True;0;26.78;66.0;17.0;286
10;6;0.0;5;True;0;7.98;81.0;6.0;143
3;7;0.0;2;True;0;-0.48;55.0;9.0;275
4;4;1.0;1;False;0;17.38;77.0;15.0;6
6;0;0.0;0;False;0;18.32;56.0;9.0;148
8;13;0.0;1;True;0;29.6;49.0;15.0;289
3;11;0.0;3;True;1;21.14;41.0;11.0;220
1;9;0.0;2;True;1;7.04;87.0;6.0;255
9;10;0.0;6;False;0;21.14;41.0;26.0;442
3;15;0.0;5;True;0;13.62;24.0;17.0;238
1;2;0.0;3;True;1;12.68;51.0;33.0;2
8;14;0.0;1;True;0;29.6;49.0;6.0;246
2;19;0.0;4;True;0;15.5;39.0;6.0;369
10;22;1.0;1;False;3;10.8;76.0;17.0;107
12;1;0.0;6;False;1;4.22;81.0;6.0;95
9;0;0.0;4;True;0;18.32;73.0;6.0;57
1;23;0.0;0;False;0;4.22;56.0;17.0;30
3;14;0.0;0;False;1;12.68;88.0;11.0;414
4;2;0.0;4;True;1;11.74;77.0;0.0;6
11;2;0.0;1;True;0;1.4;69.0;0.0;5
12;1;0.0;6;False;0;4.22;44.0;30.0;35
4;22;0.0;4;True;0;10.8;47.0;13.0;149
9;22;0.0;2;True;0;18.32;64.0;7.0;216
11;17;0.0;0;False;0;8.92;43.0;13.0;327
5;20;0.0;1;True;0;22.08;69.0;9.0;336
12;7;0.0;4;True;1;6.1;70.0;0.0;350
7;10;0.0;4;True;0;26.78;70.0;15.0;222
10;15;0.0;6;False;1;18.32;60.0;19.0;711
11;5;0.0;3;True;0;5.16;87.0;7.0;29
8;20;0.0;4;True;0;26.78;58.0;11.0;471
11;13;1.0;1;False;0;20.2;60.0;15.0;420
12;2;0.0;5;True;1;4.22;70.0;9.0;11
6;8;0.0;4;True;0;26.78;70.0;0.0;590
9;22;0.0;5;True;0;21.14;83.0;13.0;229
11;16;0.0;5;True;0;13.62;38.0;11.0;434
1;8;0.0;6;False;1;-0.48;93.0;17.0;25
3;23;0.0;6;False;0;15.5;77.0;11.0;185
7;3;0.0;5;True;1;23.96;61.0;0.0;9
4;13;0.0;5;True;0;13.62;33.0;26.0;306
6;13;0.0;5;True;0;25.84;70.0;20.0;316
2;13;0.0;1;True;0;9.86;40.0;15.0;141
2;11;0.0;2;True;1;6.1;45.0;11.0;112
11;18;0.0;6;False;1;8.92;46.0;19.0;297
8;10;0.0;4;True;0;29.6;55.0;0.0;181
2;9;0.0;4;True;3;9.86;87.0;0.0;228
10;2;0.0;3;True;1;6.1;81.0;9.0;7
3;1;0.0;0;False;1;9.86;34.0;13.0;76
6;11;0.0;1;True;0;29.6;43.0;22.0;181
10;21;0.0;2;True;1;14.56;77.0;9.0;225
4;21;0.0;3;True;1;11.74;82.0;6.0;189
7;10;0.0;3;True;0;26.78;37.0;0.0;231
1;14;0.0;4;True;0;7.98;39.0;19.0;117
11;14;0.0;5;True;0;15.5;36.0;17.0;435
2;14;0.0;6;False;0;12.68;35.0;24.0;427
7;1;0.0;1;True;3;24.9;89.0;7.0;18
4;12;0.0;1;True;0;12.68;44.0;30.0;281
8;14;0.0;3;True;0;27.72;45.0;7.0;266
3;12;0.0;3;True;0;12.68;38.0;26.0;215
6;9;0.0;4;True;0;29.6;55.0;13.0;256
12;22;0.0;2;True;0;7.98;49.0;0.0;132
1;16;0.0;6;False;1;1.4;80.0;20.0;118
3;1;0.0;6;False;1;12.68;94.0;0.0;69
6;22;0.0;5;True;3;20.2;88.0;9.0;23
11;10;0.0;2;True;3;7.04;81.0;13.0;57
4;10;0.0;0;False;0;11.74;67.0;6.0;380
8;10;0.0;0;False;0;24.9;51.0;11.0;328
2;18;0.0;1;True;0;16.44;27.0;28.0;527
4;20;0.0;2;True;0;20.2;23.0;19.0;402
8;15;0.0;1;True;0;30.54;34.0;15.0;274
3;10;0.0;3;True;0;13.62;41.0;28.0;173
9;1;0.0;6;False;0;17.38;60.0;15.0;101
7;23;0.0;4;True;0;25.84;70.0;9.0;145
12;2;0.0;6;False;1;8.92;93.0;9.0;70
3;6;0.0;1;True;0;11.74;82.0;13.0;117
5;17;0.0;0;False;0;24.9;45.0;28.0;478
7;10;0.0;1;True;0;29.6;59.0;0.0;186
12;19;0.0;5;True;1;9.86;76.0;0.0;352
2;9;0.0;5;True;3;8.92;81.0;17.0;244
8;23;0.0;0;False;0;21.14;83.0;6.0;80
4;12;0.0;4;True;0;13.62;41.0;30.0;259
9;3;0.0;2;True;0;11.74;71.0;6.0;5
2;21;0.0;0;False;3;4.22;65.0;11.0;36
3;3;0.0;4;True;0;16.44;83.0;6.0;7
2;1;0.0;4;True;1;3.28;87.0;9.0;12
2;19;0.0;5;True;0;7.98;49.0;7.0;267
5;17;0.0;6;False;1;23.96;65.0;20.0;502
11;8;0.0;0;False;0;6.1;56.0;9.0;149
6;8;0.0;0;False;0;24.9;58.0;0.0;141
10;6;0.0;5;True;1;16.44;88.0;6.0;144
12;15;0.0;4;True;0;7.04;39.0;0.0;270
7;1;0.0;2;True;0;26.78;70.0;0.0;25
4;19;0.0;1;True;0;15.5;27.0;17.0;494
6;17;0.0;0;False;0;22.08;57.0;15.0;593
3;4;0.0;6;False;0;16.44;83.0;6.0;7
3;23;0.0;5;True;1;8.92;87.0;0.0;23
3;23;0.0;0;False;0;14.56;82.0;11.0;46
9;20;0.0;0;False;3;15.5;72.0;9.0;194
11;23;0.0;5;True;0;7.98;53.0;20.0;119
11;1;0.0;6;False;1;7.98;49.0;22.0;89
5;14;0.0;2;True;0;30.54;52.0;28.0;238
1;9;0.0;2;True;0;-0.48;50.0;19.0;153
10;21;0.0;6;False;1;16.44;72.0;15.0;209
6;18;0.0;4;True;0;26.78;42.0;13.0;823
11;12;0.0;0;False;1;4.22;41.0;15.0;202
10;22;0.0;3;True;1;20.2;64.0;9.0;238
9;0;0.0;6;False;0;20.2;73.0;19.0;172
11;14;0.0;2;True;3;5.16;87.0;24.0;94
4;15;0.0;4;True;0;15.5;31.0;7.0;269
5;7;0.0;4;True;0;20.2;64.0;19.0;507
4;11;0.0;4;True;0;11.74;47.0;20.0;224
9;15;0.0;2;True;0;24.9;28.0;7.0;326
5;17;0.0;1;True;3;18.32;88.0;17.0;229
11;2;0.0;6;False;0;7.04;81.0;0.0;44
11;14;0.0;6;False;0;11.74;38.0;13.0;555
1;23;0.0;3;True;1;5.16;65.0;0.0;66
11;7;0.0;5;True;1;6.1;61.0;11.0;367
10;5;0.0;4;True;0;8.92;50.0;11.0;42
1;11;0.0;0;False;3;-0.48;80.0;17.0;133
1;15;0.0;5;True;0;16.44;27.0;17.0;222
9;5;0.0;6;False;0;15.5;63.0;13.0;15
11;11;0.0;1;True;1;9.86;66.0;17.0;197
5;5;0.0;5;True;0;18.32;88.0;13.0;24
12;3;0.0;4;True;1;6.1;70.0;6.0;4
6;6;0.0;0;False;0;13.62;82.0;7.0;22
6;13;0.0;2;True;0;24.9;30.0;31.0;306
12;1;0.0;3;True;0;6.1;65.0;6.0;15
6;17;0.0;3;True;0;21.14;43.0;9.0;724
5;20;0.0;3;True;0;16.44;77.0;17.0;338
2;10;0.0;1;True;0;-1.42;50.0;9.0;71
5;8;0.0;6;False;0;16.44;48.0;0.0;178
5;9;0.0;3;True;1;20.2;78.0;9.0;347
2;17;0.0;3;True;3;3.28;87.0;7.0;155
11;21;0.0;3;True;1;7.04;49.0;20.0;126
11;17;0.0;0;False;1;9.86;66.0;17.0;280
5;0;0.0;5;True;0;21.14;83.0;9.0;73
12;22;0.0;5;True;0;5.16;75.0;7.0;138
7;9;0.0;5;True;0;30.54;49.0;19.0;363
2;9;0.0;5;True;1;4.22;100.0;0.0;283
5;5;0.0;2;True;3;18.32;94.0;15.0;8
11;10;0.0;3;True;0;6.1;49.0;7.0;161
3;17;0.0;3;True;0;18.32;43.0;33.0;612
12;8;0.0;4;True;0;4.22;65.0;24.0;208
1;5;0.0;1;True;1;1.4;86.0;0.0;19
10;14;0.0;1;True;0;21.14;27.0;13.0;282
11;2;0.0;6;False;0;7.04;39.0;41.0;32
5;7;0.0;0;False;0;21.14;88.0;11.0;52
1;10;0.0;4;True;0;7.98;81.0;7.0;90
2;0;0.0;6;False;0;4.22;70.0;7.0;86
6;10;0.0;5;True;0;23.02;47.0;17.0;249
5;3;0.0;1;True;0;15.5;77.0;13.0;5
4;14;0.0;4;True;0;13.62;33.0;11.0;287
2;4;0.0;1;True;0;2.34;80.0;9.0;1
7;10;0.0;1;True;0;29.6;43.0;17.0;174
1;9;0.0;1;True;1;2.34;64.0;0.0;197
7;17;0.0;4;True;0;35.24;35.0;11.0;689
10;0;0.0;5;True;0;10.8;66.0;7.0;68
11;15;0.0;6;False;0;16.44;45.0;0.0;567
4;4;0.0;2;True;0;7.04;66.0;6.0;1
10;8;0.0;2;True;1;11.74;80.0;13.0;713
1;9;0.0;5;True;3;15.5;88.0;19.0;107
6;13;0.0;4;True;0;23.96;57.0;11.0;284
10;12;0.0;3;True;0;21.14;61.0;6.0;316
9;0;0.0;4;True;0;15.5;63.0;0.0;58
9;0;0.0;3;True;1;18.32;68.0;19.0;26
4;23;0.0;0;False;0;23.02;50.0;26.0;90
3;20;0.0;3;True;0;20.2;56.0;20.0;362
5;10;0.0;3;True;0;21.14;78.0;6.0;191
11;9;0.0;3;True;1;4.22;60.0;19.0;368
12;12;0.0;1;True;1;5.16;56.0;6.0;135
4;10;0.0;1;True;0;15.5;27.0;33.0;178
12;15;0.0;0;False;0;7.98;34.0;9.0;137
10;18;0.0;2;True;0;21.14;53.0;6.0;826
11;0;0.0;5;True;0;7.98;49.0;22.0;55
12;11;0.0;0;False;1;7.04;81.0;11.0;355
4;10;0.0;4;True;1;13.62;94.0;11.0;139
4;4;0.0;5;True;0;11.74;44.0;17.0;6
8;11;0.0;2;True;0;28.66;55.0;17.0;218
12;2;0.0;1;True;1;9.86;94.0;0.0;5
7;7;0.0;5;True;1;23.02;89.0;13.0;360
3;14;0.0;2;True;0;10.8;24.0;9.0;184
8;4;0.0;3;True;0;19.26;83.0;7.0;8
6;12;0.0;2;True;3;23.02;83.0;17.0;95
4;11;0.0;0;False;0;21.14;46.0;20.0;528
8;12;0.0;1;True;0;28.66;40.0;13.0;276
11;14;0.0;3;True;1;7.04;53.0;24.0;161
8;13;0.0;3;True;0;29.6;52.0;11.0;280
7;19;0.0;2;True;3;24.9;74.0;15.0;414
7;6;0.0;4;True;0;25.84;58.0;0.0;133
6;14;0.0;4;True;0;24.9;54.0;19.0;298
12;4;0.0;4;True;1;6.1;70.0;6.0;6
10;21;0.0;2;True;3;21.14;94.0;7.0;289
7;6;0.0;0;False;0;23.96;83.0;9.0;15
1;19;0.0;2;True;0;-2.36;28.0;28.0;156
5;8;0.0;6;False;0;22.08;78.0;9.0;141
12;17;0.0;0;False;3;10.8;76.0;13.0;303
3;5;0.0;5;True;1;10.8;87.0;15.0;32
4;14;0.0;3;True;0;18.32;22.0;24.0;223
11;6;0.0;0;False;0;5.16;61.0;9.0;16
5;21;0.0;6;False;1;20.2;60.0;9.0;230
10;11;0.0;2;True;3;19.26;94.0;9.0;99
11;23;0.0;1;True;0;7.98;66.0;7.0;74
2;22;0.0;0;False;3;3.28;75.0;6.0;55
8;18;0.0;2;True;0;25.84;54.0;15.0;625
7;12;0.0;3;True;0;35.24;37.0;9.0;202
9;15;0.0;6;False;0;26.78;48.0;26.0;750
5;20;0.0;4;True;0;20.2;40.0;13.0;446
2;16;0.0;5;True;1;7.98;42.0;17.0;268
11;1;0.0;4;True;0;6.1;75.0;7.0;30
3;20;0.0;0;False;0;12.68;47.0;15.0;171
10;2;0.0;3;True;1;21.14;94.0;0.0;9
2;10;0.0;0;False;1;4.22;52.0;17.0;191
6;6;0.0;0;False;0;16.44;72.0;7.0;23
4;20;0.0;6;False;0;15.5;20.0;15.0;208
4;12;0.0;4;True;0;17.38;49.0;0.0;264
11;4;0.0;1;True;1;6.1;52.0;17.0;16
3;18;0.0;5;True;0;24.9;45.0;11.0;830
10;6;0.0;3;True;0;6.1;81.0;11.0;116
4;16;0.0;5;True;0;15.5;22.0;28.0;536
7;14;0.0;6;False;1;37.12;30.0;9.0;308
6;2;0.0;1;True;0;23.02;74.0;7.0;17
11;15;0.0;2;True;0;7.98;46.0;17.0;272
8;4;0.0;2;True;0;18.32;88.0;0.0;4
4;0;0.0;0;False;1;17.38;56.0;13.0;124
7;1;0.0;6;False;0;25.84;70.0;6.0;80
5;19;0.0;3;True;0;17.38;77.0;17.0;504
12;5;0.0;4;True;1;6.1;70.0;7.0;35
7;8;0.0;0;False;0;24.9;65.0;15.0;127
5;16;0.0;1;True;3;21.14;69.0;19.0;111
3;5;0.0;2;True;1;13.62;82.0;13.0;24
7;4;0.0;6;False;0;24.9;79.0;13.0;11
4;0;0.0;6;False;0;11.74;26.0;20.0;94
8;6;0.0;4;True;0;20.2;78.0;11.0;165
11;11;0.0;5;True;0;11.74;41.0;28.0;221
6;8;0.0;6;False;0;19.26;64.0;11.0;204
7;16;0.0;3;True;0;29.6;38.0;13.0;411
6;3;0.0;5;True;0;26.78;79.0;0.0;7
12;16;0.0;4;True;0;7.98;39.0;7.0;406
8;7;0.0;6;False;0;25.84;77.0;11.0;67
8;22;0.0;6;False;0;27.72;66.0;19.0;269
3;8;0.0;2;True;0;2.34;37.0;20.0;581
8;14;0.0;2;True;0;27.72;37.0;6.0;302
12;14;0.0;6;False;1;8.92;71.0;0.0;479
3;3;0.0;4;True;0;13.62;63.0;26.0;3
8;20;0.0;4;True;0;28.66;66.0;0.0;427
12;14;0.0;4;True;1;4.22;56.0;35.0;119
1;1;1.0;1;False;0;8.92;43.0;28.0;12
3;21;0.0;4;True;0;12.68;44.0;19.0;224
9;18;0.0;0;False;0;17.38;37.0;13.0;540
2;23;0.0;2;True;0;7.04;53.0;15.0;65
5;0;0.0;2;True;0;24.9;79.0;13.0;45
5;3;0.0;0;False;1;17.38;83.0;13.0;28
6;21;0.0;5;True;3;22.08;78.0;17.0;85
5;1;0.0;2;True;1;16.44;59.0;15.0;9
9;10;0.0;0;False;0;17.38;45.0;17.0;489
2;21;0.0;2;True;0;7.98;61.0;7.0;190
7;0;0.0;2;True;0;25.84;54.0;0.0;53
5;15;0.0;4;True;0;17.38;37.0;26.0;271
7;17;0.0;0;False;0;30.54;41.0;11.0;531
2;10;0.0;3;True;0;7.98;57.0;20.0;120
11;8;1.0;4;False;0;3.28;75.0;9.0;97
11;12;0.0;4;True;0;10.8;24.0;33.0;235
9;4;0.0;4;True;1;24.9;84.0;6.0;8
5;22;0.0;3;True;1;21.14;83.0;11.0;159
11;0;0.0;3;True;0;4.22;56.0;19.0;24
6;19;0.0;6;False;0;31.48;44.0;17.0;374
3;10;0.0;0;False;0;6.1;49.0;22.0;192
6;19;0.0;5;True;0;24.9;42.0;11.0;467
3;6;0.0;4;True;0;13.62;59.0;17.0;117
6;22;0.0;6;False;0;28.66;62.0;11.0;172
6;20;0.0;2;True;0;18.32;49.0;15.0;415
12;3;0.0;0;False;1;7.98;87.0;13.0;38
1;1;0.0;0;False;1;0.46;74.0;20.0;50
10;17;0.0;6;False;1;18.32;64.0;19.0;618
5;11;1.0;1;False;0;25.84;66.0;9.0;476
3;2;0.0;6;False;0;4.22;41.0;17.0;42
10;13;0.0;3;True;1;17.38;49.0;9.0;310
5;2;0.0;1;True;3;18.32;94.0;17.0;11
9;23;0.0;3;True;1;20.2;78.0;17.0;115
2;15;0.0;2;True;0;7.98;49.0;28.0;160
2;16;1.0;1;False;0;8.92;29.0;7.0;280
9;22;0.0;6;False;0;15.5;63.0;7.0;221
12;8;0.0;0;False;1;8.92;87.0;9.0;88
3;8;0.0;4;True;0;13.62;47.0;28.0;654
12;13;0.0;3;True;0;13.62;41.0;19.0;214
11;9;0.0;6;False;0;8.92;66.0;13.0;259
2;17;0.0;0;False;0;7.04;53.0;11.0;306
1;10;0.0;3;True;0;6.1;42.0;31.0;93
9;13;0.0;5;True;1;24.9;51.0;17.0;410
2;23;0.0;6;False;0;3.28;41.0;28.0;91
7;18;0.0;6;False;1;20.2;88.0;13.0;177
4;2;0.0;6;False;0;9.86;66.0;9.0;56
7;22;0.0;2;True;0;23.96;79.0;13.0;177
12;23;0.0;1;True;3;3.28;93.0;0.0;11
10;21;0.0;6;False;0;13.62;59.0;9.0;215
8;21;0.0;6;False;0;29.6;59.0;17.0;289
2;22;0.0;4;True;1;7.04;81.0;0.0;111
12;18;0.0;4;True;1;3.28;60.0;17.0;197
7;1;0.0;4;True;0;26.78;51.0;19.0;30
3;15;0.0;0;False;0;17.38;68.0;6.0;554
1;6;0.0;4;True;3;8.92;93.0;9.0;89
2;23;0.0;0;False;0;4.22;56.0;11.0;64
3;11;0.0;1;True;1;4.22;56.0;9.0;103
7;4;0.0;1;True;1;23.02;94.0;9.0;8
3;15;0.0;6;False;0;7.98;25.0;0.0;406
5;18;0.0;5;True;0;22.08;38.0;15.0;669
9;18;0.0;1;True;0;21.14;35.0;20.0;968
8;17;0.0;4;True;0;27.72;45.0;15.0;820
10;9;0.0;4;True;1;16.44;83.0;13.0;343
7;5;0.0;0;False;0;28.66;62.0;0.0;6
7;8;0.0;2;True;0;26.78;62.0;6.0;646
11;15;0.0;5;True;1;11.74;38.0;7.0;296
10;12;0.0;4;True;1;18.32;78.0;7.0;319
10;22;0.0;2;True;0;18.32;68.0;7.0;194
9;18;0.0;6;False;1;22.08;36.0;19.0;614
2;21;0.0;2;True;0;7.98;46.0;7.0;188
11;18;0.0;1;True;1;10.8;58.0;17.0;580
8;12;0.0;5;True;1;27.72;45.0;6.0;371
9;0;0.0;6;False;0;20.2;83.0;7.0;207
1;22;1.0;1;False;1;6.1;49.0;24.0;43
2;7;0.0;3;True;0;7.04;76.0;6.0;302
3;2;0.0;2;True;0;4.22;30.0;20.0;7
11;11;0.0;0;False;0;9.86;46.0;15.0;445
2;16;0.0;5;True;0;11.74;32.0;20.0;307
5;10;0.0;3;True;1;21.14;69.0;19.0;177
9;3;0.0;3;True;1;16.44;63.0;17.0;5
10;5;0.0;0;False;0;9.86;66.0;6.0;10
9;2;0.0;5;True;0;18.32;73.0;0.0;30
10;14;0.0;4;True;0;24.9;61.0;17.0;267
1;0;0.0;2;True;0;5.16;52.0;17.0;15
9;2;0.0;4;True;0;25.84;79.0;0.0;8
5;8;0.0;4;True;0;13.62;67.0;24.0;630
1;18;0.0;3;True;3;7.98;87.0;13.0;98
11;9;1.0;4;False;0;6.1;65.0;0.0;119
9;7;0.0;3;True;1;24.9;79.0;17.0;500
12;3;0.0;4;True;1;4.22;56.0;19.0;2
12;19;0.0;3;True;1;6.1;56.0;15.0;402
9;9;1.0;1;False;1;24.9;84.0;9.0;229
6;18;0.0;3;True;0;34.3;37.0;0.0;672
2;18;0.0;3;True;0;10.8;40.0;15.0;468
11;12;0.0;2;True;0;7.98;61.0;19.0;196
5;9;0.0;4;True;0;15.5;59.0;31.0;361
2;12;0.0;1;True;0;10.8;37.0;20.0;177
3;2;0.0;4;True;0;15.5;59.0;0.0;19
10;5;0.0;6;False;0;10.8;82.0;0.0;13
1;13;0.0;6;False;0;7.98;57.0;17.0;373
12;15;0.0;1;True;0;20.2;56.0;0.0;268
7;0;0.0;5;True;0;28.66;62.0;9.0;102
8;20;0.0;5;True;0;26.78;66.0;20.0;370
10;0;0.0;1;True;3;12.68;88.0;24.0;22
12;18;0.0;3;True;3;5.16;93.0;20.0;43
3;11;0.0;2;True;0;17.38;73.0;19.0;219
3;10;0.0;5;True;1;8.92;57.0;7.0;187
12;13;0.0;6;False;1;10.8;87.0;11.0;547
12;14;0.0;4;True;0;8.92;34.0;11.0;242
12;13;0.0;1;True;0;19.26;56.0;6.0;321
8;18;0.0;4;True;0;26.78;48.0;15.0;941
2;5;0.0;3;True;0;3.28;70.0;6.0;20
11;11;0.0;6;False;1;5.16;41.0;20.0;186
4;22;0.0;0;False;0;23.96;44.0;24.0;134
9;5;0.0;6;False;0;19.26;60.0;35.0;16
7;16;0.0;6;False;0;39.0;19.0;11.0;294
3;6;0.0;3;True;0;8.92;46.0;24.0;115
2;12;0.0;5;True;0;9.86;46.0;26.0;198
3;15;0.0;6;False;3;15.5;94.0;28.0;290
1;15;0.0;3;True;0;8.92;46.0;0.0;155
10;3;0.0;3;True;0;8.92;87.0;0.0;7
12;0;0.0;0;False;1;10.8;87.0;9.0;118
7;16;0.0;2;True;0;27.72;58.0;15.0;402
11;0;0.0;0;False;0;7.98;81.0;6.0;124
6;18;0.0;2;True;0;25.84;28.0;24.0;824
2;21;0.0;6;False;0;12.68;33.0;20.0;114
5;16;0.0;5;True;0;21.14;25.0;22.0;525
8;11;0.0;0;False;0;26.78;42.0;11.0;449
3;16;0.0;5;True;3;10.8;62.0;19.0;367
12;5;0.0;4;True;0;2.34;55.0;19.0;32
8;11;0.0;4;True;0;31.48;44.0;0.0;260
2;1;0.0;0;False;0;3.28;44.0;22.0;55
10;15;0.0;0;False;0;23.02;39.0;28.0;568
11;3;0.0;5;True;1;6.1;65.0;9.0;6
9;20;0.0;6;False;0;24.9;54.0;17.0;325
10;4;0.0;2;True;1;18.32;83.0;6.0;10
5;4;0.0;2;True;1;16.44;72.0;6.0;8
11;20;0.0;4;True;0;7.98;61.0;7.0;285
4;17;0.0;0;False;0;21.14;27.0;20.0;522
10;9;0.0;6;False;0;15.5;77.0;17.0;328
10;10;0.0;3;True;0;18.32;52.0;20.0;217
3;17;0.0;4;True;0;24.9;39.0;17.0;713
12;4;0.0;6;False;0;4.22;48.0;13.0;5
12;14;0.0;1;True;3;3.28;87.0;7.0;46
3;22;0.0;0;False;0;4.22;41.0;17.0;62
9;15;0.0;3;True;0;25.84;37.0;9.0;318
11;6;0.0;5;True;0;3.28;81.0;0.0;20
4;7;0.0;2;True;0;7.98;71.0;7.0;384
12;1;0.0;0;False;1;10.8;87.0;7.0;102
8;19;0.0;3;True;0;24.9;54.0;13.0;643
9;23;0.0;3;True;0;24.9;84.0;6.0;150
3;5;0.0;6;False;1;16.44;83.0;11.0;4
1;20;0.0;1;True;0;6.1;39.0;11.0;181
9;21;0.0;5;True;3;20.2;53.0;13.0;237
1;16;0.0;2;True;0;13.62;63.0;37.0;219
5;6;0.0;2;True;3;18.32;94.0;15.0;24
1;21;0.0;0;False;0;5.16;56.0;15.0;91
1;10;0.0;6;False;0;-0.48;47.0;0.0;149
11;1;0.0;6;False;0;4.22;60.0;13.0;87
10;2;0.0;6;False;0;7.98;53.0;13.0;67
10;2;0.0;3;True;1;13.62;88.0;0.0;8
1;3;0.0;5;True;0;2.34;69.0;7.0;4
9;19;0.0;4;True;0;22.08;65.0;9.0;674
9;7;0.0;1;True;0;16.44;68.0;15.0;447
4;8;0.0;4;True;0;8.92;46.0;15.0;638
2;13;0.0;1;True;0;10.8;43.0;19.0;182
1;15;1.0;1;False;0;4.22;44.0;30.0;192
7;21;0.0;5;True;0;25.84;54.0;0.0;299
7;8;0.0;5;True;1;23.96;83.0;11.0;691
1;9;0.0;4;True;0;7.04;81.0;7.0;230
8;15;0.0;1;True;0;29.6;55.0;20.0;282
11;8;0.0;0;False;1;2.34;51.0;13.0;34
3;20;0.0;6;False;0;7.04;33.0;9.0;121
11;5;0.0;0;False;0;4.22;65.0;7.0;5
9;14;0.0;0;False;0;23.02;39.0;9.0;635
4;0;0.0;4;True;0;16.44;23.0;28.0;45
4;12;0.0;0;False;3;9.86;87.0;22.0;61
8;12;0.0;6;False;3;25.84;54.0;26.0;584
3;6;0.0;5;True;1;15.5;88.0;0.0;116
5;0;0.0;3;True;3;22.08;89.0;7.0;36
1;7;0.0;5;True;0;2.34;69.0;15.0;185
5;4;0.0;3;True;3;18.32;88.0;15.0;5
11;0;0.0;6;False;0;7.98;53.0;11.0;108
9;2;0.0;2;True;0;11.74;77.0;9.0;14
7;21;0.0;2;True;3;22.08;89.0;7.0;90
9;6;0.0;5;True;0;21.14;88.0;7.0;140
1;12;0.0;4;True;1;7.98;81.0;9.0;165
2;0;0.0;3;True;0;12.68;38.0;19.0;31
4;20;0.0;1;True;0;15.5;36.0;30.0;276
4;5;0.0;3;True;0;11.74;67.0;6.0;27
10;23;0.0;1;True;0;13.62;63.0;15.0;81
9;7;0.0;4;True;0;17.38;77.0;0.0;571
7;17;0.0;6;False;0;30.54;46.0;13.0;479
12;22;0.0;5;True;1;8.92;93.0;6.0;165
12;15;0.0;2;True;1;9.86;50.0;15.0;270
7;6;0.0;0;False;0;22.08;73.0;11.0;18
7;5;0.0;0;False;0;20.2;88.0;0.0;6
3;7;0.0;3;True;0;8.92;46.0;22.0;358
1;21;0.0;0;False;3;-0.48;86.0;7.0;44
5;10;0.0;6;False;0;18.32;43.0;0.0;452
9;2;0.0;3;True;1;19.26;64.0;19.0;17
3;9;0.0;0;False;1;11.74;88.0;6.0;178
11;2;1.0;1;False;0;10.8;76.0;9.0;20
12;3;0.0;2;True;0;11.74;88.0;13.0;5
2;19;0.0;3;True;1;13.62;44.0;19.0;327
5;2;0.0;4;True;0;20.2;88.0;0.0;16
8;10;0.0;0;False;0;29.6;59.0;28.0;364
5;5;0.0;3;True;1;21.14;78.0;9.0;41
6;7;0.0;3;True;1;23.02;89.0;0.0;464
2;13;0.0;2;True;0;12.68;38.0;17.0;184
4;21;0.0;5;True;0;12.68;26.0;9.0;190
3;23;0.0;4;True;0;11.74;47.0;20.0;94
5;11;0.0;5;True;0;21.14;43.0;0.0;334
10;3;0.0;1;True;1;18.32;73.0;17.0;4
3;4;0.0;3;True;1;15.5;88.0;9.0;4
12;14;0.0;0;False;1;9.86;76.0;9.0;310
12;20;0.0;4;True;3;7.98;76.0;11.0;50
9;4;0.0;0;False;0;13.62;67.0;6.0;7
9;10;0.0;5;True;1;23.96;65.0;0.0;246
1;1;0.0;1;True;0;4.22;60.0;24.0;9
9;9;0.0;2;True;1;23.02;83.0;39.0;293
4;15;0.0;5;True;0;15.5;27.0;19.0;537
10;21;0.0;3;True;0;13.62;82.0;13.0;329
1;18;0.0;0;False;0;7.98;46.0;15.0;181
9;2;1.0;1;False;0;23.02;89.0;7.0;40
6;8;0.0;5;True;0;20.2;69.0;11.0;653
3;6;0.0;1;True;0;13.62;88.0;9.0;120
3;10;0.0;6;False;1;10.8;76.0;9.0;313
3;22;0.0;0;False;0;10.8;54.0;13.0;94
9;12;0.0;0;False;0;21.14;41.0;20.0;680
3;9;0.0;6;False;1;10.8;76.0;13.0;223
1;8;0.0;2;True;0;4.22;60.0;7.0;512
1;6;0.0;4;True;0;-2.36;54.0;11.0;86
6;21;0.0;3;True;0;31.48;44.0;6.0;344
8;0;0.0;6;False;1;24.9;61.0;0.0;135
9;21;0.0;6;False;0;22.08;57.0;17.0;261
11;22;0.0;3;True;0;7.98;49.0;0.0;88
11;14;0.0;0;False;0;10.8;62.0;20.0;428
2;13;0.0;3;True;0;11.74;54.0;20.0;190
6;9;0.0;5;True;0;21.14;65.0;11.0;366
7;6;0.0;3;True;0;22.08;89.0;9.0;185
9;12;0.0;3;True;0;23.96;61.0;15.0;316
3;14;0.0;4;True;1;25.84;30.0;7.0;258
5;8;0.0;5;True;0;16.44;59.0;9.0;745
11;7;0.0;5;True;1;6.1;70.0;9.0;357
10;3;0.0;6;False;0;15.5;88.0;11.0;26
12;3;0.0;6;False;0;4.22;48.0;30.0;7
11;4;0.0;6;False;1;7.04;49.0;20.0;16
8;13;0.0;4;True;0;30.54;38.0;6.0;346
6;19;0.0;3;True;0;33.36;37.0;17.0;539
6;15;0.0;5;True;0;37.12;36.0;0.0;230
12;19;0.0;1;True;1;3.28;93.0;9.0;18
7;3;0.0;5;True;1;23.02;89.0;7.0;36
3;20;0.0;0;False;0;16.44;77.0;9.0;198
4;23;0.0;3;True;1;15.5;51.0;6.0;104
12;5;0.0;0;False;1;4.22;48.0;20.0;2
7;9;0.0;6;False;0;31.48;59.0;11.0;256
8;8;0.0;6;False;1;23.02;74.0;17.0;162
5;17;1.0;1;False;0;30.54;56.0;20.0;405
7;1;0.0;0;False;0;26.78;70.0;9.0;93
2;9;0.0;0;False;1;3.28;70.0;15.0;92
9;21;0.0;0;False;1;16.44;48.0;7.0;196
9;8;0.0;6;False;0;24.9;79.0;22.0;230
7;22;0.0;4;True;0;30.54;59.0;9.0;225
6;5;0.0;6;False;0;17.38;68.0;7.0;23
4;17;0.0;2;True;0;21.14;17.0;13.0;757
4;0;0.0;2;True;1;7.04;76.0;9.0;13
2;22;0.0;0;False;0;-1.42;43.0;11.0;28
7;13;0.0;5;True;0;31.48;47.0;19.0;314
7;9;0.0;4;True;0;25.84;58.0;7.0;327
5;9;0.0;6;False;0;21.14;78.0;7.0;284
10;5;0.0;3;True;0;15.5;82.0;0.0;53
7;21;0.0;4;True;0;25.84;48.0;15.0;373
1;20;0.0;1;True;1;1.4;86.0;6.0;132
7;3;0.0;0;False;0;23.02;69.0;15.0;55
5;12;0.0;5;True;0;25.84;66.0;7.0;321
4;22;0.0;1;True;0;11.74;44.0;13.0;123
2;21;0.0;5;True;0;11.74;35.0;54.0;152
1;1;0.0;1;True;0;3.28;60.0;9.0;5
3;16;0.0;3;True;0;19.26;73.0;0.0;378
2;13;0.0;5;True;0;10.8;43.0;24.0;205
12;14;0.0;0;False;0;12.68;62.0;17.0;473
8;11;0.0;6;False;0;25.84;51.0;0.0;536
12;21;0.0;2;True;0;8.92;50.0;15.0;168
10;3;0.0;0;False;1;12.68;62.0;9.0;22
10;0;0.0;1;True;1;18.32;73.0;17.0;48
2;23;0.0;2;True;0;7.04;66.0;15.0;47
1;0;0.0;4;True;1;5.16;75.0;7.0;25
1;11;0.0;6;False;0;7.98;57.0;15.0;324
8;16;0.0;0;False;1;23.02;65.0;0.0;356
2;10;1.0;1;False;0;2.34;55.0;30.0;143
8;17;0.0;3;True;0;26.78;55.0;19.0;851
5;4;0.0;2;True;1;16.44;68.0;22.0;5
8;15;0.0;1;True;0;25.84;54.0;17.0;309
12;10;0.0;3;True;1;6.1;56.0;11.0;136
7;20;0.0;6;False;0;23.02;83.0;15.0;233
4;10;0.0;0;False;3;9.86;82.0;22.0;68
1;19;0.0;2;True;0;9.86;46.0;7.0;281
9;6;0.0;5;True;0;17.38;88.0;0.0;152
12;18;0.0;3;True;1;7.04;49.0;15.0;540
6;11;0.0;6;False;0;27.72;35.0;0.0;569
9;15;0.0;5;True;1;25.84;48.0;9.0;367
7;20;0.0;4;True;0;32.42;50.0;17.0;446
8;3;0.0;1;True;0;21.14;88.0;6.0;4
6;23;0.0;5;True;3;20.2;88.0;9.0;73
2;2;0.0;2;True;1;5.16;41.0;0.0;3
1;4;0.0;5;True;3;7.04;70.0;33.0;3
2;6;0.0;3;True;1;3.28;70.0;0.0;98
8;15;0.0;6;False;0;33.36;42.0;28.0;489
2;11;0.0;4;True;3;7.04;70.0;7.0;71
6;20;0.0;0;False;0;28.66;46.0;17.0;332
3;19;0.0;2;True;0;7.98;46.0;20.0;287
7;11;0.0;1;True;1;25.84;62.0;9.0;216
11;22;0.0;2;True;0;3.28;81.0;11.0;97
6;22;0.0;3;True;0;16.44;77.0;6.0;248
6;1;0.0;3;True;0;20.2;43.0;11.0;23
11;7;1.0;4;False;0;2.34;75.0;9.0;56
9;18;0.0;3;True;0;26.78;48.0;15.0;884
9;11;0.0;1;True;0;18.32;37.0;13.0;238
10;18;0.0;5;True;0;12.68;38.0;20.0;642
2;12;0.0;3;True;1;5.16;65.0;19.0;138
1;1;0.0;4;True;1;5.16;75.0;0.0;21
6;4;0.0;3;True;0;13.62;82.0;7.0;10
9;1;0.0;0;False;0;18.32;73.0;15.0;124
1;19;0.0;3;True;3;7.04;93.0;15.0;93
12;23;0.0;3;True;0;7.04;66.0;9.0;88
7;9;0.0;5;True;1;24.9;79.0;9.0;373
10;13;0.0;3;True;0;23.02;54.0;0.0;306
10;3;0.0;4;True;1;21.14;88.0;0.0;11
10;20;0.0;6;False;0;15.5;39.0;15.0;259
9;20;0.0;2;True;1;20.2;88.0;13.0;290
2;3;0.0;4;True;1;11.74;67.0;9.0;2
9;14;0.0;1;True;1;22.08;65.0;17.0;332
10;5;0.0;6;False;0;17.38;83.0;13.0;10
12;22;0.0;4;True;0;4.22;60.0;6.0;148
11;3;0.0;6;False;0;5.16;41.0;24.0;11
11;4;0.0;4;True;0;1.4;75.0;6.0;7
3;22;0.0;5;True;1;8.92;87.0;0.0;75
11;7;0.0;0;False;0;5.16;81.0;13.0;42
7;2;0.0;1;True;0;23.96;74.0;0.0;8
4;5;0.0;1;True;3;6.1;81.0;19.0;14
6;3;0.0;5;True;1;21.14;73.0;6.0;4
6;20;0.0;3;True;0;17.38;73.0;19.0;408
1;8;0.0;4;True;0;7.04;81.0;13.0;508
1;16;0.0;2;True;0;-1.42;39.0;39.0;136
8;1;0.0;1;True;0;23.02;65.0;6.0;14
10;1;0.0;6;False;0;18.32;83.0;17.0;141
11;6;0.0;6;False;1;7.04;49.0;13.0;21
9;11;0.0;4;True;0;21.14;43.0;0.0;243
12;20;0.0;1;True;0;13.62;88.0;17.0;300
6;5;0.0;6;False;0;22.08;89.0;11.0;10
6;12;0.0;6;False;0;29.6;43.0;13.0;602
5;6;0.0;6;False;0;12.68;72.0;6.0;50
5;3;0.0;6;False;0;19.26;83.0;0.0;32
12;11;0.0;6;False;1;10.8;87.0;7.0;404
9;13;0.0;2;True;0;23.02;29.0;6.0;328
3;10;0.0;0;False;1;11.74;88.0;7.0;351
10;13;0.0;4;True;1;25.84;58.0;22.0;294
8;7;0.0;4;True;0;24.9;79.0;0.0;473
10;18;0.0;0;False;3;10.8;82.0;13.0;106
10;17;0.0;4;True;0;24.9;51.0;15.0;901
9;19;0.0;4;True;0;19.26;60.0;15.0;603
9;22;0.0;1;True;0;15.5;51.0;15.0;172
4;13;0.0;3;True;3;13.62;59.0;0.0;64
3;22;0.0;0;False;0;15.5;77.0;7.0;100
1;11;0.0;5;True;1;14.56;94.0;9.0;105
12;8;0.0;2;True;0;9.86;94.0;0.0;662
11;19;0.0;0;False;0;4.22;41.0;0.0;127
12;20;0.0;0;False;1;9.86;82.0;0.0;122
5;7;0.0;4;True;3;12.68;94.0;7.0;384
11;18;0.0;4;True;1;8.92;57.0;13.0;573
10;15;0.0;4;True;0;16.44;34.0;11.0;460
7;16;0.0;1;True;3;27.72;66.0;39.0;386
1;21;1.0;1;False;1;3.28;41.0;22.0;66
8;12;0.0;2;True;0;25.84;45.0;0.0;305
7;2;0.0;4;True;1;23.02;65.0;6.0;9
12;7;0.0;6;False;1;8.92;100.0;6.0;39
9;17;0.0;4;True;0;22.08;50.0;15.0;976
9;0;0.0;0;False;0;15.5;59.0;0.0;147
6;23;0.0;4;True;1;21.14;69.0;11.0;172
12;4;0.0;0;False;0;1.4;47.0;9.0;4
5;18;0.0;3;True;3;16.44;77.0;39.0;372
10;10;0.0;0;False;0;17.38;56.0;13.0;428
5;5;0.0;5;True;0;13.62;77.0;7.0;34
7;15;0.0;3;True;3;35.24;35.0;24.0;194
7;12;0.0;6;False;0;37.12;31.0;24.0;342
2;3;0.0;3;True;0;5.16;70.0;6.0;2
1;1;0.0;6;False;0;9.86;46.0;11.0;62
3;21;0.0;2;True;0;7.04;49.0;13.0;148
4;18;0.0;5;True;0;15.5;22.0;31.0;484
11;23;0.0;4;True;0;5.16;61.0;0.0;130
6;16;0.0;3;True;0;34.3;35.0;7.0;335
10;12;0.0;3;True;0;10.8;58.0;13.0;241
7;9;0.0;5;True;0;30.54;36.0;9.0;304
7;15;0.0;3;True;0;28.66;31.0;6.0;317
9;5;0.0;0;False;0;16.44;77.0;13.0;55
10;13;1.0;1;False;1;11.74;62.0;13.0;405
12;13;1.0;2;False;0;10.8;50.0;22.0;121
11;8;0.0;4;True;1;6.1;61.0;15.0;646
11;11;1.0;1;False;0;16.44;72.0;11.0;367
2;22;0.0;6;False;1;3.28;87.0;6.0;95
11;2;0.0;6;False;0;4.22;65.0;13.0;49
11;2;0.0;4;True;0;2.34;64.0;0.0;7
12;6;0.0;1;True;1;8.92;93.0;9.0;108
6;7;0.0;0;False;0;15.5;68.0;7.0;35
10;14;0.0;5;True;0;23.02;61.0;17.0;365
2;11;0.0;6;False;0;7.04;57.0;9.0;286
12;18;0.0;4;True;1;7.98;71.0;13.0;381
1;4;0.0;6;False;0;7.04;57.0;6.0;10
12;14;0.0;5;True;1;7.04;39.0;30.0;219
4;5;0.0;3;True;1;15.5;39.0;19.0;34
12;1;0.0;1;True;0;10.8;82.0;9.0;13
10;14;0.0;4;True;0;16.44;32.0;6.0;348
5;0;0.0;0;False;0;18.32;64.0;11.0;98
3;16;0.0;6;False;3;15.5;94.0;20.0;177
6;20;0.0;1;True;1;26.78;48.0;15.0;394
6;9;0.0;0;False;0;25.84;51.0;0.0;232
12;9;0.0;6;False;1;9.86;94.0;0.0;170
1;18;1.0;1;False;0;4.22;33.0;17.0;126
8;20;0.0;4;True;0;27.72;40.0;6.0;514
1;19;1.0;1;False;0;4.22;56.0;19.0;144
4;18;0.0;0;False;0;16.44;52.0;20.0;432
6;23;0.0;0;False;0;19.26;53.0;7.0;108
3;20;0.0;6;False;3;12.68;100.0;13.0;111
5;9;0.0;6;False;0;22.08;83.0;13.0;289
12;21;0.0;1;True;1;11.74;94.0;9.0;120
5;3;0.0;0;False;1;17.38;64.0;9.0;28
11;6;0.0;0;False;0;5.16;81.0;11.0;15
6;10;0.0;4;True;0;20.2;64.0;6.0;210
4;16;0.0;1;True;3;6.1;81.0;24.0;103
4;18;0.0;6;False;1;23.96;47.0;33.0;416
4;21;0.0;4;True;0;11.74;35.0;9.0;187
3;22;0.0;5;True;0;20.2;64.0;19.0;271
1;23;0.0;2;True;0;12.68;38.0;17.0;63
2;4;0.0;1;True;0;-2.36;54.0;6.0;2
8;10;0.0;6;False;0;24.9;54.0;11.0;480
11;12;0.0;4;True;3;9.86;62.0;11.0;221
5;8;0.0;1;True;1;15.5;82.0;13.0;639
6;9;0.0;2;True;0;22.08;73.0;6.0;328
4;7;0.0;3;True;1;12.68;62.0;0.0;366
5;21;0.0;2;True;0;22.08;65.0;9.0;282
