month;hour;holiday;weekday;workingday;weather;temperature;humidity;windspeed;count;set
10;3;0.0;0;False;1;12.68;62.0;9.0;22;train
7;11;0.0;6;False;1;20.2;83.0;17.0;305;train
3;3;0.0;4;True;0;16.44;83.0;6.0;7;train
2;6;0.0;5;True;1;5.16;96.0;9.0;71;train
1;14;0.0;4;True;0;11.74;77.0;11.0;156;train
11;1;0.0;2;True;0;7.98;66.0;7.0;13;train
9;2;0.0;4;True;0;13.62;72.0;6.0;11;train
11;15;0.0;1;True;0;12.68;54.0;13.0;257;train
2;0;0.0;1;True;0;-1.42;46.0;15.0;9;train
6;15;0.0;6;False;0;22.08;38.0;17.0;702;train
11;10;0.0;3;True;0;7.04;45.0;24.0;171;train
1;17;0.0;0;False;1;-0.48;80.0;7.0;108;train
5;11;0.0;4;True;0;17.38;77.0;0.0;201;train
1;15;0.0;6;False;0;10.8;47.0;22.0;410;train
1;6;0.0;4;True;1;1.4;75.0;9.0;78;train
12;16;0.0;4;True;1;4.22;52.0;19.0;174;train
10;20;0.0;3;True;0;16.44;48.0;33.0;392;train
5;20;0.0;6;False;0;23.96;41.0;6.0;315;train
5;16;0.0;4;True;0;26.78;55.0;24.0;390;train
9;11;0.0;5;True;1;23.96;61.0;7.0;280;train
1;7;0.0;5;True;1;3.28;65.0;0.0;205;train
4;7;0.0;3;True;1;15.5;39.0;13.0;418;train
1;4;0.0;4;True;3;8.92;93.0;13.0;2;train
7;15;0.0;6;False;0;37.12;26.0;0.0;306;train
11;4;0.0;5;True;0;2.34;75.0;0.0;3;train
5;2;0.0;5;True;0;19.26;83.0;9.0;11;train
3;15;0.0;4;True;0;22.08;38.0;46.0;185;train
1;13;0.0;0;False;0;10.8;37.0;20.0;343;train
5;3;0.0;0;False;1;17.38;64.0;9.0;28;train
9;2;0.0;2;True;0;11.74;77.0;9.0;14;train
6;0;0.0;6;False;0;22.08;83.0;0.0;116;train
10;9;0.0;0;False;3;10.8;71.0;9.0;86;train
2;13;0.0;6;False;1;6.1;70.0;13.0;302;train
1;13;0.0;3;True;0;6.1;42.0;31.0;130;train
7;23;0.0;2;True;1;23.02;83.0;11.0;147;train
10;3;0.0;4;True;0;12.68;88.0;15.0;5;train
9;5;0.0;4;True;0;12.68;77.0;7.0;56;train
1;4;0.0;0;False;3;-0.48;80.0;19.0;2;train
11;15;0.0;0;False;0;6.1;42.0;17.0;245;train
5;16;0.0;1;True;3;21.14;69.0;19.0;111;train
10;4;0.0;0;False;1;12.68;54.0;17.0;11;train
6;23;0.0;5;True;3;20.2;88.0;9.0;73;train
9;4;0.0;6;False;1;20.2;69.0;24.0;6;train
1;18;0.0;1;True;2;1.4;86.0;6.0;164;train
8;8;0.0;2;True;1;24.9;70.0;11.0;705;train
3;7;0.0;3;True;0;12.68;82.0;7.0;368;train
5;3;0.0;4;True;1;20.2;88.0;7.0;4;train
8;20;0.0;3;True;0;22.08;73.0;13.0;391;train
6;21;0.0;5;True;3;23.96;65.0;19.0;217;train
9;18;0.0;3;True;0;19.26;40.0;19.0;892;train
8;18;0.0;3;True;1;28.66;55.0;11.0;862;train
12;6;0.0;5;True;0;-0.48;80.0;7.0;113;train
6;21;0.0;4;True;0;30.54;52.0;13.0;311;train
1;0;0.0;5;True;1;10.8;71.0;19.0;42;train
8;17;0.0;6;False;1;23.02;74.0;22.0;403;train
2;2;0.0;2;True;0;10.8;54.0;7.0;3;train
12;2;0.0;1;True;1;9.86;94.0;0.0;5;train
10;3;0.0;0;False;1;15.5;63.0;22.0;79;train
7;4;0.0;2;True;0;23.96;79.0;9.0;4;train
8;21;0.0;6;False;1;23.02;89.0;11.0;128;train
1;8;0.0;6;False;0;1.4;80.0;6.0;91;train
10;15;0.0;4;True;1;20.2;60.0;13.0;353;train
3;21;0.0;0;False;0;11.74;54.0;15.0;147;train
10;15;0.0;3;True;0;20.2;40.0;11.0;319;train
10;8;0.0;3;True;0;7.04;81.0;9.0;621;train
4;21;0.0;3;True;0;7.98;57.0;26.0;165;train
3;8;0.0;3;True;0;9.86;46.0;24.0;658;train
12;1;1.0;2;False;1;4.22;87.0;11.0;13;train
6;15;0.0;6;False;0;33.36;30.0;17.0;404;train
3;19;0.0;2;True;0;22.08;47.0;15.0;479;train
2;5;0.0;6;False;0;3.28;70.0;6.0;1;train
11;21;0.0;0;False;0;8.92;66.0;17.0;110;train
11;1;1.0;1;False;0;10.8;76.0;11.0;30;train
10;8;0.0;2;True;3;20.2;88.0;0.0;134;train
9;21;0.0;5;True;0;24.9;74.0;11.0;301;train
5;17;0.0;4;True;0;26.78;55.0;19.0;798;train
4;21;0.0;0;False;1;15.5;59.0;11.0;134;train
10;13;0.0;5;True;0;21.14;73.0;15.0;375;train
6;16;0.0;1;True;1;20.2;73.0;13.0;332;train
4;21;0.0;6;False;1;18.32;43.0;9.0;220;train
1;6;0.0;1;True;0;2.34;44.0;17.0;80;train
3;21;0.0;6;False;0;6.1;39.0;15.0;110;train
11;8;0.0;6;False;0;7.04;76.0;0.0;146;train
7;18;0.0;6;False;1;20.2;88.0;13.0;177;train
11;8;0.0;4;True;0;1.4;69.0;7.0;679;train
7;16;0.0;2;True;1;34.3;24.0;13.0;527;train
9;7;0.0;4;True;0;20.2;78.0;0.0;558;train
8;8;0.0;3;True;1;23.02;78.0;13.0;681;train
10;3;0.0;1;True;0;12.68;77.0;0.0;7;train
8;12;0.0;5;True;1;32.42;50.0;20.0;338;train
4;23;0.0;6;False;1;9.86;76.0;6.0;42;train
10;2;0.0;6;False;0;12.68;77.0;7.0;78;train
2;6;0.0;6;False;0;2.34;87.0;9.0;5;train
8;9;0.0;5;True;1;25.84;58.0;0.0;389;train
2;21;0.0;3;True;3;11.74;88.0;11.0;39;train
4;20;0.0;5;True;0;15.5;29.0;9.0;286;train
8;1;0.0;4;True;0;22.08;73.0;0.0;21;train
5;7;1.0;1;False;0;21.14;78.0;7.0;67;train
4;1;0.0;4;True;0;14.56;27.0;22.0;13;train
4;2;0.0;6;False;0;8.92;43.0;11.0;57;train
4;16;0.0;1;True;0;18.32;60.0;13.0;347;train
5;13;0.0;2;True;0;30.54;52.0;26.0;239;train
8;0;0.0;3;True;0;24.9;84.0;0.0;58;train
3;22;0.0;3;True;0;16.44;55.0;9.0;202;train
10;4;0.0;2;True;3;8.92;87.0;11.0;7;train
3;8;0.0;6;False;0;2.34;44.0;20.0;111;train
7;12;0.0;5;True;0;31.48;49.0;24.0;299;train
5;3;0.0;2;True;1;15.5;77.0;0.0;3;train
4;2;0.0;0;False;0;12.68;24.0;15.0;32;train
3;17;0.0;3;True;0;18.32;43.0;33.0;612;train
8;10;0.0;6;False;0;30.54;57.0;13.0;396;train
9;22;0.0;5;True;0;21.14;83.0;13.0;229;train
8;12;0.0;0;False;0;26.78;42.0;13.0;505;train
7;10;0.0;6;False;1;25.84;70.0;6.0;401;train
5;18;0.0;4;True;0;23.02;27.0;11.0;868;train
3;4;0.0;4;True;1;14.56;100.0;6.0;6;train
5;0;0.0;2;True;1;18.32;88.0;9.0;32;train
4;18;0.0;0;False;0;20.2;26.0;19.0;487;train
12;3;0.0;1;True;0;1.4;75.0;0.0;3;train
7;23;0.0;0;False;3;28.66;52.0;11.0;110;train
2;6;0.0;3;True;1;5.16;75.0;6.0;104;train
9;13;0.0;0;False;0;23.96;39.0;0.0;729;train
2;17;0.0;5;True;0;10.8;37.0;6.0;488;train
2;13;0.0;5;True;0;10.8;43.0;24.0;205;train
5;19;0.0;5;True;0;22.08;23.0;17.0;503;train
9;0;0.0;0;False;0;15.5;59.0;0.0;147;train
4;15;0.0;6;False;0;11.74;41.0;15.0;408;train
8;16;0.0;2;True;0;30.54;43.0;15.0;458;train
7;14;0.0;3;True;0;36.18;38.0;22.0;170;train
6;6;0.0;2;True;0;16.44;52.0;20.0;188;train
3;11;0.0;6;False;1;10.8;87.0;6.0;214;train
5;17;1.0;1;False;0;30.54;56.0;20.0;405;train
10;5;0.0;2;True;0;11.74;67.0;17.0;52;train
11;22;0.0;3;True;0;5.16;61.0;0.0;173;train
10;1;0.0;3;True;1;21.14;94.0;0.0;19;train
7;17;0.0;3;True;0;29.6;31.0;15.0;830;train
3;12;0.0;6;False;0;18.32;68.0;11.0;651;train
9;0;0.0;0;False;1;18.32;73.0;13.0;124;train
10;18;0.0;6;False;1;18.32;64.0;19.0;456;train
3;9;0.0;6;False;1;16.44;83.0;9.0;249;train
2;20;0.0;6;False;0;12.68;44.0;11.0;148;train
11;5;0.0;1;True;1;6.1;52.0;22.0;39;train
9;0;0.0;4;True;1;24.9;84.0;6.0;65;train
2;0;0.0;3;True;0;7.04;66.0;15.0;24;train
6;11;0.0;3;True;0;21.14;43.0;6.0;226;train
3;20;0.0;0;False;0;14.56;77.0;15.0;259;train
3;9;0.0;4;True;0;13.62;77.0;17.0;286;train
3;1;0.0;0;False;1;9.86;34.0;13.0;76;train
5;5;0.0;0;False;0;21.14;83.0;13.0;7;train
12;13;0.0;5;True;1;8.92;66.0;9.0;220;train
5;15;0.0;3;True;1;24.9;61.0;0.0;257;train
3;15;0.0;6;False;0;7.98;25.0;0.0;406;train
1;23;0.0;5;True;0;8.92;50.0;0.0;101;train
8;21;0.0;2;True;0;26.78;62.0;15.0;308;train
12;5;0.0;4;True;1;4.22;56.0;11.0;33;train
8;10;0.0;4;True;0;29.6;55.0;15.0;205;train
3;18;0.0;3;True;0;18.32;40.0;31.0;544;train
8;7;0.0;3;True;1;24.9;84.0;11.0;482;train
10;17;0.0;5;True;1;18.32;76.0;13.0;817;train
11;5;0.0;3;True;0;5.16;87.0;7.0;29;train
10;0;0.0;3;True;0;17.38;73.0;6.0;46;train
12;17;0.0;4;True;0;7.04;42.0;7.0;550;train
3;3;0.0;3;True;0;14.56;72.0;13.0;4;train
10;7;0.0;3;True;0;8.92;81.0;7.0;464;train
7;21;0.0;3;True;0;27.72;62.0;0.0;319;train
12;21;0.0;5;True;0;6.1;75.0;11.0;172;train
5;3;0.0;5;True;1;21.14;88.0;7.0;14;train
12;16;0.0;2;True;0;12.68;41.0;31.0;363;train
6;8;0.0;5;True;0;27.72;55.0;9.0;613;train
12;8;0.0;4;True;0;3.28;60.0;13.0;679;train
4;5;0.0;1;True;0;10.8;76.0;33.0;24;train
7;8;0.0;4;True;0;27.72;58.0;17.0;657;train
7;17;0.0;5;True;0;32.42;41.0;19.0;699;train
1;17;0.0;0;False;0;8.92;21.0;28.0;234;train
9;20;0.0;5;True;0;21.14;69.0;13.0;369;train
5;8;0.0;6;False;0;22.08;78.0;9.0;141;train
4;13;0.0;6;False;0;15.5;22.0;13.0;643;train
9;15;0.0;2;True;0;24.9;28.0;7.0;326;train
7;23;0.0;5;True;1;25.84;45.0;9.0;212;train
2;7;0.0;2;True;1;3.28;60.0;6.0;280;train
1;16;0.0;5;True;0;5.16;30.0;31.0;233;train
9;17;0.0;4;True;0;22.08;50.0;15.0;976;train
2;14;0.0;2;True;1;7.04;53.0;26.0;124;train
5;6;0.0;3;True;0;18.32;88.0;7.0;160;train
8;20;0.0;0;False;0;22.08;89.0;11.0;211;train
10;3;0.0;2;True;1;17.38;88.0;13.0;5;train
3;23;0.0;6;False;1;12.68;94.0;19.0;105;train
4;21;0.0;2;True;0;17.38;45.0;0.0;243;train
4;15;0.0;1;True;1;8.92;62.0;26.0;112;train
2;6;0.0;3;True;0;6.1;61.0;9.0;95;train
11;2;0.0;3;True;0;5.16;87.0;7.0;8;train
2;17;0.0;3;True;0;11.74;38.0;13.0;487;train
11;22;0.0;0;False;0;3.28;60.0;0.0;62;train
8;7;0.0;0;False;0;26.78;74.0;20.0;68;train
1;22;0.0;1;True;1;1.4;92.0;7.0;62;train
1;8;0.0;5;True;0;3.28;70.0;9.0;447;train
8;20;0.0;5;True;1;25.84;58.0;15.0;359;train
5;4;0.0;5;True;1;21.14;88.0;0.0;9;train
12;13;0.0;1;True;0;19.26;56.0;6.0;321;train
6;18;0.0;5;True;1;29.6;55.0;13.0;505;train
2;7;0.0;4;True;0;1.4;69.0;17.0;267;train
11;5;0.0;2;True;1;6.1;81.0;15.0;31;train
2;13;0.0;3;True;1;5.16;61.0;7.0;126;train
2;15;0.0;0;False;0;-0.48;40.0;37.0;155;train
9;3;0.0;2;True;0;14.56;67.0;9.0;8;train
6;15;0.0;4;True;0;35.24;33.0;11.0;194;train
9;18;0.0;0;False;0;26.78;74.0;0.0;500;train
12;3;0.0;1;True;0;9.86;87.0;0.0;8;train
5;6;0.0;2;True;3;18.32;88.0;7.0;137;train
4;9;0.0;1;True;1;6.1;75.0;26.0;272;train
10;4;0.0;1;True;0;9.86;66.0;0.0;7;train
9;5;0.0;6;False;0;23.96;79.0;0.0;22;train
4;1;0.0;0;False;1;17.38;56.0;11.0;106;train
4;15;1.0;1;False;0;29.6;33.0;30.0;275;train
5;9;0.0;2;True;1;19.26;88.0;6.0;355;train
1;21;0.0;5;True;0;7.98;53.0;35.0;135;train
2;8;0.0;4;True;0;1.4;64.0;17.0;484;train
4;12;0.0;4;True;0;12.68;33.0;0.0;276;train
4;10;0.0;5;True;0;12.68;38.0;28.0;236;train
12;14;0.0;0;False;1;9.86;76.0;9.0;310;train
8;4;0.0;0;False;0;25.84;74.0;17.0;14;train
11;8;0.0;0;False;0;7.04;87.0;7.0;119;train
7;15;0.0;2;True;0;27.72;62.0;9.0;144;train
7;9;1.0;3;False;0;27.72;52.0;0.0;293;train
6;2;0.0;2;True;3;16.44;72.0;20.0;8;train
10;2;0.0;3;True;0;9.86;76.0;0.0;16;train
11;17;0.0;1;True;1;11.74;58.0;13.0;619;train
2;12;0.0;6;False;0;7.04;29.0;44.0;258;train
12;13;0.0;1;True;1;4.22;44.0;11.0;203;train
9;11;0.0;5;True;1;23.02;69.0;0.0;361;train
9;2;0.0;0;False;0;14.56;63.0;0.0;92;train
11;8;0.0;3;True;0;5.16;56.0;20.0;691;train
12;5;0.0;2;True;3;7.98;71.0;22.0;41;train
2;23;0.0;2;True;0;7.04;57.0;9.0;51;train
8;3;0.0;3;True;0;24.9;84.0;0.0;7;train
9;6;0.0;1;True;0;14.56;82.0;0.0;164;train
3;0;0.0;5;True;0;18.32;83.0;0.0;95;train
5;13;0.0;0;False;1;20.2;64.0;0.0;565;train
1;13;0.0;0;False;1;-0.48;80.0;9.0;199;train
8;9;0.0;4;True;0;27.72;66.0;7.0;343;train
1;17;0.0;1;True;1;3.28;96.0;7.0;276;train
6;8;0.0;4;True;0;16.44;77.0;0.0;681;train
9;22;0.0;3;True;0;18.32;64.0;6.0;212;train
4;20;0.0;0;False;0;22.08;50.0;15.0;291;train
3;18;0.0;2;True;0;7.98;42.0;22.0;457;train
9;11;0.0;6;False;0;22.08;38.0;26.0;627;train
8;16;0.0;3;True;3;26.78;55.0;15.0;460;train
1;0;0.0;4;True;1;2.34;47.0;13.0;14;train
10;15;0.0;3;True;0;11.74;54.0;11.0;230;train
7;3;0.0;4;True;0;22.08;69.0;7.0;10;train
6;21;0.0;4;True;0;21.14;41.0;22.0;313;train
8;20;0.0;0;False;0;24.9;84.0;7.0;193;train
6;16;0.0;5;True;0;25.84;37.0;13.0;558;train
11;10;0.0;0;False;0;7.98;49.0;13.0;360;train
1;0;0.0;5;True;1;10.8;82.0;17.0;38;train
4;18;0.0;3;True;0;20.2;20.0;19.0;709;train
9;0;0.0;2;True;1;24.9;84.0;17.0;29;train
4;13;0.0;1;True;3;7.98;66.0;26.0;107;train
3;10;0.0;5;True;0;8.92;50.0;11.0;132;train
1;18;1.0;1;False;0;4.22;52.0;22.0;181;train
10;12;0.0;0;False;0;21.14;46.0;22.0;562;train
11;22;0.0;5;True;0;6.1;75.0;0.0;163;train
1;16;0.0;3;True;0;7.98;53.0;11.0;246;train
5;3;0.0;1;True;0;15.5;77.0;13.0;5;train
10;23;0.0;1;True;0;13.62;82.0;7.0;163;train
8;13;0.0;2;True;0;29.6;46.0;6.0;286;train
12;3;0.0;5;True;1;3.28;60.0;11.0;2;train
12;20;0.0;5;True;3;9.86;76.0;7.0;241;train
5;8;0.0;6;False;0;19.26;83.0;6.0;197;train
1;22;0.0;5;True;0;8.92;50.0;13.0;135;train
9;2;0.0;1;True;1;13.62;63.0;9.0;8;train
2;3;0.0;0;False;3;3.28;87.0;6.0;17;train
2;5;0.0;4;True;3;10.8;82.0;0.0;19;train
10;11;0.0;0;False;1;11.74;71.0;7.0;336;train
7;2;0.0;2;True;0;25.84;58.0;0.0;10;train
7;19;0.0;3;True;0;26.78;48.0;15.0;633;train
10;7;0.0;4;True;1;22.08;89.0;6.0;391;train
12;5;0.0;5;True;1;3.28;60.0;6.0;15;train
4;11;0.0;0;False;3;9.86;87.0;20.0;77;train
11;12;0.0;2;True;1;11.74;67.0;0.0;313;train
9;6;0.0;2;True;1;23.96;89.0;7.0;172;train
3;0;0.0;3;True;0;17.38;60.0;7.0;39;train
12;13;0.0;6;False;1;7.98;76.0;0.0;509;train
10;2;1.0;1;False;0;7.98;81.0;13.0;15;train
1;2;0.0;5;True;0;11.74;94.0;9.0;13;train
6;14;0.0;6;False;0;22.08;38.0;20.0;647;train
10;4;0.0;3;True;1;20.2;100.0;0.0;11;train
6;17;0.0;0;False;0;24.9;34.0;17.0;578;train
11;20;0.0;1;True;0;7.04;49.0;17.0;241;train
11;4;0.0;2;True;1;8.92;81.0;26.0;9;train
1;9;0.0;2;True;3;7.04;81.0;17.0;68;train
5;0;0.0;0;False;0;19.26;53.0;7.0;170;train
12;14;0.0;2;True;1;19.26;56.0;15.0;270;train
9;16;0.0;4;True;0;25.84;39.0;6.0;491;train
9;7;0.0;0;False;0;13.62;59.0;15.0;57;train
7;7;0.0;1;True;3;23.02;83.0;15.0;230;train
4;22;0.0;6;False;0;14.56;82.0;20.0;110;train
4;11;0.0;2;True;0;20.2;33.0;28.0;239;train
5;7;0.0;6;False;0;11.74;71.0;9.0;67;train
11;3;1.0;4;False;0;3.28;75.0;7.0;6;train
10;11;0.0;6;False;0;18.32;64.0;19.0;585;train
9;10;0.0;3;True;1;27.72;70.0;11.0;235;train
9;0;0.0;5;True;0;17.38;68.0;0.0;66;train
11;4;0.0;1;True;0;2.34;69.0;0.0;10;train
2;2;0.0;5;True;0;6.1;52.0;15.0;6;train
12;3;0.0;3;True;0;4.22;60.0;9.0;10;train
5;0;0.0;0;False;1;18.32;83.0;9.0;134;train
12;8;0.0;0;False;3;10.8;87.0;11.0;69;train
7;10;0.0;4;True;0;32.42;44.0;24.0;186;train
3;4;0.0;0;False;1;11.74;94.0;11.0;14;train
11;16;0.0;0;False;0;6.1;39.0;15.0;228;train
6;2;0.0;2;True;1;23.96;65.0;13.0;6;train
7;3;0.0;4;True;0;23.02;69.0;15.0;8;train
10;18;0.0;5;True;0;18.32;83.0;7.0;233;train
11;22;0.0;6;False;0;7.04;57.0;7.0;146;train
9;21;0.0;2;True;0;26.78;74.0;17.0;268;train
5;2;0.0;0;False;0;18.32;52.0;0.0;98;train
11;16;0.0;2;True;0;7.98;46.0;11.0;402;train
12;0;0.0;0;False;1;10.8;87.0;9.0;118;train
9;4;0.0;0;False;0;16.44;77.0;17.0;28;train
5;9;0.0;3;True;1;21.14;69.0;13.0;305;train
6;11;0.0;2;True;3;23.02;83.0;24.0;65;train
5;7;0.0;3;True;0;18.32;83.0;0.0;440;train
9;15;0.0;0;False;0;20.2;33.0;15.0;640;train
7;8;0.0;6;False;1;19.26;83.0;17.0;112;train
8;4;0.0;6;False;1;23.02;69.0;7.0;12;train
12;23;0.0;2;True;0;14.56;67.0;17.0;96;train
12;15;0.0;0;False;1;9.86;82.0;7.0;338;train
8;7;0.0;5;True;3;22.08;89.0;7.0;133;train
12;6;0.0;3;True;3;14.56;55.0;26.0;124;train
9;3;0.0;3;True;0;24.9;79.0;19.0;4;train
4;12;0.0;2;True;0;14.56;29.0;26.0;224;train
10;22;0.0;6;False;0;12.68;62.0;9.0;185;train
5;4;0.0;6;False;0;12.68;67.0;7.0;9;train
12;18;0.0;0;False;1;3.28;44.0;20.0;125;train
4;1;0.0;2;True;0;9.86;46.0;15.0;11;train
3;14;0.0;5;True;3;10.8;54.0;0.0;229;train
11;4;0.0;6;False;0;4.22;41.0;30.0;3;train
12;10;0.0;6;False;1;5.16;89.0;11.0;256;train
12;12;0.0;5;True;1;7.04;39.0;24.0;224;train
10;22;0.0;4;True;1;17.38;83.0;6.0;207;train
11;23;0.0;4;True;1;7.04;61.0;11.0;125;train
11;12;0.0;0;False;0;9.86;46.0;15.0;504;train
8;20;0.0;6;False;0;24.9;45.0;7.0;341;train
4;21;0.0;5;True;0;18.32;68.0;9.0;287;train
11;6;0.0;4;True;0;6.1;39.0;15.0;124;train
12;10;0.0;2;True;0;13.62;82.0;13.0;156;train
1;9;0.0;4;True;1;2.34;69.0;0.0;227;train
3;4;0.0;3;True;1;15.5;88.0;9.0;4;train
3;16;0.0;3;True;0;25.84;25.0;13.0;356;train
7;9;0.0;0;False;0;30.54;56.0;0.0;219;train
11;13;0.0;2;True;0;7.98;46.0;9.0;278;train
8;3;0.0;4;True;0;21.14;83.0;6.0;9;train
4;9;0.0;5;True;0;11.74;41.0;11.0;330;train
12;20;0.0;0;False;1;11.74;82.0;13.0;154;train
5;15;0.0;0;False;0;28.66;52.0;19.0;535;train
12;21;0.0;3;True;1;6.1;52.0;17.0;202;train
11;19;0.0;2;True;0;6.1;56.0;15.0;371;train
10;4;0.0;6;False;0;12.68;72.0;0.0;18;train
4;5;0.0;5;True;0;11.74;44.0;24.0;19;train
3;13;0.0;4;True;1;23.02;41.0;6.0;273;train
5;19;0.0;2;True;1;22.08;69.0;19.0;458;train
1;3;0.0;4;True;0;1.4;61.0;0.0;4;train
8;2;0.0;0;False;0;26.78;70.0;20.0;73;train
12;3;0.0;6;False;1;8.92;93.0;7.0;29;train
1;16;0.0;1;True;0;7.98;25.0;13.0;221;train
8;4;0.0;6;False;0;21.14;73.0;15.0;13;train
4;8;0.0;0;False;0;9.86;76.0;9.0;107;train
11;5;0.0;4;True;0;7.98;66.0;9.0;40;train
2;9;0.0;6;False;3;2.34;75.0;22.0;122;train
11;21;0.0;6;False;0;3.28;44.0;13.0;75;train
10;11;0.0;4;True;1;18.32;56.0;15.0;268;train
8;4;0.0;2;True;1;23.96;83.0;13.0;5;train
6;19;0.0;4;True;0;33.36;39.0;15.0;499;train
8;10;0.0;1;True;0;26.78;70.0;15.0;213;train
11;10;0.0;1;True;0;7.04;49.0;19.0;142;train
11;5;0.0;5;True;0;3.28;81.0;0.0;10;train
12;21;0.0;6;False;1;8.92;100.0;0.0;209;train
11;12;0.0;0;False;0;10.8;62.0;19.0;442;train
2;14;0.0;1;True;0;10.8;35.0;11.0;140;train
1;4;0.0;0;False;0;3.28;30.0;0.0;5;train
6;22;0.0;5;True;3;20.2;88.0;9.0;23;train
7;2;0.0;0;False;0;25.84;74.0;6.0;90;train
5;2;0.0;4;True;0;20.2;88.0;0.0;16;train
3;8;0.0;1;True;0;13.62;88.0;7.0;579;train
9;8;1.0;1;False;1;24.9;84.0;7.0;127;train
10;6;0.0;2;True;0;10.8;82.0;6.0;158;train
1;6;0.0;1;True;1;2.34;60.0;9.0;88;train
12;12;0.0;5;True;1;6.1;49.0;9.0;222;train
1;21;0.0;3;True;3;7.98;87.0;15.0;29;train
4;18;0.0;6;False;1;23.96;47.0;33.0;416;train
6;11;0.0;1;True;0;22.08;38.0;33.0;239;train
8;16;0.0;1;True;0;29.6;55.0;17.0;444;train
11;18;0.0;0;False;0;4.22;44.0;11.0;141;train
5;0;0.0;2;True;1;15.5;59.0;13.0;35;train
5;17;0.0;3;True;0;25.84;51.0;13.0;873;train
4;4;0.0;5;True;0;11.74;44.0;17.0;6;train
3;16;0.0;6;False;3;15.5;94.0;20.0;177;train
8;3;0.0;6;False;0;25.84;84.0;9.0;30;train
4;0;0.0;2;True;0;23.02;54.0;13.0;43;train
2;15;0.0;3;True;0;15.5;31.0;28.0;195;train
11;13;0.0;5;True;0;13.62;38.0;19.0;424;train
10;21;0.0;5;True;1;17.38;77.0;9.0;292;train
12;17;0.0;1;True;1;4.22;48.0;6.0;164;train
8;23;0.0;5;True;0;25.84;70.0;19.0;192;train
6;15;0.0;6;False;0;31.48;20.0;20.0;555;train
4;14;0.0;0;False;3;9.86;87.0;22.0;53;train
12;0;0.0;1;True;3;8.92;100.0;6.0;20;train
11;6;0.0;3;True;0;5.16;87.0;6.0;101;train
6;5;0.0;5;True;1;21.14;78.0;6.0;45;train
3;3;0.0;4;True;0;13.62;63.0;26.0;3;train
5;9;1.0;1;False;0;24.9;61.0;0.0;263;train
4;11;0.0;1;True;0;11.74;47.0;30.0;209;train
12;13;0.0;4;True;0;8.92;34.0;13.0;271;train
6;10;0.0;1;True;0;22.08;41.0;31.0;187;train
10;0;0.0;1;True;1;18.32;73.0;17.0;48;train
7;1;0.0;5;True;0;25.84;70.0;7.0;54;train
4;6;0.0;1;True;0;11.74;26.0;15.0;111;train
1;4;0.0;3;True;0;7.98;46.0;35.0;1;train
2;15;0.0;6;False;0;7.04;29.0;28.0;232;train
2;19;0.0;6;False;3;4.22;87.0;9.0;80;train
12;22;1.0;2;False;1;6.1;70.0;11.0;19;train
5;16;0.0;3;True;0;22.08;65.0;11.0;367;train
11;15;0.0;0;False;0;18.32;37.0;15.0;724;train
2;12;0.0;3;True;0;9.86;46.0;26.0;163;train
3;4;0.0;5;True;0;7.98;53.0;6.0;2;train
12;16;0.0;1;True;0;20.2;53.0;9.0;442;train
11;23;1.0;1;False;1;17.38;77.0;15.0;63;train
12;12;0.0;4;True;0;6.1;49.0;31.0;109;train
7;23;0.0;3;True;1;24.9;58.0;17.0;152;train
9;10;0.0;2;True;0;21.14;38.0;0.0;196;train
9;18;0.0;2;True;0;22.08;36.0;11.0;877;train
2;10;0.0;6;False;0;3.28;87.0;7.0;224;train
3;7;0.0;5;True;1;10.8;87.0;13.0;278;train
7;3;0.0;5;True;1;23.02;89.0;7.0;36;train
3;23;0.0;1;True;0;18.32;56.0;15.0;63;train
2;16;0.0;1;True;0;17.38;26.0;30.0;286;train
1;13;0.0;1;True;3;2.34;93.0;6.0;37;train
6;18;0.0;4;True;0;32.42;25.0;15.0;697;train
4;8;0.0;4;True;1;11.74;82.0;7.0;677;train
1;1;0.0;4;True;0;1.4;51.0;6.0;5;train
4;18;0.0;1;True;0;17.38;34.0;20.0;646;train
7;7;0.0;4;True;0;24.9;74.0;17.0;495;train
9;1;0.0;4;True;0;20.2;78.0;6.0;21;train
5;7;0.0;6;False;0;13.62;67.0;7.0;95;train
9;16;0.0;1;True;0;23.02;34.0;22.0;488;train
6;10;0.0;6;False;0;33.36;30.0;17.0;404;train
12;13;0.0;0;False;1;9.86;76.0;13.0;356;train
5;23;0.0;0;False;3;21.14;83.0;9.0;96;train
1;1;0.0;2;True;0;0.46;55.0;15.0;6;train
9;1;0.0;5;True;0;21.14;88.0;7.0;29;train
7;7;0.0;1;True;0;24.9;84.0;9.0;421;train
6;5;0.0;2;True;1;20.2;78.0;13.0;37;train
12;22;0.0;6;False;1;4.22;60.0;31.0;54;train
12;21;0.0;1;True;1;11.74;94.0;9.0;120;train
6;19;0.0;1;True;0;26.78;27.0;31.0;582;train
4;23;0.0;3;True;1;15.5;51.0;6.0;104;train
4;16;0.0;1;True;0;15.5;34.0;22.0;395;train
6;21;0.0;3;True;0;17.38;73.0;11.0;298;train
11;20;0.0;5;True;0;8.92;46.0;17.0;227;train
3;11;0.0;6;False;0;13.62;72.0;9.0;463;train
4;11;0.0;2;True;0;15.5;36.0;0.0;239;train
1;2;0.0;0;False;0;8.92;37.0;19.0;67;train
4;0;0.0;4;True;0;7.04;66.0;19.0;23;train
1;4;0.0;1;True;0;2.34;64.0;7.0;4;train
4;12;0.0;3;True;3;13.62;51.0;7.0;110;train
7;18;0.0;4;True;0;27.72;45.0;9.0;825;train
2;1;0.0;3;True;0;5.16;61.0;11.0;10;train
6;10;0.0;6;False;0;20.2;53.0;20.0;493;train
8;18;0.0;5;True;1;25.84;62.0;13.0;736;train
9;23;0.0;0;False;3;23.02;89.0;6.0;123;train
12;6;0.0;6;False;0;4.22;44.0;28.0;13;train
4;5;0.0;2;True;0;7.98;71.0;9.0;24;train
4;15;0.0;4;True;1;16.44;83.0;22.0;204;train
2;2;0.0;0;False;1;-3.3;58.0;39.0;27;train
10;9;0.0;1;True;3;20.2;69.0;26.0;359;train
4;5;0.0;0;False;0;15.5;68.0;11.0;10;train
6;7;0.0;3;True;0;20.2;83.0;20.0;505;train
5;12;0.0;3;True;1;19.26;83.0;15.0;245;train
1;23;0.0;1;True;1;5.16;93.0;22.0;37;train
12;2;0.0;0;False;1;10.8;87.0;7.0;78;train
9;14;0.0;0;False;0;21.14;41.0;17.0;612;train
5;19;0.0;0;False;0;27.72;58.0;13.0;442;train
10;3;1.0;1;False;0;7.98;81.0;7.0;10;train
8;18;0.0;1;True;0;30.54;41.0;9.0;843;train
11;21;0.0;3;True;0;6.1;56.0;0.0;213;train
9;11;0.0;6;False;0;27.72;62.0;30.0;578;train
2;17;0.0;0;False;1;6.1;49.0;17.0;157;train
10;13;0.0;5;True;0;24.9;48.0;0.0;424;train
2;10;0.0;3;True;0;7.98;57.0;20.0;120;train
12;9;0.0;1;True;0;10.8;87.0;6.0;308;train
7;22;0.0;4;True;0;25.84;51.0;11.0;318;train
8;0;0.0;1;True;1;25.84;79.0;0.0;33;train
11;5;1.0;4;False;0;3.28;75.0;7.0;8;train
3;11;0.0;4;True;1;16.44;94.0;0.0;219;train
9;7;0.0;1;True;0;16.44;77.0;0.0;492;train
2;4;0.0;6;False;0;4.22;70.0;0.0;7;train
6;7;0.0;5;True;0;24.9;61.0;7.0;380;train
7;4;0.0;0;False;1;23.96;89.0;7.0;19;train
8;0;0.0;0;False;0;22.08;89.0;17.0;134;train
12;21;0.0;0;False;0;1.4;51.0;11.0;47;train
2;16;0.0;4;True;0;13.62;55.0;19.0;229;train
1;22;1.0;1;False;1;6.1;49.0;24.0;43;train
8;1;0.0;3;True;0;22.08;69.0;9.0;14;train
12;6;0.0;3;True;0;3.28;75.0;6.0;112;train
9;19;0.0;2;True;0;21.14;50.0;17.0;539;train
3;0;0.0;0;False;0;13.62;88.0;13.0;107;train
3;15;0.0;5;True;0;13.62;24.0;17.0;238;train
10;23;0.0;6;False;0;12.68;62.0;9.0;179;train
8;11;0.0;2;True;1;27.72;66.0;6.0;214;train
11;12;0.0;1;True;0;8.92;43.0;22.0;244;train
8;11;0.0;1;True;0;27.72;66.0;9.0;260;train
3;20;0.0;4;True;0;12.68;44.0;28.0;254;train
7;18;0.0;3;True;0;28.66;38.0;17.0;814;train
3;5;0.0;2;True;1;13.62;82.0;13.0;24;train
12;4;0.0;6;False;1;8.92;93.0;0.0;12;train
7;22;0.0;0;False;0;24.9;74.0;13.0;191;train
9;23;0.0;6;False;0;23.02;89.0;6.0;145;train
2;4;0.0;0;False;1;3.28;87.0;9.0;9;train
1;4;0.0;2;True;1;6.1;100.0;6.0;2;train
8;12;0.0;4;True;0;31.48;44.0;9.0;286;train
5;11;0.0;6;False;0;24.9;74.0;13.0;520;train
10;8;0.0;5;True;0;11.74;71.0;6.0;745;train
6;16;0.0;0;False;0;23.02;54.0;20.0;580;train
8;3;0.0;4;True;0;23.96;83.0;6.0;6;train
5;0;0.0;5;True;0;16.44;59.0;7.0;70;train
8;10;0.0;4;True;0;26.78;58.0;6.0;233;train
12;3;0.0;6;False;1;3.28;81.0;0.0;23;train
8;16;0.0;2;True;0;30.54;33.0;22.0;480;train
1;7;0.0;4;True;1;5.16;81.0;6.0;239;train
12;9;0.0;5;True;1;3.28;60.0;19.0;191;train
7;19;0.0;6;False;0;23.96;83.0;0.0;338;train
3;23;0.0;2;True;0;16.44;83.0;0.0;90;train
10;22;0.0;6;False;0;12.68;51.0;7.0;202;train
11;8;0.0;0;False;0;6.1;56.0;9.0;149;train
7;20;0.0;3;True;0;26.78;51.0;11.0;483;train
3;7;0.0;0;False;1;6.1;52.0;20.0;23;train
6;15;0.0;1;True;0;29.6;41.0;24.0;259;train
11;19;0.0;4;True;1;7.98;61.0;9.0;386;train
7;1;0.0;6;False;1;24.9;51.0;7.0;118;train
2;22;0.0;6;False;1;-1.42;39.0;26.0;46;train
9;10;0.0;5;True;0;21.14;61.0;15.0;225;train
5;5;0.0;0;False;0;16.44;72.0;13.0;12;train
11;5;0.0;4;True;1;6.1;61.0;15.0;37;train
9;13;0.0;5;True;0;29.6;59.0;17.0;354;train
1;3;0.0;2;True;1;7.04;93.0;9.0;3;train
3;14;0.0;4;True;0;19.26;35.0;15.0;211;train
12;19;0.0;4;True;0;4.22;60.0;13.0;373;train
1;13;0.0;6;False;0;2.34;44.0;19.0;220;train
7;16;0.0;1;True;3;27.72;66.0;39.0;386;train
4;19;0.0;6;False;1;20.2;40.0;11.0;459;train
8;14;0.0;6;False;0;27.72;37.0;19.0;598;train
4;21;0.0;6;False;3;8.92;71.0;13.0;84;train
7;2;0.0;3;True;0;23.96;61.0;15.0;12;train
12;14;0.0;4;True;1;4.22;56.0;35.0;119;train
9;18;0.0;0;False;0;23.02;36.0;17.0;560;train
11;11;0.0;6;False;1;5.16;41.0;20.0;186;train
2;7;0.0;3;True;1;4.22;81.0;9.0;253;train
3;0;0.0;4;True;0;16.44;83.0;6.0;41;train
7;12;0.0;1;True;1;27.72;58.0;7.0;278;train
7;5;1.0;3;False;0;23.02;69.0;0.0;19;train
7;0;0.0;0;False;0;23.02;89.0;9.0;188;train
9;0;0.0;5;True;0;18.32;73.0;6.0;87;train
5;21;0.0;4;True;0;19.26;40.0;7.0;299;train
2;10;0.0;3;True;3;6.1;81.0;11.0;10;train
11;6;0.0;0;False;1;2.34;47.0;7.0;11;train
5;4;0.0;0;False;0;16.44;68.0;6.0;16;train
10;0;0.0;0;False;3;16.44;68.0;20.0;117;train
10;23;0.0;3;True;0;8.92;57.0;6.0;101;train
10;3;0.0;1;True;1;18.32;73.0;17.0;4;train
4;6;0.0;0;False;0;8.92;37.0;0.0;28;train
4;9;0.0;6;False;1;9.86;37.0;0.0;214;train
2;20;0.0;4;True;0;7.04;36.0;0.0;199;train
1;9;0.0;0;False;0;-2.36;54.0;13.0;90;train
6;23;0.0;6;False;0;25.84;44.0;0.0;225;train
1;3;0.0;5;True;1;11.74;94.0;19.0;8;train
7;3;0.0;0;False;1;20.2;88.0;7.0;43;train
2;12;0.0;2;True;1;6.1;52.0;15.0;172;train
8;12;0.0;3;True;0;26.78;55.0;15.0;307;train
10;8;0.0;0;False;0;12.68;77.0;13.0;132;train
3;7;0.0;1;True;0;13.62;88.0;13.0;354;train
1;16;0.0;2;True;0;11.74;38.0;24.0;240;train
8;17;0.0;0;False;0;29.6;33.0;0.0;505;train
12;11;0.0;1;True;1;4.22;60.0;11.0;124;train
4;8;0.0;3;True;1;12.68;72.0;7.0;684;train
2;2;0.0;4;True;1;12.68;62.0;15.0;9;train
5;9;0.0;6;False;0;21.14;78.0;7.0;284;train
4;8;0.0;2;True;0;7.98;61.0;17.0;611;train
1;7;0.0;2;True;3;6.1;81.0;15.0;126;train
1;15;0.0;4;True;0;8.92;34.0;19.0;119;train
12;6;0.0;4;True;1;6.1;65.0;0.0;118;train
9;23;0.0;6;False;0;15.5;59.0;6.0;196;train
8;16;0.0;6;False;1;23.02;74.0;20.0;434;train
9;19;0.0;0;False;0;21.14;50.0;9.0;403;train
4;19;0.0;1;True;0;16.44;34.0;24.0;421;train
5;4;0.0;0;False;0;21.14;83.0;13.0;11;train
12;21;1.0;2;False;1;6.1;65.0;13.0;34;train
5;22;0.0;5;True;0;23.02;74.0;7.0;212;train
1;5;0.0;0;False;1;-0.48;47.0;22.0;5;train
2;22;0.0;3;True;1;12.68;47.0;17.0;147;train
11;12;0.0;4;True;1;8.92;62.0;7.0;213;train
9;7;0.0;4;True;1;24.9;84.0;7.0;482;train
2;0;0.0;6;False;0;8.92;43.0;26.0;61;train
12;5;0.0;1;True;0;7.98;93.0;6.0;38;train
10;17;0.0;2;True;0;16.44;39.0;13.0;943;train
6;9;0.0;6;False;0;22.08;89.0;11.0;275;train
1;19;0.0;0;False;0;7.04;49.0;13.0;112;train
9;3;0.0;5;True;1;20.2;83.0;9.0;7;train
8;4;0.0;6;False;0;21.14;83.0;7.0;10;train
5;2;0.0;3;True;0;18.32;94.0;13.0;19;train
9;11;0.0;6;False;1;29.6;55.0;15.0;492;train
3;10;0.0;0;False;1;10.8;87.0;22.0;250;train
2;11;0.0;6;False;1;3.28;81.0;7.0;183;train
7;4;0.0;4;True;0;23.02;74.0;13.0;4;train
2;18;0.0;6;False;3;5.16;75.0;11.0;64;train
10;11;0.0;3;True;1;15.5;51.0;6.0;234;train
7;13;0.0;2;True;0;35.24;31.0;13.0;221;train
5;13;0.0;4;True;0;25.84;54.0;11.0;302;train
9;19;0.0;0;False;0;23.02;36.0;17.0;496;train
1;4;0.0;3;True;0;1.4;80.0;9.0;2;train
2;16;0.0;4;True;0;7.98;36.0;0.0;238;train
6;22;0.0;6;False;0;21.14;53.0;20.0;280;train
7;21;0.0;0;False;0;25.84;70.0;9.0;271;train
9;22;0.0;0;False;0;16.44;48.0;0.0;138;train
1;2;0.0;1;True;1;0.46;86.0;7.0;2;train
4;4;0.0;6;False;0;7.04;36.0;11.0;7;train
1;1;0.0;4;True;3;8.92;93.0;13.0;3;train
8;5;0.0;0;False;0;22.08;61.0;13.0;10;train
12;2;0.0;0;False;0;1.4;51.0;11.0;18;train
1;21;0.0;2;True;0;-3.3;36.0;15.0;68;train
6;8;0.0;6;False;0;23.96;69.0;15.0;167;train
9;13;0.0;1;True;0;22.08;38.0;15.0;323;train
2;23;0.0;4;True;0;7.04;49.0;17.0;61;train
7;13;0.0;3;True;1;29.6;42.0;11.0;273;train
1;13;0.0;6;False;0;7.98;57.0;17.0;373;train
1;1;0.0;6;False;0;-0.48;47.0;13.0;50;train
10;18;0.0;1;True;3;17.38;77.0;9.0;592;train
12;17;0.0;1;True;1;10.8;94.0;17.0;495;train
7;16;0.0;6;False;3;20.2;88.0;13.0;326;train
5;15;0.0;5;True;1;25.84;62.0;7.0;343;train
4;12;0.0;2;True;0;16.44;25.0;0.0;331;train
12;19;0.0;3;True;3;6.1;87.0;13.0;35;train
10;15;0.0;3;True;1;25.84;62.0;11.0;319;train
1;16;0.0;6;False;1;1.4;80.0;20.0;118;train
10;10;0.0;5;True;1;19.26;88.0;13.0;224;train
5;15;0.0;3;True;0;25.84;51.0;9.0;275;train
1;9;0.0;0;False;1;-0.48;74.0;15.0;63;train
12;17;1.0;2;False;1;7.04;57.0;17.0;50;train
9;3;0.0;1;True;0;16.44;68.0;19.0;12;train
8;21;0.0;2;True;0;22.08;73.0;0.0;280;train
4;22;0.0;1;True;0;7.04;76.0;13.0;89;train
6;16;0.0;3;True;0;30.54;24.0;30.0;392;train
3;23;0.0;4;True;0;11.74;47.0;20.0;94;train
1;7;0.0;1;True;1;2.34;60.0;7.0;240;train
4;15;0.0;6;False;0;16.44;19.0;28.0;626;train
8;3;0.0;1;True;0;20.2;88.0;7.0;3;train
12;15;0.0;4;True;0;7.04;39.0;0.0;270;train
4;20;0.0;4;True;0;17.38;77.0;13.0;337;train
3;12;0.0;2;True;0;7.04;31.0;11.0;220;train
9;2;0.0;2;True;0;14.56;77.0;11.0;6;train
8;9;0.0;3;True;1;23.96;74.0;6.0;350;train
7;0;0.0;2;True;0;24.9;70.0;6.0;69;train
12;21;0.0;5;True;1;3.28;70.0;9.0;92;train
5;22;0.0;3;True;0;22.08;73.0;11.0;286;train
8;23;0.0;1;True;0;24.9;84.0;11.0;114;train
5;7;0.0;2;True;0;16.44;72.0;19.0;463;train
8;11;0.0;4;True;0;31.48;44.0;0.0;260;train
7;1;0.0;3;True;0;24.9;58.0;13.0;28;train
5;14;0.0;2;True;3;21.14;69.0;22.0;71;train
7;8;0.0;3;True;1;23.96;79.0;11.0;674;train
8;8;0.0;5;True;1;23.02;74.0;0.0;744;train
7;3;0.0;3;True;0;23.02;65.0;15.0;12;train
10;21;0.0;1;True;1;17.38;73.0;9.0;218;train
2;12;0.0;5;True;0;7.98;46.0;9.0;216;train
1;14;0.0;2;True;0;12.68;62.0;33.0;132;train
1;11;0.0;5;True;0;6.1;56.0;11.0;138;train
8;21;0.0;5;True;1;24.9;61.0;11.0;306;train
4;2;0.0;6;False;0;8.92;29.0;24.0;36;train
9;17;0.0;2;True;3;20.2;88.0;13.0;338;train
6;7;0.0;2;True;0;14.56;77.0;20.0;569;train
6;23;0.0;1;True;0;22.08;33.0;22.0;103;train
4;15;0.0;5;True;0;22.08;47.0;13.0;407;train
3;17;0.0;4;True;0;21.14;38.0;44.0;597;train
6;1;0.0;4;True;0;23.02;54.0;0.0;25;train
12;23;0.0;2;True;0;6.1;52.0;15.0;64;train
3;15;0.0;0;False;0;15.5;29.0;20.0;487;train
6;3;0.0;0;False;1;23.02;65.0;6.0;60;train
7;8;0.0;5;True;0;27.72;66.0;6.0;676;train
1;12;0.0;3;True;0;6.1;39.0;33.0;161;train
3;0;0.0;6;False;3;8.92;93.0;6.0;22;train
9;22;0.0;2;True;0;20.2;56.0;19.0;188;train
2;12;0.0;1;True;0;5.16;28.0;22.0;118;train
3;1;0.0;4;True;0;16.44;83.0;6.0;30;train
10;4;0.0;3;True;0;15.5;77.0;6.0;6;train
6;13;0.0;5;True;0;24.9;42.0;17.0;393;train
6;10;0.0;0;False;0;21.14;43.0;15.0;404;train
9;2;0.0;6;False;0;24.9;70.0;11.0;69;train
8;3;0.0;5;True;0;22.08;73.0;0.0;8;train
3;9;0.0;4;True;0;13.62;72.0;31.0;301;train
12;3;0.0;3;True;0;4.22;75.0;9.0;5;train
1;2;0.0;2;True;0;0.46;51.0;17.0;3;train
4;13;0.0;6;False;0;21.14;33.0;20.0;678;train
5;17;0.0;0;False;0;24.9;45.0;28.0;478;train
6;7;0.0;5;True;0;26.78;58.0;11.0;359;train
8;1;0.0;5;True;0;23.96;83.0;11.0;32;train
4;18;0.0;3;True;3;10.8;43.0;28.0;585;train
9;8;0.0;3;True;0;16.44;59.0;15.0;797;train
10;13;0.0;1;True;1;20.2;43.0;11.0;305;train
12;1;0.0;0;False;1;4.22;56.0;28.0;28;train
5;2;0.0;1;True;0;15.5;77.0;13.0;6;train
7;14;0.0;1;True;0;32.42;34.0;15.0;230;train
1;17;0.0;5;True;0;5.16;33.0;28.0;332;train
4;18;1.0;1;False;0;29.6;31.0;26.0;676;train
1;21;0.0;3;True;0;1.4;40.0;28.0;124;train
9;20;0.0;1;True;0;20.2;40.0;13.0;390;train
2;2;0.0;5;True;0;4.22;52.0;6.0;16;train
6;6;0.0;1;True;0;16.44;68.0;0.0;139;train
3;14;0.0;1;True;1;5.16;57.0;24.0;128;train
7;1;0.0;1;True;1;27.72;58.0;13.0;17;train
6;2;0.0;3;True;0;21.14;83.0;9.0;4;train
5;10;0.0;2;True;1;20.2;78.0;6.0;200;train
7;23;0.0;1;True;1;24.9;65.0;7.0;131;train
9;20;0.0;0;False;3;15.5;72.0;9.0;194;train
10;6;0.0;4;True;1;16.44;88.0;13.0;171;train
10;19;0.0;5;True;0;11.74;41.0;15.0;493;train
4;20;0.0;4;True;0;12.68;33.0;17.0;280;train
12;12;0.0;6;False;0;6.1;36.0;44.0;146;train
11;11;0.0;1;True;0;7.98;46.0;15.0;150;train
6;1;0.0;6;False;3;22.08;89.0;15.0;58;train
11;3;0.0;2;True;1;7.98;71.0;7.0;2;train
7;7;0.0;3;True;1;23.02;83.0;7.0;497;train
11;3;0.0;6;False;0;6.1;81.0;0.0;20;train
11;7;0.0;4;True;1;6.1;65.0;13.0;410;train
10;21;0.0;5;True;0;20.2;69.0;15.0;267;train
3;2;0.0;5;True;0;8.92;53.0;20.0;7;train
5;6;0.0;4;True;0;20.2;73.0;15.0;178;train
6;18;0.0;4;True;0;26.78;42.0;13.0;823;train
10;14;0.0;6;False;0;18.32;40.0;0.0;711;train
4;21;0.0;1;True;1;7.04;81.0;15.0;152;train
1;22;0.0;0;False;1;-0.48;93.0;6.0;58;train
2;14;0.0;6;False;1;7.04;66.0;15.0;276;train
8;8;0.0;4;True;0;25.84;74.0;7.0;698;train
6;1;0.0;4;True;0;25.84;79.0;9.0;18;train
1;3;0.0;0;False;1;0.46;69.0;19.0;21;train
3;12;0.0;5;True;1;9.86;54.0;0.0;270;train
2;16;0.0;5;True;0;11.74;32.0;20.0;307;train
4;8;0.0;5;True;0;6.1;49.0;22.0;508;train
11;23;0.0;6;False;1;6.1;70.0;7.0;133;train
11;5;0.0;2;True;1;2.34;64.0;13.0;41;train
8;23;0.0;2;True;0;21.14;83.0;0.0;136;train
4;16;0.0;5;True;0;15.5;22.0;28.0;536;train
10;20;0.0;1;True;3;17.38;68.0;0.0;262;train
5;0;0.0;4;True;0;20.2;83.0;6.0;56;train
10;14;0.0;5;True;1;20.2;64.0;9.0;351;train
10;6;0.0;5;True;3;17.38;94.0;11.0;131;train
12;6;0.0;6;False;0;3.28;87.0;9.0;27;train
9;15;0.0;1;True;1;22.08;65.0;17.0;338;train
2;18;0.0;1;True;0;9.86;43.0;15.0;437;train
9;13;0.0;6;False;1;30.54;52.0;6.0;504;train
3;17;0.0;1;True;3;6.1;45.0;20.0;387;train
5;12;0.0;0;False;0;22.08;57.0;15.0;531;train
11;8;0.0;3;True;1;4.22;60.0;19.0;601;train
2;10;0.0;5;True;3;8.92;81.0;11.0;141;train
9;20;0.0;4;True;0;21.14;69.0;7.0;463;train
1;21;0.0;1;True;0;6.1;42.0;11.0;162;train
12;10;0.0;2;True;0;12.68;77.0;6.0;184;train
6;19;0.0;3;True;0;28.66;29.0;22.0;643;train
10;6;0.0;1;True;0;8.92;76.0;6.0;144;train
9;11;0.0;3;True;0;23.02;50.0;13.0;232;train
4;21;0.0;3;True;0;20.2;23.0;22.0;298;train
6;12;0.0;1;True;1;27.72;45.0;20.0;270;train
12;15;0.0;4;True;0;8.92;34.0;9.0;280;train
1;11;0.0;1;True;1;4.22;56.0;6.0;88;train
3;15;0.0;4;True;0;25.84;32.0;15.0;287;train
10;11;0.0;2;True;0;15.5;45.0;28.0;228;train
5;17;0.0;5;True;0;27.72;62.0;19.0;653;train
4;20;0.0;2;True;0;14.56;21.0;22.0;285;train
12;2;0.0;0;False;1;4.22;56.0;19.0;19;train
6;3;0.0;3;True;0;21.14;83.0;13.0;8;train
3;1;0.0;3;True;0;16.44;63.0;6.0;27;train
2;5;0.0;0;False;0;-3.3;49.0;26.0;3;train
1;13;1.0;1;False;0;6.1;36.0;20.0;176;train
10;1;0.0;2;True;0;12.68;67.0;13.0;13;train
9;5;0.0;0;False;0;15.5;72.0;0.0;13;train
5;10;0.0;3;True;1;21.14;65.0;17.0;153;train
11;20;0.0;4;True;1;9.86;54.0;17.0;296;train
12;0;0.0;3;True;0;6.1;61.0;0.0;41;train
2;12;0.0;4;True;0;4.22;48.0;22.0;158;train
7;21;0.0;1;True;0;27.72;62.0;13.0;296;train
3;20;0.0;1;True;0;20.2;64.0;15.0;330;train
10;10;0.0;4;True;1;23.02;83.0;9.0;177;train
8;12;0.0;2;True;0;28.66;49.0;9.0;300;train
4;20;0.0;2;True;0;20.2;23.0;19.0;402;train
2;16;0.0;5;True;3;10.8;87.0;13.0;178;train
7;14;1.0;3;False;0;34.3;37.0;11.0;547;train
6;20;0.0;3;True;0;17.38;73.0;19.0;408;train
7;15;0.0;0;False;0;32.42;47.0;9.0;489;train
10;19;0.0;4;True;1;18.32;68.0;20.0;513;train
6;20;0.0;0;False;0;27.72;48.0;11.0;363;train
4;10;1.0;1;False;0;21.14;69.0;17.0;224;train
12;20;0.0;6;False;1;8.92;100.0;0.0;182;train
7;17;0.0;0;False;0;29.6;59.0;33.0;436;train
10;2;0.0;4;True;0;11.74;50.0;9.0;11;train
1;17;0.0;4;True;1;8.92;34.0;13.0;412;train
8;19;0.0;1;True;0;28.66;59.0;13.0;640;train
10;1;0.0;1;True;1;19.26;64.0;26.0;29;train
8;23;0.0;4;True;0;25.84;70.0;17.0;177;train
12;0;0.0;3;True;0;6.1;52.0;11.0;34;train
3;6;0.0;2;True;1;16.44;94.0;11.0;100;train
5;8;0.0;0;False;0;18.32;56.0;11.0;171;train
2;21;0.0;5;True;1;7.04;66.0;6.0;122;train
5;21;0.0;0;False;0;18.32;73.0;13.0;203;train
2;20;0.0;1;True;0;6.1;42.0;11.0;214;train
10;8;0.0;5;True;0;19.26;64.0;0.0;785;train
1;15;0.0;3;True;0;8.92;46.0;0.0;155;train
8;18;0.0;5;True;1;30.54;59.0;17.0;671;train
9;0;0.0;3;True;0;19.26;64.0;20.0;40;train
8;13;0.0;6;False;0;33.36;42.0;20.0;527;train
2;1;0.0;0;False;1;3.28;93.0;7.0;51;train
12;12;0.0;1;True;1;5.16;56.0;6.0;135;train
2;1;0.0;3;True;0;7.98;53.0;0.0;5;train
4;9;0.0;5;True;0;11.74;44.0;33.0;334;train
2;21;0.0;4;True;0;7.98;46.0;28.0;148;train
12;15;0.0;0;False;0;12.68;67.0;9.0;417;train
2;14;0.0;2;True;0;10.8;40.0;15.0;124;train
11;8;0.0;4;True;1;6.1;61.0;15.0;646;train
3;6;0.0;1;True;0;0.46;59.0;9.0;91;train
5;13;0.0;2;True;1;25.84;51.0;15.0;249;train
5;6;0.0;5;True;0;17.38;94.0;7.0;135;train
5;1;0.0;4;True;0;20.2;88.0;6.0;30;train
8;10;0.0;0;False;1;23.96;69.0;0.0;425;train
9;11;0.0;2;True;1;26.78;70.0;19.0;198;train
11;5;0.0;5;True;1;7.04;66.0;11.0;26;train
8;9;0.0;5;True;1;22.08;89.0;0.0;220;train
2;2;0.0;3;True;0;7.98;66.0;19.0;6;train
3;5;0.0;6;False;1;11.74;94.0;6.0;8;train
9;10;0.0;5;True;0;25.84;74.0;9.0;224;train
6;1;0.0;5;True;0;22.08;53.0;15.0;34;train
10;8;0.0;6;False;0;7.98;53.0;7.0;174;train
6;13;0.0;4;True;0;34.3;35.0;0.0;172;train
4;17;0.0;5;True;0;18.32;24.0;11.0;738;train
8;12;0.0;5;True;0;30.54;41.0;15.0;365;train
4;18;0.0;0;False;0;24.9;42.0;17.0;479;train
7;9;0.0;6;False;0;31.48;59.0;11.0;256;train
1;11;0.0;2;True;1;7.98;87.0;7.0;75;train
6;7;0.0;4;True;1;24.9;84.0;6.0;463;train
10;14;0.0;4;True;0;20.2;73.0;9.0;285;train
9;17;0.0;6;False;1;30.54;52.0;0.0;463;train
5;18;0.0;2;True;0;24.9;54.0;9.0;743;train
2;7;0.0;3;True;3;9.86;62.0;6.0;208;train
7;19;0.0;0;False;0;25.84;84.0;15.0;312;train
10;15;0.0;5;True;1;21.14;61.0;7.0;448;train
1;1;0.0;4;True;0;-1.42;50.0;11.0;5;train
9;6;0.0;0;False;1;23.02;89.0;0.0;15;train
4;3;0.0;1;True;0;10.8;76.0;11.0;4;train
8;13;0.0;1;True;0;27.72;57.0;11.0;288;train
7;18;0.0;4;True;0;35.24;40.0;24.0;688;train
7;18;1.0;3;False;0;34.3;42.0;13.0;430;train
7;13;0.0;4;True;0;29.6;33.0;15.0;277;train
3;22;0.0;0;False;0;13.62;82.0;9.0;111;train
7;4;0.0;5;True;0;26.78;66.0;15.0;6;train
12;2;0.0;5;True;0;3.28;60.0;17.0;5;train
8;18;0.0;1;True;0;28.66;52.0;17.0;834;train
11;13;0.0;6;False;1;8.92;46.0;24.0;449;train
4;9;0.0;0;False;0;17.38;56.0;15.0;251;train
2;17;0.0;5;True;0;11.74;32.0;22.0;465;train
2;19;0.0;5;True;0;7.98;49.0;7.0;267;train
6;1;0.0;2;True;1;16.44;77.0;22.0;20;train
3;11;0.0;2;True;0;17.38;73.0;19.0;219;train
12;8;0.0;0;False;0;3.28;52.0;31.0;33;train
11;14;1.0;4;False;0;14.56;29.0;0.0;220;train
5;21;0.0;2;True;0;21.14;78.0;9.0;261;train
7;16;0.0;4;True;0;35.24;33.0;17.0;433;train
12;0;0.0;1;True;0;0.46;55.0;13.0;34;train
8;18;0.0;6;False;1;24.9;74.0;20.0;300;train
11;2;0.0;6;False;1;7.98;49.0;17.0;46;train
5;12;0.0;3;True;1;23.02;69.0;6.0;248;train
12;10;0.0;2;True;0;8.92;57.0;22.0;154;train
12;12;0.0;3;True;1;7.98;42.0;0.0;232;train
5;15;0.0;5;True;0;21.14;25.0;13.0;439;train
5;1;0.0;5;True;0;20.2;78.0;7.0;48;train
6;2;0.0;6;False;0;19.26;53.0;0.0;67;train
7;21;0.0;0;False;0;31.48;39.0;9.0;258;train
1;10;0.0;2;True;1;7.04;57.0;13.0;144;train
8;0;0.0;3;True;0;23.96;79.0;11.0;47;train
7;0;0.0;4;True;0;26.78;66.0;6.0;66;train
9;18;0.0;6;False;0;18.32;46.0;13.0;594;train
10;16;0.0;4;True;0;24.9;54.0;19.0;497;train
4;5;0.0;4;True;0;9.86;43.0;19.0;29;train
6;8;0.0;5;True;0;20.2;69.0;11.0;653;train
12;21;0.0;3;True;0;7.98;61.0;15.0;168;train
9;12;0.0;2;True;0;22.08;33.0;0.0;316;train
12;5;0.0;6;False;1;4.22;75.0;0.0;3;train
1;18;0.0;3;True;0;3.28;32.0;24.0;355;train
10;12;0.0;4;True;1;18.32;78.0;7.0;319;train
11;3;0.0;5;True;0;6.1;70.0;11.0;3;train
8;9;0.0;2;True;0;22.08;69.0;0.0;328;train
8;10;0.0;5;True;1;27.72;48.0;0.0;262;train
12;11;0.0;6;False;1;7.04;76.0;7.0;392;train
6;6;0.0;2;True;1;20.2;78.0;7.0;161;train
4;21;0.0;0;False;0;16.44;34.0;15.0;130;train
7;12;0.0;3;True;0;27.72;33.0;0.0;310;train
11;1;0.0;6;False;1;7.98;49.0;22.0;89;train
3;1;0.0;5;True;1;11.74;82.0;22.0;26;train
1;3;0.0;3;True;0;4.22;75.0;13.0;1;train
5;6;0.0;4;True;1;13.62;88.0;11.0;136;train
3;7;0.0;1;True;0;12.68;72.0;13.0;370;train
10;19;0.0;5;True;0;17.38;88.0;11.0;232;train
9;21;1.0;1;False;0;25.84;76.0;7.0;184;train
8;2;0.0;3;True;0;24.9;84.0;0.0;6;train
7;10;0.0;4;True;0;26.78;70.0;15.0;222;train
1;14;0.0;3;True;1;-1.42;46.0;17.0;75;train
10;14;0.0;1;True;0;21.14;27.0;13.0;282;train
7;11;0.0;2;True;0;27.72;58.0;0.0;224;train
12;15;0.0;6;False;0;11.74;47.0;0.0;447;train
10;2;0.0;1;True;0;13.62;72.0;0.0;12;train
11;2;0.0;6;False;0;4.22;65.0;13.0;49;train
3;19;0.0;5;True;0;11.74;28.0;41.0;244;train
8;2;0.0;4;True;0;23.02;83.0;6.0;11;train
10;12;0.0;1;True;3;20.2;78.0;22.0;284;train
3;0;0.0;2;True;0;7.04;26.0;35.0;10;train
7;10;0.0;3;True;0;26.78;37.0;0.0;231;train
11;6;0.0;4;True;0;7.98;61.0;11.0;148;train
6;14;0.0;3;True;1;25.84;37.0;28.0;320;train
2;0;0.0;5;True;0;7.04;53.0;26.0;38;train
8;17;0.0;4;True;0;32.42;36.0;17.0;810;train
5;18;0.0;6;False;1;23.02;31.0;13.0;546;train
12;12;0.0;4;True;0;5.16;41.0;0.0;235;train
10;3;0.0;0;False;0;9.86;66.0;6.0;41;train
1;23;0.0;0;False;0;6.1;33.0;22.0;25;train
12;14;0.0;0;False;0;6.1;36.0;31.0;160;train
4;23;0.0;5;True;0;11.74;30.0;19.0;113;train
11;8;0.0;6;False;1;4.22;44.0;31.0;62;train
6;13;0.0;2;True;0;24.9;30.0;31.0;306;train
3;18;0.0;0;False;0;7.04;33.0;41.0;184;train
5;15;0.0;2;True;1;26.78;45.0;15.0;234;train
11;6;0.0;6;False;1;7.04;49.0;13.0;21;train
8;3;0.0;3;True;0;23.02;74.0;7.0;11;train
8;23;0.0;1;True;0;25.84;74.0;13.0;113;train
6;6;0.0;1;True;0;22.08;78.0;11.0;158;train
2;9;0.0;0;False;0;-3.3;49.0;20.0;63;train
5;20;0.0;5;True;0;21.14;25.0;9.0;341;train
12;16;0.0;5;True;0;8.92;76.0;9.0;375;train
10;23;0.0;0;False;0;8.92;93.0;9.0;80;train
11;0;0.0;6;False;0;6.1;52.0;11.0;106;train
2;22;0.0;0;False;0;6.1;42.0;15.0;71;train
12;21;0.0;4;True;1;3.28;60.0;9.0;191;train
4;1;0.0;1;True;0;13.62;41.0;9.0;16;train
10;23;0.0;2;True;0;6.1;81.0;9.0;39;train
5;10;0.0;1;True;3;17.38;88.0;17.0;59;train
6;10;0.0;6;False;0;24.9;51.0;7.0;466;train
3;19;0.0;2;True;0;19.26;73.0;9.0;555;train
11;10;1.0;1;False;0;14.56;77.0;11.0;266;train
3;20;0.0;4;True;0;21.14;73.0;19.0;424;train
6;14;0.0;5;True;0;25.84;39.0;13.0;376;train
4;23;0.0;2;True;0;11.74;38.0;6.0;73;train
3;7;0.0;0;False;1;10.8;94.0;22.0;39;train
7;12;0.0;2;True;1;30.54;56.0;15.0;229;train
7;1;0.0;4;True;0;23.02;65.0;15.0;29;train
12;9;0.0;2;True;0;13.62;82.0;7.0;336;train
11;15;0.0;0;False;0;11.74;54.0;19.0;407;train
10;23;0.0;2;True;0;17.38;73.0;7.0;111;train
8;14;0.0;2;True;1;30.54;46.0;0.0;261;train
9;9;0.0;4;True;0;23.02;65.0;0.0;335;train
12;19;0.0;4;True;0;6.1;45.0;11.0;348;train
11;1;1.0;4;False;0;5.16;65.0;6.0;42;train
1;0;0.0;0;False;0;9.86;40.0;19.0;91;train
8;1;0.0;0;False;0;22.08;65.0;0.0;131;train
2;3;0.0;6;False;0;5.16;65.0;7.0;18;train
4;18;0.0;4;True;0;15.5;31.0;7.0;698;train
9;5;0.0;0;False;0;13.62;59.0;17.0;6;train
11;1;0.0;4;True;0;6.1;75.0;7.0;30;train
8;21;0.0;3;True;0;22.08;73.0;0.0;351;train
5;9;0.0;4;True;0;17.38;52.0;28.0;346;train
11;0;0.0;3;True;0;4.22;56.0;19.0;24;train
7;0;0.0;6;False;0;26.78;62.0;9.0;191;train
8;5;0.0;4;True;0;21.14;73.0;0.0;35;train
12;11;0.0;1;True;0;14.56;77.0;9.0;233;train
12;3;0.0;0;False;1;4.22;93.0;0.0;25;train
8;20;0.0;4;True;0;27.72;40.0;6.0;514;train
11;1;0.0;4;True;0;2.34;64.0;6.0;16;train
12;2;0.0;1;True;1;9.86;94.0;7.0;5;train
11;20;1.0;1;False;1;16.44;77.0;19.0;304;train
2;9;0.0;5;True;0;2.34;55.0;11.0;275;train
3;8;0.0;6;False;1;8.92;87.0;13.0;145;train
4;6;0.0;5;True;0;6.1;49.0;26.0;80;train
7;15;0.0;2;True;0;30.54;49.0;20.0;285;train
11;3;0.0;5;True;0;3.28;75.0;0.0;4;train
4;5;0.0;2;True;0;20.2;53.0;17.0;30;train
9;4;0.0;6;False;0;16.44;59.0;17.0;14;train
6;7;0.0;5;True;0;16.44;72.0;7.0;428;train
11;22;1.0;4;False;0;7.04;61.0;0.0;44;train
10;8;1.0;1;False;1;8.92;71.0;15.0;397;train
8;15;0.0;4;True;0;28.66;46.0;9.0;305;train
3;9;0.0;1;True;0;13.62;47.0;19.0;282;train
12;0;0.0;0;False;1;8.92;62.0;0.0;110;train
7;23;0.0;3;True;0;23.96;57.0;20.0;239;train
4;13;0.0;0;False;0;15.5;45.0;7.0;595;train
11;6;0.0;1;True;0;2.34;69.0;0.0;124;train
3;15;0.0;1;True;0;22.08;57.0;15.0;286;train
9;13;0.0;1;True;0;22.08;65.0;17.0;343;train
11;13;1.0;1;False;0;20.2;60.0;15.0;420;train
8;3;0.0;5;True;0;23.02;89.0;7.0;5;train
7;4;0.0;2;True;0;23.96;65.0;7.0;6;train
1;3;0.0;3;True;0;2.34;80.0;0.0;4;train
3;2;0.0;6;False;0;17.38;77.0;7.0;69;train
1;13;0.0;2;True;0;13.62;36.0;15.0;198;train
6;2;0.0;5;True;0;25.84;58.0;13.0;18;train
7;7;0.0;5;True;1;23.02;89.0;13.0;360;train
1;13;0.0;4;True;1;9.86;71.0;0.0;173;train
1;16;0.0;0;False;1;12.68;54.0;20.0;215;train
8;19;0.0;1;True;1;21.14;78.0;13.0;299;train
9;18;0.0;5;True;1;22.08;50.0;15.0;667;train
10;20;1.0;1;False;3;10.8;71.0;15.0;227;train
11;8;1.0;1;False;0;11.74;82.0;11.0;540;train
6;15;0.0;0;False;0;31.48;30.0;15.0;475;train
7;14;0.0;2;True;0;30.54;38.0;11.0;242;train
6;3;0.0;1;True;0;22.08;78.0;7.0;6;train
11;4;0.0;4;True;0;1.4;75.0;6.0;7;train
2;5;0.0;6;False;3;2.34;93.0;11.0;2;train
7;19;0.0;6;False;1;20.2;88.0;11.0;238;train
2;23;0.0;5;True;1;6.1;70.0;6.0;65;train
4;12;0.0;2;True;0;20.2;33.0;24.0;244;train
2;8;0.0;5;True;1;9.86;76.0;22.0;469;train
8;19;0.0;5;True;1;26.78;55.0;26.0;491;train
1;7;0.0;5;True;1;11.74;100.0;20.0;134;train
10;16;0.0;2;True;3;6.1;87.0;17.0;98;train
3;0;0.0;6;False;1;12.68;94.0;6.0;100;train
5;3;0.0;5;True;0;13.62;41.0;19.0;13;train
1;9;0.0;0;False;0;4.22;93.0;7.0;40;train
3;7;0.0;2;True;0;-0.48;55.0;9.0;275;train
12;3;0.0;5;True;0;1.4;69.0;7.0;12;train
9;21;0.0;5;True;0;20.2;73.0;17.0;312;train
5;21;0.0;2;True;3;22.08;73.0;19.0;109;train
11;8;0.0;5;True;0;7.04;57.0;11.0;693;train
3;11;0.0;2;True;0;6.1;31.0;11.0;175;train
12;4;0.0;6;False;1;3.28;87.0;7.0;6;train
6;13;0.0;3;True;0;32.42;44.0;7.0;211;train
7;0;0.0;4;True;0;23.02;65.0;13.0;92;train
4;0;0.0;5;True;0;14.56;67.0;7.0;64;train
8;11;0.0;6;False;0;25.84;51.0;0.0;536;train
8;22;0.0;6;False;0;27.72;66.0;19.0;269;train
2;13;0.0;2;True;1;8.92;40.0;17.0;173;train
2;8;0.0;3;True;1;3.28;70.0;15.0;508;train
2;14;0.0;5;True;0;8.92;46.0;15.0;170;train
7;19;0.0;2;True;0;33.36;35.0;17.0;547;train
10;19;0.0;6;False;1;16.44;72.0;15.0;300;train
1;11;0.0;2;True;0;0.46;37.0;35.0;75;train
6;20;0.0;6;False;0;28.66;31.0;13.0;386;train
5;8;0.0;6;False;0;16.44;52.0;11.0;195;train
8;5;0.0;0;False;1;20.2;73.0;9.0;11;train
12;16;0.0;5;True;0;9.86;54.0;13.0;417;train
9;9;0.0;1;True;0;16.44;52.0;13.0;328;train
4;7;0.0;2;True;0;7.98;71.0;7.0;384;train
5;22;0.0;4;True;0;15.5;42.0;7.0;232;train
1;23;1.0;1;False;3;4.22;70.0;20.0;28;train
5;7;0.0;5;True;1;21.14;88.0;11.0;359;train
3;19;0.0;1;True;0;11.74;24.0;24.0;458;train
2;18;0.0;3;True;0;18.32;46.0;11.0;526;train
10;5;0.0;2;True;1;18.32;83.0;9.0;43;train
1;16;0.0;0;False;0;2.34;29.0;20.0;205;train
1;10;0.0;6;False;0;-0.48;47.0;0.0;149;train
10;14;0.0;1;True;1;20.2;43.0;7.0;244;train
2;4;0.0;1;True;0;2.34;80.0;9.0;1;train
5;7;0.0;5;True;0;18.32;88.0;0.0;356;train
3;17;0.0;4;True;0;18.32;35.0;20.0;600;train
2;13;0.0;5;True;1;11.74;71.0;7.0;183;train
10;19;0.0;6;False;0;12.68;44.0;11.0;332;train
10;7;0.0;4;True;0;12.68;88.0;17.0;508;train
8;1;0.0;6;False;1;23.96;69.0;0.0;115;train
9;22;0.0;6;False;1;19.26;78.0;20.0;194;train
1;22;0.0;2;True;0;13.62;72.0;26.0;90;train
5;4;0.0;2;True;1;16.44;68.0;22.0;5;train
1;21;0.0;3;True;1;1.4;44.0;0.0;90;train
7;21;0.0;6;False;0;23.02;78.0;6.0;300;train
11;14;0.0;3;True;1;7.04;53.0;24.0;161;train
6;6;0.0;6;False;0;17.38;68.0;13.0;47;train
5;3;0.0;4;True;1;13.62;88.0;0.0;6;train
4;12;0.0;6;False;0;13.62;23.0;26.0;590;train
7;13;0.0;1;True;1;29.6;52.0;7.0;240;train
1;0;0.0;4;True;3;7.98;93.0;13.0;3;train
11;2;0.0;1;True;1;6.1;56.0;11.0;6;train
7;13;0.0;6;False;0;32.42;41.0;19.0;498;train
1;23;0.0;2;True;0;-3.3;46.0;26.0;18;train
10;12;1.0;1;False;1;11.74;63.0;11.0;341;train
1;14;0.0;4;True;0;7.98;39.0;19.0;117;train
1;10;0.0;3;True;0;6.1;42.0;31.0;93;train
2;22;0.0;0;False;3;3.28;75.0;6.0;55;train
12;7;0.0;2;True;0;8.92;93.0;9.0;355;train
5;17;0.0;4;True;0;23.02;31.0;9.0;852;train
4;10;0.0;6;False;0;11.74;28.0;17.0;363;train
4;7;0.0;6;False;0;15.5;82.0;19.0;76;train
2;23;0.0;0;False;1;2.34;93.0;11.0;35;train
5;12;0.0;5;True;0;21.14;41.0;13.0;360;train
10;20;0.0;3;True;1;10.8;50.0;13.0;268;train
6;3;0.0;4;True;0;15.5;77.0;7.0;5;train
11;2;0.0;0;False;0;2.34;44.0;24.0;28;train
3;13;0.0;6;False;3;16.44;94.0;17.0;196;train
4;8;0.0;6;False;0;16.44;81.0;17.0;201;train
4;17;0.0;4;True;0;17.38;77.0;11.0;614;train
7;1;0.0;4;True;0;26.78;51.0;19.0;30;train
11;19;0.0;3;True;1;6.1;56.0;20.0;319;train
11;14;0.0;3;True;0;8.92;43.0;9.0;181;train
9;6;0.0;6;False;0;18.32;83.0;20.0;41;train
9;23;0.0;2;True;0;25.84;74.0;20.0;95;train
4;6;0.0;2;True;0;7.98;71.0;7.0;103;train
5;9;0.0;4;True;0;23.02;47.0;17.0;311;train
1;12;0.0;6;False;0;2.34;41.0;17.0;219;train
12;1;0.0;4;True;3;3.28;93.0;30.0;5;train
5;16;0.0;1;True;1;22.08;73.0;17.0;315;train
8;2;0.0;5;True;0;23.02;69.0;0.0;16;train
7;16;0.0;6;False;1;25.84;79.0;24.0;566;train
7;22;0.0;6;False;0;31.48;59.0;13.0;220;train
3;6;0.0;3;True;1;14.56;94.0;15.0;149;train
9;13;0.0;0;False;0;21.14;41.0;17.0;594;train
1;9;0.0;4;True;0;7.04;81.0;7.0;230;train
7;16;0.0;4;True;0;31.48;47.0;6.0;358;train
4;17;0.0;4;True;0;15.5;27.0;26.0;656;train
1;19;0.0;4;True;1;10.8;76.0;7.0;313;train
3;0;0.0;1;True;0;3.28;44.0;13.0;17;train
9;16;0.0;6;False;3;18.32;88.0;13.0;114;train
12;13;0.0;1;True;3;12.68;100.0;15.0;220;train
3;10;0.0;0;False;0;7.04;49.0;19.0;218;train
2;17;0.0;4;True;0;17.38;32.0;11.0;610;train
4;9;0.0;4;True;0;10.8;37.0;17.0;351;train
6;0;0.0;6;False;3;22.08;89.0;11.0;69;train
8;10;0.0;3;True;0;24.9;61.0;6.0;225;train
3;10;0.0;1;True;0;15.5;36.0;39.0;153;train
11;2;1.0;1;False;0;10.8;76.0;9.0;20;train
10;11;0.0;2;True;3;19.26;94.0;9.0;99;train
10;20;0.0;2;True;3;21.14;94.0;9.0;306;train
7;17;0.0;2;True;0;28.66;52.0;15.0;820;train
7;9;0.0;1;True;1;23.02;83.0;11.0;363;train
4;5;0.0;3;True;0;7.98;66.0;0.0;24;train
11;15;0.0;2;True;1;13.62;55.0;7.0;287;train
9;2;0.0;5;True;0;21.14;83.0;6.0;11;train
7;2;0.0;6;False;1;24.9;54.0;7.0;101;train
4;2;0.0;3;True;0;8.92;62.0;0.0;7;train
7;1;0.0;2;True;0;25.84;58.0;0.0;14;train
3;17;0.0;4;True;0;23.02;65.0;11.0;810;train
11;15;0.0;3;True;0;8.92;32.0;22.0;179;train
1;0;0.0;3;True;0;4.22;93.0;0.0;31;train
6;0;0.0;1;True;0;25.84;62.0;17.0;68;train
11;18;0.0;2;True;1;10.8;66.0;6.0;550;train
5;16;0.0;2;True;0;30.54;49.0;33.0;393;train
10;5;0.0;4;True;0;8.92;50.0;11.0;42;train
4;18;0.0;3;True;0;23.02;41.0;17.0;759;train
9;18;0.0;5;True;0;27.72;62.0;20.0;792;train
1;21;0.0;2;True;0;7.04;66.0;6.0;116;train
2;7;0.0;5;True;1;5.16;93.0;7.0;226;train
7;6;0.0;1;True;0;24.9;58.0;7.0;136;train
2;1;0.0;6;False;0;4.22;70.0;7.0;43;train
10;14;0.0;3;True;1;25.84;70.0;11.0;251;train
11;20;0.0;4;True;0;7.98;61.0;7.0;285;train
2;10;0.0;6;False;0;4.22;81.0;7.0;205;train
3;21;0.0;6;False;0;17.38;68.0;11.0;223;train
1;21;0.0;1;True;1;1.4;93.0;0.0;79;train
10;15;0.0;0;False;0;23.02;39.0;28.0;568;train
5;19;0.0;0;False;1;23.02;50.0;28.0;339;train
4;10;0.0;4;True;0;14.56;63.0;6.0;189;train
1;18;0.0;6;False;1;1.4;75.0;26.0;110;train
4;6;0.0;0;False;1;8.92;76.0;9.0;97;train
4;3;0.0;2;True;0;8.92;71.0;9.0;2;train
7;12;0.0;3;True;0;35.24;37.0;9.0;202;train
2;5;0.0;4;True;0;1.4;75.0;19.0;18;train
4;17;0.0;0;False;0;24.9;42.0;22.0;623;train
1;21;0.0;4;True;1;10.8;76.0;7.0;192;train
3;8;0.0;5;True;1;7.98;42.0;35.0;501;train
5;9;0.0;1;True;3;17.38;88.0;19.0;110;train
9;2;0.0;3;True;0;24.9;84.0;13.0;9;train
1;6;0.0;3;True;0;-7.06;41.0;11.0;59;train
12;14;0.0;5;True;0;10.8;43.0;13.0;299;train
10;20;0.0;0;False;0;14.56;44.0;13.0;195;train
2;4;0.0;2;True;0;7.04;42.0;24.0;2;train
7;9;0.0;1;True;0;27.72;62.0;11.0;348;train
1;0;0.0;2;True;0;5.16;52.0;17.0;15;train
5;12;0.0;4;True;0;24.9;58.0;7.0;289;train
1;21;0.0;0;False;0;6.1;33.0;19.0;69;train
4;7;0.0;3;True;0;7.98;71.0;0.0;389;train
10;10;0.0;3;True;0;23.02;78.0;11.0;175;train
7;15;0.0;6;False;3;20.2;88.0;17.0;380;train
1;16;0.0;2;True;0;-1.42;39.0;39.0;136;train
12;6;0.0;5;True;0;2.34;64.0;19.0;51;train
11;7;0.0;1;True;1;6.1;49.0;17.0;461;train
3;0;0.0;1;True;1;14.56;82.0;11.0;33;train
2;19;0.0;6;False;1;1.4;40.0;37.0;87;train
7;11;0.0;1;True;0;31.48;28.0;20.0;201;train
8;5;0.0;0;False;0;25.84;74.0;17.0;19;train
11;22;0.0;2;True;1;6.1;56.0;15.0;153;train
5;19;0.0;3;True;3;15.5;77.0;24.0;98;train
7;13;0.0;1;True;0;32.42;34.0;15.0;236;train
4;22;0.0;5;True;0;10.8;35.0;15.0;158;train
1;20;0.0;1;True;1;4.22;100.0;11.0;169;train
8;8;0.0;0;False;1;22.08;69.0;7.0;124;train
9;20;0.0;0;False;0;16.44;42.0;11.0;252;train
7;1;0.0;2;True;0;26.78;70.0;0.0;25;train
5;9;0.0;5;True;0;20.2;78.0;0.0;294;train
1;15;0.0;0;False;1;-0.48;80.0;13.0;176;train
2;6;0.0;0;False;1;4.22;70.0;17.0;4;train
3;11;0.0;4;True;0;18.32;43.0;13.0;168;train
4;2;0.0;2;True;0;8.92;53.0;11.0;5;train
7;9;0.0;0;False;1;25.84;79.0;0.0;221;train
1;0;0.0;6;False;0;6.1;52.0;19.0;69;train
6;4;0.0;1;True;0;22.08;78.0;9.0;7;train
3;20;0.0;5;True;0;13.62;88.0;0.0;235;train
5;2;0.0;4;True;1;14.56;88.0;7.0;3;train
10;9;0.0;6;False;0;15.5;59.0;9.0;363;train
10;9;0.0;3;True;0;7.98;76.0;9.0;297;train
5;8;0.0;2;True;0;24.9;74.0;13.0;634;train
1;9;0.0;2;True;0;6.1;52.0;13.0;261;train
8;23;0.0;4;True;1;23.02;69.0;0.0;157;train
9;7;0.0;3;True;0;16.44;72.0;0.0;557;train
6;0;0.0;5;True;0;20.2;73.0;11.0;94;train
9;21;0.0;1;True;0;15.5;51.0;9.0;256;train
11;16;0.0;4;True;1;10.8;54.0;11.0;344;train
8;22;0.0;3;True;0;23.02;54.0;0.0;235;train
7;19;0.0;4;True;0;34.3;45.0;22.0;614;train
10;1;0.0;6;False;0;7.98;53.0;9.0;146;train
12;21;0.0;6;False;1;6.1;87.0;0.0;158;train
8;18;0.0;5;True;0;27.72;62.0;20.0;640;train
10;12;0.0;6;False;0;18.32;46.0;7.0;703;train
11;6;0.0;5;True;0;4.22;65.0;7.0;131;train
6;13;0.0;3;True;1;24.9;45.0;26.0;255;train
8;18;0.0;3;True;0;26.78;51.0;15.0;848;train
3;5;0.0;5;True;0;6.1;70.0;0.0;24;train
9;9;0.0;3;True;0;17.38;60.0;17.0;362;train
11;5;0.0;6;False;0;4.22;41.0;22.0;3;train
2;2;0.0;3;True;0;4.22;65.0;0.0;1;train
1;22;0.0;0;False;0;13.62;55.0;28.0;66;train
9;10;0.0;2;True;1;25.84;74.0;17.0;172;train
8;14;0.0;2;True;0;30.54;41.0;15.0;255;train
9;0;0.0;1;True;0;13.62;63.0;13.0;64;train
5;7;0.0;2;True;1;15.5;94.0;17.0;169;train
11;3;0.0;0;False;0;2.34;44.0;0.0;8;train
3;6;0.0;4;True;1;14.56;100.0;6.0;136;train
2;21;1.0;1;False;0;6.1;39.0;11.0;98;train
9;7;0.0;1;True;0;13.62;67.0;9.0;530;train
9;9;0.0;0;False;0;15.5;51.0;22.0;276;train
6;0;0.0;3;True;1;23.02;94.0;13.0;34;train
7;6;0.0;0;False;1;21.14;83.0;6.0;19;train
5;4;0.0;5;True;0;11.74;50.0;13.0;9;train
5;12;0.0;1;True;1;18.32;68.0;15.0;263;train
3;13;0.0;5;True;1;13.62;77.0;6.0;260;train
10;5;0.0;3;True;1;8.92;81.0;0.0;41;train
1;12;1.0;1;False;0;1.4;55.0;22.0;185;train
6;18;0.0;3;True;0;34.3;37.0;0.0;672;train
6;19;0.0;0;False;0;29.6;38.0;20.0;423;train
9;18;0.0;2;True;0;22.08;41.0;15.0;822;train
12;0;0.0;6;False;1;8.92;93.0;6.0;103;train
12;16;0.0;1;True;1;4.22;48.0;13.0;214;train
11;13;0.0;0;False;0;10.8;43.0;15.0;493;train
4;16;0.0;5;True;0;18.32;26.0;17.0;463;train
12;0;1.0;2;False;3;3.28;93.0;6.0;13;train
3;14;0.0;2;True;0;10.8;24.0;9.0;184;train
5;14;0.0;1;True;1;21.14;50.0;24.0;239;train
3;16;0.0;2;True;0;11.74;20.0;0.0;305;train
10;1;0.0;4;True;1;21.14;94.0;0.0;25;train
7;23;0.0;2;True;0;26.78;58.0;22.0;192;train
12;17;0.0;1;True;3;3.28;93.0;11.0;26;train
12;8;0.0;1;True;1;9.86;87.0;7.0;592;train
12;21;0.0;2;True;0;7.04;53.0;13.0;207;train
9;7;0.0;6;False;1;26.78;58.0;9.0;66;train
9;21;0.0;0;False;0;20.2;56.0;7.0;191;train
7;14;0.0;0;False;0;35.24;33.0;17.0;444;train
9;17;0.0;4;True;1;23.02;69.0;20.0;905;train
2;13;0.0;0;False;1;5.16;61.0;11.0;274;train
2;10;0.0;6;False;3;2.34;93.0;7.0;166;train
8;21;0.0;0;False;3;21.14;78.0;6.0;190;train
9;8;0.0;1;True;0;17.38;77.0;6.0;683;train
4;22;0.0;1;True;1;13.62;41.0;33.0;108;train
1;5;1.0;1;False;0;-2.36;54.0;6.0;6;train
11;15;0.0;4;True;0;8.92;43.0;19.0;220;train
5;21;0.0;1;True;1;17.38;45.0;15.0;247;train
8;11;0.0;4;True;0;27.72;37.0;6.0;274;train
11;3;0.0;2;True;3;7.04;70.0;9.0;4;train
12;7;0.0;5;True;1;7.04;57.0;13.0;208;train
11;21;0.0;3;True;0;8.92;50.0;0.0;105;train
3;8;0.0;2;True;0;-0.48;59.0;7.0;501;train
6;5;0.0;6;False;0;22.08;89.0;11.0;10;train
11;9;0.0;5;True;0;7.98;53.0;7.0;351;train
10;13;0.0;4;True;1;25.84;58.0;22.0;294;train
2;7;0.0;0;False;1;3.28;52.0;19.0;14;train
10;12;0.0;6;False;0;24.9;54.0;7.0;743;train
6;18;0.0;1;True;1;29.6;43.0;20.0;831;train
12;12;0.0;6;False;0;9.86;50.0;6.0;453;train
2;20;0.0;1;True;0;7.98;46.0;11.0;201;train
8;14;0.0;4;True;0;27.72;48.0;9.0;273;train
10;19;0.0;2;True;1;15.5;72.0;11.0;514;train
6;21;0.0;5;True;0;23.02;50.0;7.0;333;train
1;18;0.0;6;False;0;2.34;41.0;13.0;143;train
4;19;0.0;4;True;0;13.62;31.0;20.0;433;train
8;15;0.0;0;False;0;34.3;37.0;35.0;450;train
11;0;0.0;3;True;1;6.1;56.0;19.0;283;train
3;9;0.0;2;True;0;3.28;38.0;13.0;267;train
10;0;0.0;1;True;0;10.8;62.0;0.0;31;train
12;19;0.0;0;False;3;9.86;94.0;6.0;122;train
12;0;0.0;5;True;0;2.34;64.0;6.0;47;train
7;16;0.0;3;True;0;29.6;29.0;11.0;484;train
8;21;0.0;6;False;0;23.02;61.0;0.0;338;train
6;17;0.0;0;False;0;22.08;57.0;15.0;593;train
11;4;0.0;5;True;0;7.04;53.0;24.0;14;train
10;5;0.0;3;True;1;6.1;81.0;9.0;24;train
9;16;0.0;2;True;0;24.9;28.0;9.0;536;train
5;7;0.0;0;False;3;16.44;83.0;11.0;36;train
12;6;0.0;1;True;1;8.92;93.0;9.0;108;train
8;9;0.0;5;True;0;26.78;70.0;0.0;398;train
3;9;0.0;6;False;1;10.8;76.0;13.0;223;train
7;17;0.0;0;False;0;26.78;66.0;15.0;556;train
10;11;0.0;2;True;0;20.2;53.0;0.0;253;train
7;6;0.0;2;True;0;22.08;89.0;11.0;194;train
7;3;0.0;0;False;0;25.84;84.0;9.0;33;train
1;5;0.0;4;True;1;1.4;59.0;6.0;26;train
7;14;0.0;6;False;0;32.42;39.0;17.0;494;train
6;18;0.0;1;True;0;27.72;27.0;30.0;791;train
9;12;0.0;4;True;1;25.84;79.0;15.0;137;train
9;17;0.0;5;True;1;23.02;54.0;20.0;808;train
1;11;0.0;0;False;0;8.92;46.0;15.0;256;train
7;8;0.0;1;True;0;26.78;66.0;7.0;667;train
10;2;0.0;6;False;1;15.5;88.0;13.0;90;train
5;16;0.0;4;True;0;19.26;30.0;31.0;421;train
4;10;0.0;2;True;0;13.62;47.0;11.0;181;train
6;6;0.0;0;False;0;22.08;65.0;11.0;25;train
10;17;0.0;1;True;3;18.32;60.0;17.0;856;train
1;23;0.0;2;True;0;4.22;81.0;7.0;41;train
9;7;0.0;2;True;1;23.96;89.0;7.0;493;train
7;9;0.0;0;False;0;25.84;62.0;17.0;226;train
4;9;0.0;1;True;0;9.86;54.0;24.0;317;train
2;21;0.0;0;False;3;4.22;65.0;11.0;36;train
3;13;0.0;4;True;0;13.62;44.0;22.0;273;train
8;20;0.0;5;True;0;29.6;49.0;9.0;356;train
12;7;0.0;3;True;1;4.22;60.0;13.0;369;train
1;21;0.0;1;True;1;4.22;100.0;19.0;120;train
10;4;0.0;1;True;1;18.32;68.0;15.0;10;train
4;11;0.0;4;True;1;13.62;94.0;15.0;151;train
11;17;0.0;2;True;0;7.98;49.0;24.0;608;train
4;12;0.0;3;True;0;17.38;28.0;19.0;269;train
2;21;0.0;6;False;0;-1.42;43.0;43.0;48;train
5;22;0.0;5;True;0;18.32;52.0;22.0;251;train
11;23;0.0;4;True;0;7.98;57.0;11.0;120;train
12;10;0.0;5;True;1;4.22;56.0;17.0;162;train
10;0;0.0;5;True;0;18.32;73.0;0.0;102;train
2;7;0.0;3;True;1;6.1;65.0;13.0;321;train
1;15;0.0;4;True;0;4.22;44.0;20.0;127;train
12;12;0.0;3;True;0;12.68;41.0;19.0;232;train
1;2;0.0;4;True;0;1.4;51.0;6.0;4;train
7;6;0.0;5;True;1;24.9;54.0;0.0;127;train
5;16;0.0;3;True;1;23.02;50.0;13.0;357;train
12;12;0.0;3;True;3;2.34;87.0;22.0;10;train
12;20;0.0;3;True;3;7.04;93.0;17.0;32;train
8;5;0.0;3;True;1;22.08;78.0;9.0;49;train
5;3;0.0;2;True;1;19.26;83.0;7.0;5;train
4;2;0.0;2;True;0;18.32;83.0;7.0;4;train
12;18;0.0;1;True;1;10.8;94.0;6.0;507;train
2;18;0.0;5;True;0;9.86;40.0;9.0;385;train
8;3;0.0;1;True;3;25.84;79.0;6.0;5;train
12;10;0.0;0;False;0;2.34;64.0;13.0;93;train
3;8;0.0;5;True;0;5.16;75.0;6.0;549;train
8;0;0.0;1;True;0;21.14;83.0;0.0;32;train
11;21;1.0;4;False;0;7.98;61.0;6.0;46;train
2;16;0.0;3;True;3;10.8;82.0;15.0;167;train
5;12;0.0;4;True;0;20.2;43.0;13.0;348;train
10;16;0.0;4;True;0;15.5;36.0;9.0;481;train
5;23;0.0;4;True;0;20.2;83.0;0.0;121;train
8;16;0.0;4;True;0;27.72;48.0;11.0;465;train
6;1;0.0;5;True;0;19.26;78.0;13.0;51;train
6;21;0.0;6;False;0;27.72;33.0;9.0;322;train
11;3;0.0;5;True;0;7.04;53.0;28.0;9;train
6;8;0.0;2;True;1;20.2;78.0;11.0;673;train
6;20;0.0;6;False;0;21.14;35.0;19.0;399;train
5;13;0.0;1;True;3;20.2;83.0;17.0;184;train
4;23;0.0;1;True;0;12.68;44.0;20.0;67;train
4;19;0.0;4;True;1;17.38;77.0;15.0;464;train
8;0;0.0;5;True;0;25.84;70.0;13.0;71;train
9;16;0.0;0;False;0;23.96;36.0;19.0;701;train
5;13;0.0;2;True;3;22.08;65.0;17.0;219;train
5;10;0.0;2;True;1;19.26;68.0;28.0;157;train
2;19;0.0;2;True;0;8.92;46.0;20.0;304;train
1;19;0.0;0;False;3;-0.48;86.0;7.0;89;train
5;17;0.0;5;True;0;24.9;54.0;31.0;643;train
8;21;0.0;0;False;0;22.08;83.0;9.0;166;train
11;20;0.0;2;True;1;9.86;76.0;0.0;235;train
4;5;1.0;1;False;0;17.38;77.0;15.0;38;train
7;21;0.0;3;True;0;25.84;45.0;9.0;397;train
1;6;1.0;1;False;0;-3.3;54.0;6.0;13;train
5;6;0.0;5;True;0;11.74;50.0;17.0;135;train
1;2;0.0;1;True;0;3.28;48.0;24.0;7;train
6;23;0.0;2;True;0;17.38;56.0;6.0;113;train
6;12;0.0;3;True;0;32.42;47.0;11.0;180;train
5;10;0.0;3;True;1;19.26;83.0;7.0;175;train
8;11;0.0;2;True;0;26.78;62.0;0.0;196;train
11;9;0.0;5;True;0;7.98;53.0;7.0;382;train
6;16;0.0;4;True;0;25.84;51.0;19.0;438;train
1;7;0.0;4;True;0;-2.36;54.0;6.0;206;train
3;6;0.0;1;True;0;11.74;82.0;13.0;117;train
5;18;0.0;1;True;1;20.2;53.0;24.0;680;train
8;18;0.0;0;False;3;24.9;74.0;9.0;229;train
10;13;0.0;6;False;0;20.2;43.0;17.0;760;train
7;20;0.0;5;True;0;28.66;59.0;7.0;354;train
7;13;0.0;1;True;1;27.72;55.0;17.0;255;train
11;5;0.0;0;False;0;4.22;65.0;7.0;5;train
10;18;0.0;0;False;0;19.26;60.0;17.0;453;train
1;2;0.0;0;False;1;0.46;74.0;19.0;47;train
11;18;0.0;4;True;1;8.92;57.0;13.0;573;train
5;16;0.0;5;True;0;28.66;52.0;15.0;584;train
3;16;0.0;3;True;0;19.26;73.0;0.0;378;train
5;5;0.0;4;True;0;18.32;68.0;22.0;35;train
3;4;0.0;4;True;0;12.68;77.0;7.0;14;train
8;5;0.0;4;True;0;23.02;89.0;9.0;41;train
8;12;0.0;1;True;0;28.66;40.0;13.0;276;train
7;19;0.0;6;False;0;25.84;84.0;6.0;431;train
12;9;0.0;0;False;1;5.16;93.0;11.0;172;train
7;3;0.0;6;False;1;24.9;54.0;7.0;40;train
7;14;0.0;4;True;0;32.42;44.0;6.0;197;train
4;16;0.0;6;False;0;24.9;42.0;22.0;639;train
11;17;0.0;4;True;0;10.8;20.0;20.0;592;train
4;15;0.0;5;True;0;15.5;27.0;19.0;537;train
11;23;0.0;1;True;1;7.04;66.0;7.0;65;train
11;16;0.0;2;True;0;9.86;40.0;20.0;310;train
3;1;0.0;4;True;0;18.32;60.0;9.0;33;train
9;6;0.0;5;True;0;15.5;77.0;6.0;165;train
11;13;0.0;1;True;0;11.74;35.0;7.0;217;train
4;15;0.0;0;False;3;9.86;87.0;26.0;38;train
12;23;0.0;1;True;3;11.74;94.0;15.0;47;train
8;6;0.0;4;True;1;20.2;88.0;6.0;192;train
10;11;0.0;3;True;0;17.38;52.0;13.0;291;train
3;1;0.0;0;False;0;13.62;82.0;9.0;113;train
9;11;0.0;4;True;0;21.14;43.0;0.0;243;train
10;1;0.0;6;False;0;13.62;72.0;9.0;95;train
2;0;0.0;6;False;1;6.1;70.0;9.0;53;train
5;19;0.0;4;True;0;24.9;61.0;20.0;492;train
3;2;0.0;1;True;0;13.62;88.0;15.0;20;train
11;16;0.0;5;True;0;10.8;43.0;9.0;405;train
4;0;0.0;3;True;0;7.98;36.0;28.0;30;train
3;20;0.0;3;True;0;20.2;56.0;20.0;362;train
11;17;0.0;3;True;1;7.04;53.0;26.0;517;train
7;7;0.0;5;True;0;25.84;70.0;13.0;410;train
4;14;0.0;5;True;0;13.62;33.0;22.0;300;train
12;5;0.0;6;False;1;8.92;93.0;7.0;6;train
6;10;0.0;6;False;0;26.78;55.0;13.0;494;train
3;20;0.0;5;True;1;8.92;87.0;13.0;100;train
8;3;0.0;5;True;0;22.08;65.0;7.0;6;train
12;14;0.0;1;True;0;20.2;53.0;0.0;260;train
11;4;0.0;5;True;1;6.1;65.0;7.0;5;train
8;5;0.0;1;True;0;24.9;79.0;13.0;25;train
6;10;0.0;3;True;0;24.9;37.0;17.0;172;train
9;11;0.0;5;True;0;23.02;57.0;15.0;321;train
6;8;0.0;6;False;0;21.14;61.0;7.0;244;train
7;23;0.0;5;True;0;29.6;63.0;7.0;164;train
6;21;0.0;2;True;0;23.96;34.0;13.0;328;train
6;1;0.0;6;False;0;22.08;53.0;6.0;123;train
6;15;0.0;2;True;0;25.84;28.0;31.0;317;train
8;16;0.0;4;True;0;30.54;32.0;15.0;419;train
9;16;0.0;3;True;0;21.14;35.0;0.0;466;train
12;11;0.0;6;False;1;10.8;87.0;7.0;404;train
5;4;0.0;0;False;3;16.44;83.0;11.0;16;train
3;4;0.0;1;True;0;7.98;61.0;13.0;3;train
10;19;0.0;2;True;0;14.56;48.0;0.0;531;train
7;6;0.0;5;True;1;23.02;89.0;11.0;126;train
2;16;0.0;0;False;0;8.92;32.0;17.0;339;train
2;12;0.0;2;True;1;6.1;56.0;26.0;163;train
7;7;0.0;0;False;0;23.02;69.0;17.0;40;train
5;17;0.0;3;True;0;20.2;73.0;17.0;729;train
11;14;0.0;4;True;1;9.86;54.0;11.0;201;train
2;9;0.0;1;True;0;0.46;80.0;7.0;277;train
2;23;0.0;1;True;0;11.74;50.0;11.0;56;train
6;11;0.0;3;True;0;31.48;49.0;13.0;188;train
7;23;0.0;0;False;3;23.96;83.0;6.0;123;train
6;12;0.0;2;True;0;23.02;34.0;30.0;308;train
4;7;0.0;3;True;1;12.68;62.0;0.0;366;train
11;6;0.0;0;False;0;6.1;87.0;6.0;19;train
5;15;0.0;1;True;1;21.14;73.0;11.0;196;train
9;8;0.0;0;False;0;17.38;64.0;11.0;128;train
6;2;0.0;4;True;0;25.84;79.0;7.0;18;train
10;4;0.0;5;True;1;16.44;88.0;11.0;5;train
1;5;0.0;3;True;0;4.22;70.0;19.0;33;train
4;21;0.0;3;True;0;16.44;52.0;9.0;239;train
11;17;0.0;6;False;0;15.5;45.0;13.0;501;train
12;4;0.0;3;True;0;15.5;63.0;30.0;10;train
8;13;0.0;6;False;0;26.78;40.0;13.0;644;train
6;14;0.0;4;True;0;32.42;25.0;22.0;254;train
10;12;0.0;5;True;1;19.26;73.0;13.0;392;train
4;8;0.0;2;True;0;7.98;57.0;0.0;604;train
2;21;0.0;3;True;3;3.28;87.0;13.0;129;train
3;1;0.0;5;True;0;17.38;88.0;0.0;50;train
11;21;0.0;1;True;1;9.86;54.0;15.0;203;train
3;9;0.0;1;True;1;2.34;60.0;6.0;197;train
8;8;0.0;0;False;0;23.96;79.0;19.0;133;train
7;20;0.0;6;False;3;20.2;88.0;11.0;214;train
8;3;0.0;2;True;0;23.02;89.0;9.0;4;train
8;0;0.0;0;False;0;23.02;57.0;6.0;187;train
11;0;0.0;4;True;1;4.22;65.0;0.0;34;train
2;6;0.0;3;True;0;7.04;76.0;11.0;90;train
12;10;1.0;2;False;0;5.16;81.0;0.0;32;train
9;5;0.0;0;False;0;12.68;72.0;0.0;10;train
3;20;0.0;0;False;0;12.68;47.0;15.0;171;train
11;0;1.0;4;False;0;7.04;66.0;6.0;46;train
4;9;0.0;2;True;0;10.8;47.0;24.0;308;train
12;9;0.0;6;False;0;4.22;75.0;7.0;220;train
3;12;0.0;5;True;1;23.02;61.0;15.0;471;train
4;9;0.0;2;True;0;20.2;38.0;33.0;400;train
4;8;0.0;3;True;3;15.5;39.0;13.0;576;train
8;0;0.0;6;False;0;26.78;79.0;11.0;161;train
11;18;0.0;6;False;0;8.92;50.0;7.0;271;train
8;21;0.0;5;True;1;27.72;66.0;13.0;278;train
9;15;0.0;0;False;0;25.84;32.0;17.0;696;train
9;3;0.0;0;False;0;15.5;68.0;0.0;48;train
4;3;0.0;1;True;1;7.04;81.0;19.0;1;train
1;18;0.0;2;True;0;17.38;24.0;24.0;502;train
1;9;0.0;0;False;0;0.46;43.0;9.0;111;train
11;6;0.0;1;True;1;6.1;49.0;19.0;139;train
1;5;0.0;5;True;1;11.74;94.0;22.0;24;train
6;7;0.0;4;True;0;15.5;82.0;11.0;526;train
8;20;0.0;1;True;0;26.78;70.0;13.0;416;train
4;17;0.0;4;True;0;15.5;31.0;11.0;822;train
10;22;0.0;6;False;1;16.44;72.0;17.0;157;train
3;23;0.0;5;True;0;20.2;69.0;17.0;176;train
5;22;0.0;0;False;1;21.14;61.0;11.0;131;train
4;22;0.0;0;False;3;15.5;63.0;7.0;68;train
8;11;0.0;0;False;0;30.54;56.0;28.0;437;train
2;4;0.0;4;True;3;6.1;70.0;6.0;3;train
2;11;1.0;1;False;0;4.22;48.0;24.0;208;train
5;5;0.0;5;True;0;18.32;88.0;13.0;24;train
6;17;0.0;5;True;0;27.72;29.0;13.0;793;train
10;9;0.0;4;True;1;22.08;89.0;13.0;359;train
7;3;1.0;3;False;0;23.96;74.0;13.0;32;train
11;8;0.0;5;True;1;2.34;80.0;6.0;729;train
4;6;0.0;6;False;0;7.98;76.0;11.0;21;train
12;14;0.0;6;False;1;3.28;87.0;6.0;98;train
9;18;0.0;1;True;1;21.14;73.0;11.0;774;train
2;15;0.0;6;False;0;11.74;41.0;17.0;499;train
11;10;0.0;4;True;3;8.92;62.0;13.0;146;train
2;14;0.0;4;True;0;10.8;76.0;7.0;141;train
5;21;0.0;0;False;3;23.02;69.0;28.0;143;train
8;12;0.0;5;True;1;27.72;45.0;6.0;371;train
5;14;0.0;5;True;1;23.02;74.0;19.0;242;train
11;10;0.0;1;True;1;8.92;66.0;17.0;139;train
3;22;0.0;2;True;0;5.16;56.0;11.0;106;train
12;1;0.0;2;True;1;12.68;94.0;9.0;15;train
2;18;0.0;6;False;0;6.1;28.0;39.0;133;train
2;9;0.0;1;True;0;-2.36;50.0;13.0;205;train
11;17;0.0;3;True;0;7.98;31.0;9.0;563;train
5;22;0.0;4;True;0;23.02;50.0;11.0;264;train
10;0;0.0;2;True;0;13.62;88.0;11.0;37;train
2;8;0.0;2;True;0;6.1;49.0;0.0;529;train
6;5;0.0;0;False;0;15.5;68.0;0.0;12;train
7;19;0.0;1;True;0;30.54;52.0;11.0;665;train
10;7;0.0;6;False;0;17.38;83.0;20.0;84;train
2;0;0.0;3;True;0;6.1;56.0;15.0;23;train
11;18;0.0;6;False;1;8.92;46.0;19.0;297;train
12;10;0.0;1;True;1;1.4;69.0;9.0;120;train
5;17;0.0;2;True;1;22.08;69.0;19.0;717;train
5;16;0.0;3;True;3;24.9;61.0;6.0;278;train
8;0;0.0;0;False;1;22.08;73.0;9.0;120;train
11;12;0.0;6;False;0;14.56;48.0;0.0;606;train
9;1;0.0;0;False;0;15.5;59.0;0.0;116;train
6;13;0.0;6;False;0;21.14;41.0;17.0;679;train
10;20;0.0;1;True;0;15.5;59.0;7.0;403;train
6;17;0.0;3;True;0;34.3;37.0;0.0;691;train
10;6;0.0;1;True;1;18.32;73.0;20.0;147;train
9;22;0.0;4;True;0;22.08;89.0;11.0;217;train
4;14;1.0;1;False;0;27.72;45.0;22.0;288;train
4;1;0.0;6;False;0;10.8;28.0;17.0;69;train
2;17;0.0;0;False;0;7.04;53.0;11.0;306;train
1;2;0.0;0;False;1;-0.48;47.0;19.0;43;train
8;10;0.0;6;False;0;25.84;62.0;6.0;407;train
10;7;0.0;0;False;0;11.74;82.0;15.0;51;train
1;17;0.0;0;False;1;14.56;48.0;11.0;111;train
3;18;0.0;6;False;0;15.5;25.0;17.0;303;train
12;12;0.0;2;True;0;16.44;68.0;13.0;312;train
3;9;0.0;1;True;0;9.86;54.0;11.0;281;train
6;22;0.0;4;True;0;29.6;63.0;11.0;243;train
8;7;0.0;2;True;1;24.9;74.0;9.0;502;train
5;16;0.0;6;False;1;24.9;21.0;13.0;591;train
7;5;0.0;0;False;0;23.96;79.0;7.0;10;train
7;5;0.0;1;True;1;23.02;83.0;15.0;28;train
5;0;1.0;1;False;0;21.14;83.0;15.0;65;train
9;10;0.0;0;False;0;22.08;57.0;20.0;495;train
4;15;0.0;2;True;0;15.5;23.0;28.0;236;train
12;10;0.0;4;True;1;7.04;66.0;0.0;161;train
1;9;0.0;5;True;0;3.28;70.0;11.0;241;train
1;8;0.0;0;False;0;4.22;87.0;7.0;14;train
6;1;0.0;4;True;0;20.2;56.0;15.0;21;train
3;12;0.0;4;True;0;15.5;42.0;33.0;292;train
10;10;0.0;2;True;3;19.26;88.0;9.0;45;train
3;8;0.0;0;False;0;6.1;52.0;22.0;66;train
8;23;0.0;5;True;0;26.78;79.0;9.0;196;train
1;10;0.0;3;True;0;-5.18;45.0;0.0;64;train
8;7;0.0;1;True;1;21.14;78.0;9.0;442;train
5;15;0.0;0;False;0;25.84;45.0;24.0;499;train
5;22;0.0;2;True;0;22.08;65.0;0.0;211;train
2;7;0.0;4;True;3;8.92;93.0;0.0;205;train
6;11;0.0;1;True;1;27.72;48.0;15.0;202;train
8;4;0.0;0;False;1;21.14;65.0;11.0;26;train
12;16;0.0;1;True;1;15.5;88.0;7.0;345;train
5;5;0.0;2;True;0;23.02;78.0;15.0;33;train
1;5;0.0;0;False;0;1.4;51.0;9.0;7;train
10;20;0.0;0;False;3;11.74;94.0;31.0;55;train
9;18;0.0;5;True;0;25.84;45.0;15.0;808;train
7;14;0.0;2;True;0;36.18;29.0;17.0;214;train
6;21;0.0;1;True;1;21.14;73.0;7.0;273;train
8;10;0.0;4;True;0;26.78;48.0;9.0;199;train
5;17;0.0;2;True;0;30.54;46.0;28.0;781;train
10;3;0.0;2;True;0;11.74;67.0;7.0;2;train
10;14;0.0;3;True;1;18.32;43.0;11.0;270;train
2;9;0.0;3;True;3;6.1;81.0;11.0;38;train
12;9;0.0;0;False;0;1.4;59.0;7.0;56;train
4;18;0.0;1;True;0;15.5;27.0;17.0;618;train
7;22;0.0;3;True;0;27.72;58.0;6.0;288;train
3;2;0.0;2;True;3;16.44;72.0;20.0;1;train
9;12;0.0;4;True;0;21.14;43.0;9.0;290;train
9;23;0.0;4;True;0;22.08;89.0;11.0;169;train
10;9;0.0;5;True;1;17.38;94.0;7.0;389;train
3;21;0.0;4;True;0;17.38;68.0;19.0;243;train
5;16;0.0;4;True;0;23.02;31.0;13.0;430;train
12;19;0.0;5;True;1;9.86;76.0;0.0;352;train
7;18;0.0;5;True;1;23.02;78.0;22.0;622;train
12;1;0.0;2;True;0;11.74;71.0;30.0;8;train
3;1;0.0;1;True;0;3.28;48.0;9.0;6;train
11;6;0.0;3;True;1;4.22;56.0;19.0;118;train
11;10;0.0;5;True;0;7.98;61.0;11.0;201;train
6;17;0.0;6;False;0;30.54;26.0;17.0;530;train
2;17;0.0;5;True;3;11.74;94.0;7.0;256;train
8;19;0.0;2;True;0;26.78;45.0;11.0;597;train
6;10;0.0;2;True;1;16.44;63.0;20.0;176;train
5;22;0.0;5;True;0;20.2;83.0;9.0;232;train
12;0;0.0;6;False;0;6.1;70.0;0.0;94;train
10;1;0.0;5;True;3;17.38;88.0;0.0;16;train
7;4;0.0;4;True;0;22.08;73.0;7.0;5;train
7;14;0.0;6;False;1;20.2;88.0;17.0;343;train
6;6;0.0;2;True;0;14.56;82.0;17.0;184;train
10;20;0.0;4;True;0;22.08;65.0;7.0;441;train
8;18;0.0;2;True;1;27.72;62.0;11.0;814;train
1;15;0.0;0;False;0;13.62;51.0;20.0;265;train
1;12;0.0;5;True;0;8.92;50.0;17.0;191;train
10;17;0.0;4;True;0;24.9;51.0;15.0;901;train
9;8;0.0;3;True;0;25.84;74.0;13.0;725;train
6;17;0.0;4;True;0;33.36;22.0;13.0;705;train
12;12;0.0;4;True;1;8.92;53.0;11.0;212;train
10;18;0.0;6;False;0;16.44;39.0;15.0;521;train
12;14;0.0;0;False;0;12.68;62.0;17.0;473;train
10;1;1.0;1;False;0;7.98;87.0;11.0;37;train
3;17;0.0;6;False;0;22.08;50.0;9.0;648;train
10;23;0.0;6;False;1;16.44;68.0;26.0;167;train
8;20;0.0;4;True;0;24.9;61.0;7.0;474;train
11;16;0.0;4;True;1;8.92;57.0;13.0;342;train
12;8;0.0;5;True;1;6.1;75.0;13.0;441;train
1;17;1.0;1;False;0;4.22;48.0;22.0;193;train
5;7;0.0;1;True;3;18.32;88.0;20.0;153;train
1;2;1.0;1;False;0;8.92;34.0;30.0;7;train
1;11;0.0;2;True;0;10.8;37.0;19.0;139;train
10;9;0.0;5;True;0;15.5;39.0;20.0;400;train
9;13;0.0;3;True;0;24.9;34.0;9.0;323;train
4;6;0.0;6;False;0;7.98;49.0;13.0;28;train
5;6;0.0;4;True;0;17.38;73.0;24.0;159;train
6;12;0.0;1;True;3;18.32;78.0;9.0;168;train
5;0;0.0;1;True;1;20.2;56.0;17.0;35;train
8;15;0.0;5;True;1;27.72;48.0;9.0;350;train
6;7;0.0;3;True;0;15.5;72.0;0.0;547;train
6;14;0.0;3;True;0;29.6;24.0;24.0;270;train
3;6;0.0;6;False;1;8.92;93.0;6.0;7;train
10;21;0.0;3;True;0;15.5;51.0;24.0;269;train
10;18;0.0;5;True;1;18.32;78.0;9.0;665;train
12;21;0.0;3;True;0;7.98;46.0;28.0;198;train
5;13;0.0;2;True;3;22.08;73.0;13.0;239;train
7;15;0.0;5;True;1;24.9;84.0;20.0;216;train
1;23;0.0;2;True;0;13.62;72.0;26.0;61;train
11;15;0.0;1;True;0;11.74;35.0;6.0;230;train
9;4;0.0;5;True;3;18.32;88.0;7.0;12;train
5;10;0.0;4;True;0;15.5;51.0;28.0;154;train
12;15;0.0;2;True;1;9.86;50.0;15.0;270;train
6;9;0.0;4;True;0;21.14;61.0;15.0;357;train
10;2;0.0;5;True;1;17.38;88.0;0.0;10;train
8;13;0.0;2;True;1;29.6;52.0;13.0;253;train
7;1;0.0;5;True;0;23.02;89.0;9.0;11;train
6;21;0.0;0;False;0;25.84;62.0;11.0;253;train
2;16;0.0;0;False;0;1.4;34.0;31.0;164;train
5;10;0.0;5;True;0;23.96;79.0;11.0;232;train
4;15;0.0;3;True;0;19.26;19.0;11.0;229;train
10;10;0.0;5;True;1;17.38;88.0;7.0;197;train
8;11;0.0;6;False;0;32.42;47.0;17.0;470;train
3;6;0.0;4;True;0;11.74;77.0;17.0;109;train
12;19;0.0;5;True;1;3.28;65.0;13.0;128;train
4;8;1.0;1;False;1;18.32;83.0;11.0;597;train
10;11;0.0;1;True;1;20.2;73.0;26.0;263;train
5;15;0.0;4;True;0;26.78;55.0;17.0;291;train
2;16;0.0;4;True;3;7.98;81.0;0.0;118;train
11;14;1.0;1;False;0;19.26;60.0;19.0;444;train
3;11;0.0;0;False;1;12.68;82.0;11.0;368;train
3;5;0.0;2;True;0;0.46;51.0;15.0;25;train
8;12;0.0;3;True;0;26.78;51.0;0.0;312;train
7;22;0.0;1;True;0;27.72;62.0;6.0;284;train
12;1;0.0;5;True;1;3.28;70.0;13.0;28;train
1;12;0.0;0;False;0;0.46;40.0;20.0;234;train
10;16;0.0;2;True;0;17.38;39.0;19.0;446;train
9;9;0.0;2;True;0;17.38;56.0;17.0;409;train
11;10;0.0;0;False;0;3.28;48.0;17.0;139;train
8;23;0.0;0;False;0;23.96;61.0;0.0;110;train
1;12;0.0;4;True;1;7.98;81.0;9.0;165;train
6;4;0.0;5;True;0;18.32;83.0;11.0;14;train
5;7;0.0;4;True;0;12.68;72.0;20.0;401;train
12;0;0.0;6;False;1;3.28;70.0;0.0;26;train
7;2;0.0;5;True;1;23.02;61.0;6.0;17;train
12;6;0.0;3;True;1;2.34;69.0;15.0;36;train
10;22;0.0;5;True;0;15.5;77.0;6.0;190;train
6;14;0.0;5;True;0;27.72;31.0;26.0;373;train
6;15;0.0;4;True;0;26.78;48.0;20.0;324;train
4;11;0.0;3;True;1;9.86;43.0;22.0;180;train
7;13;0.0;3;True;0;36.18;33.0;0.0;203;train
8;21;0.0;6;False;0;21.14;83.0;24.0;208;train
10;4;0.0;6;False;1;15.5;88.0;11.0;13;train
6;9;0.0;2;True;1;22.08;89.0;19.0;285;train
3;0;0.0;4;True;1;11.74;94.0;0.0;11;train
1;0;0.0;1;True;1;0.46;86.0;0.0;19;train
11;4;0.0;3;True;0;5.16;87.0;7.0;10;train
1;7;1.0;1;False;0;3.28;32.0;26.0;16;train
3;12;0.0;3;True;0;12.68;38.0;26.0;215;train
7;5;0.0;0;False;0;20.2;88.0;0.0;6;train
5;22;0.0;0;False;0;21.14;73.0;22.0;145;train
2;10;0.0;4;True;3;11.74;77.0;7.0;78;train
8;9;0.0;2;True;1;24.9;74.0;0.0;402;train
1;21;0.0;0;False;0;5.16;56.0;15.0;91;train
12;1;0.0;3;True;1;4.22;65.0;20.0;7;train
6;6;0.0;6;False;0;18.32;64.0;7.0;80;train
4;17;0.0;1;True;0;15.5;29.0;19.0;729;train
1;23;0.0;2;True;0;12.68;38.0;17.0;63;train
9;12;0.0;2;True;0;27.72;70.0;19.0;287;train
9;19;0.0;2;True;1;20.2;88.0;20.0;324;train
5;11;0.0;3;True;0;24.9;54.0;9.0;267;train
6;22;0.0;2;True;0;18.32;52.0;7.0;193;train
7;20;0.0;3;True;0;26.78;40.0;11.0;567;train
11;5;0.0;6;False;1;7.04;49.0;17.0;9;train
1;0;0.0;6;False;0;8.92;50.0;11.0;79;train
4;3;0.0;0;False;0;11.74;26.0;9.0;26;train
8;15;0.0;1;True;0;29.6;55.0;20.0;282;train
6;19;0.0;3;True;0;33.36;37.0;17.0;539;train
8;19;0.0;2;True;1;27.72;66.0;7.0;610;train
10;5;0.0;5;True;0;8.92;81.0;6.0;35;train
2;6;0.0;4;True;0;1.4;75.0;19.0;76;train
3;5;0.0;4;True;0;13.62;67.0;0.0;26;train
11;6;0.0;2;True;1;7.98;71.0;11.0;148;train
1;21;0.0;6;False;0;0.46;43.0;17.0;69;train
8;7;0.0;4;True;1;21.14;83.0;6.0;481;train
1;12;0.0;5;True;0;3.28;38.0;33.0;154;train
11;7;0.0;5;True;0;4.22;65.0;9.0;341;train
3;9;0.0;3;True;0;10.8;43.0;30.0;314;train
11;19;0.0;5;True;0;7.98;71.0;6.0;361;train
1;0;1.0;1;False;0;10.8;40.0;31.0;39;train
10;17;0.0;6;False;0;13.62;38.0;11.0;528;train
8;6;0.0;3;True;0;22.08;78.0;7.0;172;train
10;2;0.0;3;True;1;21.14;94.0;0.0;9;train
11;3;0.0;3;True;1;4.22;70.0;15.0;3;train
8;14;0.0;1;True;0;29.6;33.0;7.0;248;train
11;9;0.0;6;False;1;4.22;41.0;30.0;122;train
7;22;0.0;0;False;0;24.9;70.0;7.0;148;train
11;20;1.0;4;False;0;7.98;71.0;0.0;52;train
9;8;0.0;6;False;0;20.2;73.0;20.0;218;train
12;18;0.0;6;False;1;7.98;76.0;0.0;297;train
10;21;0.0;4;True;1;16.44;88.0;9.0;271;train
10;12;0.0;5;True;0;17.38;39.0;31.0;387;train
10;5;0.0;2;True;0;12.68;77.0;6.0;50;train
8;8;0.0;3;True;0;22.08;73.0;6.0;740;train
7;0;0.0;1;True;0;23.02;89.0;6.0;47;train
5;17;0.0;4;True;0;27.72;31.0;11.0;827;train
11;18;0.0;3;True;1;7.04;53.0;24.0;465;train
3;10;0.0;2;True;0;3.28;44.0;0.0;129;train
1;6;0.0;3;True;0;3.28;73.0;15.0;88;train
2;12;0.0;1;True;0;7.04;61.0;11.0;150;train
9;10;0.0;5;True;1;22.08;78.0;9.0;245;train
4;4;0.0;3;True;1;15.5;42.0;19.0;7;train
8;7;0.0;3;True;0;21.14;78.0;0.0;553;train
11;15;0.0;0;False;0;10.8;40.0;15.0;449;train
12;4;0.0;5;True;1;8.92;71.0;33.0;6;train
3;15;0.0;5;True;1;25.84;42.0;9.0;472;train
5;12;0.0;6;False;0;26.78;66.0;15.0;529;train
7;2;0.0;1;True;3;24.9;89.0;13.0;5;train
9;18;0.0;3;True;0;26.78;48.0;15.0;884;train
1;14;0.0;0;False;1;-0.48;80.0;11.0;182;train
1;22;0.0;6;False;0;-0.48;47.0;24.0;66;train
8;2;0.0;2;True;0;24.9;84.0;9.0;13;train
2;16;0.0;6;False;3;2.34;75.0;28.0;146;train
10;20;0.0;5;True;0;16.44;77.0;13.0;229;train
5;6;0.0;6;False;0;21.14;88.0;13.0;31;train
2;19;0.0;3;True;0;9.86;43.0;11.0;311;train
3;0;0.0;5;True;0;12.68;77.0;17.0;57;train
6;11;0.0;6;False;0;27.72;35.0;0.0;569;train
12;15;0.0;2;True;0;13.62;44.0;33.0;246;train
10;18;0.0;4;True;0;13.62;44.0;11.0;692;train
12;0;0.0;5;True;1;3.28;60.0;11.0;25;train
8;5;0.0;4;True;0;20.2;78.0;11.0;37;train
6;0;0.0;2;True;1;20.2;78.0;11.0;35;train
1;20;0.0;5;True;0;11.74;41.0;13.0;177;train
6;0;0.0;5;True;0;18.32;56.0;11.0;77;train
4;14;0.0;1;True;0;18.32;28.0;37.0;218;train
12;6;0.0;0;False;1;3.28;93.0;9.0;16;train
3;14;0.0;2;True;0;7.04;36.0;15.0;136;train
11;1;0.0;6;False;0;4.22;60.0;13.0;87;train
4;22;0.0;5;True;0;17.38;68.0;17.0;202;train
6;16;0.0;5;True;0;27.72;29.0;20.0;523;train
4;15;0.0;1;True;0;14.56;33.0;28.0;324;train
11;14;0.0;0;False;0;10.8;40.0;13.0;509;train
3;11;0.0;0;False;1;10.8;94.0;17.0;323;train
12;14;0.0;0;False;0;7.98;31.0;20.0;175;train
12;6;0.0;1;True;1;9.86;94.0;11.0;123;train
3;4;0.0;0;False;1;11.74;94.0;22.0;8;train
4;12;0.0;1;True;3;7.98;71.0;24.0;129;train
5;4;0.0;3;True;1;21.14;88.0;9.0;6;train
6;10;0.0;2;True;0;22.08;73.0;6.0;180;train
12;1;0.0;4;True;0;7.04;66.0;0.0;20;train
1;17;0.0;5;True;0;11.74;50.0;39.0;422;train
4;13;0.0;2;True;0;21.14;29.0;17.0;239;train
2;10;0.0;6;False;0;4.22;60.0;24.0;183;train
8;10;0.0;5;True;1;29.6;52.0;13.0;249;train
4;3;0.0;5;True;0;12.68;47.0;33.0;3;train
8;15;0.0;5;True;0;33.36;42.0;17.0;380;train
7;3;0.0;1;True;0;23.02;83.0;0.0;3;train
10;14;0.0;6;False;1;20.2;56.0;28.0;576;train
9;20;0.0;2;True;0;20.2;56.0;20.0;425;train
4;4;0.0;6;False;0;7.98;49.0;11.0;2;train
9;11;0.0;4;True;3;24.9;84.0;11.0;62;train
11;13;0.0;1;True;0;12.68;54.0;17.0;251;train
2;7;0.0;1;True;0;3.28;60.0;15.0;280;train
12;4;0.0;2;True;0;11.74;82.0;11.0;8;train
6;18;0.0;2;True;0;23.96;83.0;13.0;653;train
12;6;0.0;0;False;0;-0.48;64.0;6.0;9;train
10;6;0.0;3;True;0;6.1;81.0;11.0;116;train
2;20;0.0;5;True;0;10.8;35.0;13.0;171;train
12;6;0.0;6;False;1;4.22;70.0;7.0;7;train
11;18;0.0;2;True;0;7.98;49.0;19.0;559;train
3;8;0.0;4;True;0;13.62;47.0;28.0;654;train
11;5;0.0;3;True;1;5.16;52.0;22.0;27;train
8;3;0.0;0;False;1;21.14;61.0;11.0;55;train
11;18;0.0;3;True;0;11.74;38.0;7.0;311;train
5;2;0.0;5;True;0;14.56;67.0;9.0;21;train
1;3;0.0;1;True;0;3.28;52.0;11.0;3;train
2;21;0.0;0;False;0;5.16;56.0;7.0;66;train
10;8;0.0;4;True;0;9.86;46.0;26.0;798;train
2;12;0.0;4;True;0;11.74;82.0;0.0;148;train
6;22;0.0;0;False;0;26.78;55.0;7.0;178;train
7;21;0.0;2;True;0;26.78;66.0;15.0;378;train
4;7;0.0;4;True;0;6.1;65.0;22.0;306;train
1;5;0.0;5;True;1;6.1;70.0;37.0;21;train
2;10;0.0;4;True;3;7.04;70.0;9.0;44;train
8;0;0.0;4;True;0;25.84;74.0;13.0;67;train
9;17;0.0;6;False;0;26.78;51.0;22.0;646;train
4;9;0.0;5;True;0;13.62;88.0;6.0;359;train
9;21;0.0;3;True;0;25.84;79.0;0.0;296;train
4;16;0.0;1;True;0;18.32;30.0;28.0;391;train
3;12;0.0;5;True;0;10.8;43.0;11.0;234;train
8;3;0.0;5;True;1;25.84;79.0;13.0;9;train
10;11;0.0;3;True;0;19.26;64.0;0.0;236;train
5;20;0.0;4;True;1;23.02;69.0;19.0;398;train
2;8;0.0;1;True;0;3.28;60.0;0.0;528;train
2;23;0.0;5;True;0;8.92;40.0;13.0;82;train
11;19;0.0;2;True;1;10.8;71.0;0.0;384;train
9;20;0.0;3;True;0;23.02;69.0;13.0;434;train
1;21;1.0;1;False;0;5.16;52.0;22.0;49;train
11;9;0.0;3;True;0;7.04;76.0;6.0;365;train
11;18;0.0;5;True;1;9.86;43.0;22.0;522;train
6;6;0.0;3;True;0;14.56;77.0;0.0;172;train
11;18;0.0;2;True;0;7.04;57.0;20.0;497;train
9;14;0.0;0;False;0;25.84;30.0;19.0;647;train
5;16;0.0;0;False;0;25.84;42.0;24.0;577;train
3;2;0.0;0;False;3;11.74;100.0;20.0;35;train
12;6;0.0;2;True;0;8.92;93.0;11.0;118;train
10;3;0.0;3;True;0;8.92;87.0;0.0;7;train
9;20;0.0;0;False;0;21.14;41.0;19.0;356;train
11;21;0.0;0;False;0;4.22;48.0;0.0;64;train
8;12;0.0;0;False;3;25.84;74.0;24.0;626;train
4;13;0.0;2;True;0;16.44;23.0;11.0;283;train
1;11;1.0;1;False;0;4.22;35.0;33.0;175;train
8;20;0.0;5;True;1;28.66;66.0;15.0;389;train
9;2;0.0;4;True;0;25.84;79.0;0.0;8;train
4;18;0.0;6;False;3;10.8;47.0;0.0;90;train
9;21;0.0;4;True;0;21.14;65.0;7.0;317;train
4;8;0.0;4;True;0;7.04;66.0;22.0;624;train
12;14;0.0;1;True;1;10.8;87.0;6.0;181;train
7;6;0.0;6;False;0;26.78;74.0;7.0;31;train
6;2;0.0;6;False;0;22.08;50.0;15.0;89;train
1;12;0.0;4;True;0;1.4;51.0;13.0;111;train
4;10;0.0;2;True;0;11.74;47.0;20.0;162;train
3;23;0.0;0;False;0;14.56;82.0;11.0;46;train
11;18;0.0;3;True;0;7.04;33.0;19.0;542;train
6;7;0.0;1;True;0;18.32;60.0;15.0;517;train
4;3;0.0;4;True;1;11.74;77.0;0.0;4;train
12;20;0.0;2;True;1;15.5;63.0;15.0;306;train
4;3;0.0;6;False;0;8.92;66.0;6.0;32;train
6;3;0.0;0;False;0;22.08;73.0;7.0;29;train
3;22;0.0;2;True;0;17.38;77.0;0.0;188;train
9;7;0.0;0;False;0;15.5;77.0;7.0;71;train
12;14;0.0;6;False;1;10.8;87.0;19.0;542;train
1;23;0.0;6;False;0;-0.48;47.0;15.0;76;train
12;8;0.0;4;True;0;4.22;65.0;24.0;208;train
10;11;0.0;1;True;0;18.32;37.0;11.0;211;train
2;15;0.0;4;True;3;7.98;76.0;0.0;53;train
3;13;0.0;0;False;1;13.62;82.0;11.0;544;train
4;23;0.0;5;True;0;16.44;72.0;9.0;187;train
11;19;0.0;2;True;0;7.04;49.0;24.0;356;train
7;7;0.0;0;False;0;24.9;79.0;6.0;47;train
3;0;0.0;6;False;0;6.1;36.0;24.0;77;train
2;9;0.0;4;True;3;9.86;87.0;0.0;228;train
1;13;0.0;3;True;1;-1.42;43.0;17.0;91;train
1;16;0.0;4;True;1;10.8;71.0;6.0;224;train
4;17;0.0;2;True;0;18.32;21.0;35.0;744;train
11;17;0.0;0;False;0;17.38;45.0;11.0;493;train
9;0;0.0;3;True;0;16.44;72.0;7.0;49;train
7;6;0.0;4;True;0;22.08;73.0;6.0;178;train
1;20;0.0;5;True;1;1.4;34.0;6.0;142;train
6;12;0.0;5;True;0;24.9;45.0;11.0;403;train
5;14;0.0;1;True;3;20.2;83.0;13.0;180;train
2;2;0.0;5;True;1;6.1;93.0;7.0;12;train
5;1;0.0;6;False;0;22.08;83.0;9.0;82;train
4;21;0.0;4;True;0;16.44;55.0;7.0;267;train
10;3;0.0;3;True;0;15.5;77.0;6.0;4;train
10;19;0.0;0;False;1;10.8;82.0;7.0;114;train
1;1;0.0;5;True;1;10.8;87.0;15.0;29;train
1;23;0.0;1;True;1;2.34;87.0;7.0;52;train
9;19;0.0;6;False;3;28.66;62.0;0.0;392;train
7;11;0.0;5;True;3;25.84;74.0;13.0;212;train
3;1;0.0;2;True;0;1.4;44.0;17.0;6;train
1;15;0.0;3;True;0;6.1;33.0;35.0;130;train
9;11;0.0;1;True;1;21.14;69.0;15.0;252;train
3;14;0.0;1;True;1;19.26;32.0;19.0;221;train
3;8;0.0;6;False;1;15.5;94.0;13.0;154;train
4;13;0.0;3;True;1;10.8;40.0;24.0;163;train
9;2;0.0;6;False;0;19.26;78.0;7.0;93;train
1;7;0.0;5;True;0;4.22;60.0;15.0;177;train
7;19;0.0;1;True;0;28.66;43.0;9.0;581;train
11;22;0.0;2;True;0;8.92;71.0;0.0;122;train
4;5;0.0;4;True;0;10.8;82.0;0.0;30;train
5;6;0.0;2;True;3;16.44;77.0;7.0;26;train
5;23;0.0;2;True;3;21.14;94.0;0.0;50;train
4;23;0.0;1;True;0;7.04;76.0;11.0;59;train
6;1;0.0;0;False;0;17.38;56.0;9.0;121;train
12;11;0.0;1;True;3;13.62;94.0;15.0;134;train
1;18;0.0;5;True;1;1.4;34.0;6.0;301;train
10;16;0.0;5;True;0;25.84;37.0;0.0;634;train
2;2;0.0;6;False;0;6.1;61.0;17.0;45;train
11;3;0.0;0;False;0;5.16;61.0;7.0;11;train
7;21;0.0;4;True;3;23.02;89.0;17.0;332;train
11;7;0.0;0;False;0;6.1;89.0;6.0;68;train
3;22;0.0;3;True;0;13.62;59.0;20.0;159;train
9;20;0.0;6;False;0;24.9;54.0;17.0;325;train
8;13;0.0;3;True;0;26.78;42.0;0.0;300;train
7;4;1.0;3;False;0;23.96;69.0;17.0;16;train
9;7;0.0;5;True;1;18.32;88.0;0.0;454;train
6;19;0.0;6;False;0;29.6;29.0;11.0;360;train
7;22;0.0;5;True;0;28.66;59.0;9.0;199;train
1;17;0.0;6;False;0;3.28;41.0;17.0;144;train
4;12;0.0;6;False;1;9.86;43.0;0.0;381;train
8;18;0.0;0;False;0;28.66;35.0;7.0;491;train
9;5;0.0;5;True;0;17.38;83.0;0.0;41;train
4;13;0.0;0;False;3;9.86;82.0;24.0;52;train
11;6;0.0;6;False;0;3.28;70.0;15.0;21;train
7;17;0.0;6;False;3;24.9;79.0;11.0;458;train
4;11;0.0;6;False;0;12.68;24.0;20.0;495;train
2;2;0.0;3;True;0;12.68;44.0;19.0;7;train
8;9;0.0;5;True;1;26.78;66.0;7.0;396;train
8;4;0.0;6;False;0;25.84;79.0;13.0;13;train
10;9;0.0;2;True;3;19.26;88.0;9.0;86;train
4;1;0.0;1;True;3;7.98;87.0;24.0;2;train
2;22;0.0;3;True;1;3.28;87.0;9.0;98;train
1;0;0.0;0;False;0;-0.48;80.0;20.0;52;train
7;2;0.0;2;True;0;25.84;70.0;6.0;7;train
3;23;0.0;0;False;0;14.56;82.0;9.0;65;train
12;10;0.0;6;False;1;10.8;87.0;9.0;287;train
6;9;0.0;0;False;0;20.2;46.0;13.0;300;train
1;2;0.0;3;True;1;12.68;51.0;33.0;2;train
12;8;0.0;6;False;1;3.28;87.0;9.0;144;train
10;19;0.0;3;True;0;15.5;72.0;13.0;516;train
5;11;0.0;5;True;0;21.14;43.0;0.0;334;train
2;9;0.0;3;True;1;3.28;70.0;11.0;253;train
2;13;0.0;4;True;1;11.74;77.0;0.0;137;train
6;6;0.0;6;False;1;15.5;77.0;13.0;36;train
10;15;0.0;1;True;0;22.08;29.0;11.0;296;train
3;18;0.0;4;True;0;15.5;39.0;20.0;681;train
11;13;0.0;2;True;3;5.16;87.0;17.0;77;train
4;0;0.0;5;True;0;10.8;43.0;0.0;61;train
4;3;0.0;3;True;0;7.04;70.0;6.0;3;train
7;15;0.0;6;False;0;33.36;32.0;19.0;497;train
2;22;0.0;5;True;1;7.04;66.0;0.0;113;train
8;12;0.0;3;True;1;29.6;52.0;0.0;280;train
9;21;0.0;2;True;1;20.2;88.0;13.0;207;train
4;3;0.0;5;True;0;7.98;53.0;22.0;8;train
4;19;0.0;0;False;0;18.32;35.0;9.0;375;train
10;14;0.0;6;False;0;20.2;46.0;17.0;750;train
2;3;0.0;2;True;1;4.22;52.0;0.0;3;train
10;22;0.0;2;True;0;6.1;81.0;9.0;66;train
1;4;0.0;3;True;0;-7.06;41.0;13.0;2;train
1;7;1.0;1;False;0;-3.3;54.0;7.0;33;train
7;17;0.0;6;False;0;37.12;26.0;9.0;279;train
2;19;0.0;4;True;0;15.5;39.0;6.0;369;train
8;15;0.0;3;True;0;27.72;52.0;17.0;266;train
7;2;1.0;3;False;0;23.02;83.0;9.0;93;train
1;1;0.0;2;True;1;5.16;65.0;24.0;2;train
8;2;0.0;5;True;0;23.96;79.0;15.0;14;train
6;8;0.0;0;False;0;18.32;68.0;17.0;119;train
10;20;0.0;3;True;0;24.9;65.0;0.0;497;train
2;6;0.0;1;True;0;3.28;70.0;17.0;90;train
11;17;0.0;3;True;0;7.04;49.0;13.0;583;train
3;21;0.0;2;True;0;8.92;37.0;11.0;221;train
7;16;0.0;3;True;0;26.78;66.0;17.0;224;train
7;12;0.0;6;False;0;37.12;31.0;24.0;342;train
4;10;0.0;3;True;1;7.98;49.0;22.0;153;train
3;1;0.0;0;False;0;3.28;52.0;11.0;61;train
12;17;0.0;4;True;1;7.98;66.0;13.0;475;train
2;2;0.0;0;False;0;3.28;44.0;22.0;42;train
8;11;0.0;6;False;0;26.78;66.0;11.0;499;train
9;0;0.0;0;False;0;21.14;38.0;17.0;180;train
7;1;0.0;1;True;1;24.9;74.0;13.0;11;train
4;4;0.0;0;False;1;17.38;52.0;0.0;12;train
8;14;0.0;3;True;0;27.72;45.0;7.0;266;train
4;15;0.0;0;False;0;24.9;39.0;26.0;617;train
11;16;0.0;0;False;0;17.38;42.0;15.0;653;train
8;11;0.0;2;True;0;24.9;54.0;0.0;256;train
10;22;0.0;4;True;1;17.38;83.0;13.0;229;train
7;23;0.0;1;True;0;26.78;74.0;6.0;166;train
2;11;0.0;4;True;0;3.28;52.0;15.0;99;train
11;0;0.0;4;True;0;3.28;56.0;6.0;29;train
11;12;0.0;6;False;1;6.1;36.0;41.0;199;train
1;13;0.0;0;False;0;7.04;26.0;15.0;316;train
6;9;0.0;6;False;0;18.32;60.0;17.0;332;train
8;13;0.0;5;True;1;32.42;47.0;19.0;345;train
11;17;0.0;5;True;0;9.86;40.0;22.0;638;train
7;17;0.0;1;True;0;28.66;40.0;11.0;849;train
8;16;0.0;1;True;0;29.6;36.0;6.0;464;train
1;13;0.0;4;True;0;2.34;47.0;19.0;124;train
2;23;1.0;1;False;0;6.1;39.0;0.0;26;train
3;6;0.0;5;True;1;10.8;50.0;24.0;85;train
5;18;0.0;5;True;0;24.9;54.0;31.0;641;train
10;1;0.0;1;True;0;10.8;71.0;0.0;11;train
4;21;0.0;5;True;0;15.5;36.0;0.0;189;train
8;19;0.0;4;True;0;29.6;63.0;11.0;607;train
3;17;0.0;5;True;3;14.56;82.0;6.0;258;train
11;0;0.0;6;False;0;7.98;53.0;11.0;108;train
9;2;0.0;6;False;0;23.02;89.0;22.0;77;train
1;16;0.0;3;True;0;5.16;30.0;35.0;176;train
1;17;0.0;1;True;0;8.92;21.0;13.0;438;train
6;20;0.0;0;False;0;23.02;39.0;13.0;314;train
3;22;0.0;4;True;0;18.32;83.0;13.0;220;train
4;3;0.0;4;True;1;14.56;55.0;6.0;6;train
8;18;0.0;6;False;1;23.02;69.0;31.0;383;train
7;23;1.0;3;False;1;28.66;43.0;6.0;183;train
5;14;0.0;4;True;0;22.08;65.0;13.0;204;train
1;20;0.0;5;True;0;7.98;53.0;24.0;159;train
10;23;0.0;2;True;1;21.14;94.0;0.0;98;train
12;23;0.0;3;True;3;4.22;87.0;20.0;10;train
4;22;0.0;4;True;0;10.8;47.0;13.0;149;train
1;23;0.0;6;False;0;11.74;38.0;15.0;119;train
12;5;0.0;2;True;1;12.68;88.0;0.0;46;train
3;20;0.0;2;True;0;7.04;49.0;13.0;187;train
10;13;0.0;6;False;1;22.08;57.0;35.0;710;train
1;19;0.0;2;True;0;9.86;46.0;7.0;281;train
9;16;0.0;3;True;0;25.84;37.0;11.0;509;train
10;1;0.0;0;False;0;11.74;58.0;15.0;117;train
11;10;0.0;6;False;1;4.22;44.0;20.0;142;train
9;16;0.0;0;False;0;20.2;33.0;22.0;691;train
12;8;0.0;3;True;1;4.22;65.0;11.0;688;train
8;6;0.0;1;True;0;21.14;88.0;0.0;145;train
8;21;0.0;4;True;1;24.9;58.0;11.0;336;train
3;10;0.0;1;True;0;16.44;72.0;9.0;184;train
9;20;0.0;4;True;0;18.32;64.0;9.0;417;train
2;3;0.0;6;False;0;6.1;45.0;20.0;7;train
6;15;0.0;0;False;0;32.42;28.0;15.0;487;train
6;1;0.0;0;False;0;22.08;73.0;9.0;116;train
10;17;0.0;0;False;3;10.8;82.0;15.0;157;train
11;18;0.0;6;False;0;4.22;38.0;26.0;145;train
6;8;0.0;1;True;0;23.02;74.0;9.0;651;train
10;4;0.0;6;False;0;6.1;65.0;11.0;11;train
1;8;0.0;3;True;0;1.4;82.0;7.0;499;train
12;15;0.0;5;True;1;6.1;42.0;26.0;263;train
10;15;0.0;4;True;0;16.44;34.0;11.0;460;train
6;21;0.0;3;True;0;31.48;44.0;6.0;344;train
11;19;0.0;4;True;0;6.1;52.0;13.0;344;train
8;22;0.0;3;True;0;25.84;70.0;7.0;288;train
4;13;0.0;4;True;1;15.5;82.0;11.0;197;train
9;21;0.0;1;True;0;18.32;49.0;11.0;285;train
3;17;0.0;4;True;0;24.9;39.0;17.0;713;train
10;1;0.0;4;True;0;12.68;47.0;13.0;11;train
3;16;0.0;3;True;0;18.32;37.0;28.0;288;train
1;21;0.0;5;True;0;10.8;43.0;15.0;154;train
9;14;0.0;4;True;0;22.08;47.0;13.0;298;train
11;12;0.0;1;True;0;11.74;35.0;7.0;210;train
12;7;0.0;4;True;0;2.34;51.0;20.0;389;train
4;5;0.0;5;True;1;7.98;53.0;11.0;21;train
8;10;0.0;0;False;0;29.6;59.0;28.0;364;train
2;16;0.0;6;False;0;12.68;44.0;22.0;404;train
4;12;0.0;4;True;1;16.44;83.0;9.0;204;train
9;20;0.0;6;False;1;19.26;88.0;6.0;194;train
1;1;0.0;1;True;1;0.46;86.0;7.0;4;train
8;19;0.0;1;True;0;26.78;58.0;11.0;555;train
5;18;0.0;3;True;0;25.84;51.0;15.0;846;train
11;14;0.0;6;False;1;8.92;50.0;22.0;455;train
6;6;0.0;3;True;1;22.08;89.0;6.0;165;train
5;9;0.0;4;True;0;21.14;73.0;11.0;301;train
2;5;0.0;3;True;0;7.04;70.0;7.0;30;train
7;9;0.0;5;True;0;30.54;49.0;19.0;363;train
6;6;0.0;4;True;0;19.26;60.0;19.0;181;train
12;4;0.0;0;False;1;4.22;93.0;0.0;7;train
9;17;0.0;3;True;0;26.78;48.0;20.0;953;train
5;16;0.0;2;True;3;22.08;73.0;15.0;389;train
5;3;0.0;0;False;0;17.38;56.0;6.0;66;train
2;12;0.0;4;True;3;7.04;76.0;6.0;45;train
3;2;0.0;4;True;0;15.5;59.0;0.0;19;train
5;5;0.0;3;True;0;17.38;94.0;7.0;38;train
5;22;0.0;6;False;1;19.26;78.0;13.0;217;train
7;11;0.0;4;True;0;27.72;45.0;7.0;215;train
1;13;0.0;6;False;1;1.4;80.0;17.0;76;train
5;0;0.0;3;True;3;22.08;89.0;7.0;36;train
8;14;0.0;1;True;0;30.54;46.0;0.0;287;train
12;18;0.0;6;False;0;6.1;70.0;13.0;110;train
4;12;0.0;6;False;0;19.26;35.0;17.0;678;train
1;7;0.0;2;True;1;7.04;93.0;9.0;232;train
5;21;0.0;6;False;1;20.2;60.0;9.0;230;train
6;10;0.0;2;True;0;21.14;41.0;24.0;190;train
2;0;0.0;0;False;0;3.28;41.0;24.0;70;train
12;0;0.0;2;True;1;12.68;94.0;9.0;18;train
11;12;1.0;4;False;0;12.68;35.0;0.0;262;train
11;15;0.0;5;True;0;11.74;38.0;9.0;267;train
6;2;0.0;3;True;0;15.5;68.0;0.0;11;train
7;11;0.0;6;False;0;31.48;39.0;15.0;457;train
10;20;0.0;2;True;1;6.1;81.0;13.0;81;train
6;17;0.0;3;True;0;25.84;32.0;33.0;857;train
2;8;0.0;3;True;0;6.1;75.0;6.0;576;train
10;22;0.0;3;True;0;23.02;74.0;0.0;241;train
7;22;0.0;5;True;0;26.78;45.0;0.0;263;train
1;4;0.0;0;False;0;7.04;49.0;17.0;6;train
5;22;0.0;2;True;0;19.26;78.0;15.0;83;train
1;20;0.0;3;True;0;2.34;37.0;17.0;165;train
1;14;0.0;3;True;0;6.1;33.0;26.0;105;train
7;19;0.0;4;True;1;33.36;39.0;17.0;503;train
5;9;0.0;6;False;0;17.38;49.0;0.0;335;train
12;19;0.0;1;True;1;3.28;93.0;9.0;18;train
12;22;0.0;5;True;1;8.92;93.0;6.0;165;train
8;2;0.0;1;True;0;20.2;83.0;11.0;5;train
11;1;0.0;1;True;1;6.1;56.0;11.0;8;train
10;9;0.0;5;True;0;20.2;60.0;6.0;384;train
7;19;0.0;6;False;0;35.24;33.0;9.0;287;train
12;23;0.0;6;False;1;10.8;94.0;0.0;162;train
8;0;0.0;3;True;0;23.02;69.0;0.0;47;train
2;8;0.0;5;True;0;3.28;65.0;15.0;441;train
7;22;0.0;6;False;1;20.2;88.0;7.0;180;train
2;0;0.0;3;True;0;12.68;38.0;19.0;31;train
6;21;0.0;2;True;0;23.96;83.0;7.0;274;train
4;1;0.0;5;True;0;13.62;82.0;13.0;25;train
8;9;0.0;6;False;0;23.02;65.0;19.0;292;train
9;19;0.0;1;True;0;21.14;38.0;20.0;633;train
10;0;0.0;6;False;0;8.92;57.0;6.0;249;train
12;2;0.0;3;True;0;5.16;56.0;11.0;9;train
8;1;0.0;2;True;0;24.9;84.0;9.0;18;train
11;1;0.0;4;True;3;6.1;52.0;24.0;12;train
10;6;0.0;5;True;0;16.44;83.0;0.0;137;train
5;20;0.0;3;True;1;17.38;60.0;9.0;431;train
10;5;0.0;0;False;1;12.68;54.0;9.0;10;train
2;23;0.0;2;True;1;8.92;50.0;6.0;57;train
6;18;0.0;6;False;0;22.08;36.0;0.0;512;train
7;23;0.0;6;False;1;23.96;83.0;6.0;211;train
6;19;0.0;6;False;0;29.6;27.0;13.0;425;train
2;19;0.0;1;True;0;15.5;29.0;26.0;334;train
8;15;0.0;2;True;0;27.72;37.0;0.0;302;train
6;5;0.0;5;True;0;15.5;72.0;7.0;29;train
7;0;0.0;0;False;0;23.96;89.0;11.0;187;train
10;7;0.0;6;False;0;6.1;61.0;11.0;70;train
8;9;0.0;0;False;1;23.02;74.0;0.0;270;train
3;9;0.0;5;True;0;6.1;81.0;0.0;314;train
3;6;0.0;1;True;0;7.98;57.0;7.0;88;train
2;9;0.0;4;True;1;6.1;70.0;11.0;202;train
8;22;0.0;0;False;0;25.84;79.0;6.0;157;train
4;2;0.0;5;True;0;7.98;49.0;13.0;11;train
2;17;0.0;2;True;0;11.74;38.0;24.0;523;train
7;11;0.0;2;True;0;29.6;46.0;13.0;249;train
11;11;0.0;5;True;0;10.8;50.0;13.0;251;train
11;10;0.0;4;True;0;7.04;31.0;22.0;161;train
12;21;0.0;0;False;1;8.92;93.0;0.0;106;train
10;7;0.0;2;True;3;19.26;83.0;7.0;260;train
4;22;0.0;3;True;0;15.5;51.0;0.0;192;train
3;11;0.0;4;True;0;18.32;60.0;9.0;211;train
5;20;0.0;2;True;1;22.08;69.0;19.0;302;train
9;23;0.0;2;True;0;17.38;68.0;7.0;109;train
3;16;0.0;5;True;3;10.8;62.0;19.0;367;train
10;16;0.0;1;True;0;18.32;64.0;20.0;447;train
4;2;0.0;0;False;1;8.92;76.0;11.0;81;train
1;0;0.0;0;False;0;8.92;66.0;0.0;48;train
10;14;0.0;4;True;0;16.44;32.0;6.0;348;train
8;21;0.0;1;True;0;25.84;66.0;13.0;290;train
8;8;0.0;5;True;3;21.14;91.0;11.0;119;train
8;20;0.0;4;True;0;26.78;58.0;11.0;471;train
8;23;0.0;4;True;0;23.02;74.0;0.0;156;train
1;14;0.0;2;True;0;-0.48;43.0;35.0;79;train
10;15;0.0;1;True;0;20.2;78.0;22.0;260;train
9;22;0.0;2;True;3;19.26;83.0;31.0;151;train
2;11;0.0;5;True;1;8.92;81.0;7.0;163;train
5;8;0.0;5;True;0;16.44;59.0;9.0;745;train
11;18;0.0;2;True;0;4.22;81.0;24.0;482;train
9;13;0.0;0;False;3;25.84;74.0;6.0;493;train
8;21;0.0;3;True;0;23.02;54.0;7.0;313;train
1;10;0.0;1;True;0;3.28;60.0;0.0;108;train
8;6;0.0;5;True;0;23.02;83.0;15.0;163;train
5;1;0.0;6;False;0;15.5;48.0;0.0;104;train
11;2;0.0;2;True;1;7.04;76.0;6.0;5;train
3;6;0.0;2;True;0;2.34;37.0;13.0;101;train
8;7;0.0;1;True;0;23.02;83.0;0.0;433;train
8;5;0.0;1;True;1;20.2;83.0;0.0;37;train
3;11;0.0;3;True;1;16.44;83.0;11.0;192;train
2;11;0.0;0;False;1;4.22;56.0;22.0;226;train
4;20;1.0;1;False;0;26.78;37.0;20.0;375;train
6;1;0.0;2;True;1;20.2;78.0;11.0;14;train
2;7;0.0;4;True;0;8.92;81.0;15.0;326;train
3;14;0.0;1;True;1;22.08;57.0;13.0;260;train
2;15;0.0;0;False;1;6.1;56.0;17.0;272;train
1;3;0.0;5;True;0;8.92;87.0;17.0;7;train
1;7;0.0;5;True;0;2.34;69.0;15.0;185;train
9;3;1.0;1;False;0;23.02;89.0;9.0;28;train
8;11;0.0;3;True;1;29.6;52.0;0.0;239;train
2;7;0.0;6;False;0;5.16;45.0;30.0;23;train
12;11;0.0;3;True;3;1.4;86.0;31.0;10;train
1;14;0.0;1;True;0;7.04;24.0;9.0;115;train
8;14;0.0;0;False;0;22.08;89.0;7.0;377;train
7;13;0.0;4;True;0;31.48;47.0;9.0;254;train
8;14;0.0;4;True;0;30.54;32.0;0.0;248;train
1;2;0.0;2;True;1;2.34;87.0;11.0;4;train
11;14;0.0;5;True;0;15.5;36.0;17.0;435;train
4;12;0.0;1;True;0;17.38;28.0;48.0;280;train
6;22;0.0;0;False;0;20.2;60.0;13.0;153;train
2;7;0.0;5;True;1;10.8;76.0;15.0;272;train
4;11;0.0;4;True;0;16.44;48.0;0.0;229;train
7;23;0.0;1;True;0;24.9;74.0;13.0;150;train
7;17;0.0;1;True;0;27.72;55.0;22.0;827;train
4;5;0.0;6;False;0;15.5;82.0;17.0;1;train
9;6;0.0;6;False;1;23.02;89.0;19.0;34;train
4;18;0.0;5;True;0;17.38;26.0;9.0;671;train
12;1;0.0;1;True;0;0.46;55.0;13.0;19;train
3;19;0.0;6;False;0;19.26;64.0;19.0;417;train
12;14;0.0;5;True;1;6.1;49.0;9.0;261;train
6;16;0.0;2;True;1;23.02;89.0;19.0;239;train
10;17;0.0;1;True;0;18.32;64.0;17.0;766;train
11;21;0.0;5;True;1;8.92;46.0;24.0;156;train
7;20;0.0;6;False;0;34.3;37.0;11.0;276;train
9;22;0.0;0;False;3;23.96;83.0;9.0;166;train
6;19;0.0;5;True;0;26.78;30.0;15.0;555;train
9;8;0.0;6;False;0;18.32;49.0;28.0;212;train
6;18;0.0;2;True;0;25.84;28.0;24.0;824;train
10;21;0.0;6;False;0;13.62;47.0;15.0;296;train
8;4;0.0;3;True;0;19.26;83.0;7.0;8;train
6;15;0.0;4;True;0;32.42;25.0;22.0;219;train
6;5;0.0;1;True;3;16.44;83.0;9.0;23;train
10;8;0.0;4;True;1;16.44;83.0;11.0;779;train
10;16;1.0;1;False;3;11.74;58.0;13.0;377;train
4;13;0.0;1;True;0;17.38;28.0;39.0;281;train
8;9;0.0;3;True;0;23.96;65.0;0.0;376;train
12;22;0.0;0;False;3;8.92;93.0;7.0;78;train
10;19;0.0;5;True;1;17.38;83.0;11.0;471;train
2;20;0.0;0;False;1;6.1;52.0;19.0;103;train
8;23;0.0;0;False;0;21.14;83.0;6.0;80;train
1;10;0.0;1;True;0;2.34;41.0;19.0;85;train
6;9;0.0;2;True;0;19.26;46.0;28.0;328;train
4;18;0.0;0;False;0;21.14;25.0;22.0;310;train
1;0;0.0;6;False;0;-0.48;47.0;7.0;44;train
4;15;0.0;2;True;0;23.02;24.0;22.0;308;train
12;19;0.0;2;True;0;7.04;53.0;15.0;433;train
2;22;0.0;6;False;0;10.8;40.0;30.0;118;train
7;8;0.0;0;False;0;24.9;65.0;15.0;127;train
10;0;0.0;4;True;0;12.68;51.0;9.0;42;train
10;7;0.0;5;True;1;16.44;88.0;7.0;421;train
12;16;0.0;3;True;0;13.62;33.0;19.0;377;train
10;4;0.0;0;False;0;8.92;71.0;11.0;21;train
4;23;0.0;3;True;0;16.44;23.0;28.0;131;train
3;8;0.0;2;True;0;2.34;37.0;20.0;581;train
2;4;0.0;0;False;0;3.28;41.0;13.0;6;train
6;11;0.0;5;True;0;29.6;49.0;11.0;236;train
4;10;0.0;4;True;0;11.74;35.0;19.0;246;train
3;3;0.0;2;True;0;0.46;51.0;19.0;1;train
5;21;0.0;1;True;0;21.14;69.0;6.0;241;train
5;9;0.0;3;True;1;20.2;83.0;0.0;325;train
7;23;0.0;6;False;0;23.02;83.0;6.0;208;train
7;4;0.0;6;False;0;24.9;79.0;13.0;11;train
5;15;1.0;1;False;0;30.54;56.0;20.0;460;train
10;20;0.0;2;True;0;19.26;64.0;9.0;379;train
12;5;0.0;4;True;1;6.1;70.0;7.0;35;train
9;9;0.0;1;True;0;20.2;53.0;20.0;361;train
8;1;0.0;6;False;0;23.02;74.0;15.0;116;train
2;18;0.0;3;True;3;10.8;87.0;0.0;192;train
1;16;0.0;4;True;0;4.22;41.0;22.0;193;train
3;12;0.0;0;False;1;10.8;94.0;15.0;360;train
6;18;0.0;6;False;0;30.54;24.0;15.0;451;train
5;21;0.0;4;True;0;23.96;44.0;11.0;359;train
1;17;0.0;2;True;0;17.38;26.0;28.0;559;train
6;9;0.0;4;True;0;24.9;54.0;11.0;351;train
12;14;0.0;4;True;1;8.92;53.0;13.0;214;train
3;9;0.0;5;True;1;7.98;42.0;35.0;284;train
4;8;0.0;1;True;0;12.68;30.0;13.0;617;train
2;4;0.0;4;True;1;2.34;75.0;30.0;1;train
7;1;0.0;6;False;0;27.72;70.0;11.0;71;train
5;17;0.0;2;True;0;26.78;48.0;6.0;681;train
8;22;0.0;1;True;0;24.9;84.0;13.0;161;train
8;8;0.0;2;True;0;20.2;78.0;9.0;723;train
4;20;0.0;3;True;1;11.74;77.0;7.0;260;train
7;19;0.0;3;True;0;27.72;33.0;9.0;698;train
3;5;0.0;0;False;1;10.8;94.0;7.0;6;train
7;14;0.0;2;True;0;34.3;25.0;13.0;310;train
6;8;0.0;0;False;0;17.38;60.0;6.0;140;train
12;22;0.0;0;False;1;10.8;82.0;13.0;89;train
1;3;0.0;0;False;1;-0.48;48.0;26.0;25;train
10;22;0.0;5;True;0;20.2;73.0;19.0;264;train
9;20;0.0;1;True;0;16.44;52.0;7.0;432;train
6;15;0.0;5;True;0;27.72;29.0;19.0;397;train
8;6;0.0;6;False;0;24.9;84.0;15.0;49;train
6;11;0.0;0;False;0;22.08;41.0;17.0;511;train
10;10;0.0;0;False;0;17.38;56.0;13.0;428;train
8;0;0.0;1;True;1;20.2;83.0;7.0;26;train
7;13;0.0;5;True;0;31.48;47.0;19.0;314;train
12;0;0.0;1;True;0;2.34;69.0;0.0;12;train
5;13;0.0;3;True;0;25.84;42.0;0.0;350;train
1;9;0.0;6;False;1;-0.48;93.0;17.0;42;train
9;6;0.0;5;True;0;21.14;88.0;7.0;140;train
7;7;0.0;5;True;0;28.66;46.0;9.0;353;train
9;8;0.0;2;True;0;14.56;67.0;13.0;805;train
3;1;0.0;4;True;0;15.5;59.0;7.0;23;train
3;15;0.0;3;True;0;17.38;37.0;30.0;209;train
10;23;0.0;5;True;0;13.62;88.0;7.0;131;train
4;6;0.0;4;True;0;6.1;65.0;17.0;96;train
1;0;0.0;6;False;3;-0.48;64.0;15.0;24;train
9;6;0.0;0;False;0;12.68;62.0;17.0;16;train
3;3;0.0;3;True;0;6.1;56.0;24.0;3;train
8;5;0.0;2;True;0;24.9;79.0;7.0;36;train
2;21;0.0;6;False;0;3.28;35.0;22.0;85;train
11;13;0.0;0;False;1;4.22;41.0;11.0;195;train
6;22;0.0;1;True;1;21.14;73.0;11.0;164;train
7;9;0.0;6;False;0;28.66;59.0;7.0;337;train
1;4;0.0;6;False;0;7.04;57.0;6.0;10;train
9;14;0.0;0;False;0;23.02;39.0;9.0;635;train
12;21;0.0;6;False;0;8.92;62.0;9.0;184;train
7;11;0.0;5;True;0;31.48;47.0;22.0;251;train
3;7;0.0;5;True;0;6.1;70.0;0.0;262;train
9;3;0.0;3;True;1;19.26;64.0;19.0;10;train
9;1;0.0;6;False;0;20.2;73.0;0.0;109;train
10;2;0.0;4;True;0;17.38;77.0;0.0;18;train
10;4;0.0;5;True;0;8.92;76.0;7.0;8;train
8;2;0.0;4;True;0;24.9;84.0;6.0;14;train
8;12;0.0;0;False;3;22.08;73.0;0.0;298;train
3;5;0.0;0;False;1;10.8;100.0;17.0;6;train
11;21;0.0;5;True;0;13.62;47.0;17.0;98;train
1;10;0.0;4;True;0;-1.42;59.0;0.0;108;train
10;13;0.0;3;True;1;17.38;49.0;9.0;310;train
3;6;0.0;4;True;1;11.74;94.0;0.0;109;train
4;7;0.0;6;False;0;8.92;71.0;7.0;64;train
7;16;0.0;4;True;0;36.18;38.0;26.0;374;train
6;15;0.0;5;True;0;37.12;36.0;0.0;230;train
9;22;0.0;6;False;0;18.32;52.0;0.0;279;train
5;20;0.0;5;True;0;23.96;51.0;7.0;313;train
8;10;0.0;6;False;1;24.9;65.0;20.0;442;train
9;17;0.0;5;True;0;23.96;57.0;19.0;846;train
5;9;0.0;3;True;1;20.2;78.0;9.0;347;train
11;20;0.0;6;False;1;7.98;66.0;6.0;172;train
10;10;0.0;2;True;0;15.5;48.0;19.0;222;train
1;14;0.0;0;False;0;7.04;26.0;17.0;280;train
2;18;0.0;2;True;1;9.86;46.0;20.0;406;train
7;21;0.0;1;True;0;25.84;70.0;13.0;322;train
11;0;0.0;2;True;0;3.28;60.0;7.0;19;train
12;13;0.0;0;False;0;7.04;39.0;15.0;186;train
6;22;0.0;5;True;0;23.96;69.0;9.0;197;train
5;13;0.0;3;True;0;24.9;51.0;0.0;289;train
6;9;0.0;0;False;0;24.9;58.0;0.0;266;train
1;17;0.0;4;True;1;11.74;71.0;0.0;413;train
3;23;0.0;5;True;0;7.04;33.0;20.0;86;train
2;20;0.0;6;False;1;-0.48;43.0;37.0;63;train
7;11;0.0;6;False;0;36.18;38.0;13.0;367;train
3;8;0.0;4;True;0;12.68;77.0;7.0;623;train
10;10;0.0;0;False;0;15.5;48.0;20.0;443;train
2;14;0.0;2;True;0;12.68;38.0;17.0;138;train
2;16;0.0;3;True;0;20.2;40.0;15.0;283;train
4;1;1.0;1;False;0;21.14;61.0;24.0;28;train
12;23;0.0;3;True;0;6.1;49.0;26.0;74;train
3;20;0.0;4;True;1;20.2;43.0;26.0;302;train
4;20;0.0;3;True;0;18.32;22.0;6.0;380;train
3;17;0.0;3;True;0;20.2;60.0;15.0;604;train
3;14;0.0;0;False;0;8.92;34.0;24.0;332;train
12;19;0.0;1;True;0;16.44;77.0;19.0;427;train
1;13;0.0;2;True;0;0.46;34.0;44.0;73;train
11;12;0.0;6;False;0;10.8;40.0;11.0;476;train
4;19;0.0;3;True;0;20.2;20.0;13.0;543;train
2;3;0.0;6;False;3;3.28;87.0;15.0;9;train
8;4;0.0;2;True;0;18.32;88.0;0.0;4;train
4;21;0.0;6;False;3;15.5;82.0;26.0;102;train
6;20;0.0;3;True;0;32.42;39.0;15.0;407;train
2;3;0.0;5;True;1;5.16;93.0;7.0;1;train
8;7;0.0;5;True;1;22.08;89.0;6.0;421;train
4;17;1.0;1;False;0;29.6;33.0;26.0;712;train
3;13;0.0;2;True;0;20.2;78.0;13.0;284;train
4;2;0.0;5;True;0;14.56;59.0;28.0;22;train
3;3;0.0;2;True;3;16.44;72.0;20.0;2;train
1;4;0.0;0;False;1;-0.48;47.0;26.0;6;train
9;16;1.0;1;False;0;26.78;70.0;15.0;500;train
3;23;0.0;0;False;0;4.22;41.0;13.0;26;train
4;23;0.0;2;True;0;17.38;32.0;15.0;82;train
6;2;0.0;1;True;0;23.02;74.0;7.0;17;train
4;0;0.0;0;False;0;12.68;24.0;15.0;85;train
4;18;0.0;4;True;1;17.38;77.0;13.0;664;train
9;22;0.0;2;True;0;26.78;70.0;19.0;179;train
11;9;0.0;6;False;1;7.98;49.0;20.0;219;train
12;18;0.0;5;True;1;9.86;71.0;7.0;498;train
2;1;0.0;4;True;1;6.1;70.0;0.0;5;train
12;20;0.0;1;True;3;3.28;93.0;9.0;23;train
2;6;0.0;2;True;0;7.04;45.0;20.0;100;train
2;20;0.0;4;True;0;8.92;46.0;35.0;213;train
11;17;0.0;4;True;0;7.98;39.0;13.0;561;train
5;13;0.0;5;True;0;26.78;62.0;9.0;333;train
1;1;0.0;5;True;0;2.34;75.0;0.0;8;train
9;23;0.0;5;True;0;20.2;73.0;22.0;186;train
9;10;0.0;6;False;0;23.02;65.0;22.0;474;train
8;19;0.0;0;False;1;22.08;89.0;11.0;292;train
2;9;0.0;0;False;1;3.28;56.0;17.0;93;train
5;14;0.0;0;False;0;27.72;58.0;17.0;547;train
7;13;0.0;1;True;0;29.6;49.0;11.0;226;train
3;0;0.0;3;True;0;8.92;40.0;19.0;30;train
11;22;0.0;0;False;0;6.1;52.0;19.0;79;train
3;13;0.0;5;True;1;9.86;29.0;26.0;224;train
3;22;0.0;3;True;0;18.32;64.0;9.0;172;train
8;0;0.0;4;True;0;22.08;69.0;0.0;65;train
5;18;0.0;0;False;1;21.14;61.0;13.0;463;train
7;7;0.0;2;True;1;24.9;74.0;7.0;520;train
9;1;0.0;3;True;0;16.44;72.0;7.0;21;train
9;8;0.0;4;True;3;24.9;79.0;0.0;646;train
11;9;0.0;1;True;0;5.16;56.0;6.0;286;train
5;7;0.0;3;True;0;19.26;83.0;0.0;468;train
6;4;0.0;0;False;0;21.14;78.0;6.0;10;train
7;15;0.0;0;False;3;35.24;42.0;19.0;298;train
3;21;0.0;4;True;0;20.2;43.0;26.0;233;train
7;22;0.0;6;False;0;23.02;78.0;6.0;276;train
6;0;0.0;0;False;0;18.32;56.0;9.0;148;train
2;18;0.0;0;False;1;6.1;49.0;22.0;167;train
7;6;0.0;6;False;1;22.08;78.0;6.0;35;train
8;15;0.0;5;True;0;29.6;52.0;30.0;324;train
3;10;0.0;2;True;0;16.44;77.0;15.0;143;train
10;21;0.0;3;True;1;10.8;50.0;13.0;192;train
7;19;0.0;1;True;0;26.78;55.0;11.0;631;train
9;11;0.0;0;False;0;20.2;43.0;15.0;591;train
10;21;0.0;0;False;0;18.32;73.0;30.0;196;train
11;12;0.0;6;False;1;8.92;46.0;31.0;394;train
3;17;0.0;0;False;0;18.32;64.0;6.0;541;train
4;3;1.0;1;False;0;19.26;68.0;13.0;8;train
2;11;0.0;4;True;0;14.56;48.0;19.0;182;train
2;16;0.0;1;True;0;10.8;43.0;17.0;228;train
7;4;0.0;6;False;3;19.26;88.0;19.0;16;train
5;1;0.0;4;True;0;20.2;83.0;11.0;28;train
4;3;0.0;5;True;0;12.68;88.0;7.0;10;train
8;18;0.0;0;False;1;22.08;78.0;7.0;377;train
10;19;0.0;3;True;1;22.08;53.0;6.0;572;train
2;11;0.0;6;False;0;6.1;39.0;41.0;210;train
3;1;0.0;6;False;0;18.32;73.0;6.0;128;train
8;8;0.0;4;True;0;23.96;61.0;13.0;682;train
8;23;0.0;6;False;0;22.08;65.0;6.0;235;train
1;23;0.0;4;True;0;4.22;48.0;22.0;56;train
4;6;0.0;5;True;0;10.8;43.0;17.0;120;train
12;14;0.0;3;True;0;11.74;50.0;13.0;218;train
12;12;0.0;5;True;1;7.98;71.0;13.0;240;train
11;0;0.0;0;False;0;6.1;61.0;7.0;102;train
12;14;0.0;6;False;0;10.8;50.0;11.0;426;train
12;7;0.0;5;True;0;1.4;72.0;7.0;308;train
10;7;0.0;6;False;0;10.8;82.0;0.0;65;train
9;10;0.0;1;True;0;17.38;49.0;15.0;198;train
3;2;0.0;4;True;1;13.62;94.0;19.0;6;train
4;1;0.0;4;True;0;7.04;66.0;15.0;9;train
9;6;0.0;0;False;0;15.5;72.0;0.0;35;train
8;1;0.0;6;False;3;21.14;94.0;11.0;92;train
9;9;0.0;4;True;0;20.2;64.0;6.0;338;train
5;20;0.0;3;True;0;23.02;65.0;17.0;459;train
11;0;0.0;3;True;0;7.98;81.0;0.0;26;train
9;15;0.0;6;False;3;18.32;88.0;17.0;512;train
4;8;0.0;1;True;1;6.1;75.0;22.0;482;train
5;11;0.0;4;True;0;16.44;48.0;35.0;256;train
12;3;0.0;2;True;3;8.92;76.0;19.0;3;train
6;22;0.0;4;True;1;22.08;65.0;15.0;242;train
9;23;0.0;2;True;0;20.2;56.0;22.0;98;train
5;17;0.0;3;True;3;22.08;69.0;7.0;285;train
10;17;0.0;5;True;3;21.14;69.0;24.0;425;train
7;7;0.0;3;True;0;26.78;66.0;11.0;495;train
2;23;0.0;2;True;0;7.04;53.0;15.0;65;train
7;11;0.0;3;True;0;34.3;42.0;0.0;183;train
2;4;0.0;3;True;0;3.28;70.0;6.0;1;train
7;18;0.0;1;True;0;27.72;58.0;28.0;812;train
2;2;0.0;2;True;0;6.1;61.0;0.0;4;train
8;22;0.0;2;True;0;25.84;74.0;7.0;224;train
11;1;0.0;3;True;1;4.22;75.0;15.0;12;train
8;11;0.0;3;True;0;25.84;58.0;6.0;267;train
1;15;0.0;0;False;0;10.8;37.0;19.0;330;train
6;14;0.0;2;True;3;22.08;89.0;17.0;60;train
3;7;0.0;5;True;1;9.86;40.0;20.0;268;train
12;21;0.0;1;True;0;4.22;60.0;11.0;90;train
2;8;0.0;5;True;0;1.4;59.0;11.0;448;train
3;1;0.0;2;True;0;6.1;26.0;31.0;5;train
8;4;0.0;3;True;0;20.2;73.0;15.0;10;train
1;17;0.0;4;True;0;13.62;63.0;11.0;495;train
10;1;0.0;0;False;0;11.74;77.0;19.0;112;train
2;5;0.0;2;True;0;7.04;49.0;6.0;15;train
3;21;0.0;5;True;1;12.68;94.0;0.0;152;train
1;8;0.0;5;True;0;3.28;52.0;24.0;419;train
5;18;0.0;5;True;0;22.08;23.0;19.0;596;train
12;14;0.0;5;True;1;7.04;39.0;30.0;219;train
10;10;1.0;1;False;1;9.86;68.0;9.0;298;train
8;18;0.0;6;False;0;32.42;41.0;22.0;490;train
1;14;0.0;6;False;0;9.86;50.0;26.0;362;train
12;22;0.0;5;True;1;3.28;70.0;6.0;62;train
1;21;0.0;4;True;0;4.22;44.0;24.0;121;train
12;17;0.0;0;False;0;7.04;49.0;13.0;114;train
6;15;0.0;2;True;0;28.66;59.0;11.0;259;train
11;1;0.0;1;True;1;8.92;66.0;15.0;19;train
4;0;0.0;1;True;3;8.92;81.0;28.0;6;train
8;22;0.0;4;True;0;25.84;51.0;11.0;254;train
2;18;0.0;5;True;1;11.74;94.0;0.0;300;train
3;11;0.0;1;True;0;14.56;31.0;39.0;178;train
5;6;0.0;2;True;0;23.02;78.0;15.0;154;train
1;8;0.0;4;True;1;1.4;75.0;0.0;388;train
12;17;0.0;6;False;1;7.98;76.0;7.0;320;train
1;5;0.0;2;True;0;10.8;47.0;15.0;23;train
3;6;0.0;6;False;1;11.74;94.0;13.0;30;train
8;4;0.0;1;True;0;21.14;83.0;0.0;12;train
11;3;0.0;2;True;0;2.34;64.0;7.0;4;train
7;1;0.0;4;True;1;23.02;61.0;0.0;21;train
1;22;0.0;4;True;1;4.22;44.0;28.0;90;train
5;5;0.0;4;True;1;13.62;88.0;17.0;21;train
10;21;0.0;3;True;0;13.62;82.0;13.0;329;train
3;10;0.0;6;False;1;10.8;87.0;0.0;168;train
8;14;0.0;2;True;0;27.72;37.0;6.0;302;train
3;22;0.0;1;True;1;18.32;56.0;15.0;133;train
6;11;0.0;4;True;0;23.02;57.0;17.0;228;train
7;11;0.0;3;True;1;27.72;58.0;9.0;229;train
9;21;0.0;3;True;0;23.02;65.0;13.0;360;train
7;1;0.0;2;True;0;24.9;74.0;9.0;15;train
3;6;0.0;3;True;0;8.92;46.0;24.0;115;train
7;21;0.0;4;True;0;29.6;49.0;41.0;271;train
6;19;0.0;4;True;0;24.9;48.0;17.0;579;train
9;14;0.0;5;True;0;24.9;54.0;20.0;412;train
4;7;0.0;0;False;1;8.92;71.0;9.0;84;train
10;12;0.0;6;False;0;20.2;53.0;17.0;668;train
12;23;0.0;6;False;1;8.92;62.0;9.0;119;train
2;17;0.0;1;True;0;10.8;43.0;17.0;430;train
6;0;0.0;1;True;0;18.32;73.0;17.0;40;train
10;19;0.0;4;True;0;17.38;83.0;13.0;542;train
4;16;0.0;4;True;0;21.14;41.0;7.0;387;train
4;19;0.0;2;True;0;15.5;18.0;17.0;482;train
5;1;0.0;0;False;1;17.38;68.0;9.0;94;train
1;11;0.0;2;True;0;11.74;38.0;20.0;101;train
5;20;0.0;4;True;0;23.96;44.0;11.0;479;train
11;5;0.0;1;True;1;8.92;66.0;15.0;39;train
1;19;0.0;1;True;3;1.4;93.0;6.0;190;train
10;6;0.0;4;True;3;21.14;94.0;6.0;133;train
10;23;0.0;1;True;0;13.62;63.0;15.0;81;train
6;23;0.0;1;True;0;19.26;49.0;20.0;86;train
7;21;0.0;3;True;0;25.84;58.0;15.0;391;train
10;14;0.0;1;True;1;20.2;78.0;19.0;185;train
11;1;0.0;5;True;0;7.04;53.0;19.0;20;train
5;2;0.0;6;False;0;19.26;88.0;0.0;75;train
6;7;0.0;5;True;0;18.32;83.0;11.0;430;train
12;18;0.0;4;True;1;3.28;60.0;17.0;197;train
7;8;0.0;3;True;0;28.66;62.0;7.0;679;train
7;1;0.0;4;True;0;26.78;66.0;6.0;25;train
12;21;0.0;5;True;1;8.92;93.0;7.0;171;train
1;6;0.0;0;False;1;6.1;52.0;0.0;2;train
8;5;0.0;2;True;0;18.32;83.0;6.0;34;train
6;20;0.0;5;True;0;25.84;32.0;9.0;408;train
6;22;0.0;5;True;3;30.54;63.0;13.0;163;train
12;1;0.0;3;True;0;6.1;65.0;6.0;15;train
7;5;0.0;2;True;0;23.96;74.0;6.0;38;train
12;4;0.0;2;True;1;10.8;87.0;9.0;7;train
9;21;0.0;0;False;0;24.9;70.0;11.0;171;train
11;7;1.0;4;False;0;2.34;75.0;9.0;56;train
1;10;0.0;5;True;0;4.22;65.0;13.0;116;train
9;18;0.0;3;True;0;27.72;75.0;13.0;839;train
3;13;0.0;5;True;0;11.74;44.0;15.0;222;train
10;10;0.0;3;True;0;18.32;52.0;20.0;217;train
1;8;0.0;1;True;3;1.4;86.0;9.0;272;train
1;10;0.0;5;True;1;2.34;44.0;19.0;97;train
7;14;0.0;0;False;0;37.12;36.0;11.0;312;train
6;17;0.0;2;True;0;20.2;43.0;0.0;850;train
8;4;0.0;1;True;1;25.84;74.0;9.0;11;train
2;3;0.0;4;True;3;12.68;67.0;13.0;6;train
3;1;0.0;3;True;0;16.44;83.0;6.0;26;train
7;21;0.0;6;False;0;33.36;37.0;13.0;201;train
12;13;1.0;2;False;0;10.8;50.0;22.0;121;train
7;2;0.0;4;True;0;23.02;69.0;17.0;21;train
5;11;0.0;4;True;0;25.84;37.0;19.0;218;train
9;2;0.0;0;False;0;16.44;63.0;0.0;89;train
3;4;0.0;6;False;0;11.74;77.0;28.0;8;train
8;12;0.0;6;False;0;32.42;40.0;24.0;547;train
12;11;0.0;3;True;0;12.68;44.0;19.0;172;train
5;1;0.0;1;True;3;19.26;88.0;24.0;15;train
8;3;0.0;4;True;0;23.02;83.0;0.0;6;train
5;14;0.0;0;False;0;25.84;39.0;26.0;543;train
5;23;0.0;2;True;0;21.14;73.0;7.0;105;train
10;16;0.0;0;False;3;10.8;82.0;11.0;333;train
10;23;0.0;5;True;0;16.44;83.0;11.0;178;train
2;10;0.0;4;True;0;11.74;67.0;13.0;148;train
7;13;0.0;5;True;3;23.96;83.0;7.0;156;train
4;23;0.0;1;True;0;12.68;35.0;11.0;66;train
10;9;1.0;1;False;1;9.86;66.0;11.0;332;train
9;12;0.0;3;True;0;20.2;43.0;17.0;313;train
7;12;0.0;1;True;0;31.48;32.0;13.0;257;train
11;11;0.0;3;True;0;7.04;45.0;11.0;146;train
7;6;0.0;0;False;0;24.9;79.0;6.0;27;train
3;11;0.0;1;True;0;18.32;68.0;11.0;201;train
2;20;0.0;2;True;0;8.92;50.0;9.0;212;train
11;10;0.0;4;True;1;7.04;66.0;9.0;153;train
3;3;0.0;5;True;0;7.04;57.0;13.0;3;train
2;11;0.0;4;True;3;10.8;82.0;17.0;105;train
9;16;0.0;5;True;0;29.6;55.0;19.0;470;train
8;12;0.0;3;True;0;27.72;40.0;0.0;360;train
5;0;0.0;6;False;0;16.44;48.0;7.0;148;train
12;19;0.0;0;False;0;8.92;93.0;9.0;109;train
7;7;0.0;6;False;0;28.66;66.0;7.0;71;train
8;18;0.0;4;True;0;29.6;38.0;9.0;853;train
8;14;0.0;0;False;3;22.08;73.0;0.0;149;train
7;8;0.0;6;False;0;21.14;78.0;19.0;151;train
4;15;0.0;1;True;0;19.26;28.0;37.0;255;train
3;14;0.0;4;True;1;25.84;30.0;7.0;258;train
10;2;0.0;4;True;0;22.08;89.0;0.0;13;train
9;9;0.0;3;True;0;20.2;64.0;13.0;334;train
3;9;0.0;3;True;0;16.44;68.0;0.0;351;train
6;13;0.0;0;False;0;22.08;53.0;11.0;614;train
10;19;0.0;5;True;0;21.14;73.0;11.0;500;train
2;8;1.0;1;False;0;1.4;59.0;24.0;120;train
6;19;0.0;2;True;0;25.84;28.0;15.0;612;train
11;17;0.0;5;True;0;8.92;46.0;13.0;580;train
4;8;0.0;2;True;0;9.86;62.0;9.0;692;train
11;10;0.0;3;True;0;6.1;49.0;7.0;161;train
8;19;0.0;0;False;1;22.08;73.0;9.0;341;train
11;9;0.0;0;False;1;3.28;48.0;15.0;96;train
6;13;0.0;6;False;0;33.36;30.0;17.0;428;train
7;2;0.0;1;True;1;23.02;94.0;6.0;17;train
5;7;0.0;6;False;1;21.14;88.0;11.0;54;train
11;0;0.0;5;True;0;5.16;65.0;0.0;32;train
2;17;0.0;2;True;0;11.74;26.0;6.0;530;train
6;7;0.0;3;True;1;23.02;89.0;0.0;464;train
9;23;0.0;0;False;0;17.38;68.0;7.0;94;train
6;10;0.0;1;True;0;25.84;62.0;11.0;147;train
8;23;0.0;2;True;0;23.96;57.0;0.0;109;train
8;21;0.0;1;True;0;25.84;74.0;13.0;278;train
11;23;0.0;0;False;0;8.92;66.0;15.0;59;train
11;14;0.0;0;False;1;6.1;42.0;17.0;203;train
6;20;0.0;0;False;0;28.66;46.0;17.0;332;train
5;12;0.0;0;False;0;26.78;66.0;17.0;570;train
10;23;0.0;6;False;0;11.74;58.0;20.0;125;train
6;2;0.0;1;True;0;18.32;60.0;15.0;11;train
12;19;1.0;2;False;1;7.04;66.0;15.0;36;train
12;16;0.0;4;True;0;7.98;39.0;7.0;406;train
8;11;0.0;5;True;0;32.42;28.0;20.0;309;train
8;4;0.0;1;True;1;20.2;83.0;6.0;7;train
12;5;0.0;0;False;1;4.22;93.0;0.0;8;train
1;5;0.0;0;False;3;-0.48;74.0;15.0;3;train
4;0;0.0;3;True;0;12.68;38.0;0.0;36;train
5;12;0.0;3;True;1;21.14;57.0;15.0;280;train
11;0;0.0;5;True;0;4.22;70.0;11.0;52;train
6;14;0.0;3;True;0;33.36;39.0;13.0;190;train
12;6;0.0;0;False;1;7.98;87.0;0.0;6;train
12;13;0.0;2;True;1;9.86;50.0;15.0;254;train
8;17;0.0;4;True;0;30.54;52.0;17.0;865;train
10;3;0.0;6;False;0;11.74;77.0;9.0;29;train
12;16;0.0;6;False;1;9.86;66.0;0.0;443;train
2;16;0.0;3;True;3;4.22;81.0;7.0;75;train
10;0;0.0;3;True;1;13.62;88.0;6.0;33;train
3;23;0.0;4;True;0;18.32;83.0;6.0;151;train
7;14;0.0;2;True;0;29.6;55.0;19.0;260;train
1;4;1.0;1;False;0;-2.36;58.0;7.0;8;train
4;2;0.0;4;True;1;14.56;55.0;7.0;13;train
9;16;0.0;4;True;0;22.08;47.0;11.0;457;train
6;3;0.0;0;False;0;16.44;63.0;7.0;50;train
12;17;0.0;3;True;3;4.22;93.0;24.0;53;train
5;0;0.0;3;True;1;19.26;83.0;13.0;35;train
3;12;0.0;0;False;1;12.68;88.0;9.0;503;train
8;21;0.0;5;True;0;27.72;58.0;13.0;303;train
9;15;0.0;6;False;0;26.78;48.0;26.0;750;train
7;6;0.0;1;True;3;22.08;89.0;17.0;92;train
2;12;0.0;6;False;1;4.22;81.0;11.0;221;train
10;13;0.0;6;False;0;13.62;36.0;13.0;670;train
10;5;0.0;1;True;0;9.86;76.0;6.0;46;train
6;19;0.0;1;True;1;21.14;73.0;6.0;463;train
5;15;0.0;4;True;0;22.08;36.0;17.0;316;train
7;4;0.0;1;True;1;25.84;54.0;20.0;12;train
11;2;1.0;4;False;0;3.28;75.0;6.0;18;train
7;20;0.0;4;True;0;32.42;50.0;17.0;446;train
9;19;0.0;5;True;0;26.78;62.0;19.0;568;train
2;8;0.0;6;False;0;2.34;87.0;0.0;102;train
6;22;0.0;3;True;0;16.44;77.0;6.0;248;train
9;0;0.0;6;False;0;26.78;62.0;7.0;168;train
9;14;0.0;3;True;0;21.14;38.0;17.0;286;train
8;16;0.0;5;True;0;28.66;55.0;20.0;467;train
5;21;0.0;3;True;0;22.08;73.0;13.0;393;train
2;13;0.0;2;True;0;7.98;49.0;28.0;131;train
3;13;0.0;4;True;0;19.26;32.0;17.0;211;train
2;23;0.0;3;True;0;7.98;53.0;6.0;58;train
6;17;0.0;5;True;1;30.54;38.0;11.0;646;train
4;7;0.0;0;False;3;11.74;77.0;26.0;24;train
7;23;0.0;2;True;0;23.02;83.0;0.0;171;train
7;18;0.0;2;True;1;32.42;30.0;0.0;627;train
10;5;0.0;6;False;0;10.8;82.0;0.0;13;train
6;21;0.0;3;True;0;22.08;44.0;24.0;396;train
2;18;0.0;0;False;0;-0.48;40.0;31.0;96;train
12;19;0.0;0;False;0;7.98;61.0;0.0;102;train
4;7;0.0;4;True;1;10.8;82.0;9.0;406;train
10;6;0.0;2;True;3;19.26;83.0;7.0;179;train
2;19;0.0;4;True;1;7.04;87.0;11.0;258;train
7;8;0.0;5;True;0;29.6;41.0;11.0;585;train
5;19;0.0;2;True;0;24.9;54.0;9.0;487;train
7;1;0.0;1;True;0;24.9;74.0;0.0;19;train
8;5;0.0;2;True;1;23.02;83.0;6.0;42;train
2;1;0.0;2;True;0;5.16;61.0;9.0;14;train
10;12;0.0;5;True;0;22.08;69.0;15.0;332;train
4;1;0.0;5;True;0;15.5;59.0;30.0;35;train
8;22;0.0;2;True;0;25.84;66.0;6.0;189;train
9;10;0.0;4;True;3;23.02;94.0;9.0;49;train
9;12;0.0;2;True;3;23.96;83.0;30.0;88;train
11;19;0.0;2;True;0;4.22;73.0;20.0;350;train
8;15;0.0;0;False;0;27.72;40.0;9.0;577;train
4;10;0.0;0;False;1;10.8;71.0;7.0;360;train
12;12;0.0;0;False;1;7.98;81.0;11.0;520;train
4;11;0.0;5;True;0;10.8;37.0;20.0;291;train
1;18;0.0;6;False;0;17.38;45.0;9.0;297;train
7;3;0.0;2;True;0;24.9;65.0;9.0;2;train
6;9;0.0;3;True;0;18.32;60.0;6.0;303;train
7;9;0.0;5;True;1;25.84;51.0;0.0;414;train
8;1;0.0;1;True;0;23.02;65.0;6.0;14;train
10;12;0.0;4;True;1;25.84;54.0;13.0;288;train
9;5;0.0;0;False;0;16.44;77.0;13.0;55;train
9;7;0.0;3;True;1;24.9;79.0;17.0;500;train
2;14;0.0;4;True;3;7.04;81.0;13.0;31;train
10;14;0.0;3;True;1;11.74;50.0;15.0;224;train
3;16;0.0;5;True;1;25.84;42.0;11.0;589;train
5;10;0.0;1;True;3;19.26;88.0;19.0;99;train
11;11;0.0;4;True;1;7.98;61.0;9.0;166;train
6;19;0.0;5;True;1;27.72;55.0;35.0;362;train
2;17;0.0;4;True;3;7.98;87.0;0.0;289;train
6;15;0.0;4;True;0;26.78;30.0;0.0;333;train
10;5;0.0;5;True;1;17.38;88.0;0.0;36;train
1;18;0.0;4;True;0;7.98;36.0;11.0;383;train
5;5;0.0;1;True;0;13.62;88.0;7.0;23;train
6;18;0.0;3;True;0;29.6;27.0;22.0;804;train
1;8;0.0;3;True;0;-7.06;44.0;9.0;315;train
1;19;0.0;2;True;0;12.68;51.0;6.0;331;train
2;15;0.0;2;True;1;11.74;38.0;30.0;145;train
7;9;0.0;6;False;0;23.02;74.0;13.0;282;train
7;5;0.0;4;True;0;23.02;74.0;13.0;42;train
6;4;0.0;5;True;1;27.72;66.0;0.0;10;train
9;22;0.0;6;False;1;23.02;89.0;0.0;78;train
9;1;0.0;5;True;0;18.32;73.0;6.0;41;train
9;17;1.0;1;False;0;26.78;70.0;9.0;498;train
5;6;0.0;3;True;1;20.2;78.0;7.0;144;train
3;5;0.0;0;False;0;3.28;60.0;11.0;7;train
1;16;0.0;3;True;1;7.98;87.0;17.0;118;train
8;5;0.0;1;True;0;21.14;88.0;0.0;36;train
12;19;0.0;4;True;3;7.98;71.0;17.0;118;train
9;16;0.0;1;True;0;19.26;30.0;17.0;516;train
4;0;0.0;0;False;1;17.38;56.0;13.0;124;train
4;17;0.0;4;True;0;20.2;43.0;6.0;748;train
4;18;0.0;1;True;3;7.04;81.0;9.0;379;train
8;14;0.0;5;True;1;32.42;44.0;17.0;331;train
1;19;0.0;0;False;0;-0.48;37.0;11.0;110;train
12;9;0.0;3;True;0;5.16;75.0;7.0;317;train
12;19;0.0;4;True;0;3.28;60.0;19.0;117;train
5;23;0.0;2;True;0;20.2;78.0;0.0;95;train
9;23;0.0;1;True;0;17.38;52.0;0.0;93;train
3;3;0.0;5;True;0;7.98;61.0;9.0;7;train
7;11;0.0;3;True;0;27.72;33.0;0.0;281;train
9;8;0.0;0;False;0;23.96;89.0;6.0;129;train
7;16;0.0;5;True;0;35.24;29.0;7.0;369;train
3;22;0.0;5;True;0;8.92;71.0;11.0;153;train
8;18;0.0;4;True;0;29.6;59.0;15.0;767;train
7;23;0.0;1;True;0;26.78;51.0;7.0;102;train
12;1;0.0;3;True;0;5.16;61.0;15.0;21;train
4;17;0.0;3;True;1;11.74;77.0;13.0;488;train
10;19;0.0;1;True;0;16.44;52.0;7.0;514;train
7;16;0.0;5;True;1;29.6;36.0;15.0;492;train
9;8;0.0;2;True;0;17.38;68.0;6.0;750;train
7;12;0.0;4;True;0;34.3;35.0;24.0;276;train
3;0;0.0;0;False;1;10.8;30.0;24.0;72;train
4;19;0.0;5;True;0;17.38;24.0;11.0;427;train
1;15;0.0;1;True;0;7.04;24.0;13.0;138;train
12;5;0.0;1;True;0;0.46;80.0;9.0;9;train
9;11;0.0;4;True;0;23.02;50.0;11.0;254;train
9;18;0.0;6;False;0;25.84;54.0;19.0;598;train
11;11;0.0;4;True;0;8.92;29.0;26.0;171;train
3;18;0.0;5;True;0;11.74;54.0;13.0;560;train
2;10;0.0;0;False;1;4.22;52.0;17.0;191;train
11;7;0.0;2;True;3;7.04;87.0;17.0;107;train
5;4;0.0;3;True;0;17.38;88.0;0.0;4;train
10;17;0.0;3;True;0;19.26;43.0;15.0;948;train
8;2;0.0;0;False;1;22.08;89.0;15.0;116;train
9;13;1.0;1;False;1;27.72;66.0;17.0;566;train
8;14;0.0;5;True;0;28.66;43.0;7.0;338;train
4;7;0.0;4;True;3;13.62;82.0;24.0;225;train
6;7;0.0;0;False;0;22.08;69.0;7.0;71;train
3;14;0.0;6;False;1;15.5;63.0;17.0;551;train
9;12;0.0;5;True;0;23.96;57.0;11.0;389;train
12;18;0.0;4;True;0;7.04;42.0;7.0;466;train
11;15;1.0;4;False;0;14.56;29.0;0.0;228;train
4;4;0.0;3;True;0;7.98;66.0;6.0;6;train
6;7;0.0;6;False;0;22.08;89.0;11.0;92;train
12;17;0.0;0;False;3;10.8;76.0;13.0;303;train
5;18;0.0;4;True;0;25.84;54.0;22.0;752;train
5;14;0.0;3;True;0;23.96;65.0;9.0;248;train
7;14;0.0;6;False;0;29.6;55.0;7.0;632;train
12;15;0.0;3;True;0;11.74;50.0;19.0;237;train
8;15;0.0;5;True;0;32.42;30.0;31.0;383;train
3;1;0.0;4;True;3;13.62;94.0;7.0;12;train
3;14;0.0;3;True;0;21.14;38.0;24.0;221;train
2;1;0.0;3;True;0;7.04;49.0;7.0;6;train
6;6;0.0;5;True;0;16.44;68.0;6.0;139;train
2;1;0.0;5;True;0;6.1;56.0;22.0;22;train
11;11;0.0;2;True;0;7.04;45.0;9.0;216;train
5;22;0.0;1;True;1;19.26;78.0;6.0;129;train
5;13;0.0;0;False;0;24.9;37.0;19.0;607;train
4;5;0.0;5;True;0;11.74;94.0;0.0;25;train
12;11;0.0;5;True;1;7.04;76.0;13.0;203;train
5;16;0.0;6;False;0;28.66;55.0;17.0;504;train
8;10;0.0;0;False;0;26.78;66.0;26.0;385;train
8;4;0.0;3;True;0;24.9;84.0;0.0;7;train
5;23;0.0;2;True;3;20.2;78.0;22.0;63;train
9;4;0.0;0;False;0;13.62;55.0;15.0;10;train
3;17;0.0;2;True;0;8.92;34.0;19.0;446;train
1;19;0.0;3;True;1;1.4;40.0;7.0;184;train
4;19;0.0;2;True;0;16.44;20.0;24.0;479;train
12;1;0.0;3;True;0;16.44;55.0;22.0;11;train
6;12;0.0;4;True;0;24.9;42.0;0.0;336;train
7;20;0.0;5;True;3;22.08;83.0;26.0;251;train
9;2;0.0;5;True;0;18.32;73.0;0.0;30;train
6;14;0.0;2;True;0;27.72;58.0;7.0;227;train
2;2;0.0;2;True;0;3.28;60.0;0.0;3;train
7;19;0.0;4;True;0;26.78;48.0;15.0;629;train
5;6;0.0;1;True;3;16.44;94.0;20.0;65;train
10;7;0.0;2;True;0;11.74;67.0;6.0;525;train
3;2;0.0;5;True;0;17.38;88.0;6.0;32;train
5;1;0.0;5;True;0;21.14;83.0;6.0;42;train
7;3;0.0;2;True;0;23.02;83.0;6.0;6;train
5;11;0.0;2;True;1;20.2;78.0;0.0;189;train
6;13;0.0;1;True;0;22.08;41.0;24.0;274;train
4;9;0.0;2;True;0;11.74;38.0;6.0;408;train
4;19;0.0;6;False;0;17.38;16.0;22.0;413;train
6;22;0.0;5;True;0;22.08;53.0;9.0;321;train
10;2;0.0;6;False;0;18.32;78.0;13.0;75;train
10;22;0.0;0;False;3;12.68;88.0;24.0;37;train
2;0;0.0;4;True;1;12.68;47.0;17.0;42;train
3;16;0.0;5;True;0;14.56;23.0;28.0;343;train
9;16;0.0;0;False;0;26.78;70.0;0.0;474;train
10;12;0.0;3;True;0;10.8;58.0;13.0;241;train
9;4;0.0;4;True;0;16.44;83.0;0.0;6;train
3;3;0.0;1;True;0;2.34;51.0;11.0;1;train
2;20;0.0;3;True;3;11.74;88.0;11.0;97;train
10;13;0.0;3;True;0;23.02;54.0;0.0;306;train
10;6;0.0;5;True;1;16.44;88.0;6.0;144;train
11;18;0.0;5;True;0;11.74;44.0;7.0;496;train
4;13;0.0;2;True;0;15.5;29.0;26.0;224;train
6;16;0.0;3;True;0;25.84;30.0;33.0;392;train
1;6;0.0;0;False;1;-1.42;50.0;19.0;8;train
7;16;0.0;0;False;0;35.24;33.0;20.0;313;train
2;6;0.0;1;True;0;-0.48;86.0;7.0;72;train
2;13;0.0;1;True;0;9.86;40.0;15.0;141;train
8;4;0.0;2;True;0;23.96;83.0;9.0;9;train
4;20;0.0;1;True;0;13.62;31.0;11.0;329;train
8;4;0.0;5;True;3;24.9;84.0;19.0;7;train
7;10;0.0;2;True;0;27.72;62.0;13.0;190;train
2;8;0.0;3;True;1;5.16;75.0;7.0;116;train
4;6;0.0;3;True;0;7.98;66.0;0.0;106;train
6;23;0.0;2;True;0;25.84;79.0;9.0;125;train
2;2;0.0;6;False;0;3.28;70.0;6.0;44;train
12;9;0.0;5;True;1;6.1;81.0;9.0;301;train
4;11;0.0;3;True;3;13.62;47.0;17.0;119;train
1;23;0.0;3;True;1;1.4;44.0;7.0;32;train
11;3;0.0;1;True;1;8.92;66.0;15.0;2;train
6;17;0.0;5;True;0;26.78;37.0;19.0;823;train
8;2;0.0;6;False;0;25.84;84.0;9.0;84;train
10;22;0.0;0;False;0;9.86;87.0;9.0;79;train
3;6;0.0;5;True;0;7.04;57.0;9.0;86;train
9;13;0.0;4;True;1;26.78;48.0;0.0;326;train
3;13;0.0;1;True;0;14.56;29.0;46.0;301;train
8;23;0.0;6;False;3;23.02;78.0;11.0;163;train
8;11;0.0;6;False;1;25.84;62.0;19.0;457;train
3;2;0.0;2;True;0;1.4;44.0;15.0;4;train
10;1;0.0;0;False;1;15.5;72.0;19.0;133;train
4;1;0.0;5;True;0;8.92;46.0;13.0;30;train
12;2;0.0;6;False;0;4.22;44.0;35.0;23;train
6;9;0.0;5;True;0;21.14;65.0;11.0;366;train
7;4;0.0;0;False;0;22.08;69.0;13.0;13;train
1;2;0.0;4;True;1;5.16;75.0;11.0;7;train
5;23;0.0;6;False;0;20.2;56.0;11.0;239;train
12;13;0.0;0;False;0;6.1;36.0;44.0;169;train
1;12;0.0;2;True;0;10.8;43.0;20.0;194;train
11;1;0.0;3;True;0;3.28;60.0;20.0;12;train
8;6;0.0;1;True;1;24.9;79.0;15.0;141;train
2;19;0.0;5;True;0;9.86;37.0;15.0;282;train
11;12;0.0;2;True;0;7.04;45.0;9.0;248;train
6;5;0.0;5;True;1;26.78;66.0;6.0;38;train
11;6;0.0;3;True;0;3.28;65.0;13.0;146;train
9;18;0.0;4;True;0;25.84;70.0;17.0;835;train
12;19;0.0;1;True;0;15.5;68.0;6.0;471;train
7;2;0.0;1;True;0;23.96;74.0;0.0;8;train
6;3;0.0;1;True;1;16.44;83.0;15.0;4;train
7;10;0.0;0;False;0;32.42;44.0;20.0;366;train
6;14;0.0;4;True;0;24.9;54.0;19.0;298;train
3;11;0.0;6;False;1;15.5;94.0;13.0;273;train
6;22;0.0;4;True;0;20.2;46.0;11.0;228;train
7;9;0.0;2;True;1;30.54;49.0;15.0;320;train
3;10;0.0;6;False;1;16.44;88.0;13.0;345;train
3;1;0.0;6;False;3;8.92;93.0;0.0;44;train
9;1;0.0;4;True;0;13.62;72.0;7.0;18;train
1;15;0.0;2;True;0;11.74;38.0;20.0;136;train
5;11;0.0;0;False;0;25.84;66.0;15.0;519;train
6;11;0.0;4;True;0;32.42;41.0;9.0;161;train
3;17;0.0;2;True;0;24.9;37.0;7.0;676;train
10;2;0.0;5;True;1;16.44;88.0;7.0;19;train
6;11;0.0;4;True;0;23.02;47.0;15.0;237;train
4;1;0.0;3;True;0;13.62;59.0;0.0;11;train
9;9;0.0;3;True;0;26.78;70.0;17.0;290;train
9;20;0.0;6;False;0;20.2;43.0;6.0;330;train
5;21;0.0;2;True;0;22.08;65.0;9.0;282;train
5;8;0.0;0;False;0;18.32;64.0;11.0;156;train
1;22;0.0;4;True;0;9.86;82.0;7.0;142;train
5;5;0.0;3;True;1;18.32;88.0;9.0;28;train
3;20;0.0;5;True;0;10.8;62.0;11.0;209;train
1;20;0.0;0;False;1;12.68;62.0;20.0;83;train
7;21;1.0;3;False;0;31.48;53.0;9.0;584;train
12;20;0.0;1;True;0;13.62;88.0;17.0;300;train
6;17;0.0;0;False;0;31.48;32.0;17.0;532;train
6;4;0.0;4;True;0;21.14;61.0;7.0;11;train
9;16;0.0;3;True;0;26.78;45.0;19.0;468;train
4;6;0.0;3;True;1;15.5;39.0;19.0;134;train
5;2;0.0;4;True;0;20.2;78.0;11.0;16;train
1;1;0.0;3;True;1;13.62;77.0;22.0;10;train
4;23;0.0;0;False;0;14.56;59.0;0.0;82;train
2;15;0.0;0;False;1;6.1;49.0;13.0;253;train
7;2;0.0;5;True;0;24.9;79.0;9.0;26;train
10;15;0.0;6;False;0;15.5;36.0;13.0;615;train
11;0;0.0;0;False;1;6.1;70.0;11.0;129;train
5;0;0.0;4;True;1;14.56;82.0;15.0;90;train
12;15;0.0;1;True;1;15.5;87.0;11.0;236;train
6;4;0.0;2;True;3;20.2;88.0;11.0;4;train
4;4;0.0;4;True;1;11.74;71.0;0.0;4;train
9;0;0.0;3;True;1;18.32;68.0;19.0;26;train
6;13;0.0;5;True;0;33.36;39.0;15.0;300;train
1;10;0.0;4;True;1;3.28;52.0;6.0;86;train
8;3;0.0;3;True;0;21.14;78.0;0.0;7;train
9;5;0.0;6;False;0;15.5;63.0;13.0;15;train
4;17;0.0;3;True;0;20.2;20.0;20.0;732;train
6;16;0.0;1;True;0;29.6;31.0;26.0;414;train
7;19;0.0;1;True;0;29.6;63.0;9.0;595;train
3;17;0.0;5;True;0;13.62;24.0;26.0;566;train
7;20;0.0;4;True;0;30.54;49.0;11.0;505;train
7;22;0.0;2;True;0;26.78;66.0;17.0;269;train
4;5;0.0;0;False;1;12.68;77.0;15.0;6;train
8;2;0.0;6;False;3;22.08;78.0;13.0;85;train
12;2;0.0;1;True;0;11.74;77.0;11.0;10;train
3;19;0.0;3;True;0;17.38;42.0;24.0;361;train
7;8;0.0;0;False;0;28.66;62.0;7.0;142;train
5;0;0.0;3;True;0;21.14;78.0;9.0;47;train
2;9;0.0;4;True;0;8.92;81.0;17.0;242;train
4;16;1.0;1;False;0;29.6;33.0;31.0;358;train
2;14;1.0;1;False;0;7.04;36.0;13.0;263;train
10;18;0.0;4;True;0;18.32;83.0;7.0;809;train
9;5;1.0;1;False;0;23.02;89.0;0.0;4;train
10;5;0.0;1;True;0;12.68;77.0;0.0;36;train
10;10;0.0;4;True;1;17.38;83.0;9.0;225;train
6;1;0.0;3;True;0;23.96;79.0;13.0;27;train
5;7;0.0;3;True;3;20.2;78.0;13.0;483;train
2;23;0.0;6;False;1;3.28;87.0;9.0;70;train
2;4;0.0;4;True;3;10.8;82.0;6.0;1;train
10;16;0.0;6;False;1;18.32;64.0;19.0;612;train
4;18;0.0;4;True;0;15.5;27.0;26.0;610;train
1;1;0.0;2;True;1;7.04;93.0;17.0;9;train
6;21;0.0;1;True;1;25.84;58.0;13.0;250;train
2;13;0.0;5;True;0;8.92;46.0;0.0;198;train
9;10;0.0;3;True;0;18.32;52.0;13.0;192;train
12;16;0.0;0;False;1;9.86;82.0;7.0;400;train
7;23;0.0;0;False;0;23.96;79.0;11.0;123;train
8;1;0.0;4;True;0;22.08;65.0;0.0;23;train
9;3;0.0;6;False;1;23.02;89.0;15.0;43;train
1;11;0.0;5;True;1;1.4;32.0;24.0;123;train
1;5;0.0;2;True;3;7.04;66.0;22.0;13;train
7;14;0.0;6;False;1;37.12;30.0;9.0;308;train
5;7;0.0;3;True;1;18.32;94.0;13.0;418;train
9;11;0.0;1;True;0;18.32;37.0;13.0;238;train
12;4;0.0;1;True;0;8.92;93.0;0.0;5;train
11;9;0.0;0;False;0;7.04;70.0;17.0;204;train
5;0;0.0;3;True;0;20.2;78.0;7.0;47;train
1;7;0.0;4;True;1;7.98;87.0;19.0;220;train
6;6;0.0;1;True;0;21.14;83.0;7.0;144;train
1;8;0.0;0;False;1;-0.48;74.0;15.0;32;train
1;21;1.0;1;False;1;3.28;41.0;22.0;66;train
7;6;0.0;0;False;0;28.66;70.0;9.0;21;train
11;20;0.0;6;False;0;12.68;54.0;0.0;192;train
3;11;0.0;6;False;1;16.44;77.0;9.0;585;train
6;16;0.0;4;True;0;33.36;23.0;13.0;387;train
11;22;0.0;3;True;0;5.16;45.0;11.0;154;train
9;22;0.0;0;False;0;18.32;68.0;6.0;127;train
7;17;0.0;4;True;0;35.24;35.0;11.0;689;train
6;23;0.0;3;True;0;21.14;50.0;19.0;153;train
8;21;0.0;1;True;0;20.2;83.0;0.0;245;train
3;16;0.0;4;True;0;25.84;37.0;26.0;426;train
8;5;0.0;1;True;0;22.08;69.0;7.0;36;train
4;19;1.0;1;False;0;27.72;35.0;26.0;522;train
8;16;0.0;5;True;1;27.72;48.0;9.0;515;train
6;10;0.0;2;True;3;22.08;89.0;19.0;125;train
6;9;0.0;1;True;1;17.38;83.0;15.0;250;train
3;17;0.0;5;True;1;25.84;42.0;11.0;957;train
11;14;0.0;2;True;0;8.92;40.0;7.0;240;train
9;1;0.0;0;False;0;18.32;73.0;15.0;124;train
11;9;0.0;0;False;0;8.92;77.0;0.0;273;train
11;8;0.0;2;True;0;2.34;69.0;11.0;588;train
10;16;0.0;3;True;0;26.78;33.0;9.0;532;train
5;1;0.0;4;True;1;13.62;88.0;7.0;24;train
9;3;0.0;2;True;0;11.74;71.0;6.0;5;train
5;18;0.0;1;True;0;22.08;73.0;7.0;530;train
9;19;0.0;0;False;0;16.44;42.0;11.0;413;train
10;16;0.0;5;True;3;21.14;69.0;24.0;565;train
10;20;0.0;6;False;0;15.5;39.0;15.0;259;train
11;3;0.0;6;False;1;7.98;49.0;17.0;28;train
6;9;0.0;1;True;0;21.14;43.0;19.0;282;train
10;9;0.0;3;True;1;11.74;77.0;0.0;382;train
1;6;0.0;2;True;1;0.46;93.0;13.0;79;train
6;0;0.0;5;True;0;26.78;48.0;9.0;114;train
2;21;0.0;3;True;0;7.98;53.0;11.0;178;train
2;3;0.0;4;True;0;2.34;80.0;19.0;4;train
9;9;0.0;0;False;0;19.26;60.0;9.0;296;train
11;10;0.0;5;True;0;8.92;50.0;22.0;197;train
6;8;0.0;5;True;1;22.08;89.0;13.0;694;train
6;17;0.0;3;True;0;30.54;24.0;26.0;843;train
7;1;0.0;0;False;0;23.02;83.0;7.0;158;train
9;11;0.0;4;True;1;25.84;51.0;11.0;294;train
12;22;0.0;6;False;0;2.34;51.0;19.0;39;train
4;4;0.0;2;True;0;7.98;71.0;9.0;2;train
11;14;0.0;6;False;0;11.74;38.0;13.0;555;train
3;16;0.0;5;True;3;10.8;58.0;20.0;50;train
1;8;0.0;4;True;1;5.16;81.0;6.0;530;train
1;14;0.0;6;False;0;3.28;41.0;20.0;231;train
9;14;0.0;2;True;0;23.02;39.0;22.0;293;train
6;7;0.0;6;False;0;16.44;72.0;7.0;86;train
3;15;0.0;3;True;0;24.9;24.0;0.0;283;train
4;20;0.0;1;True;1;7.04;76.0;11.0;203;train
7;0;0.0;2;True;0;25.84;54.0;0.0;53;train
6;4;0.0;1;True;0;17.38;64.0;6.0;8;train
9;6;0.0;0;False;0;12.68;72.0;6.0;22;train
8;16;0.0;6;False;0;27.72;37.0;17.0;641;train
8;17;0.0;0;False;0;30.54;46.0;17.0;382;train
10;6;0.0;4;True;0;8.92;50.0;11.0;159;train
7;19;0.0;2;True;3;24.9;74.0;15.0;414;train
12;17;0.0;3;True;0;12.68;35.0;19.0;605;train
5;15;0.0;6;False;0;25.84;30.0;7.0;672;train
5;8;0.0;0;False;0;22.08;83.0;13.0;151;train
4;14;0.0;3;True;0;18.32;22.0;24.0;223;train
8;20;0.0;3;True;0;24.9;61.0;9.0;427;train
10;11;0.0;0;False;0;16.44;44.0;22.0;547;train
6;7;0.0;5;True;1;22.08;89.0;13.0;402;train
9;13;0.0;3;True;0;20.2;40.0;17.0;289;train
1;19;0.0;4;True;0;7.98;34.0;6.0;265;train
1;6;0.0;2;True;1;7.04;93.0;13.0;89;train
3;11;0.0;0;False;0;8.92;43.0;19.0;299;train
4;22;0.0;0;False;0;15.5;36.0;15.0;118;train
4;11;0.0;0;False;1;10.8;71.0;13.0;451;train
5;10;0.0;6;False;0;18.32;43.0;0.0;452;train
10;17;0.0;1;True;0;21.14;33.0;7.0;922;train
8;8;0.0;5;True;0;23.96;65.0;9.0;668;train
2;22;0.0;3;True;0;15.5;55.0;13.0;140;train
8;6;0.0;3;True;0;22.08;78.0;9.0;185;train
3;7;0.0;6;False;0;2.34;44.0;17.0;40;train
3;4;0.0;0;False;0;3.28;60.0;9.0;22;train
12;18;0.0;3;True;0;9.86;50.0;24.0;569;train
2;19;0.0;0;False;1;6.1;52.0;17.0;119;train
7;10;0.0;5;True;1;26.78;48.0;0.0;268;train
7;12;0.0;5;True;3;23.96;83.0;11.0;274;train
3;20;0.0;0;False;0;5.16;38.0;17.0;88;train
2;17;0.0;6;False;0;6.1;33.0;24.0;159;train
10;21;0.0;3;True;1;21.14;61.0;7.0;313;train
1;12;0.0;6;False;1;1.4;80.0;11.0;67;train
6;12;0.0;0;False;0;29.6;33.0;15.0;556;train
4;23;0.0;5;True;0;11.74;62.0;6.0;198;train
3;1;0.0;5;True;0;9.86;50.0;19.0;27;train
10;0;0.0;5;True;1;18.32;83.0;7.0;56;train
10;12;0.0;2;True;1;16.44;45.0;22.0;325;train
4;5;0.0;0;False;1;7.98;81.0;6.0;18;train
1;21;0.0;0;False;3;-0.48;86.0;7.0;44;train
10;17;0.0;0;False;0;22.08;44.0;13.0;539;train
1;15;0.0;5;True;0;16.44;27.0;17.0;222;train
2;7;0.0;1;True;0;-0.48;86.0;7.0;234;train
11;21;0.0;2;True;0;3.28;81.0;19.0;185;train
1;6;0.0;5;True;1;11.74;100.0;22.0;72;train
2;16;0.0;2;True;0;11.74;28.0;6.0;287;train
9;21;0.0;4;True;3;21.14;83.0;20.0;253;train
11;3;1.0;1;False;0;10.8;76.0;9.0;4;train
4;17;0.0;6;False;1;26.78;30.0;26.0;568;train
12;4;0.0;1;True;3;8.92;100.0;0.0;5;train
5;22;0.0;2;True;1;21.14;88.0;6.0;55;train
2;19;0.0;2;True;0;9.86;43.0;15.0;338;train
2;1;0.0;6;False;0;7.04;49.0;11.0;45;train
1;21;0.0;6;False;0;0.46;74.0;22.0;69;train
2;18;0.0;1;True;0;16.44;27.0;28.0;527;train
3;22;0.0;3;True;0;16.44;83.0;11.0;197;train
1;2;0.0;0;False;0;7.04;76.0;0.0;75;train
11;7;0.0;3;True;0;3.28;65.0;19.0;415;train
12;22;0.0;5;True;0;4.22;44.0;20.0;63;train
9;4;0.0;2;True;0;11.74;71.0;9.0;9;train
7;0;1.0;3;False;0;23.96;79.0;6.0;159;train
4;19;0.0;2;True;0;18.32;26.0;7.0;558;train
6;3;0.0;3;True;0;19.26;46.0;6.0;8;train
5;5;0.0;6;False;0;13.62;67.0;0.0;12;train
2;20;0.0;3;True;0;8.92;46.0;11.0;211;train
6;12;0.0;4;True;0;31.48;26.0;19.0;276;train
4;6;0.0;1;True;1;6.1;81.0;20.0;45;train
5;8;0.0;3;True;0;19.26;83.0;0.0;650;train
5;2;0.0;3;True;1;20.2;83.0;11.0;12;train
5;8;0.0;1;True;3;17.38;88.0;15.0;156;train
4;7;0.0;5;True;0;11.74;94.0;0.0;359;train
11;20;0.0;5;True;0;8.92;66.0;9.0;255;train
12;2;0.0;0;False;1;6.1;87.0;0.0;74;train
6;17;0.0;5;True;0;38.06;34.0;13.0;539;train
9;21;0.0;6;False;0;18.32;52.0;7.0;296;train
11;12;0.0;5;True;1;9.86;46.0;0.0;268;train
10;2;0.0;2;True;1;17.38;77.0;7.0;2;train
9;23;0.0;5;True;0;23.02;89.0;17.0;248;train
3;3;0.0;5;True;0;13.62;77.0;35.0;7;train
8;13;0.0;1;True;0;24.9;58.0;9.0;291;train
3;21;0.0;0;False;0;14.56;77.0;11.0;149;train
3;1;0.0;3;True;0;8.92;46.0;20.0;8;train
1;23;0.0;6;False;0;7.04;31.0;13.0;85;train
5;4;0.0;4;True;0;20.2;64.0;22.0;16;train
11;22;0.0;5;True;0;7.04;53.0;17.0;162;train
9;11;0.0;3;True;0;20.2;43.0;17.0;247;train
3;17;0.0;2;True;0;20.2;73.0;13.0;750;train
3;9;0.0;4;True;0;14.56;77.0;6.0;315;train
6;18;0.0;3;True;3;20.2;53.0;13.0;782;train
3;17;0.0;0;False;0;16.44;27.0;20.0;498;train
7;12;0.0;0;False;0;31.48;47.0;7.0;489;train
1;20;0.0;2;True;0;13.62;63.0;24.0;180;train
7;5;0.0;4;True;0;21.14;73.0;7.0;44;train
11;11;0.0;4;True;3;8.92;62.0;13.0;170;train
10;20;0.0;5;True;1;17.38;83.0;11.0;311;train
7;21;0.0;1;True;0;27.72;45.0;9.0;258;train
2;2;0.0;6;False;0;7.04;45.0;17.0;38;train
3;3;0.0;5;True;0;16.44;88.0;7.0;10;train
12;0;0.0;0;False;1;6.1;87.0;6.0;117;train
2;21;0.0;3;True;0;16.44;52.0;11.0;233;train
6;9;0.0;6;False;0;25.84;62.0;13.0;332;train
12;12;0.0;6;False;1;7.04;81.0;6.0;446;train
11;5;0.0;6;False;0;3.28;70.0;11.0;11;train
9;18;0.0;3;True;0;23.02;44.0;17.0;977;train
11;11;0.0;1;True;0;10.8;37.0;20.0;130;train
11;5;1.0;1;False;0;9.86;87.0;0.0;24;train
8;17;0.0;1;True;0;24.9;58.0;19.0;893;train
4;16;0.0;6;False;1;12.68;38.0;13.0;376;train
8;11;0.0;4;True;0;30.54;52.0;7.0;226;train
10;2;0.0;2;True;0;12.68;67.0;9.0;3;train
9;19;0.0;5;True;0;23.96;57.0;11.0;579;train
1;8;0.0;0;False;0;-2.36;54.0;15.0;36;train
11;10;0.0;2;True;3;6.1;75.0;26.0;94;train
8;20;0.0;3;True;0;26.78;66.0;11.0;513;train
11;15;0.0;4;True;1;9.86;58.0;11.0;217;train
3;4;0.0;4;True;0;16.44;36.0;17.0;9;train
12;12;0.0;2;True;1;8.92;53.0;30.0;226;train
7;19;0.0;5;True;0;33.36;35.0;15.0;418;train
9;7;0.0;5;True;0;16.44;77.0;0.0;503;train
9;16;0.0;6;False;1;23.02;36.0;15.0;783;train
11;17;0.0;2;True;1;6.1;75.0;26.0;527;train
4;20;0.0;3;True;0;8.92;46.0;22.0;235;train
5;1;0.0;2;True;3;18.32;88.0;9.0;19;train
8;17;0.0;0;False;1;22.08;78.0;7.0;343;train
9;8;0.0;5;True;0;20.2;83.0;6.0;705;train
5;23;0.0;5;True;0;23.02;78.0;15.0;166;train
2;11;0.0;3;True;0;10.8;58.0;11.0;143;train
2;20;0.0;0;False;0;-1.42;42.0;22.0;57;train
11;11;1.0;4;False;0;11.74;41.0;6.0;232;train
10;23;1.0;1;False;1;10.8;71.0;15.0;69;train
3;21;0.0;1;True;0;4.22;37.0;26.0;120;train
3;16;0.0;0;False;0;17.38;73.0;6.0;541;train
7;13;0.0;0;False;0;32.42;41.0;7.0;480;train
8;21;0.0;4;True;0;24.9;61.0;9.0;329;train
5;8;0.0;5;True;1;22.08;89.0;7.0;583;train
10;2;0.0;2;True;0;12.68;88.0;9.0;7;train
1;22;0.0;1;True;1;4.22;100.0;19.0;68;train
3;9;0.0;5;True;0;7.98;57.0;11.0;321;train
2;22;0.0;4;True;0;7.04;49.0;28.0;109;train
1;20;0.0;6;False;1;0.46;80.0;20.0;67;train
4;10;0.0;3;True;0;16.44;34.0;0.0;182;train
12;6;0.0;6;False;1;8.92;93.0;7.0;20;train
10;20;0.0;4;True;0;11.74;62.0;11.0;415;train
12;7;0.0;3;True;3;1.4;86.0;22.0;26;train
2;21;0.0;4;True;0;6.1;52.0;6.0;177;train
10;9;0.0;0;False;1;15.5;55.0;28.0;330;train
6;8;0.0;4;True;0;26.78;70.0;0.0;590;train
8;2;0.0;4;True;0;21.14;83.0;0.0;20;train
9;2;0.0;2;True;0;23.96;82.0;9.0;5;train
1;5;0.0;1;True;1;1.4;86.0;0.0;19;train
10;10;0.0;3;True;1;17.38;73.0;0.0;171;train
5;1;0.0;6;False;0;20.2;83.0;0.0;107;train
9;20;0.0;3;True;0;21.14;57.0;9.0;470;train
3;9;0.0;6;False;0;3.28;41.0;22.0;148;train
3;3;0.0;4;True;0;13.62;94.0;15.0;3;train
9;15;0.0;0;False;0;22.08;41.0;11.0;557;train
5;16;0.0;3;True;0;25.84;51.0;11.0;398;train
2;10;0.0;0;False;0;4.22;41.0;11.0;188;train
8;14;0.0;5;True;0;32.42;34.0;28.0;328;train
5;2;0.0;3;True;0;18.32;83.0;0.0;16;train
5;5;0.0;4;True;1;20.2;88.0;11.0;30;train
4;11;0.0;4;True;0;11.74;47.0;20.0;224;train
10;14;0.0;0;False;0;23.02;39.0;28.0;617;train
6;7;0.0;2;True;1;20.2;78.0;9.0;480;train
3;18;0.0;3;True;0;20.2;69.0;0.0;779;train
11;22;0.0;5;True;0;8.92;46.0;17.0;149;train
10;11;0.0;6;False;0;17.38;52.0;15.0;612;train
1;20;0.0;2;True;0;10.8;58.0;7.0;238;train
5;21;0.0;5;True;0;20.2;28.0;7.0;270;train
6;6;0.0;5;True;3;21.14;88.0;9.0;141;train
3;21;0.0;6;False;3;12.68;100.0;13.0;104;train
4;5;0.0;3;True;1;15.5;39.0;19.0;34;train
10;21;0.0;6;False;1;16.44;72.0;15.0;209;train
9;2;0.0;3;True;0;16.44;72.0;6.0;11;train
12;0;0.0;3;True;0;15.5;59.0;19.0;37;train
7;6;0.0;5;True;0;24.9;79.0;0.0;139;train
2;5;0.0;5;True;0;3.28;52.0;15.0;17;train
4;11;0.0;2;True;0;14.56;23.0;0.0;258;train
9;14;0.0;1;True;0;23.02;36.0;19.0;340;train
6;20;0.0;6;False;0;30.54;52.0;11.0;292;train
2;5;0.0;5;True;1;5.16;93.0;11.0;16;train
1;0;0.0;2;True;1;6.1;100.0;19.0;25;train
9;15;0.0;6;False;0;20.2;43.0;17.0;727;train
1;17;0.0;6;False;0;11.74;44.0;26.0;290;train
9;10;0.0;0;False;0;21.14;50.0;7.0;490;train
7;17;1.0;3;False;0;35.24;35.0;20.0;414;train
8;15;0.0;4;True;0;28.66;62.0;31.0;270;train
6;2;0.0;4;True;0;23.02;50.0;6.0;13;train
10;14;0.0;4;True;1;21.14;50.0;20.0;285;train
1;16;0.0;6;False;0;3.28;38.0;15.0;206;train
1;6;0.0;6;False;0;-1.42;50.0;0.0;5;train
8;13;0.0;0;False;0;28.66;40.0;0.0;543;train
2;12;0.0;6;False;0;8.92;43.0;13.0;369;train
8;23;0.0;2;True;0;25.84;79.0;0.0;138;train
3;8;0.0;3;True;3;14.56;94.0;7.0;535;train
9;0;1.0;1;False;1;23.02;94.0;0.0;104;train
3;2;0.0;3;True;0;7.98;49.0;20.0;3;train
12;11;0.0;2;True;0;14.56;63.0;15.0;269;train
2;2;0.0;3;True;0;6.1;56.0;15.0;4;train
10;18;0.0;3;True;1;18.32;49.0;11.0;844;train
12;10;0.0;1;True;1;4.22;65.0;0.0;103;train
8;6;0.0;2;True;3;22.08;83.0;13.0;64;train
8;14;0.0;3;True;1;29.6;52.0;17.0;236;train
2;21;0.0;2;True;0;7.98;46.0;7.0;188;train
2;3;0.0;6;False;0;3.28;75.0;0.0;18;train
2;19;0.0;5;True;1;7.04;57.0;0.0;262;train
1;8;1.0;1;False;0;3.28;35.0;17.0;53;train
4;19;0.0;3;True;0;23.02;39.0;15.0;494;train
12;12;0.0;1;True;0;16.44;68.0;11.0;268;train
11;23;0.0;6;False;0;3.28;44.0;13.0;57;train
9;5;0.0;3;True;0;18.32;73.0;15.0;36;train
10;23;0.0;4;True;1;17.38;83.0;0.0;117;train
2;23;0.0;5;True;0;9.86;37.0;46.0;86;train
6;20;0.0;1;True;1;26.78;48.0;15.0;394;train
7;5;0.0;2;True;0;24.9;61.0;0.0;35;train
11;14;0.0;2;True;1;12.68;58.0;7.0;224;train
9;7;0.0;0;False;0;17.38;73.0;11.0;70;train
11;16;0.0;5;True;0;9.86;40.0;22.0;421;train
10;11;0.0;0;False;0;18.32;52.0;20.0;494;train
11;11;0.0;0;False;0;9.86;46.0;15.0;445;train
5;3;0.0;5;True;0;18.32;88.0;15.0;14;train
10;18;0.0;0;False;0;16.44;39.0;13.0;413;train
5;23;0.0;6;False;0;19.26;56.0;6.0;176;train
10;7;0.0;2;True;0;9.86;83.0;17.0;362;train
5;8;0.0;5;True;0;13.62;44.0;17.0;620;train
4;9;0.0;5;True;0;7.98;42.0;22.0;376;train
10;23;0.0;3;True;0;13.62;88.0;15.0;99;train
10;8;0.0;6;False;0;13.62;67.0;9.0;193;train
10;17;0.0;0;False;3;13.62;77.0;35.0;225;train
4;12;0.0;5;True;0;13.62;36.0;24.0;307;train
6;16;0.0;5;True;3;26.78;58.0;30.0;222;train
8;22;0.0;1;True;0;25.84;62.0;22.0;192;train
6;18;0.0;5;True;0;27.72;27.0;15.0;723;train
10;21;0.0;5;True;0;10.8;54.0;13.0;190;train
2;3;0.0;0;False;1;-3.3;46.0;46.0;14;train
9;12;0.0;2;True;0;21.14;43.0;19.0;302;train
8;9;0.0;4;True;1;24.9;70.0;0.0;412;train
6;15;0.0;2;True;3;23.02;89.0;13.0;116;train
10;14;0.0;3;True;0;20.2;40.0;11.0;271;train
4;19;0.0;0;False;0;24.9;42.0;17.0;379;train
11;21;0.0;6;False;0;10.8;66.0;0.0;220;train
4;11;0.0;6;False;1;9.86;40.0;7.0;358;train
9;23;0.0;4;True;0;19.26;73.0;7.0;170;train
12;7;0.0;6;False;1;3.28;87.0;9.0;63;train
12;21;0.0;1;True;3;3.28;93.0;6.0;22;train
8;17;0.0;5;True;0;33.36;32.0;11.0;617;train
1;23;0.0;6;False;1;-0.48;80.0;17.0;52;train
2;10;0.0;0;False;0;-2.36;42.0;24.0;91;train
7;5;0.0;1;True;0;23.02;78.0;7.0;50;train
4;20;0.0;4;True;0;12.68;41.0;13.0;312;train
11;7;0.0;6;False;1;4.22;41.0;22.0;25;train
5;19;0.0;6;False;1;21.14;73.0;22.0;405;train
1;13;0.0;0;False;0;1.4;34.0;19.0;224;train
3;18;0.0;0;False;0;16.44;29.0;19.0;389;train
11;14;0.0;3;True;0;8.92;40.0;20.0;176;train
6;0;0.0;6;False;0;19.26;56.0;9.0;137;train
2;13;0.0;3;True;0;11.74;54.0;20.0;190;train
3;21;0.0;5;True;0;21.14;53.0;7.0;284;train
11;9;0.0;4;True;0;3.28;60.0;0.0;299;train
4;2;1.0;1;False;0;20.2;64.0;17.0;14;train
6;3;0.0;6;False;0;18.32;73.0;17.0;26;train
2;3;0.0;2;True;1;6.1;70.0;0.0;2;train
9;18;0.0;5;True;0;23.02;61.0;17.0;805;train
3;16;0.0;1;True;0;6.1;45.0;20.0;210;train
2;4;0.0;0;False;1;-3.3;46.0;48.0;1;train
5;10;0.0;3;True;0;21.14;78.0;6.0;191;train
4;16;0.0;0;False;3;9.86;87.0;30.0;36;train
3;4;0.0;2;True;1;16.44;88.0;9.0;6;train
3;17;0.0;6;False;0;15.5;23.0;22.0;385;train
6;4;0.0;1;True;1;17.38;77.0;13.0;9;train
7;5;0.0;3;True;0;22.08;65.0;11.0;59;train
8;3;0.0;0;False;0;21.14;73.0;6.0;48;train
2;20;1.0;1;False;0;7.98;34.0;13.0;126;train
10;8;0.0;2;True;0;12.68;62.0;0.0;835;train
8;8;0.0;6;False;0;23.02;83.0;7.0;162;train
3;21;0.0;3;True;0;19.26;60.0;17.0;261;train
1;11;0.0;6;False;0;1.4;40.0;13.0;178;train
12;22;0.0;0;False;0;1.4;55.0;13.0;36;train
5;13;0.0;1;True;1;21.14;73.0;15.0;176;train
11;19;0.0;4;True;1;10.8;50.0;11.0;452;train
1;15;0.0;4;True;1;11.74;71.0;7.0;164;train
4;0;0.0;6;False;0;11.74;26.0;20.0;94;train
9;12;0.0;5;True;1;24.9;54.0;13.0;409;train
5;18;0.0;5;True;0;27.72;62.0;13.0;522;train
10;9;0.0;2;True;1;15.5;72.0;7.0;334;train
5;7;0.0;1;True;3;16.44;94.0;13.0;75;train
1;2;0.0;6;False;3;-1.42;86.0;0.0;26;train
4;17;0.0;0;False;3;8.92;93.0;30.0;27;train
11;19;0.0;1;True;0;7.98;53.0;0.0;371;train
12;3;0.0;4;True;1;6.1;70.0;6.0;4;train
4;3;0.0;6;False;0;7.98;49.0;15.0;26;train
5;19;0.0;4;True;0;17.38;37.0;24.0;553;train
12;2;0.0;1;True;0;1.4;75.0;0.0;5;train
9;21;0.0;3;True;0;20.2;60.0;9.0;306;train
5;3;0.0;3;True;0;18.32;88.0;7.0;6;train
8;9;0.0;1;True;1;22.08;69.0;0.0;357;train
4;0;0.0;4;True;3;11.74;77.0;0.0;25;train
6;10;0.0;0;False;0;19.26;64.0;0.0;436;train
5;5;0.0;5;True;0;13.62;77.0;7.0;34;train
12;15;0.0;5;True;1;6.1;49.0;0.0;225;train
10;5;0.0;4;True;1;16.44;88.0;11.0;55;train
5;14;0.0;4;True;0;22.08;38.0;13.0;270;train
2;13;0.0;0;False;0;-0.48;40.0;30.0;138;train
5;10;1.0;1;False;0;24.9;61.0;0.0;364;train
12;9;0.0;0;False;1;8.92;87.0;9.0;132;train
12;23;0.0;0;False;0;3.28;60.0;0.0;25;train
8;1;0.0;4;True;0;24.9;79.0;9.0;28;train
4;12;0.0;0;False;0;17.38;24.0;17.0;457;train
12;11;0.0;1;True;1;2.34;60.0;13.0;157;train
11;18;0.0;6;False;0;12.68;54.0;9.0;359;train
2;6;0.0;2;True;1;4.22;56.0;0.0;90;train
11;12;0.0;2;True;0;7.98;61.0;19.0;196;train
2;13;0.0;3;True;0;10.8;43.0;19.0;170;train
10;14;0.0;5;True;0;23.02;61.0;17.0;365;train
7;22;0.0;2;True;1;22.08;83.0;9.0;139;train
4;5;0.0;3;True;0;11.74;67.0;6.0;27;train
8;15;0.0;3;True;0;30.54;46.0;11.0;295;train
12;17;0.0;5;True;1;4.22;56.0;22.0;321;train
12;17;0.0;4;True;1;4.22;52.0;19.0;257;train
12;2;0.0;4;True;1;3.28;87.0;30.0;2;train
3;8;0.0;6;False;3;8.92;93.0;0.0;48;train
12;22;0.0;0;False;1;12.68;77.0;13.0;96;train
11;1;0.0;3;True;0;7.04;81.0;7.0;14;train
5;5;0.0;2;True;3;18.32;94.0;15.0;8;train
3;11;0.0;3;True;0;15.5;42.0;26.0;222;train
3;2;0.0;0;False;1;13.62;82.0;7.0;56;train
4;6;0.0;4;True;1;10.8;82.0;7.0;120;train
8;7;0.0;0;False;0;22.08;65.0;9.0;39;train
8;0;0.0;2;True;0;24.9;84.0;13.0;47;train
8;2;0.0;1;True;0;21.14;88.0;9.0;8;train
3;14;0.0;6;False;1;13.62;44.0;24.0;430;train
12;9;0.0;2;True;0;10.8;87.0;6.0;326;train
6;22;0.0;4;True;0;27.72;52.0;11.0;274;train
1;1;0.0;4;True;1;5.16;75.0;0.0;21;train
11;22;0.0;1;True;0;7.98;66.0;7.0;113;train
10;16;0.0;4;True;0;20.2;69.0;11.0;499;train
7;20;0.0;2;True;3;22.08;83.0;15.0;84;train
6;8;0.0;4;True;0;20.2;64.0;22.0;719;train
5;6;0.0;5;True;1;21.14;88.0;7.0;113;train
8;20;0.0;1;True;1;21.14;83.0;19.0;261;train
3;15;0.0;1;True;0;18.32;40.0;9.0;233;train
8;16;0.0;0;False;1;23.02;65.0;0.0;356;train
6;5;0.0;0;False;0;21.14;69.0;9.0;8;train
12;2;0.0;2;True;1;10.8;66.0;22.0;1;train
1;21;0.0;4;True;0;12.68;67.0;9.0;174;train
1;14;0.0;6;False;0;15.5;42.0;19.0;512;train
12;23;0.0;5;True;1;8.92;93.0;6.0;122;train
7;3;0.0;1;True;0;23.96;79.0;6.0;6;train
4;14;0.0;0;False;1;14.56;55.0;15.0;561;train
2;1;0.0;2;True;0;9.86;62.0;11.0;6;train
5;14;0.0;2;True;1;22.08;73.0;7.0;222;train
8;12;0.0;1;True;0;27.72;62.0;0.0;283;train
8;8;0.0;4;True;0;23.02;65.0;0.0;754;train
12;13;0.0;5;True;1;6.1;49.0;9.0;222;train
10;20;0.0;5;True;0;20.2;78.0;9.0;372;train
9;18;0.0;6;False;1;22.08;36.0;19.0;614;train
1;17;0.0;2;True;0;11.74;67.0;6.0;515;train
12;10;0.0;0;False;1;8.92;87.0;9.0;257;train
5;16;0.0;2;True;0;26.78;45.0;13.0;354;train
2;15;0.0;2;True;0;7.98;49.0;28.0;160;train
11;11;1.0;1;False;0;16.44;72.0;11.0;367;train
8;4;0.0;5;True;1;22.08;73.0;0.0;8;train
11;19;0.0;6;False;0;13.62;51.0;6.0;283;train
2;22;0.0;2;True;0;7.98;46.0;7.0;101;train
5;15;0.0;5;True;0;23.02;36.0;13.0;391;train
5;12;0.0;6;False;0;22.08;36.0;11.0;559;train
2;14;0.0;5;True;1;13.62;67.0;7.0;31;train
12;0;0.0;6;False;0;4.22;44.0;39.0;31;train
1;4;0.0;4;True;0;5.16;75.0;0.0;3;train
12;12;0.0;1;True;1;3.28;56.0;13.0;224;train
4;23;0.0;3;True;0;7.98;57.0;20.0;61;train
3;10;0.0;2;True;0;17.38;88.0;13.0;163;train
8;5;0.0;2;True;1;23.96;89.0;13.0;36;train
1;13;0.0;5;True;0;10.8;43.0;19.0;204;train
2;10;0.0;2;True;0;6.1;42.0;20.0;132;train
8;21;0.0;3;True;0;25.84;70.0;9.0;320;train
3;19;0.0;1;True;0;21.14;61.0;15.0;549;train
11;9;0.0;3;True;0;5.16;52.0;13.0;322;train
12;23;0.0;4;True;3;10.8;82.0;20.0;13;train
10;20;0.0;0;False;0;17.38;73.0;15.0;246;train
2;21;0.0;2;True;0;7.98;61.0;11.0;154;train
11;12;0.0;5;True;0;12.68;41.0;22.0;262;train
7;20;1.0;3;False;0;32.42;47.0;15.0;551;train
12;15;0.0;5;True;0;10.8;47.0;11.0;309;train
9;5;0.0;2;True;0;13.62;72.0;6.0;44;train
8;13;0.0;4;True;0;29.6;31.0;15.0;300;train
4;21;0.0;0;False;0;21.14;57.0;17.0;229;train
12;4;0.0;3;True;0;2.34;69.0;24.0;2;train
5;1;0.0;3;True;1;19.26;88.0;9.0;21;train
4;22;0.0;4;True;0;16.44;59.0;13.0;248;train
3;22;0.0;4;True;0;16.44;68.0;9.0;169;train
4;21;0.0;0;False;3;8.92;87.0;26.0;11;train
5;17;0.0;1;True;1;20.2;53.0;22.0;769;train
2;15;0.0;1;True;0;11.74;32.0;19.0;171;train
3;2;0.0;4;True;0;20.2;28.0;20.0;6;train
7;23;0.0;6;False;1;20.2;88.0;0.0;149;train
3;20;0.0;1;True;0;10.8;26.0;35.0;221;train
8;3;0.0;2;True;0;24.9;84.0;0.0;6;train
2;8;0.0;0;False;1;3.28;75.0;11.0;62;train
4;1;0.0;2;True;0;22.08;57.0;11.0;11;train
12;13;0.0;1;True;1;10.8;87.0;9.0;210;train
6;1;0.0;0;False;1;23.96;54.0;6.0;127;train
6;16;0.0;0;False;0;31.48;30.0;17.0;461;train
5;15;0.0;3;True;0;22.08;65.0;13.0;256;train
5;18;0.0;0;False;0;27.72;58.0;20.0;518;train
6;13;0.0;1;True;1;19.26;73.0;9.0;225;train
8;20;0.0;6;False;3;21.14;83.0;17.0;241;train
1;14;0.0;5;True;1;2.34;35.0;20.0;115;train
1;15;0.0;3;True;1;0.46;37.0;22.0;90;train
9;12;0.0;3;True;0;23.96;61.0;15.0;316;train
6;8;0.0;1;True;0;23.02;69.0;13.0;608;train
10;23;0.0;4;True;0;20.2;56.0;6.0;155;train
11;10;0.0;3;True;1;5.16;56.0;20.0;178;train
11;19;0.0;0;False;0;4.22;41.0;0.0;127;train
6;17;0.0;4;True;0;33.36;37.0;0.0;615;train
7;9;0.0;4;True;0;25.84;58.0;7.0;327;train
11;23;0.0;4;True;0;7.98;46.0;24.0;87;train
12;17;0.0;2;True;0;10.8;47.0;30.0;572;train
8;0;0.0;4;True;0;24.9;74.0;0.0;63;train
5;21;0.0;2;True;3;20.2;88.0;30.0;71;train
5;6;0.0;3;True;1;18.32;88.0;7.0;126;train
4;4;0.0;1;True;0;9.86;62.0;17.0;2;train
9;20;0.0;3;True;0;25.84;84.0;11.0;412;train
11;1;0.0;0;False;0;4.22;81.0;6.0;165;train
4;15;0.0;3;True;3;9.86;46.0;15.0;202;train
10;15;0.0;2;True;1;16.44;63.0;11.0;254;train
10;4;0.0;6;False;0;17.38;83.0;17.0;11;train
3;19;0.0;6;False;0;11.74;71.0;30.0;284;train
12;10;0.0;3;True;1;12.68;47.0;24.0;141;train
3;0;0.0;2;True;1;18.32;52.0;13.0;26;train
4;6;0.0;5;True;0;11.74;88.0;0.0;113;train
4;13;0.0;5;True;0;13.62;33.0;26.0;306;train
7;13;0.0;0;False;0;36.18;38.0;17.0;337;train
9;15;0.0;6;False;1;23.96;34.0;19.0;654;train
1;20;0.0;6;False;0;10.8;35.0;26.0;120;train
12;20;0.0;6;False;1;8.92;57.0;13.0;201;train
7;18;0.0;1;True;0;31.48;53.0;0.0;794;train
4;11;0.0;6;False;0;16.44;45.0;13.0;564;train
3;6;0.0;6;False;1;8.92;87.0;11.0;23;train
8;12;0.0;6;False;0;27.72;58.0;15.0;546;train
12;8;0.0;5;True;1;3.28;60.0;9.0;239;train
9;17;0.0;6;False;3;19.26;83.0;13.0;171;train
5;16;0.0;5;True;0;21.14;25.0;22.0;525;train
11;14;0.0;6;False;0;17.38;37.0;0.0;627;train
11;23;0.0;4;True;0;5.16;61.0;0.0;130;train
3;4;0.0;2;True;0;0.46;51.0;20.0;3;train
3;22;0.0;4;True;0;9.86;50.0;17.0;126;train
5;22;0.0;0;False;3;21.14;83.0;0.0;59;train
5;1;0.0;2;True;1;15.5;63.0;9.0;21;train
5;9;0.0;0;False;0;21.14;32.0;17.0;313;train
12;13;0.0;6;False;0;7.04;36.0;30.0;158;train
8;7;0.0;6;False;0;22.08;83.0;6.0;62;train
1;19;0.0;5;True;0;4.22;38.0;19.0;206;train
4;1;0.0;4;True;1;14.56;48.0;6.0;23;train
12;6;0.0;2;True;1;8.92;93.0;0.0;153;train
8;19;0.0;5;True;0;27.72;62.0;19.0;492;train
4;21;0.0;6;False;0;15.5;20.0;13.0;234;train
6;17;0.0;2;True;0;29.6;55.0;13.0;811;train
2;10;0.0;1;True;0;-1.42;50.0;9.0;71;train
8;1;0.0;2;True;0;23.96;89.0;13.0;21;train
12;14;0.0;2;True;0;13.62;47.0;30.0;247;train
10;6;0.0;3;True;1;20.2;94.0;9.0;177;train
10;4;0.0;4;True;1;22.08;89.0;0.0;10;train
8;21;0.0;5;True;1;23.96;69.0;20.0;255;train
5;1;0.0;2;True;1;19.26;83.0;9.0;27;train
11;13;0.0;5;True;1;10.8;40.0;11.0;262;train
7;14;0.0;1;True;0;33.36;42.0;7.0;212;train
3;12;0.0;4;True;1;18.32;60.0;30.0;251;train
3;4;0.0;0;False;1;7.98;46.0;13.0;14;train
2;8;0.0;0;False;1;3.28;56.0;13.0;56;train
9;20;0.0;5;True;0;23.02;61.0;7.0;404;train
1;20;0.0;2;True;0;7.04;76.0;0.0;229;train
11;5;0.0;3;True;1;4.22;70.0;9.0;39;train
5;15;0.0;4;True;0;17.38;37.0;26.0;271;train
3;4;0.0;6;False;1;8.92;93.0;13.0;2;train
11;18;1.0;1;False;0;16.44;72.0;9.0;551;train
6;20;0.0;5;True;0;35.24;42.0;17.0;308;train
2;2;0.0;0;False;1;3.28;93.0;7.0;63;train
10;5;0.0;0;False;0;9.86;66.0;6.0;10;train
4;1;0.0;0;False;1;8.92;76.0;11.0;62;train
8;23;0.0;2;True;0;25.84;66.0;11.0;167;train
12;2;0.0;4;True;0;3.28;52.0;19.0;9;train
8;17;0.0;4;True;0;30.54;34.0;13.0;897;train
4;19;0.0;6;False;3;18.32;73.0;33.0;54;train
5;6;0.0;1;True;3;18.32;88.0;20.0;79;train
5;2;0.0;3;True;3;21.14;94.0;6.0;5;train
12;1;0.0;5;True;0;3.28;60.0;13.0;9;train
9;12;0.0;5;True;0;28.66;59.0;11.0;323;train
5;6;0.0;6;False;0;12.68;72.0;6.0;50;train
12;1;0.0;6;False;0;4.22;81.0;0.0;69;train
9;9;0.0;5;True;0;24.9;79.0;9.0;344;train
4;8;0.0;0;False;0;10.8;30.0;13.0;84;train
8;10;0.0;5;True;0;26.78;55.0;11.0;231;train
2;18;1.0;1;False;0;7.98;34.0;15.0;242;train
5;20;0.0;1;True;1;19.26;88.0;13.0;189;train
2;15;0.0;5;True;1;7.04;45.0;9.0;191;train
4;4;0.0;5;True;1;7.98;53.0;9.0;5;train
8;1;0.0;4;True;0;23.96;79.0;7.0;42;train
10;13;1.0;1;False;1;11.74;62.0;13.0;405;train
8;5;0.0;6;False;0;24.9;84.0;15.0;17;train
7;20;0.0;6;False;0;23.02;83.0;15.0;233;train
1;4;0.0;2;True;0;-0.48;55.0;17.0;5;train
2;3;0.0;3;True;0;12.68;44.0;13.0;3;train
3;1;0.0;1;True;0;14.56;82.0;17.0;28;train
1;20;0.0;3;True;3;7.04;93.0;11.0;57;train
7;15;0.0;4;True;0;35.24;42.0;20.0;238;train
2;23;0.0;6;False;3;-2.36;50.0;33.0;20;train
3;22;0.0;5;True;1;8.92;87.0;0.0;75;train
12;16;0.0;6;False;0;10.8;50.0;9.0;413;train
8;2;0.0;2;True;1;19.26;88.0;19.0;8;train
1;11;0.0;1;True;1;1.4;93.0;6.0;62;train
11;17;0.0;5;True;1;14.56;39.0;6.0;300;train
12;22;0.0;2;True;1;15.5;63.0;20.0;181;train
2;11;0.0;6;False;0;6.1;70.0;0.0;270;train
5;23;0.0;4;True;0;17.38;49.0;9.0;166;train
12;21;0.0;1;True;1;13.62;94.0;13.0;245;train
7;3;0.0;0;False;1;23.96;89.0;11.0;57;train
1;4;0.0;5;True;3;7.04;70.0;33.0;3;train
10;9;0.0;3;True;1;21.14;83.0;13.0;362;train
3;18;0.0;2;True;0;20.2;69.0;17.0;801;train
3;16;0.0;6;False;0;8.92;23.0;0.0;390;train
9;17;0.0;5;True;0;28.66;59.0;22.0;772;train
4;9;0.0;6;False;0;17.38;77.0;11.0;331;train
2;16;0.0;3;True;0;16.44;29.0;31.0;298;train
6;11;0.0;0;False;0;27.72;45.0;6.0;499;train
2;13;0.0;3;True;0;13.62;47.0;15.0;186;train
5;21;0.0;3;True;1;21.14;83.0;0.0;245;train
3;23;0.0;3;True;0;17.38;68.0;9.0;93;train
7;0;0.0;0;False;0;30.54;56.0;9.0;147;train
1;3;0.0;0;False;0;6.1;81.0;0.0;52;train
6;0;0.0;3;True;0;21.14;41.0;13.0;54;train
1;18;0.0;0;False;3;-0.48;86.0;7.0;121;train
10;7;0.0;1;True;0;12.68;77.0;11.0;483;train
8;7;0.0;3;True;1;22.08;83.0;9.0;487;train
3;4;0.0;5;True;3;10.8;66.0;19.0;1;train
6;14;0.0;5;True;3;25.84;66.0;19.0;254;train
5;20;0.0;3;True;1;21.14;83.0;6.0;295;train
7;3;0.0;5;True;0;24.9;74.0;11.0;12;train
6;18;0.0;5;True;0;25.84;39.0;15.0;693;train
2;9;0.0;3;True;0;7.04;70.0;6.0;252;train
12;8;0.0;2;True;1;7.98;61.0;20.0;724;train
3;1;0.0;4;True;0;13.62;63.0;22.0;21;train
6;3;0.0;4;True;0;25.84;74.0;0.0;11;train
12;5;0.0;6;False;0;4.22;48.0;28.0;5;train
12;6;0.0;3;True;1;4.22;60.0;17.0;128;train
3;0;0.0;3;True;0;16.44;88.0;0.0;33;train
10;5;1.0;1;False;0;7.98;76.0;15.0;19;train
7;19;0.0;2;True;1;31.48;36.0;9.0;497;train
9;15;0.0;2;True;0;29.6;59.0;31.0;292;train
5;13;0.0;0;False;0;27.72;58.0;13.0;498;train
3;22;0.0;0;False;0;15.5;77.0;7.0;100;train
7;7;0.0;6;False;0;25.84;70.0;9.0;76;train
12;1;0.0;1;True;1;9.86;87.0;7.0;15;train
12;10;0.0;6;False;3;4.22;81.0;9.0;41;train
8;2;0.0;0;False;1;21.14;69.0;6.0;119;train
10;22;0.0;1;True;3;17.38;77.0;6.0;207;train
8;15;0.0;4;True;0;29.6;46.0;11.0;338;train
6;2;0.0;0;False;0;22.08;69.0;9.0;73;train
10;7;0.0;0;False;0;10.8;62.0;0.0;56;train
11;14;0.0;5;True;1;10.8;40.0;33.0;262;train
7;0;0.0;6;False;3;21.14;83.0;19.0;103;train
4;3;0.0;3;True;0;12.68;58.0;6.0;3;train
5;12;0.0;2;True;1;24.9;58.0;15.0;269;train
11;19;0.0;4;True;0;9.86;27.0;24.0;373;train
10;14;0.0;6;False;0;14.56;33.0;13.0;597;train
5;17;0.0;0;False;0;25.84;45.0;22.0;549;train
7;7;0.0;5;True;1;24.9;54.0;0.0;380;train
3;18;0.0;0;False;0;18.32;64.0;11.0;459;train
11;6;0.0;1;True;1;8.92;66.0;17.0;131;train
2;2;0.0;2;True;1;5.16;41.0;0.0;3;train
11;11;0.0;5;True;0;9.86;43.0;15.0;218;train
4;12;0.0;5;True;0;19.26;53.0;13.0;362;train
8;4;0.0;0;False;0;22.08;69.0;6.0;10;train
8;0;0.0;6;False;1;22.08;83.0;15.0;105;train
12;8;0.0;6;False;1;4.22;81.0;0.0;44;train
12;13;0.0;0;False;0;10.8;71.0;15.0;431;train
5;3;0.0;3;True;0;18.32;83.0;6.0;6;train
7;10;0.0;1;True;1;26.78;66.0;15.0;189;train
3;8;0.0;1;True;0;7.98;61.0;9.0;564;train
5;22;0.0;3;True;1;21.14;83.0;11.0;159;train
5;22;0.0;2;True;0;21.14;73.0;6.0;174;train
4;11;0.0;3;True;0;16.44;32.0;9.0;219;train
9;5;0.0;3;True;1;16.44;68.0;19.0;56;train
6;5;0.0;2;True;3;14.56;82.0;11.0;36;train
6;10;0.0;4;True;0;26.78;48.0;13.0;184;train
2;2;0.0;1;True;0;4.22;70.0;20.0;4;train
4;12;0.0;5;True;0;15.5;31.0;0.0;322;train
6;2;0.0;1;True;0;17.38;77.0;15.0;9;train
7;3;0.0;6;False;0;25.84;70.0;0.0;43;train
2;3;0.0;2;True;0;10.8;32.0;24.0;6;train
5;10;0.0;4;True;0;24.9;39.0;26.0;220;train
5;11;0.0;3;True;1;19.26;81.0;9.0;184;train
8;11;0.0;4;True;0;27.72;40.0;6.0;276;train
11;18;0.0;0;False;0;8.92;43.0;15.0;237;train
7;17;0.0;5;True;1;23.02;89.0;28.0;715;train
12;14;1.0;2;False;0;9.86;46.0;20.0;126;train
9;19;0.0;1;True;0;16.44;39.0;9.0;590;train
5;23;1.0;1;False;0;25.84;74.0;11.0;82;train
3;19;0.0;4;True;1;22.08;50.0;13.0;425;train
9;13;0.0;2;True;0;23.02;29.0;6.0;328;train
9;3;0.0;0;False;0;17.38;73.0;15.0;46;train
8;8;0.0;3;True;0;23.02;61.0;11.0;808;train
12;20;0.0;5;True;0;5.16;41.0;17.0;112;train
2;7;0.0;2;True;0;5.16;45.0;20.0;325;train
1;16;1.0;1;False;0;4.22;44.0;24.0;180;train
8;0;0.0;2;True;0;24.9;84.0;17.0;38;train
7;8;0.0;0;False;1;22.08;78.0;0.0;153;train
12;17;0.0;3;True;0;10.8;50.0;26.0;562;train
2;20;0.0;3;True;0;16.44;52.0;11.0;264;train
3;3;0.0;2;True;0;4.22;30.0;22.0;4;train
11;14;0.0;5;True;0;11.74;35.0;7.0;251;train
8;1;0.0;5;True;0;23.02;65.0;7.0;54;train
9;3;0.0;4;True;0;12.68;77.0;0.0;6;train
3;17;0.0;6;False;0;8.92;23.0;0.0;354;train
9;23;0.0;4;True;0;17.38;68.0;7.0;154;train
7;6;0.0;2;True;0;24.9;65.0;9.0;154;train
5;23;0.0;1;True;1;19.26;78.0;7.0;75;train
4;23;0.0;4;True;0;15.5;88.0;11.0;112;train
1;20;1.0;1;False;0;4.22;60.0;19.0;90;train
10;14;0.0;2;True;0;23.96;41.0;11.0;296;train
12;2;0.0;6;False;1;8.92;93.0;9.0;70;train
5;16;0.0;4;True;0;23.96;57.0;11.0;370;train
2;23;0.0;5;True;0;4.22;70.0;7.0;77;train
5;11;0.0;6;False;0;24.9;58.0;6.0;575;train
9;18;0.0;2;True;0;27.72;75.0;15.0;839;train
5;3;0.0;6;False;0;14.56;59.0;0.0;34;train
6;1;0.0;3;True;0;22.08;78.0;0.0;28;train
2;20;0.0;5;True;0;7.98;49.0;7.0;163;train
6;6;0.0;1;True;3;16.44;88.0;9.0;37;train
1;5;0.0;4;True;3;7.98;93.0;6.0;16;train
5;12;0.0;4;True;0;18.32;73.0;9.0;301;train
5;20;0.0;6;False;0;21.14;46.0;11.0;287;train
7;22;0.0;4;True;0;30.54;59.0;9.0;225;train
5;0;0.0;5;True;0;13.62;55.0;7.0;64;train
1;14;0.0;3;True;3;7.04;81.0;7.0;73;train
12;0;0.0;2;True;0;11.74;88.0;7.0;55;train
12;9;0.0;0;False;0;3.28;52.0;26.0;74;train
10;15;0.0;2;True;3;21.14;83.0;9.0;209;train
4;13;0.0;4;True;0;13.62;31.0;0.0;291;train
9;12;0.0;4;True;0;23.96;44.0;7.0;297;train
12;11;0.0;2;True;0;14.56;77.0;13.0;207;train
2;9;0.0;5;True;1;4.22;100.0;0.0;283;train
11;15;0.0;1;True;0;9.86;40.0;19.0;231;train
2;16;0.0;5;True;1;7.98;42.0;17.0;268;train
6;16;0.0;5;True;0;34.3;31.0;15.0;380;train
11;8;0.0;4;True;0;6.1;33.0;19.0;668;train
7;2;0.0;4;True;0;25.84;70.0;13.0;7;train
12;23;0.0;1;True;0;11.74;82.0;7.0;102;train
5;3;0.0;6;False;0;19.26;83.0;0.0;32;train
4;13;0.0;6;False;0;23.02;54.0;15.0;649;train
9;5;0.0;2;True;1;23.02;89.0;0.0;38;train
5;19;0.0;2;True;0;28.66;52.0;24.0;526;train
5;8;0.0;3;True;1;20.2;83.0;9.0;622;train
4;11;0.0;3;True;1;20.2;43.0;24.0;213;train
7;10;0.0;0;False;0;34.3;45.0;0.0;319;train
10;2;0.0;2;True;3;8.92;87.0;17.0;7;train
5;10;0.0;5;True;0;16.44;36.0;22.0;210;train
4;20;0.0;5;True;0;13.62;31.0;19.0;289;train
7;18;0.0;0;False;0;26.78;66.0;11.0;515;train
6;13;0.0;1;True;1;29.6;41.0;20.0;248;train
9;9;0.0;0;False;1;24.9;84.0;0.0;232;train
5;4;0.0;1;True;1;17.38;77.0;15.0;6;train
1;6;0.0;2;True;0;-1.42;59.0;19.0;85;train
12;21;0.0;1;True;0;12.68;82.0;13.0;221;train
1;11;0.0;0;False;0;7.98;76.0;9.0;138;train
7;0;0.0;3;True;0;25.84;58.0;20.0;66;train
12;10;0.0;3;True;3;1.4;86.0;20.0;8;train
5;20;0.0;4;True;0;22.08;73.0;13.0;420;train
3;8;0.0;0;False;0;2.34;69.0;9.0;72;train
12;1;0.0;0;False;3;7.98;76.0;7.0;96;train
12;2;0.0;5;True;0;2.34;69.0;0.0;9;train
5;12;0.0;6;False;0;23.02;36.0;0.0;642;train
11;0;1.0;1;False;0;11.74;71.0;7.0;49;train
6;14;0.0;2;True;0;24.9;30.0;31.0;267;train
2;9;0.0;3;True;0;7.04;61.0;22.0;231;train
11;23;0.0;0;False;0;11.74;71.0;13.0;109;train
2;18;0.0;3;True;0;10.8;40.0;15.0;468;train
4;16;0.0;5;True;0;23.02;44.0;13.0;580;train
9;17;0.0;0;False;0;18.32;35.0;20.0;723;train
1;22;0.0;5;True;1;1.4;37.0;15.0;72;train
5;20;0.0;0;False;1;23.02;50.0;19.0;230;train
2;8;0.0;1;True;0;-0.48;86.0;9.0;444;train
4;22;0.0;2;True;0;15.5;51.0;0.0;158;train
4;4;0.0;1;True;0;10.8;76.0;33.0;4;train
12;12;0.0;0;False;0;6.1;42.0;13.0;196;train
6;0;0.0;5;True;0;23.02;50.0;17.0;86;train
11;8;0.0;3;True;1;5.16;81.0;6.0;551;train
7;20;0.0;1;True;0;29.6;59.0;9.0;454;train
6;23;0.0;0;False;0;25.84;58.0;7.0;110;train
12;18;0.0;6;False;0;10.8;87.0;7.0;304;train
2;22;0.0;5;True;0;10.8;37.0;39.0;106;train
12;1;0.0;6;False;1;4.22;81.0;6.0;95;train
9;1;0.0;6;False;0;25.84;74.0;9.0;79;train
9;1;0.0;6;False;0;19.26;83.0;20.0;124;train
11;3;0.0;1;True;0;1.4;69.0;0.0;5;train
11;4;0.0;6;False;0;4.22;87.0;7.0;6;train
12;8;0.0;4;True;0;2.34;51.0;20.0;659;train
3;22;0.0;2;True;0;18.32;60.0;6.0;170;train
8;7;0.0;2;True;1;23.02;83.0;6.0;179;train
12;10;0.0;5;True;0;7.04;42.0;31.0;154;train
5;9;0.0;0;False;1;16.44;83.0;11.0;191;train
6;20;0.0;6;False;1;23.02;47.0;13.0;352;train
5;15;0.0;0;False;1;24.9;39.0;28.0;502;train
12;7;0.0;4;True;1;6.1;70.0;0.0;350;train
5;23;0.0;3;True;1;15.5;77.0;17.0;98;train
11;19;0.0;5;True;1;9.86;43.0;20.0;374;train
4;15;0.0;6;False;1;22.08;27.0;24.0;658;train
3;7;0.0;0;False;0;2.34;69.0;9.0;17;train
9;14;0.0;2;True;0;29.6;55.0;28.0;274;train
12;9;1.0;2;False;1;3.28;87.0;0.0;28;train
8;13;0.0;5;True;0;33.36;27.0;22.0;368;train
1;19;0.0;3;True;1;7.98;53.0;0.0;316;train
12;13;0.0;4;True;0;6.1;39.0;0.0;245;train
8;11;0.0;2;True;0;28.66;55.0;17.0;218;train
12;7;0.0;0;False;1;7.98;87.0;6.0;27;train
5;6;0.0;0;False;3;16.44;83.0;15.0;17;train
8;10;0.0;1;True;1;22.08;69.0;6.0;193;train
8;20;0.0;6;False;0;30.54;52.0;20.0;312;train
6;21;0.0;2;True;0;27.72;62.0;11.0;276;train
2;10;0.0;2;True;0;3.28;70.0;13.0;85;train
9;2;0.0;3;True;1;17.38;64.0;22.0;3;train
1;14;1.0;1;False;0;3.28;44.0;26.0;181;train
8;8;0.0;1;True;1;21.14;73.0;7.0;655;train
5;6;0.0;0;False;0;21.14;83.0;11.0;22;train
12;3;0.0;5;True;1;4.22;81.0;13.0;5;train
5;8;0.0;4;True;3;13.62;88.0;13.0;627;train
11;10;1.0;4;False;0;8.92;57.0;7.0;219;train
9;23;0.0;3;True;0;14.56;67.0;6.0;123;train
10;12;0.0;2;True;1;20.2;88.0;13.0;104;train
9;1;0.0;1;True;0;17.38;60.0;13.0;18;train
8;3;0.0;4;True;0;21.14;73.0;0.0;5;train
10;1;0.0;2;True;1;17.38;77.0;7.0;11;train
1;9;0.0;3;True;0;-6.12;45.0;9.0;180;train
3;19;0.0;2;True;0;11.74;17.0;0.0;417;train
3;14;0.0;3;True;0;24.9;23.0;22.0;224;train
3;20;0.0;4;True;1;19.26;60.0;24.0;330;train
2;14;0.0;6;False;0;7.04;29.0;37.0;216;train
1;18;0.0;3;True;3;7.98;87.0;13.0;98;train
11;13;0.0;2;True;0;7.98;53.0;17.0;218;train
2;5;0.0;1;True;0;0.46;80.0;7.0;17;train
8;22;0.0;1;True;0;26.78;70.0;6.0;207;train
7;12;0.0;4;True;0;28.66;35.0;9.0;292;train
9;5;0.0;3;True;1;24.9;79.0;20.0;40;train
7;4;0.0;3;True;0;22.08;89.0;9.0;7;train
4;13;0.0;0;False;0;23.02;44.0;19.0;681;train
7;0;0.0;1;True;0;24.9;74.0;6.0;58;train
1;17;0.0;3;True;3;7.98;87.0;15.0;134;train
2;22;0.0;5;True;0;8.92;40.0;15.0;107;train
6;8;0.0;5;True;0;19.26;60.0;6.0;700;train
3;23;0.0;6;False;1;8.92;76.0;19.0;112;train
4;19;0.0;1;True;0;15.5;27.0;17.0;494;train
4;0;0.0;1;True;0;12.68;72.0;7.0;48;train
3;17;0.0;3;True;0;20.2;69.0;6.0;729;train
5;21;0.0;5;True;0;20.2;40.0;0.0;258;train
7;16;0.0;1;True;0;28.66;40.0;19.0;413;train
12;8;0.0;5;True;0;1.4;69.0;6.0;636;train
11;22;1.0;1;False;0;16.44;77.0;17.0;112;train
5;3;0.0;3;True;3;18.32;88.0;11.0;2;train
9;13;0.0;6;False;0;23.96;36.0;13.0;704;train
3;10;0.0;5;True;1;18.32;88.0;7.0;275;train
5;1;0.0;5;True;0;15.5;59.0;6.0;49;train
8;17;0.0;3;True;0;29.6;49.0;11.0;837;train
11;3;0.0;6;False;0;5.16;41.0;24.0;11;train
7;11;0.0;0;False;0;27.72;55.0;15.0;509;train
3;12;0.0;5;True;1;12.68;82.0;9.0;294;train
9;13;0.0;1;True;0;20.2;31.0;20.0;328;train
3;17;0.0;5;True;1;10.8;62.0;15.0;606;train
10;3;0.0;3;True;1;13.62;88.0;0.0;6;train
4;21;0.0;4;True;0;11.74;35.0;9.0;187;train
12;13;0.0;1;True;3;3.28;81.0;7.0;70;train
9;16;0.0;5;True;0;24.9;54.0;13.0;567;train
4;21;0.0;4;True;0;16.44;83.0;15.0;250;train
3;18;0.0;5;True;0;24.9;45.0;11.0;830;train
1;1;0.0;0;False;0;6.1;28.0;24.0;73;train
3;14;0.0;6;False;0;21.14;53.0;6.0;690;train
9;1;0.0;3;True;0;19.26;64.0;22.0;29;train
7;2;0.0;1;True;1;26.78;51.0;17.0;15;train
4;15;0.0;4;True;0;14.56;31.0;17.0;211;train
5;21;0.0;6;False;1;19.26;78.0;15.0;269;train
11;13;0.0;5;True;0;11.74;38.0;13.0;278;train
8;5;0.0;0;False;0;22.08;89.0;13.0;16;train
8;13;0.0;4;True;0;27.72;48.0;7.0;290;train
1;17;0.0;2;True;0;-1.42;26.0;31.0;245;train
10;22;0.0;2;True;0;10.8;71.0;6.0;181;train
5;2;0.0;1;True;0;20.2;60.0;20.0;2;train
1;20;0.0;3;True;0;7.04;61.0;13.0;235;train
9;9;0.0;4;True;3;23.02;94.0;9.0;123;train
3;14;0.0;0;False;0;13.62;31.0;19.0;501;train
11;21;0.0;2;True;1;6.1;56.0;17.0;151;train
7;20;0.0;1;True;0;27.72;62.0;11.0;403;train
12;5;0.0;0;False;1;10.8;87.0;7.0;8;train
10;1;0.0;3;True;0;9.86;76.0;0.0;17;train
1;4;0.0;4;True;1;1.4;59.0;6.0;5;train
11;3;0.0;0;False;1;6.1;81.0;11.0;46;train
10;12;0.0;3;True;1;24.9;70.0;7.0;358;train
8;19;0.0;6;False;1;22.08;78.0;20.0;354;train
12;14;0.0;4;True;0;8.92;34.0;11.0;242;train
11;10;0.0;3;True;0;8.92;62.0;0.0;172;train
3;18;0.0;3;True;0;20.2;60.0;15.0;641;train
3;10;0.0;4;True;1;15.5;100.0;6.0;142;train
7;10;1.0;3;False;0;29.6;46.0;0.0;447;train
7;15;0.0;2;True;1;34.3;24.0;0.0;401;train
1;17;0.0;6;False;1;17.38;43.0;9.0;322;train
10;18;0.0;3;True;0;16.44;59.0;11.0;884;train
3;17;0.0;5;True;3;8.92;81.0;15.0;128;train
12;20;0.0;0;False;1;9.86;82.0;0.0;122;train
12;23;0.0;4;True;1;3.28;60.0;17.0;26;train
3;14;0.0;6;False;3;16.44;88.0;24.0;223;train
5;12;0.0;2;True;1;21.14;65.0;22.0;263;train
5;4;0.0;4;True;1;13.62;88.0;17.0;2;train
7;22;0.0;1;True;1;24.9;74.0;15.0;230;train
1;8;0.0;2;True;0;-0.48;55.0;19.0;354;train
4;4;0.0;4;True;0;9.86;43.0;19.0;1;train
7;5;0.0;1;True;1;23.02;94.0;9.0;51;train
7;10;0.0;4;True;0;27.72;58.0;13.0;198;train
11;21;0.0;2;True;0;6.1;49.0;24.0;187;train
1;8;0.0;6;False;1;-0.48;93.0;17.0;25;train
12;11;0.0;5;True;0;7.04;65.0;13.0;211;train
2;13;0.0;5;True;1;6.1;42.0;6.0;192;train
8;13;0.0;5;True;1;29.6;41.0;7.0;351;train
12;9;0.0;2;True;0;7.98;61.0;26.0;334;train
12;13;0.0;3;True;0;11.74;50.0;13.0;213;train
4;21;0.0;1;True;1;16.44;59.0;13.0;221;train
9;16;0.0;6;False;1;31.48;49.0;11.0;462;train
8;22;0.0;5;True;0;27.72;58.0;13.0;277;train
6;14;0.0;4;True;0;25.84;37.0;17.0;265;train
9;12;0.0;3;True;0;23.96;36.0;9.0;352;train
1;18;0.0;0;False;0;7.98;46.0;15.0;181;train
9;11;1.0;1;False;1;26.78;70.0;19.0;459;train
10;14;0.0;2;True;0;17.38;39.0;17.0;308;train
12;10;0.0;1;True;1;9.86;87.0;6.0;135;train
10;7;0.0;0;False;3;11.74;58.0;11.0;35;train
4;2;0.0;0;False;1;8.92;87.0;7.0;40;train
10;7;0.0;3;True;0;13.62;82.0;7.0;507;train
6;8;0.0;2;True;0;18.32;49.0;22.0;656;train
1;5;0.0;3;True;0;-7.06;41.0;13.0;14;train
4;8;0.0;0;False;3;10.8;82.0;17.0;51;train
11;9;0.0;1;True;1;8.92;66.0;17.0;278;train
4;2;0.0;4;True;1;11.74;77.0;0.0;6;train
3;8;0.0;0;False;1;10.8;94.0;22.0;89;train
3;23;0.0;4;True;0;8.92;50.0;15.0;85;train
9;17;0.0;2;True;0;27.72;70.0;24.0;856;train
6;9;0.0;2;True;1;16.44;72.0;17.0;335;train
10;18;0.0;3;True;0;24.9;65.0;0.0;810;train
9;16;0.0;6;False;0;26.78;51.0;22.0;680;train
11;16;0.0;1;True;0;12.68;30.0;0.0;346;train
5;9;0.0;0;False;0;23.02;83.0;15.0;270;train
1;2;0.0;3;True;0;1.4;85.0;11.0;5;train
6;3;0.0;5;True;0;26.78;79.0;0.0;7;train
3;6;0.0;4;True;0;12.68;72.0;6.0;117;train
11;23;0.0;0;False;1;6.1;56.0;11.0;53;train
11;10;0.0;6;False;0;8.92;46.0;26.0;328;train
1;2;0.0;6;False;0;8.92;50.0;7.0;38;train
5;15;0.0;6;False;3;23.02;74.0;13.0;541;train
9;9;0.0;5;True;1;21.14;83.0;7.0;426;train
5;8;0.0;3;True;0;19.26;83.0;0.0;719;train
10;3;0.0;1;True;0;10.8;62.0;0.0;6;train
2;4;0.0;0;False;1;5.16;41.0;26.0;3;train
3;5;0.0;6;False;0;2.34;42.0;19.0;10;train
7;0;0.0;4;True;0;26.78;51.0;7.0;88;train
8;19;0.0;2;True;0;27.72;66.0;13.0;627;train
7;18;0.0;6;False;0;30.54;43.0;19.0;481;train
10;17;0.0;5;True;0;24.9;42.0;11.0;900;train
7;19;0.0;5;True;0;26.78;51.0;11.0;488;train
8;4;0.0;4;True;0;21.14;83.0;0.0;6;train
9;19;0.0;6;False;0;16.44;55.0;11.0;470;train
4;20;0.0;0;False;0;18.32;32.0;6.0;243;train
12;17;0.0;6;False;0;10.8;50.0;15.0;309;train
4;6;1.0;1;False;0;16.44;83.0;11.0;133;train
8;15;0.0;2;True;0;29.6;52.0;0.0;306;train
5;13;0.0;2;True;1;22.08;73.0;0.0;243;train
3;21;0.0;6;False;0;13.62;19.0;22.0;154;train
2;16;0.0;3;True;0;11.74;38.0;13.0;231;train
1;11;0.0;0;False;0;5.16;28.0;15.0;255;train
8;7;0.0;6;False;0;20.2;83.0;15.0;64;train
7;14;0.0;4;True;0;28.66;33.0;15.0;209;train
10;12;0.0;0;False;1;11.74;71.0;0.0;392;train
2;11;0.0;1;True;0;8.92;43.0;17.0;103;train
10;17;0.0;3;True;0;17.38;56.0;7.0;888;train
3;8;0.0;5;True;1;15.5;94.0;9.0;662;train
9;7;0.0;4;True;0;13.62;82.0;7.0;534;train
2;15;0.0;4;True;0;17.38;33.0;9.0;217;train
3;21;0.0;4;True;0;19.26;78.0;11.0;374;train
4;7;0.0;1;True;3;6.1;81.0;17.0;207;train
1;1;0.0;0;False;0;7.98;42.0;13.0;72;train
11;8;0.0;4;True;1;8.92;56.0;7.0;680;train
10;5;0.0;4;True;0;12.68;82.0;15.0;42;train
8;16;0.0;1;True;0;31.48;41.0;7.0;451;train
9;7;0.0;3;True;0;17.38;77.0;9.0;532;train
7;21;0.0;2;True;0;30.54;52.0;9.0;333;train
3;12;0.0;4;True;1;17.38;88.0;13.0;272;train
9;6;0.0;4;True;0;12.68;77.0;0.0;170;train
11;1;0.0;2;True;0;3.28;60.0;11.0;8;train
8;9;0.0;4;True;0;25.84;54.0;7.0;337;train
4;4;0.0;4;True;1;14.56;59.0;6.0;3;train
9;13;0.0;4;True;0;22.08;44.0;9.0;336;train
1;8;0.0;4;True;0;7.04;81.0;13.0;508;train
4;0;0.0;6;False;0;10.8;58.0;9.0;96;train
7;10;0.0;2;True;1;31.48;49.0;13.0;159;train
9;12;0.0;1;True;1;21.14;69.0;13.0;295;train
1;20;0.0;5;True;0;3.28;41.0;11.0;136;train
2;1;0.0;3;True;0;12.68;41.0;19.0;4;train
5;1;0.0;3;True;0;18.32;83.0;0.0;15;train
7;5;0.0;3;True;0;25.84;70.0;11.0;46;train
1;5;0.0;0;False;1;7.04;49.0;7.0;2;train
3;14;0.0;2;True;0;22.08;53.0;22.0;212;train
7;2;0.0;2;True;0;23.02;83.0;9.0;8;train
8;4;0.0;3;True;0;22.08;83.0;7.0;4;train
12;16;0.0;6;False;0;6.1;75.0;7.0;147;train
6;1;0.0;5;True;0;18.32;56.0;11.0;29;train
9;5;0.0;5;True;0;21.14;88.0;0.0;40;train
9;13;0.0;2;True;0;22.08;47.0;17.0;305;train
7;9;0.0;4;True;1;25.84;70.0;9.0;344;train
6;11;0.0;2;True;0;23.02;69.0;9.0;230;train
11;15;0.0;2;True;1;6.1;75.0;20.0;155;train
4;16;0.0;3;True;1;22.08;44.0;19.0;390;train
9;20;0.0;5;True;0;25.84;66.0;15.0;391;train
1;13;0.0;2;True;1;9.86;76.0;22.0;103;train
12;4;0.0;4;True;1;3.28;87.0;22.0;3;train
1;17;1.0;1;False;0;4.22;35.0;26.0;153;train
12;1;0.0;0;False;1;6.1;87.0;6.0;94;train
6;10;0.0;3;True;0;20.2;46.0;6.0;203;train
10;7;0.0;1;True;1;19.26;68.0;22.0;476;train
10;9;0.0;6;False;0;8.92;50.0;6.0;266;train
11;16;0.0;3;True;0;8.92;29.0;17.0;325;train
4;0;0.0;5;True;0;10.8;37.0;17.0;55;train
6;1;0.0;5;True;0;27.72;75.0;11.0;31;train
7;17;0.0;2;True;0;28.66;49.0;13.0;872;train
10;14;1.0;1;False;1;11.74;58.0;7.0;420;train
5;5;0.0;1;True;3;18.32;88.0;20.0;15;train
3;12;0.0;0;False;0;10.8;37.0;20.0;410;train
4;21;0.0;2;True;0;12.68;30.0;30.0;206;train
10;16;0.0;4;True;0;20.2;56.0;19.0;450;train
12;23;0.0;0;False;1;8.92;93.0;9.0;33;train
5;12;0.0;2;True;0;29.6;55.0;22.0;237;train
12;20;0.0;3;True;0;6.1;52.0;19.0;268;train
12;9;0.0;4;True;0;5.16;52.0;17.0;325;train
1;13;0.0;6;False;0;12.68;44.0;13.0;445;train
9;14;0.0;3;True;0;24.9;37.0;11.0;278;train
10;9;0.0;5;True;1;17.38;88.0;9.0;403;train
8;6;0.0;0;False;1;21.14;69.0;7.0;20;train
5;14;0.0;4;True;0;26.78;55.0;15.0;252;train
7;6;0.0;6;False;3;19.26;88.0;17.0;15;train
8;16;0.0;0;False;0;27.72;40.0;7.0;513;train
6;5;0.0;4;True;0;21.14;57.0;6.0;47;train
5;16;0.0;2;True;0;23.96;61.0;7.0;386;train
9;6;0.0;2;True;0;13.62;77.0;7.0;211;train
6;22;0.0;6;False;0;19.26;46.0;9.0;228;train
7;12;0.0;4;True;0;31.48;49.0;19.0;274;train
8;7;0.0;3;True;1;23.02;69.0;13.0;492;train
11;11;0.0;5;True;0;10.8;47.0;20.0;251;train
5;18;0.0;2;True;0;24.9;61.0;6.0;733;train
2;11;0.0;3;True;1;4.22;65.0;15.0;102;train
10;13;0.0;1;True;1;18.32;88.0;15.0;146;train
2;4;0.0;5;True;0;4.22;60.0;15.0;2;train
1;1;1.0;1;False;0;-1.42;43.0;7.0;20;train
11;10;0.0;6;False;0;10.8;58.0;0.0;350;train
11;5;0.0;6;False;0;5.16;87.0;0.0;10;train
12;9;0.0;4;True;0;3.28;48.0;13.0;276;train
3;2;0.0;2;True;0;4.22;30.0;20.0;7;train
1;15;0.0;5;True;0;4.22;33.0;39.0;138;train
2;21;0.0;2;True;0;7.98;61.0;7.0;190;train
1;7;0.0;6;False;0;2.34;75.0;0.0;31;train
1;4;0.0;1;True;0;1.4;51.0;9.0;5;train
1;13;0.0;1;True;1;4.22;56.0;7.0;80;train
7;14;0.0;5;True;0;32.42;47.0;20.0;326;train
10;18;0.0;2;True;0;15.5;42.0;11.0;838;train
9;11;0.0;0;False;0;23.02;47.0;17.0;585;train
9;20;0.0;0;False;0;20.2;53.0;7.0;324;train
12;17;0.0;4;True;0;6.1;45.0;7.0;617;train
11;23;0.0;3;True;0;7.04;61.0;0.0;57;train
8;7;0.0;6;False;1;22.08;78.0;13.0;102;train
1;15;0.0;3;True;1;7.98;87.0;6.0;79;train
2;14;0.0;0;False;1;7.04;45.0;13.0;237;train
9;19;0.0;6;False;3;19.26;88.0;7.0;215;train
2;6;0.0;3;True;1;3.28;70.0;0.0;98;train
2;1;0.0;0;False;3;-4.24;79.0;31.0;24;train
12;20;0.0;1;True;1;11.74;94.0;17.0;200;train
8;20;0.0;0;False;1;22.08;73.0;13.0;274;train
2;1;0.0;0;False;1;7.04;39.0;17.0;72;train
3;5;0.0;5;True;1;15.5;94.0;0.0;34;train
11;8;0.0;6;False;1;7.98;46.0;20.0;142;train
3;23;0.0;3;True;0;17.38;77.0;0.0;125;train
5;2;0.0;6;False;0;13.62;59.0;9.0;56;train
1;8;0.0;4;True;0;-2.36;54.0;7.0;423;train
2;12;0.0;3;True;3;7.04;93.0;22.0;70;train
8;15;0.0;3;True;1;31.48;44.0;13.0;278;train
4;13;0.0;5;True;0;21.14;43.0;13.0;381;train
5;21;0.0;3;True;0;16.44;77.0;15.0;239;train
10;4;0.0;4;True;1;16.44;88.0;7.0;5;train
2;2;0.0;1;True;0;-1.42;46.0;13.0;4;train
8;9;0.0;4;True;0;27.72;66.0;11.0;353;train
7;23;0.0;2;True;0;28.66;59.0;13.0;161;train
6;12;0.0;3;True;0;21.14;38.0;0.0;315;train
8;8;0.0;4;True;1;23.02;74.0;6.0;707;train
9;18;0.0;4;True;0;20.2;56.0;17.0;900;train
11;1;0.0;5;True;0;7.04;66.0;11.0;24;train
5;1;0.0;2;True;0;24.9;79.0;13.0;14;train
5;20;0.0;6;False;0;20.2;78.0;17.0;309;train
11;20;0.0;2;True;0;4.22;75.0;22.0;232;train
6;11;0.0;3;True;1;23.02;54.0;30.0;246;train
6;21;0.0;6;False;0;20.2;40.0;7.0;316;train
12;11;0.0;6;False;0;5.16;41.0;24.0;159;train
1;5;0.0;2;True;1;6.1;100.0;6.0;26;train
1;0;0.0;3;True;0;-4.24;42.0;22.0;9;train
5;11;0.0;5;True;0;18.32;35.0;17.0;291;train
3;13;0.0;0;False;0;11.74;41.0;20.0;464;train
3;18;0.0;5;True;3;14.56;82.0;6.0;408;train
2;17;0.0;6;False;0;14.56;36.0;19.0;364;train
12;21;0.0;6;False;1;5.16;56.0;33.0;60;train
3;3;0.0;3;True;1;15.5;88.0;13.0;8;train
3;2;0.0;3;True;0;6.1;56.0;19.0;4;train
1;7;0.0;0;False;0;1.4;37.0;9.0;12;train
4;4;0.0;6;False;0;8.92;71.0;7.0;14;train
9;6;0.0;4;True;1;24.9;84.0;6.0;200;train
2;22;0.0;6;False;1;3.28;87.0;6.0;95;train
9;1;0.0;3;True;1;17.38;68.0;17.0;12;train
11;6;0.0;3;True;1;4.22;65.0;15.0;136;train
1;22;0.0;2;True;0;6.1;70.0;6.0;114;train
8;18;0.0;2;True;0;25.84;54.0;15.0;625;train
11;9;1.0;1;False;0;12.68;88.0;7.0;397;train
3;5;0.0;2;True;0;2.34;37.0;19.0;17;train
7;23;0.0;4;True;0;25.84;70.0;9.0;145;train
6;12;0.0;6;False;0;21.14;43.0;24.0;668;train
9;15;0.0;3;True;0;28.66;70.0;13.0;245;train
12;19;0.0;5;True;0;5.16;45.0;20.0;153;train
8;8;0.0;2;True;1;23.02;85.0;7.0;693;train
2;6;0.0;5;True;0;1.4;59.0;13.0;64;train
8;13;0.0;0;False;3;23.02;78.0;28.0;541;train
7;0;0.0;6;False;0;28.66;66.0;9.0;150;train
12;5;0.0;3;True;0;15.5;59.0;19.0;49;train
4;13;0.0;0;False;1;12.68;62.0;13.0;464;train
9;8;0.0;6;False;0;15.5;68.0;19.0;211;train
5;6;0.0;1;True;0;13.62;88.0;7.0;142;train
10;21;0.0;2;True;3;21.14;94.0;7.0;289;train
10;22;0.0;3;True;1;20.2;64.0;9.0;238;train
6;12;0.0;2;True;1;17.38;56.0;15.0;247;train
9;0;0.0;0;False;0;17.38;64.0;0.0;151;train
5;11;0.0;4;True;0;23.02;65.0;9.0;221;train
2;6;0.0;0;False;0;2.34;44.0;22.0;2;train
2;1;0.0;2;True;0;4.22;56.0;0.0;7;train
10;0;0.0;2;True;1;9.86;82.0;15.0;31;train
7;1;0.0;0;False;0;30.54;56.0;7.0;124;train
7;3;0.0;1;True;3;24.9;89.0;13.0;5;train
5;11;0.0;2;True;0;22.08;78.0;13.0;224;train
6;16;0.0;2;True;0;29.6;55.0;15.0;334;train
2;22;0.0;2;True;1;7.98;71.0;13.0;100;train
2;4;0.0;3;True;0;10.8;50.0;11.0;1;train
12;14;0.0;6;False;0;7.04;36.0;31.0;161;train
10;4;1.0;1;False;0;7.04;87.0;9.0;7;train
5;19;1.0;1;False;0;29.6;55.0;20.0;395;train
3;12;0.0;3;True;1;17.38;77.0;0.0;229;train
12;0;0.0;1;True;1;11.74;82.0;11.0;21;train
6;21;0.0;5;True;3;22.08;78.0;17.0;85;train
10;0;0.0;5;True;1;17.38;77.0;0.0;71;train
8;18;0.0;4;True;1;30.54;46.0;17.0;811;train
12;10;0.0;5;True;0;4.22;81.0;13.0;190;train
5;7;0.0;4;True;3;12.68;94.0;7.0;384;train
3;13;0.0;6;False;0;12.68;51.0;19.0;339;train
4;22;0.0;4;True;0;11.74;35.0;13.0;158;train
6;18;0.0;6;False;0;30.54;26.0;20.0;481;train
9;2;0.0;1;True;0;16.44;72.0;0.0;13;train
7;13;0.0;2;True;1;31.48;53.0;20.0;273;train
2;8;0.0;0;False;0;-4.24;53.0;17.0;26;train
1;19;0.0;2;True;0;15.5;29.0;19.0;328;train
3;19;0.0;3;True;0;20.2;56.0;13.0;456;train
1;10;0.0;6;False;3;-0.48;93.0;17.0;45;train
7;5;0.0;6;False;0;26.78;74.0;13.0;14;train
6;6;0.0;4;True;0;21.14;57.0;6.0;193;train
3;21;0.0;4;True;0;12.68;44.0;19.0;224;train
8;22;0.0;6;False;1;23.02;89.0;11.0;168;train
12;22;0.0;2;True;0;7.98;49.0;0.0;132;train
5;19;0.0;2;True;0;23.02;69.0;11.0;512;train
9;5;0.0;1;True;0;15.5;72.0;17.0;40;train
6;5;0.0;3;True;0;20.2;83.0;13.0;40;train
7;5;0.0;3;True;0;22.08;89.0;0.0;41;train
2;22;0.0;6;False;0;3.28;38.0;31.0;82;train
4;20;0.0;5;True;0;13.62;24.0;19.0;252;train
11;14;0.0;3;True;0;13.62;33.0;13.0;413;train
3;15;0.0;2;True;0;24.9;39.0;15.0;264;train
10;8;0.0;2;True;1;11.74;80.0;13.0;713;train
6;3;0.0;2;True;0;17.38;45.0;19.0;9;train
4;11;0.0;5;True;0;17.38;68.0;11.0;254;train
4;13;0.0;5;True;0;16.44;27.0;19.0;358;train
10;14;0.0;2;True;1;17.38;64.0;13.0;244;train
10;16;0.0;0;False;0;22.08;41.0;20.0;581;train
8;14;0.0;1;True;0;29.6;49.0;6.0;246;train
8;6;0.0;6;False;1;22.08;78.0;11.0;30;train
8;7;0.0;4;True;0;22.08;73.0;0.0;532;train
10;14;0.0;0;False;1;15.5;59.0;30.0;402;train
6;2;0.0;5;True;0;18.32;83.0;7.0;15;train
9;5;0.0;1;True;0;14.56;82.0;6.0;45;train
11;15;0.0;4;True;1;10.8;54.0;11.0;214;train
7;0;0.0;5;True;0;28.66;62.0;9.0;102;train
3;20;0.0;5;True;0;9.86;32.0;24.0;159;train
3;4;0.0;4;True;0;14.56;88.0;13.0;5;train
4;6;0.0;3;True;1;11.74;58.0;0.0;126;train
7;0;0.0;6;False;1;25.84;48.0;6.0;191;train
1;9;0.0;2;True;0;-0.48;50.0;19.0;153;train
7;7;0.0;0;False;0;26.78;70.0;0.0;50;train
9;15;0.0;0;False;3;26.78;74.0;9.0;355;train
9;9;0.0;2;True;1;25.84;79.0;15.0;323;train
8;10;0.0;5;True;0;23.02;89.0;7.0;193;train
5;7;0.0;4;True;0;17.38;73.0;26.0;474;train
8;13;0.0;0;False;0;33.36;44.0;31.0;523;train
7;15;0.0;1;True;0;29.6;49.0;17.0;236;train
1;19;0.0;5;True;1;1.4;37.0;7.0;192;train
5;8;0.0;3;True;1;18.32;88.0;0.0;666;train
6;18;0.0;1;True;0;22.08;38.0;26.0;822;train
5;20;0.0;2;True;0;23.02;61.0;11.0;335;train
7;18;0.0;3;True;0;29.6;27.0;9.0;891;train
8;2;0.0;6;False;3;21.14;88.0;11.0;43;train
6;5;0.0;6;False;0;20.2;56.0;7.0;19;train
12;3;0.0;0;False;1;10.8;87.0;7.0;48;train
11;6;0.0;4;True;0;2.34;69.0;0.0;121;train
2;8;0.0;0;False;0;1.4;51.0;17.0;59;train
6;3;0.0;5;True;0;25.84;58.0;13.0;8;train
6;13;0.0;0;False;0;23.96;36.0;19.0;686;train
2;12;0.0;6;False;1;6.1;70.0;6.0;300;train
4;17;0.0;3;True;0;11.74;35.0;26.0;579;train
5;10;0.0;5;True;0;20.2;46.0;9.0;255;train
8;23;0.0;5;True;3;22.08;83.0;15.0;121;train
8;21;0.0;0;False;0;25.84;51.0;6.0;220;train
1;12;0.0;5;True;1;1.4;34.0;22.0;124;train
6;6;0.0;0;False;0;16.44;72.0;7.0;23;train
9;8;0.0;2;True;1;23.02;83.0;37.0;672;train
1;9;0.0;4;True;0;-2.36;54.0;0.0;210;train
2;4;0.0;2;True;1;4.22;65.0;7.0;2;train
1;17;0.0;3;True;0;8.92;53.0;11.0;470;train
8;3;0.0;6;False;0;21.14;88.0;13.0;30;train
5;14;0.0;1;True;1;21.14;73.0;17.0;171;train
9;16;0.0;5;True;1;23.02;50.0;15.0;502;train
11;14;0.0;0;False;0;20.2;33.0;11.0;654;train
11;15;0.0;4;True;0;12.68;18.0;28.0;233;train
10;17;0.0;2;True;3;21.14;88.0;7.0;715;train
9;16;0.0;6;False;0;21.14;41.0;17.0;722;train
6;5;0.0;2;True;0;16.44;48.0;26.0;39;train
9;16;0.0;4;True;0;26.78;70.0;15.0;416;train
6;22;0.0;5;True;0;23.96;41.0;7.0;291;train
12;15;0.0;6;False;0;11.74;82.0;11.0;541;train
12;23;0.0;3;True;0;7.04;66.0;9.0;88;train
11;15;1.0;1;False;0;18.32;64.0;17.0;382;train
12;10;0.0;0;False;0;4.22;41.0;39.0;122;train
8;0;0.0;1;True;0;23.02;65.0;7.0;47;train
2;0;0.0;5;True;1;12.68;58.0;6.0;46;train
1;7;0.0;0;False;0;4.22;93.0;11.0;7;train
1;22;0.0;2;True;0;-3.3;46.0;17.0;33;train
3;11;0.0;1;True;1;4.22;56.0;9.0;103;train
3;8;0.0;0;False;1;11.74;88.0;7.0;96;train
5;14;0.0;6;False;3;24.9;61.0;20.0;428;train
2;16;0.0;2;True;0;8.92;46.0;28.0;254;train
4;6;0.0;1;True;0;10.8;47.0;13.0;123;train
6;9;0.0;5;True;0;27.72;58.0;15.0;333;train
3;16;0.0;2;True;0;25.84;34.0;26.0;365;train
3;4;0.0;1;True;0;1.4;55.0;6.0;1;train
1;6;0.0;6;False;3;-0.48;93.0;11.0;1;train
11;15;0.0;6;False;0;6.1;36.0;31.0;198;train
6;14;0.0;2;True;1;19.26;46.0;11.0;276;train
8;20;0.0;3;True;0;26.78;66.0;13.0;500;train
7;6;0.0;4;True;0;25.84;66.0;9.0;152;train
1;21;0.0;0;False;0;-0.48;40.0;11.0;72;train
12;2;0.0;4;True;1;4.22;56.0;17.0;8;train
2;10;0.0;0;False;1;4.22;65.0;19.0;148;train
11;8;0.0;5;True;0;3.28;87.0;6.0;94;train
5;14;0.0;2;True;1;22.08;73.0;13.0;184;train
3;4;0.0;3;True;0;5.16;61.0;22.0;3;train
7;8;0.0;0;False;1;24.9;84.0;9.0;133;train
11;2;0.0;1;True;1;8.92;66.0;17.0;5;train
7;5;0.0;6;False;1;22.08;73.0;7.0;5;train
1;10;0.0;2;True;0;-0.48;47.0;31.0;60;train
9;12;0.0;1;True;0;18.32;35.0;20.0;342;train
2;8;0.0;2;True;0;1.4;69.0;6.0;464;train
1;16;0.0;4;True;0;8.92;34.0;19.0;197;train
7;19;0.0;4;True;0;31.48;44.0;17.0;533;train
10;1;0.0;1;True;0;12.68;77.0;6.0;18;train
12;21;0.0;0;False;0;3.28;70.0;0.0;42;train
3;7;0.0;4;True;1;12.68;94.0;9.0;304;train
1;2;0.0;5;True;0;10.8;76.0;24.0;14;train
8;18;0.0;4;True;0;29.6;36.0;0.0;832;train
9;11;0.0;1;True;0;21.14;43.0;20.0;236;train
11;4;0.0;1;True;1;8.92;66.0;15.0;12;train
10;3;0.0;2;True;0;12.68;77.0;9.0;1;train
3;3;0.0;6;False;0;4.22;41.0;20.0;16;train
12;22;0.0;1;True;1;15.5;82.0;15.0;126;train
9;2;0.0;5;True;0;16.44;72.0;0.0;14;train
6;12;0.0;5;True;0;25.84;39.0;22.0;369;train
12;0;0.0;4;True;3;4.22;87.0;20.0;3;train
5;12;0.0;6;False;0;25.84;58.0;7.0;550;train
6;23;0.0;5;True;3;30.54;63.0;13.0;48;train
12;3;0.0;4;True;0;2.34;55.0;13.0;2;train
12;22;0.0;0;False;0;3.28;60.0;7.0;58;train
7;11;0.0;5;True;1;27.72;45.0;9.0;288;train
3;15;0.0;1;True;1;6.1;53.0;13.0;130;train
3;12;0.0;6;False;1;11.74;67.0;17.0;299;train
12;1;0.0;5;True;3;12.68;88.0;26.0;9;train
8;7;0.0;4;True;0;24.9;79.0;0.0;473;train
12;23;1.0;2;False;1;5.16;65.0;17.0;30;train
4;12;0.0;0;False;0;14.56;44.0;7.0;584;train
9;18;0.0;6;False;1;30.54;52.0;0.0;442;train
12;0;0.0;2;True;3;13.62;77.0;31.0;31;train
6;7;0.0;2;True;3;21.14;88.0;17.0;303;train
5;1;1.0;1;False;1;21.14;78.0;20.0;59;train
10;18;0.0;5;True;0;12.68;38.0;20.0;642;train
8;1;0.0;3;True;0;21.14;78.0;0.0;21;train
7;4;0.0;3;True;0;22.08;65.0;15.0;4;train
5;11;0.0;0;False;0;23.02;36.0;22.0;581;train
6;21;0.0;1;True;0;23.96;30.0;22.0;331;train
12;4;0.0;0;False;1;4.22;56.0;15.0;7;train
8;16;0.0;6;False;0;34.3;39.0;20.0;450;train
1;5;0.0;5;True;0;2.34;60.0;7.0;19;train
9;23;0.0;6;False;0;21.14;50.0;13.0;171;train
9;1;0.0;0;False;0;17.38;64.0;0.0;117;train
1;4;1.0;1;False;0;5.16;45.0;22.0;4;train
3;7;0.0;2;True;0;2.34;37.0;13.0;286;train
1;12;0.0;6;False;0;10.8;43.0;15.0;376;train
6;12;0.0;0;False;0;30.54;30.0;0.0;502;train
5;23;0.0;2;True;3;18.32;88.0;7.0;71;train
8;19;0.0;4;True;0;25.84;51.0;6.0;633;train
8;4;0.0;5;True;0;22.08;89.0;9.0;7;train
3;10;0.0;0;False;0;6.1;49.0;22.0;192;train
4;17;0.0;5;True;0;16.44;23.0;28.0;655;train
6;20;0.0;1;True;1;21.14;73.0;9.0;362;train
7;11;0.0;4;True;0;29.6;66.0;15.0;212;train
4;3;0.0;2;True;0;7.04;81.0;15.0;2;train
7;1;0.0;0;False;0;26.78;70.0;9.0;93;train
9;13;0.0;0;False;0;20.2;38.0;11.0;702;train
2;19;0.0;3;True;1;10.8;87.0;7.0;102;train
3;19;0.0;6;False;0;7.98;25.0;0.0;184;train
1;3;0.0;6;False;3;-1.42;93.0;6.0;13;train
7;19;0.0;5;True;0;30.54;52.0;13.0;516;train
1;16;0.0;6;False;1;18.32;37.0;19.0;401;train
6;4;0.0;4;True;0;13.62;88.0;7.0;6;train
3;5;0.0;4;True;1;14.56;100.0;6.0;34;train
8;12;0.0;1;True;1;23.02;61.0;7.0;282;train
10;7;0.0;5;True;0;8.92;81.0;6.0;392;train
1;4;0.0;6;False;0;4.22;60.0;11.0;8;train
8;21;0.0;2;True;0;25.84;48.0;6.0;314;train
1;7;0.0;3;True;0;3.28;75.0;15.0;257;train
6;3;0.0;5;True;1;21.14;73.0;6.0;4;train
6;17;0.0;2;True;0;25.84;28.0;28.0;900;train
8;9;0.0;5;True;0;24.9;58.0;7.0;378;train
12;16;0.0;6;False;0;11.74;82.0;11.0;507;train
7;4;0.0;1;True;0;23.96;79.0;7.0;12;train
9;18;0.0;1;True;0;17.38;37.0;11.0;853;train
12;0;0.0;4;True;0;4.22;48.0;19.0;44;train
6;5;0.0;1;True;0;23.02;74.0;11.0;43;train
5;6;1.0;1;False;0;21.14;73.0;11.0;20;train
4;11;0.0;1;True;1;12.68;44.0;7.0;163;train
4;16;0.0;2;True;0;19.26;21.0;17.0;362;train
3;18;0.0;1;True;1;20.2;43.0;13.0;712;train
4;3;0.0;3;True;1;15.5;42.0;15.0;6;train
4;6;0.0;5;True;0;7.04;57.0;11.0;84;train
5;23;0.0;3;True;0;23.02;65.0;7.0;160;train
10;12;0.0;2;True;1;21.14;46.0;6.0;378;train
1;14;0.0;0;False;0;1.4;32.0;24.0;188;train
7;6;0.0;4;True;0;25.84;58.0;0.0;133;train
7;6;0.0;3;True;0;25.84;70.0;11.0;162;train
11;6;0.0;5;True;0;1.4;86.0;0.0;106;train
2;14;0.0;5;True;1;7.04;39.0;6.0;146;train
10;18;0.0;2;True;3;21.14;94.0;6.0;687;train
7;2;0.0;2;True;0;23.02;83.0;11.0;16;train
3;3;0.0;1;True;0;8.92;50.0;9.0;2;train
8;14;0.0;6;False;0;33.36;40.0;26.0;472;train
8;6;0.0;3;True;1;24.9;84.0;11.0;173;train
12;20;0.0;1;True;1;4.22;60.0;11.0;89;train
8;5;0.0;4;True;1;23.02;94.0;0.0;41;train
2;12;0.0;5;True;1;6.1;42.0;9.0;176;train
8;13;0.0;4;True;0;30.54;38.0;6.0;346;train
3;10;0.0;3;True;0;13.62;41.0;28.0;173;train
11;12;0.0;3;True;0;12.68;41.0;13.0;344;train
11;14;0.0;5;True;0;13.62;38.0;13.0;274;train
8;9;0.0;1;True;0;23.02;83.0;7.0;342;train
11;12;0.0;5;True;0;11.74;41.0;24.0;292;train
5;5;0.0;0;False;0;15.5;72.0;7.0;8;train
2;0;0.0;2;True;0;11.74;54.0;9.0;10;train
8;23;0.0;6;False;0;27.72;66.0;20.0;222;train
3;18;0.0;0;False;0;15.5;72.0;6.0;491;train
4;5;0.0;1;True;0;12.68;24.0;13.0;32;train
7;22;0.0;4;True;0;29.6;49.0;41.0;234;train
8;3;0.0;0;False;1;22.08;89.0;17.0;53;train
11;23;0.0;3;True;0;4.22;48.0;9.0;78;train
4;7;0.0;4;True;0;7.98;49.0;13.0;354;train
11;7;0.0;2;True;0;7.04;76.0;6.0;418;train
8;14;0.0;0;False;0;27.72;40.0;13.0;579;train
11;20;0.0;2;True;0;6.1;61.0;15.0;228;train
3;3;0.0;4;True;0;15.5;63.0;0.0;7;train
4;14;0.0;6;False;1;22.08;27.0;30.0;660;train
7;20;0.0;0;False;0;26.78;66.0;7.0;303;train
8;15;0.0;3;True;0;27.72;48.0;9.0;316;train
8;20;0.0;2;True;0;26.78;74.0;15.0;436;train
10;16;0.0;3;True;1;11.74;54.0;15.0;424;train
2;8;0.0;6;False;0;3.28;87.0;0.0;90;train
8;0;0.0;5;True;0;23.96;83.0;11.0;82;train
1;12;0.0;2;True;0;7.98;87.0;11.0;175;train
6;8;0.0;3;True;0;21.14;43.0;22.0;687;train
2;11;0.0;5;True;1;5.16;45.0;7.0;153;train
9;16;0.0;2;True;0;27.72;70.0;28.0;458;train
12;18;0.0;5;True;0;8.92;46.0;9.0;455;train
11;7;0.0;5;True;0;2.34;80.0;0.0;352;train
3;2;0.0;0;False;1;8.92;40.0;11.0;80;train
4;7;0.0;6;False;0;7.04;33.0;19.0;54;train
6;16;0.0;1;True;0;23.02;39.0;31.0;448;train
11;23;0.0;6;False;0;7.04;57.0;7.0;148;train
11;4;0.0;2;True;3;6.1;81.0;13.0;5;train
6;13;0.0;0;False;0;29.6;33.0;19.0;585;train
3;9;0.0;5;True;1;11.74;82.0;0.0;312;train
4;12;0.0;2;True;0;17.38;22.0;19.0;259;train
6;19;0.0;5;True;0;34.3;47.0;13.0;363;train
4;11;0.0;1;True;0;16.44;27.0;28.0;223;train
9;14;0.0;0;False;3;25.84;79.0;6.0;457;train
9;10;0.0;1;True;1;21.14;65.0;13.0;202;train
6;5;0.0;3;True;0;23.02;83.0;6.0;39;train
1;11;0.0;0;False;3;-0.48;80.0;17.0;133;train
7;23;0.0;3;True;0;27.72;58.0;6.0;131;train
3;13;0.0;3;True;0;18.32;43.0;22.0;273;train
1;6;1.0;1;False;0;4.22;41.0;26.0;14;train
4;17;0.0;6;False;1;21.14;33.0;17.0;560;train
4;20;0.0;3;True;0;22.08;27.0;15.0;372;train
10;8;0.0;2;True;1;13.62;72.0;6.0;761;train
10;9;0.0;2;True;1;11.74;77.0;15.0;382;train
5;22;1.0;1;False;0;26.78;70.0;11.0;157;train
9;19;0.0;6;False;0;21.14;41.0;11.0;478;train
2;21;0.0;1;True;0;7.04;57.0;11.0;154;train
4;20;0.0;2;True;0;13.62;28.0;26.0;282;train
8;3;0.0;0;False;0;25.84;74.0;17.0;41;train
6;16;0.0;6;False;0;34.3;29.0;11.0;373;train
9;5;0.0;4;True;0;19.26;83.0;0.0;66;train
7;22;0.0;2;True;0;23.96;74.0;17.0;257;train
1;23;0.0;0;False;0;12.68;51.0;20.0;29;train
3;10;0.0;1;True;0;10.8;50.0;15.0;137;train
4;18;0.0;2;True;0;17.38;22.0;28.0;704;train
11;8;0.0;1;True;1;6.1;49.0;15.0;648;train
12;16;0.0;1;True;3;3.28;87.0;15.0;33;train
9;21;0.0;5;True;0;22.08;73.0;15.0;312;train
7;14;0.0;0;False;0;29.6;46.0;13.0;522;train
5;6;0.0;3;True;0;17.38;94.0;6.0;158;train
12;16;0.0;2;True;1;9.86;50.0;15.0;358;train
8;8;0.0;1;True;1;24.9;79.0;0.0;605;train
7;12;0.0;2;True;0;29.6;46.0;0.0;248;train
11;4;1.0;1;False;0;10.8;76.0;6.0;4;train
3;15;0.0;4;True;0;20.2;31.0;17.0;223;train
5;14;0.0;4;True;0;18.32;37.0;28.0;247;train
8;4;0.0;2;True;0;23.02;83.0;9.0;8;train
1;14;0.0;1;True;3;2.34;75.0;11.0;50;train
12;0;0.0;1;True;1;9.86;87.0;0.0;28;train
7;8;0.0;2;True;0;26.78;62.0;6.0;646;train
7;6;0.0;0;False;0;23.96;83.0;9.0;15;train
8;0;0.0;5;True;1;23.02;69.0;0.0;111;train
9;0;0.0;6;False;0;20.2;73.0;19.0;172;train
3;11;0.0;0;False;0;7.04;45.0;26.0;256;train
12;3;0.0;3;True;1;3.28;70.0;24.0;2;train
5;0;0.0;2;True;1;16.44;52.0;17.0;38;train
6;20;0.0;3;True;0;23.96;36.0;28.0;448;train
11;0;0.0;6;False;0;7.04;76.0;6.0;122;train
6;19;0.0;1;True;0;21.14;38.0;28.0;645;train
7;10;0.0;5;True;1;24.9;79.0;11.0;233;train
7;21;0.0;4;True;0;31.48;47.0;13.0;323;train
9;3;0.0;6;False;0;18.32;83.0;19.0;45;train
5;0;0.0;0;False;0;18.32;64.0;11.0;98;train
12;8;0.0;1;True;1;11.74;100.0;17.0;584;train
12;12;0.0;4;True;0;8.92;40.0;17.0;282;train
3;8;0.0;6;False;1;11.74;94.0;7.0;218;train
7;23;0.0;6;False;0;31.48;56.0;11.0;148;train
1;16;0.0;3;True;1;0.46;40.0;19.0;131;train
5;0;0.0;2;True;0;19.26;83.0;17.0;36;train
5;20;0.0;5;True;0;21.14;41.0;11.0;337;train
4;16;0.0;0;False;0;25.84;39.0;24.0;616;train
5;17;0.0;6;False;1;23.96;65.0;20.0;502;train
11;21;0.0;4;True;1;9.86;54.0;9.0;267;train
12;19;0.0;1;True;1;4.22;60.0;11.0;119;train
5;23;0.0;5;True;0;17.38;37.0;13.0;180;train
9;4;0.0;1;True;0;15.5;77.0;0.0;11;train
2;5;0.0;3;True;0;4.22;75.0;6.0;29;train
12;17;0.0;2;True;0;16.44;59.0;15.0;743;train
4;14;0.0;5;True;0;16.44;27.0;0.0;348;train
1;10;0.0;4;True;0;7.98;81.0;7.0;90;train
6;17;0.0;3;True;0;21.14;43.0;9.0;724;train
7;19;0.0;2;True;0;27.72;62.0;11.0;632;train
11;2;0.0;5;True;0;4.22;75.0;6.0;5;train
9;10;1.0;1;False;1;26.78;74.0;15.0;359;train
8;15;0.0;1;True;0;30.54;34.0;15.0;274;train
1;6;0.0;5;True;1;2.34;73.0;7.0;70;train
10;6;0.0;3;True;0;9.86;82.0;0.0;178;train
11;23;0.0;1;True;0;7.98;66.0;7.0;74;train
7;21;0.0;5;True;0;28.66;59.0;7.0;260;train
10;23;0.0;2;True;0;10.8;71.0;0.0;199;train
2;5;0.0;4;True;0;10.8;76.0;15.0;32;train
9;21;0.0;6;False;3;22.08;89.0;0.0;104;train
10;16;0.0;1;True;1;21.14;46.0;17.0;459;train
1;5;0.0;6;False;3;-0.48;86.0;7.0;2;train
10;13;0.0;1;True;0;21.14;29.0;11.0;315;train
5;3;0.0;6;False;0;15.5;48.0;7.0;33;train
7;18;0.0;4;True;0;32.42;41.0;13.0;777;train
7;8;0.0;4;True;0;29.6;49.0;9.0;550;train
10;5;0.0;2;True;1;9.86;82.0;13.0;19;train
9;14;0.0;4;True;0;25.84;39.0;9.0;274;train
8;3;0.0;2;True;1;23.96;83.0;13.0;3;train
8;20;0.0;2;True;0;25.84;48.0;7.0;435;train
7;1;0.0;6;False;0;25.84;70.0;6.0;80;train
11;2;0.0;5;True;1;6.1;70.0;11.0;9;train
6;12;0.0;6;False;0;33.36;30.0;17.0;471;train
11;2;0.0;5;True;0;7.04;53.0;17.0;12;train
12;20;0.0;4;True;0;3.28;60.0;11.0;91;train
7;12;0.0;3;True;1;28.66;43.0;0.0;292;train
1;16;0.0;1;True;1;3.28;93.0;11.0;122;train
4;18;0.0;3;True;1;11.74;77.0;0.0;505;train
11;5;0.0;0;False;0;5.16;81.0;9.0;12;train
5;6;0.0;3;True;3;18.32;84.0;0.0;120;train
8;8;0.0;0;False;0;23.02;54.0;15.0;119;train
4;20;0.0;6;False;0;15.5;20.0;15.0;208;train
3;12;0.0;0;False;0;7.98;42.0;24.0;327;train
8;8;0.0;5;True;0;25.84;70.0;9.0;668;train
8;14;0.0;5;True;0;27.72;58.0;24.0;307;train
8;23;0.0;4;True;0;24.9;74.0;7.0;152;train
2;5;0.0;1;True;0;2.34;80.0;9.0;16;train
9;23;0.0;6;False;1;19.26;73.0;11.0;133;train
2;19;0.0;3;True;1;13.62;44.0;19.0;327;train
10;16;0.0;6;False;0;20.2;43.0;35.0;659;train
9;17;0.0;0;False;0;23.02;41.0;0.0;570;train
6;6;0.0;0;False;0;13.62;82.0;7.0;22;train
1;11;0.0;0;False;0;-0.48;47.0;15.0;165;train
8;7;0.0;5;True;0;22.08;73.0;7.0;379;train
1;22;0.0;4;True;0;4.22;60.0;11.0;71;train
11;0;0.0;5;True;0;7.98;49.0;22.0;55;train
4;16;0.0;6;False;1;22.08;27.0;24.0;582;train
3;19;0.0;5;True;3;8.92;87.0;13.0;174;train
9;10;0.0;3;True;0;20.2;73.0;19.0;185;train
2;7;0.0;3;True;1;3.28;70.0;7.0;281;train
4;7;0.0;5;True;0;9.86;50.0;19.0;315;train
3;4;0.0;6;False;0;16.44;83.0;6.0;7;train
3;8;0.0;4;True;1;15.5;94.0;6.0;649;train
9;10;0.0;3;True;0;21.14;61.0;9.0;205;train
7;19;0.0;0;False;0;31.48;39.0;9.0;382;train
9;8;0.0;0;False;0;14.56;55.0;24.0;175;train
1;7;0.0;3;True;0;7.04;42.0;24.0;263;train
1;23;0.0;3;True;1;5.16;65.0;0.0;66;train
6;3;0.0;0;False;0;17.38;64.0;7.0;28;train
11;4;0.0;4;True;1;5.16;65.0;9.0;5;train
4;6;0.0;6;False;0;7.04;36.0;13.0;19;train
5;10;0.0;0;False;0;20.2;60.0;17.0;350;train
12;10;0.0;6;False;0;4.22;48.0;22.0;118;train
8;10;0.0;6;False;0;24.9;54.0;11.0;480;train
12;22;0.0;3;True;0;7.98;61.0;6.0;129;train
5;4;0.0;2;True;1;16.44;72.0;6.0;8;train
7;12;0.0;4;True;0;31.48;56.0;17.0;279;train
2;18;0.0;5;True;0;10.8;35.0;17.0;377;train
8;1;0.0;3;True;0;24.9;61.0;0.0;37;train
9;15;0.0;3;True;0;26.78;48.0;20.0;300;train
7;10;0.0;6;False;0;35.24;37.0;15.0;325;train
12;8;1.0;2;False;1;3.28;87.0;0.0;11;train
2;4;0.0;4;True;0;10.8;76.0;15.0;1;train
4;10;0.0;0;False;0;11.74;67.0;6.0;380;train
9;7;0.0;2;True;0;15.5;72.0;7.0;596;train
3;21;0.0;1;True;0;9.86;25.0;33.0;186;train
8;20;0.0;5;True;0;26.78;66.0;20.0;370;train
7;21;0.0;1;True;0;27.72;66.0;9.0;328;train
10;18;1.0;1;False;1;11.74;66.0;19.0;456;train
7;11;0.0;2;True;0;32.42;34.0;13.0;217;train
6;10;0.0;0;False;0;27.72;40.0;7.0;413;train
8;17;0.0;1;True;0;29.6;36.0;11.0;818;train
10;10;0.0;5;True;0;23.02;54.0;0.0;260;train
6;11;0.0;5;True;1;34.3;42.0;19.0;188;train
7;20;0.0;0;False;0;25.84;79.0;17.0;294;train
3;20;0.0;3;True;0;21.14;35.0;7.0;330;train
1;1;0.0;5;True;0;4.22;48.0;9.0;15;train
6;23;0.0;1;True;1;24.9;58.0;15.0;80;train
9;3;0.0;5;True;0;21.14;83.0;6.0;9;train
9;7;0.0;6;False;0;23.02;89.0;19.0;82;train
5;19;0.0;1;True;3;19.26;88.0;9.0;304;train
5;1;0.0;4;True;1;14.56;88.0;9.0;11;train
2;20;0.0;2;True;0;7.98;53.0;17.0;227;train
7;2;0.0;0;False;0;23.02;74.0;9.0;112;train
1;22;0.0;5;True;0;1.4;47.0;22.0;65;train
7;7;0.0;0;False;1;21.14;83.0;0.0;38;train
7;4;0.0;5;True;1;23.02;61.0;0.0;11;train
9;22;0.0;3;True;0;25.84;79.0;0.0;219;train
10;17;0.0;3;True;0;23.02;47.0;0.0;963;train
12;9;0.0;1;True;1;0.46;64.0;7.0;157;train
3;12;0.0;2;True;0;20.2;60.0;19.0;244;train
5;9;0.0;6;False;0;18.32;43.0;11.0;292;train
3;1;0.0;6;False;1;12.68;94.0;0.0;69;train
8;7;0.0;4;True;1;24.9;84.0;11.0;475;train
5;0;0.0;3;True;1;19.26;88.0;0.0;39;train
11;19;0.0;3;True;0;7.04;36.0;11.0;387;train
10;23;0.0;0;False;3;11.74;94.0;24.0;14;train
7;6;0.0;6;False;0;24.9;70.0;7.0;50;train
10;5;0.0;6;False;1;15.5;82.0;13.0;9;train
11;16;0.0;6;False;1;8.92;46.0;22.0;400;train
9;5;0.0;0;False;0;23.02;89.0;0.0;12;train
10;12;0.0;1;True;0;19.26;35.0;0.0;283;train
9;4;0.0;6;False;1;23.02;94.0;15.0;11;train
12;15;0.0;3;True;1;7.98;46.0;7.0;228;train
7;1;0.0;5;True;1;23.96;54.0;7.0;59;train
6;20;0.0;4;True;0;30.54;34.0;13.0;470;train
1;19;1.0;1;False;0;4.22;56.0;19.0;144;train
5;19;0.0;4;True;0;22.08;31.0;13.0;537;train
6;7;0.0;1;True;0;23.02;74.0;15.0;485;train
5;18;0.0;4;True;0;26.78;30.0;13.0;785;train
10;15;0.0;3;True;1;19.26;43.0;15.0;301;train
1;6;0.0;4;True;3;8.92;93.0;9.0;89;train
7;11;0.0;4;True;0;29.6;55.0;7.0;216;train
2;8;0.0;4;True;3;10.8;87.0;0.0;445;train
9;11;0.0;2;True;1;23.96;79.0;43.0;151;train
7;22;0.0;0;False;0;30.54;43.0;9.0;151;train
12;8;0.0;3;True;0;3.28;87.0;7.0;678;train
2;13;0.0;0;False;0;7.04;36.0;0.0;325;train
1;13;0.0;5;True;0;15.5;59.0;31.0;201;train
5;15;0.0;1;True;1;22.08;73.0;13.0;225;train
5;18;0.0;3;True;3;22.08;69.0;7.0;327;train
4;14;0.0;2;True;0;22.08;27.0;19.0;257;train
5;0;0.0;5;True;0;21.14;83.0;9.0;73;train
10;23;0.0;3;True;0;12.68;58.0;13.0;136;train
6;4;0.0;4;True;1;20.2;56.0;17.0;6;train
4;12;0.0;3;True;1;20.2;46.0;28.0;283;train
3;3;0.0;0;False;3;11.74;94.0;20.0;18;train
3;16;0.0;1;True;0;14.56;25.0;43.0;305;train
10;18;0.0;0;False;3;11.74;94.0;33.0;154;train
4;12;1.0;1;False;0;23.96;57.0;17.0;271;train
7;19;0.0;1;True;0;29.6;52.0;17.0;582;train
8;17;0.0;3;True;3;26.78;55.0;15.0;783;train
3;11;0.0;3;True;0;11.74;38.0;20.0;161;train
9;23;0.0;3;True;0;24.9;84.0;6.0;150;train
5;20;0.0;1;True;0;22.08;69.0;9.0;336;train
9;5;0.0;6;False;0;18.32;83.0;22.0;17;train
3;13;0.0;3;True;1;17.38;83.0;0.0;303;train
10;7;0.0;5;True;0;16.44;83.0;7.0;428;train
8;13;0.0;6;False;0;29.6;49.0;24.0;569;train
9;0;0.0;4;True;0;18.32;73.0;6.0;57;train
5;17;0.0;6;False;1;23.02;36.0;13.0;576;train
9;8;0.0;0;False;0;19.26;68.0;15.0;170;train
11;8;0.0;1;True;0;3.28;65.0;0.0;638;train
5;1;0.0;3;True;3;22.08;89.0;13.0;4;train
6;11;0.0;3;True;0;26.78;30.0;22.0;209;train
1;6;0.0;2;True;3;6.1;75.0;17.0;57;train
6;1;0.0;3;True;0;16.44;68.0;0.0;27;train
8;10;0.0;2;True;0;24.9;79.0;7.0;208;train
11;19;0.0;1;True;1;10.8;58.0;19.0;406;train
1;8;0.0;2;True;1;7.04;93.0;9.0;490;train
6;13;0.0;4;True;0;32.42;26.0;15.0;236;train
2;2;0.0;6;False;3;4.22;81.0;13.0;26;train
5;2;0.0;3;True;3;18.32;88.0;30.0;1;train
4;14;0.0;5;True;0;22.08;44.0;15.0;394;train
6;21;0.0;4;True;0;22.08;65.0;11.0;337;train
6;21;0.0;0;False;0;21.14;57.0;13.0;246;train
11;22;0.0;0;False;1;8.92;66.0;17.0;74;train
2;22;0.0;0;False;0;4.22;60.0;7.0;191;train
4;2;0.0;2;True;0;8.92;71.0;9.0;2;train
2;14;0.0;6;False;1;4.22;81.0;17.0;243;train
1;18;0.0;4;True;1;4.22;44.0;22.0;361;train
5;6;0.0;6;False;0;11.74;67.0;6.0;33;train
3;21;0.0;2;True;0;19.26;56.0;7.0;244;train
8;21;0.0;2;True;1;25.84;74.0;0.0;317;train
6;13;0.0;3;True;0;29.6;27.0;22.0;321;train
4;10;0.0;0;False;0;15.5;25.0;15.0;299;train
10;22;0.0;5;True;1;16.44;83.0;9.0;217;train
3;10;0.0;5;True;1;8.92;57.0;7.0;187;train
6;23;0.0;5;True;0;22.08;57.0;11.0;215;train
8;11;0.0;3;True;1;26.78;58.0;13.0;235;train
3;12;0.0;4;True;0;18.32;37.0;15.0;220;train
12;15;0.0;1;True;1;11.74;88.0;0.0;211;train
2;13;0.0;4;True;3;7.98;71.0;17.0;64;train
3;3;0.0;0;False;1;8.92;43.0;9.0;26;train
1;3;0.0;4;True;3;8.92;93.0;17.0;3;train
4;20;0.0;0;False;3;8.92;93.0;28.0;35;train
3;12;0.0;3;True;1;17.38;39.0;24.0;268;train
11;2;0.0;3;True;1;4.22;75.0;15.0;1;train
11;2;0.0;4;True;1;6.1;49.0;15.0;6;train
10;0;0.0;4;True;1;20.2;64.0;7.0;76;train
9;14;0.0;6;False;0;23.96;34.0;22.0;715;train
7;9;0.0;4;True;0;31.48;49.0;20.0;293;train
1;9;0.0;3;True;1;1.4;86.0;9.0;225;train
10;13;0.0;5;True;1;19.26;68.0;9.0;337;train
6;19;0.0;2;True;0;19.26;46.0;17.0;513;train
3;2;0.0;1;True;0;3.28;48.0;9.0;4;train
10;17;0.0;2;True;1;16.44;68.0;11.0;806;train
11;12;0.0;3;True;0;7.98;42.0;26.0;208;train
6;14;0.0;6;False;0;33.36;30.0;17.0;409;train
7;11;0.0;1;True;1;25.84;62.0;9.0;216;train
5;16;1.0;1;False;0;30.54;56.0;22.0;501;train
6;21;0.0;6;False;0;26.78;40.0;13.0;316;train
3;21;0.0;3;True;0;20.2;40.0;6.0;288;train
12;4;0.0;1;True;0;-1.42;69.0;7.0;3;train
2;22;0.0;1;True;0;4.22;56.0;7.0;102;train
10;21;0.0;6;False;0;13.62;59.0;9.0;215;train
8;18;0.0;5;True;1;30.54;38.0;17.0;669;train
12;22;0.0;1;True;1;3.28;93.0;0.0;12;train
11;16;0.0;2;True;1;11.74;62.0;6.0;395;train
2;1;0.0;1;True;0;-2.36;50.0;15.0;6;train
1;23;0.0;5;True;0;7.04;49.0;28.0;86;train
2;1;0.0;3;True;0;7.04;70.0;9.0;7;train
11;15;0.0;5;True;1;10.8;40.0;28.0;306;train
12;18;0.0;2;True;0;7.04;53.0;15.0;546;train
5;7;0.0;6;False;0;18.32;88.0;0.0;87;train
11;19;0.0;0;False;0;14.56;55.0;9.0;277;train
2;14;0.0;0;False;0;7.98;31.0;0.0;331;train
2;12;0.0;3;True;0;10.8;62.0;19.0;207;train
4;2;0.0;0;False;1;17.38;56.0;7.0;74;train
11;23;0.0;2;True;0;7.04;81.0;7.0;83;train
2;1;0.0;1;True;0;4.22;65.0;15.0;6;train
3;4;0.0;3;True;0;8.92;43.0;20.0;1;train
10;16;0.0;5;True;1;19.26;73.0;11.0;582;train
2;8;0.0;6;False;3;2.34;93.0;9.0;78;train
7;22;0.0;3;True;0;25.84;58.0;17.0;244;train
3;0;0.0;2;True;0;2.34;37.0;20.0;8;train
3;7;0.0;5;True;1;15.5;93.0;9.0;346;train
1;22;0.0;5;True;0;7.98;49.0;26.0;119;train
2;15;0.0;5;True;0;11.74;35.0;28.0;221;train
6;12;0.0;5;True;1;35.24;40.0;17.0;226;train
11;9;0.0;3;True;1;4.22;60.0;19.0;368;train
10;2;0.0;1;True;0;9.86;71.0;0.0;5;train
1;7;0.0;0;False;1;6.1;52.0;0.0;24;train
8;9;0.0;1;True;3;24.9;79.0;11.0;276;train
1;22;0.0;3;True;3;7.98;87.0;13.0;49;train
8;23;0.0;5;True;0;26.78;62.0;7.0;174;train
11;8;0.0;2;True;3;7.04;81.0;11.0;500;train
5;9;0.0;4;True;1;14.56;88.0;7.0;304;train
1;6;0.0;3;True;0;1.4;86.0;9.0;74;train
1;20;1.0;1;False;0;3.28;41.0;15.0;88;train
9;2;0.0;5;True;3;20.2;88.0;20.0;10;train
11;12;0.0;0;False;0;15.5;48.0;6.0;585;train
6;13;0.0;5;True;0;26.78;37.0;17.0;416;train
8;23;0.0;0;False;1;21.14;73.0;0.0;46;train
11;3;0.0;3;True;0;3.28;65.0;15.0;5;train
10;22;0.0;6;False;0;10.8;62.0;0.0;189;train
7;7;0.0;1;True;0;25.84;70.0;6.0;483;train
1;23;0.0;5;True;3;-0.48;64.0;15.0;38;train
10;9;0.0;6;False;0;15.5;77.0;17.0;328;train
9;16;0.0;2;True;0;23.02;39.0;20.0;495;train
6;8;0.0;4;True;0;23.02;50.0;9.0;617;train
10;0;0.0;2;True;1;18.32;73.0;0.0;31;train
2;18;0.0;2;True;0;11.74;38.0;13.0;518;train
3;6;0.0;5;True;0;6.1;70.0;0.0;92;train
6;20;0.0;1;True;0;20.2;40.0;24.0;461;train
8;20;0.0;3;True;0;23.96;57.0;0.0;427;train
11;14;0.0;1;True;0;9.86;40.0;11.0;196;train
7;13;0.0;2;True;0;34.3;25.0;9.0;283;train
5;15;0.0;2;True;0;24.9;61.0;6.0;245;train
7;17;0.0;0;False;0;35.24;26.0;20.0;413;train
6;23;0.0;0;False;0;26.78;58.0;7.0;87;train
12;22;0.0;4;True;0;3.28;65.0;11.0;133;train
9;11;0.0;5;True;0;27.72;62.0;9.0;296;train
3;0;0.0;1;True;0;14.56;82.0;7.0;23;train
4;9;0.0;2;True;0;11.74;67.0;13.0;319;train
6;0;0.0;0;False;0;17.38;60.0;11.0;169;train
3;20;0.0;4;True;0;13.62;38.0;20.0;335;train
5;18;0.0;1;True;1;19.26;83.0;0.0;300;train
7;8;1.0;3;False;0;24.9;61.0;7.0;153;train
6;17;0.0;4;True;0;25.84;48.0;15.0;867;train
6;5;0.0;4;True;1;20.2;56.0;17.0;40;train
5;8;0.0;2;True;1;19.26;88.0;6.0;409;train
4;2;0.0;1;True;3;12.68;94.0;9.0;5;train
3;2;0.0;6;False;3;8.92;93.0;6.0;38;train
9;6;0.0;6;False;0;23.96;79.0;0.0;36;train
9;13;0.0;4;True;0;24.9;42.0;0.0;283;train
11;0;0.0;1;True;0;8.92;66.0;15.0;27;train
5;19;0.0;1;True;0;23.02;69.0;6.0;448;train
10;17;0.0;4;True;0;15.5;39.0;19.0;827;train
5;22;0.0;1;True;1;17.38;45.0;17.0;173;train
12;8;0.0;6;False;1;9.86;94.0;6.0;111;train
6;5;0.0;5;True;0;17.38;88.0;7.0;33;train
6;23;0.0;5;True;0;21.14;53.0;17.0;222;train
9;13;0.0;6;False;0;26.78;51.0;24.0;707;train
6;5;0.0;6;False;0;15.5;72.0;13.0;12;train
3;7;0.0;5;True;0;7.04;57.0;11.0;289;train
5;4;0.0;3;True;0;17.38;94.0;9.0;4;train
4;15;0.0;2;True;0;18.32;21.0;20.0;203;train
10;21;0.0;4;True;1;17.38;77.0;13.0;283;train
5;4;1.0;1;False;0;20.2;78.0;9.0;6;train
7;8;0.0;3;True;0;24.9;42.0;17.0;788;train
1;7;0.0;4;True;1;1.4;69.0;6.0;215;train
5;23;0.0;3;True;0;21.14;78.0;7.0;133;train
6;17;0.0;6;False;1;25.84;37.0;17.0;593;train
3;11;0.0;5;True;0;9.86;46.0;13.0;194;train
6;0;0.0;2;True;0;17.38;68.0;28.0;34;train
5;22;0.0;4;True;0;21.14;78.0;0.0;246;train
7;20;0.0;2;True;0;32.42;34.0;11.0;427;train
1;8;0.0;5;True;3;15.5;88.0;19.0;220;train
8;23;0.0;0;False;1;25.84;79.0;11.0;87;train
9;14;0.0;4;True;0;26.78;74.0;6.0;216;train
8;6;0.0;6;False;0;20.2;83.0;15.0;27;train
3;2;0.0;4;True;0;16.44;83.0;6.0;6;train
3;16;0.0;1;True;0;23.02;50.0;15.0;385;train
5;22;0.0;4;True;0;18.32;43.0;6.0;251;train
5;10;0.0;4;True;0;18.32;52.0;17.0;205;train
4;14;0.0;4;True;0;15.5;31.0;22.0;224;train
7;12;0.0;1;True;1;29.6;52.0;11.0;314;train
7;18;0.0;5;True;0;34.3;33.0;17.0;560;train
4;0;0.0;6;False;0;9.86;43.0;11.0;103;train
7;7;0.0;2;True;0;23.96;83.0;15.0;513;train
1;7;0.0;2;True;0;4.22;60.0;13.0;279;train
8;9;0.0;3;True;0;24.9;51.0;13.0;348;train
1;20;0.0;2;True;0;7.98;53.0;7.0;200;train
11;0;0.0;5;True;0;7.98;57.0;11.0;50;train
5;6;0.0;5;True;0;12.68;77.0;9.0;182;train
9;1;0.0;1;True;0;16.44;72.0;6.0;21;train
10;0;0.0;4;True;0;13.62;88.0;13.0;57;train
3;7;0.0;1;True;0;7.98;53.0;7.0;268;train
2;7;0.0;1;True;0;-3.3;54.0;13.0;195;train
7;4;0.0;1;True;1;23.02;94.0;9.0;8;train
5;8;0.0;4;True;0;13.62;67.0;24.0;630;train
6;7;0.0;1;True;0;22.08;78.0;7.0;503;train
12;18;0.0;5;True;0;3.28;60.0;9.0;213;train
8;10;0.0;5;True;0;27.72;62.0;6.0;256;train
3;2;0.0;5;True;3;14.56;77.0;28.0;11;train
9;4;0.0;1;True;0;16.44;68.0;19.0;5;train
3;15;0.0;1;True;0;14.56;29.0;41.0;223;train
2;0;0.0;1;True;0;4.22;60.0;17.0;29;train
12;10;0.0;4;True;0;7.04;45.0;19.0;167;train
8;1;0.0;0;False;0;22.08;89.0;13.0;134;train
9;7;0.0;0;False;0;12.68;77.0;0.0;57;train
8;10;0.0;2;True;0;26.78;62.0;17.0;204;train
5;1;0.0;0;False;1;17.38;83.0;15.0;121;train
1;13;0.0;0;False;0;11.74;58.0;19.0;223;train
9;22;0.0;1;True;0;15.5;51.0;15.0;172;train
8;21;0.0;4;True;0;25.84;66.0;9.0;307;train
12;19;0.0;6;False;0;3.28;48.0;24.0;60;train
4;12;0.0;6;False;0;22.08;57.0;15.0;640;train
3;14;0.0;0;False;1;12.68;88.0;11.0;414;train
1;18;0.0;2;True;0;10.8;40.0;7.0;385;train
3;7;0.0;4;True;0;11.74;77.0;24.0;334;train
10;15;0.0;5;True;0;22.08;65.0;20.0;395;train
10;12;0.0;3;True;0;21.14;61.0;6.0;316;train
2;5;0.0;3;True;0;5.16;70.0;7.0;25;train
8;15;0.0;4;True;0;33.36;32.0;15.0;267;train
9;15;0.0;6;False;1;32.42;44.0;19.0;563;train
4;4;0.0;2;True;0;23.02;44.0;15.0;9;train
8;11;0.0;4;True;0;27.72;48.0;6.0;278;train
10;13;0.0;3;True;0;11.74;50.0;15.0;213;train
1;5;0.0;2;True;0;-1.42;54.0;13.0;12;train
8;12;0.0;2;True;0;25.84;45.0;0.0;305;train
11;4;0.0;6;False;1;7.04;49.0;20.0;16;train
9;14;0.0;6;False;0;30.54;52.0;30.0;626;train
3;5;0.0;3;True;0;8.92;43.0;20.0;40;train
9;3;0.0;6;False;0;20.2;73.0;17.0;37;train
11;1;0.0;6;False;0;6.1;81.0;6.0;76;train
12;9;0.0;5;True;0;3.28;75.0;9.0;343;train
4;20;0.0;5;True;0;19.26;56.0;11.0;341;train
2;15;0.0;3;True;1;10.8;82.0;19.0;90;train
2;14;0.0;0;False;0;-0.48;40.0;35.0;111;train
10;1;0.0;5;True;0;10.8;66.0;6.0;37;train
8;22;0.0;6;False;0;23.02;61.0;0.0;261;train
6;3;0.0;6;False;1;22.08;83.0;6.0;42;train
1;9;0.0;1;True;0;1.4;47.0;15.0;198;train
9;10;0.0;1;True;0;21.14;50.0;19.0;210;train
6;16;0.0;4;True;0;34.3;35.0;9.0;320;train
12;19;0.0;3;True;1;6.1;56.0;15.0;402;train
12;4;0.0;0;False;0;1.4;47.0;9.0;4;train
1;10;1.0;1;False;0;4.22;35.0;19.0;109;train
6;9;0.0;1;True;0;24.9;65.0;13.0;268;train
10;15;0.0;1;True;1;21.14;43.0;9.0;329;train
2;15;0.0;2;True;0;11.74;26.0;6.0;166;train
1;19;0.0;6;False;0;1.4;47.0;15.0;102;train
5;1;0.0;5;True;0;13.62;51.0;9.0;46;train
12;11;0.0;4;True;1;5.16;56.0;30.0;103;train
4;5;0.0;5;True;0;7.04;53.0;22.0;23;train
3;13;0.0;4;True;1;20.2;49.0;43.0;233;train
9;7;0.0;1;True;0;16.44;68.0;15.0;447;train
3;23;0.0;2;True;0;18.32;56.0;9.0;87;train
8;9;0.0;6;False;1;23.96;69.0;19.0;288;train
5;17;0.0;5;True;0;23.02;34.0;9.0;812;train
11;2;0.0;0;False;0;7.04;87.0;7.0;70;train
1;19;0.0;3;True;3;7.04;93.0;15.0;93;train
5;4;0.0;5;True;0;13.62;77.0;11.0;11;train
7;20;0.0;1;True;1;26.78;55.0;7.0;447;train
2;0;1.0;1;False;1;3.28;87.0;6.0;41;train
11;19;0.0;5;True;0;7.04;66.0;0.0;377;train
6;22;0.0;2;True;0;25.84;79.0;6.0;291;train
9;22;0.0;5;True;1;19.26;53.0;15.0;220;train
10;20;0.0;4;True;1;18.32;68.0;17.0;387;train
8;11;0.0;0;False;3;22.08;78.0;11.0;272;train
9;19;0.0;2;True;0;27.72;70.0;15.0;552;train
1;4;0.0;3;True;0;4.22;70.0;19.0;4;train
6;5;0.0;6;False;0;17.38;68.0;7.0;23;train
7;10;0.0;1;True;0;29.6;59.0;0.0;186;train
5;7;0.0;4;True;0;20.2;64.0;19.0;507;train
3;6;0.0;1;True;0;13.62;88.0;9.0;120;train
5;13;0.0;3;True;1;19.26;78.0;13.0;228;train
6;6;0.0;6;False;0;22.08;89.0;11.0;42;train
2;10;0.0;5;True;1;4.22;48.0;9.0;124;train
11;0;0.0;0;False;0;2.34;47.0;17.0;34;train
8;19;0.0;3;True;0;26.78;66.0;17.0;652;train
6;8;0.0;6;False;0;22.08;89.0;11.0;194;train
5;20;0.0;1;True;0;17.38;52.0;19.0;323;train
4;6;0.0;0;False;0;15.5;63.0;9.0;16;train
3;2;0.0;3;True;0;15.5;68.0;13.0;2;train
6;4;0.0;3;True;0;20.2;40.0;17.0;11;train
1;0;0.0;0;False;0;-0.48;47.0;22.0;59;train
7;5;0.0;6;False;3;19.26;88.0;17.0;17;train
5;20;0.0;0;False;0;23.02;61.0;28.0;274;train
9;5;0.0;2;True;1;22.08;89.0;22.0;48;train
2;12;0.0;0;False;0;6.1;39.0;9.0;305;train
11;17;0.0;3;True;0;10.8;40.0;11.0;374;train
3;21;0.0;5;True;0;8.92;34.0;22.0;141;train
2;15;0.0;3;True;3;6.1;61.0;7.0;54;train
2;10;0.0;5;True;0;7.98;71.0;19.0;116;train
12;17;0.0;6;False;0;4.22;79.0;7.0;118;train
4;11;0.0;5;True;0;12.68;38.0;22.0;233;train
4;4;0.0;0;False;1;7.98;81.0;6.0;12;train
7;16;0.0;4;True;0;29.6;36.0;13.0;439;train
9;13;0.0;2;True;0;29.6;55.0;30.0;275;train
12;23;0.0;0;False;1;11.74;82.0;9.0;51;train
1;2;0.0;3;True;0;-7.06;34.0;19.0;1;train
8;19;0.0;6;False;1;23.02;89.0;7.0;275;train
3;5;0.0;5;True;1;10.8;87.0;15.0;32;train
6;14;0.0;6;False;0;28.66;33.0;17.0;609;train
10;13;0.0;4;True;0;15.5;31.0;7.0;291;train
8;8;0.0;4;True;0;25.84;74.0;7.0;739;train
2;23;0.0;4;True;1;6.1;52.0;0.0;84;train
8;12;0.0;3;True;0;29.6;49.0;7.0;284;train
10;16;0.0;2;True;1;15.5;72.0;11.0;424;train
2;7;0.0;5;True;0;3.28;65.0;15.0;226;train
11;15;0.0;5;True;0;13.62;36.0;15.0;356;train
7;14;0.0;0;False;0;34.3;37.0;17.0;476;train
5;14;0.0;0;False;0;24.9;48.0;9.0;552;train
12;13;0.0;2;True;1;17.38;64.0;11.0;272;train
4;18;0.0;5;True;0;16.44;25.0;24.0;654;train
6;7;0.0;2;True;0;16.44;52.0;24.0;552;train
7;8;0.0;5;True;1;23.96;83.0;11.0;691;train
8;1;0.0;0;False;0;26.78;70.0;17.0;87;train
6;22;0.0;1;True;1;25.84;58.0;13.0;164;train
6;21;0.0;1;True;0;19.26;49.0;17.0;265;train
12;22;0.0;4;True;3;7.98;87.0;13.0;21;train
1;16;0.0;0;False;0;10.8;37.0;20.0;314;train
3;9;0.0;5;True;1;16.44;90.0;6.0;380;train
11;13;0.0;5;True;0;10.8;43.0;24.0;294;train
7;18;0.0;2;True;0;27.72;55.0;19.0;857;train
1;9;0.0;5;True;0;2.34;47.0;26.0;214;train
5;11;0.0;0;False;0;18.32;73.0;7.0;414;train
6;22;0.0;6;False;0;26.78;37.0;7.0;279;train
12;3;0.0;1;True;1;9.86;94.0;7.0;4;train
12;20;0.0;4;True;0;6.1;45.0;0.0;241;train
3;22;0.0;1;True;0;3.28;35.0;22.0;78;train
10;16;0.0;0;False;0;17.38;37.0;15.0;591;train
2;12;0.0;0;False;1;5.16;52.0;17.0;255;train
11;0;0.0;1;True;0;2.34;69.0;0.0;23;train
5;21;0.0;6;False;0;22.08;50.0;0.0;259;train
6;0;0.0;0;False;0;24.9;51.0;0.0;163;train
9;10;0.0;0;False;0;19.26;46.0;11.0;479;train
6;2;0.0;1;True;0;24.9;70.0;15.0;14;train
6;3;0.0;4;True;1;21.14;53.0;19.0;5;train
2;1;0.0;1;True;0;2.34;75.0;6.0;6;train
3;13;0.0;5;True;1;24.9;48.0;0.0;428;train
7;19;0.0;3;True;1;27.72;62.0;7.0;516;train
8;15;0.0;6;False;1;22.08;73.0;22.0;233;train
7;17;0.0;6;False;0;30.54;46.0;13.0;479;train
10;2;0.0;0;False;1;15.5;68.0;20.0;116;train
3;18;0.0;1;True;0;22.08;57.0;17.0;801;train
12;14;0.0;2;True;1;9.86;50.0;15.0;204;train
6;0;0.0;0;False;0;23.02;69.0;7.0;158;train
9;7;1.0;1;False;0;23.96;85.0;0.0;43;train
12;5;0.0;3;True;0;4.22;60.0;13.0;37;train
3;23;0.0;6;False;0;4.22;41.0;13.0;83;train
10;18;0.0;0;False;3;10.8;82.0;13.0;106;train
8;17;0.0;4;True;0;30.54;34.0;15.0;844;train
4;1;0.0;1;True;3;11.74;88.0;6.0;5;train
10;13;0.0;3;True;1;24.9;74.0;7.0;279;train
10;5;0.0;1;True;1;18.32;73.0;19.0;40;train
8;22;0.0;4;True;0;24.9;70.0;0.0;291;train
3;13;0.0;1;True;1;4.22;55.0;20.0;120;train
5;16;0.0;2;True;0;23.96;65.0;11.0;374;train
10;13;0.0;0;False;0;18.32;37.0;17.0;626;train
4;5;0.0;2;True;0;7.04;66.0;6.0;27;train
7;15;0.0;1;True;1;27.72;45.0;15.0;280;train
2;7;0.0;5;True;0;1.4;59.0;11.0;230;train
1;12;0.0;1;True;1;4.22;56.0;7.0;103;train
6;7;0.0;3;True;0;20.2;43.0;24.0;527;train
8;16;0.0;3;True;0;27.72;37.0;9.0;493;train
5;5;0.0;4;True;0;21.14;69.0;17.0;33;train
10;8;0.0;1;True;1;13.62;77.0;7.0;784;train
7;21;0.0;5;True;0;30.54;52.0;9.0;300;train
6;2;0.0;2;True;1;20.2;78.0;9.0;15;train
6;18;0.0;5;True;3;21.14;88.0;24.0;110;train
12;14;0.0;1;True;3;3.28;87.0;7.0;46;train
9;10;0.0;6;False;0;17.38;56.0;17.0;472;train
5;13;0.0;5;True;0;22.08;36.0;11.0;395;train
8;20;0.0;2;True;1;26.78;70.0;9.0;448;train
3;12;0.0;1;True;0;14.56;33.0;35.0;279;train
7;3;0.0;1;True;1;23.02;94.0;6.0;2;train
10;6;0.0;3;True;0;14.56;82.0;7.0;173;train
11;4;0.0;0;False;0;4.22;65.0;9.0;9;train
4;10;0.0;3;True;3;14.56;47.0;15.0;147;train
7;10;0.0;0;False;0;26.78;62.0;0.0;381;train
7;8;0.0;1;True;0;25.84;79.0;7.0;738;train
4;0;0.0;1;True;0;14.56;39.0;19.0;37;train
12;19;0.0;0;False;0;6.1;42.0;0.0;58;train
11;8;0.0;6;False;0;4.22;65.0;15.0;168;train
2;1;0.0;6;False;0;7.98;42.0;24.0;46;train
8;0;0.0;6;False;0;24.9;70.0;19.0;180;train
2;6;0.0;6;False;0;3.28;70.0;0.0;9;train
9;4;0.0;1;True;0;12.68;67.0;7.0;8;train
8;6;0.0;6;False;1;21.14;88.0;7.0;23;train
5;12;0.0;3;True;0;24.9;54.0;0.0;253;train
5;21;0.0;4;True;0;21.14;78.0;9.0;299;train
4;17;0.0;6;False;1;11.74;41.0;9.0;322;train
12;14;0.0;3;True;1;7.98;46.0;0.0;225;train
12;6;0.0;0;False;1;3.28;52.0;28.0;8;train
4;13;0.0;1;True;1;14.56;51.0;6.0;247;train
11;7;0.0;5;True;1;6.1;70.0;9.0;357;train
2;5;0.0;6;False;1;6.1;42.0;20.0;3;train
12;19;0.0;5;True;0;7.98;53.0;6.0;319;train
2;8;0.0;1;True;0;-3.3;54.0;9.0;417;train
5;10;0.0;6;False;0;18.32;49.0;6.0;411;train
4;10;0.0;0;False;3;9.86;82.0;22.0;68;train
7;17;0.0;5;True;1;29.6;36.0;11.0;835;train
9;6;0.0;4;True;0;18.32;88.0;6.0;169;train
5;9;0.0;6;False;0;22.08;83.0;13.0;289;train
9;4;0.0;3;True;1;16.44;68.0;24.0;10;train
8;23;0.0;6;False;1;21.14;83.0;17.0;158;train
10;14;0.0;4;True;0;24.9;61.0;17.0;267;train
9;9;0.0;6;False;0;15.5;63.0;13.0;332;train
6;0;0.0;3;True;0;24.9;79.0;13.0;53;train
9;21;0.0;4;True;0;18.32;64.0;13.0;274;train
10;6;0.0;6;False;1;15.5;82.0;13.0;31;train
1;11;0.0;3;True;1;-4.24;42.0;6.0;46;train
8;12;0.0;4;True;0;27.72;45.0;9.0;294;train
5;7;0.0;5;True;0;13.62;82.0;7.0;515;train
7;15;0.0;4;True;0;35.24;33.0;24.0;254;train
1;4;0.0;4;True;0;-2.36;54.0;7.0;1;train
9;9;0.0;2;True;0;20.2;49.0;0.0;358;train
10;22;0.0;5;True;0;10.8;47.0;20.0;160;train
1;12;0.0;1;True;0;4.22;35.0;26.0;134;train
11;22;0.0;4;True;1;7.04;66.0;11.0;153;train
11;20;0.0;3;True;1;7.04;49.0;22.0;256;train
9;8;0.0;4;True;0;21.14;71.0;6.0;794;train
6;15;0.0;3;True;0;29.6;26.0;31.0;249;train
11;17;0.0;5;True;0;8.92;50.0;13.0;582;train
3;20;0.0;6;False;3;12.68;100.0;13.0;111;train
4;14;0.0;2;True;0;18.32;21.0;15.0;311;train
10;19;0.0;4;True;0;12.68;51.0;9.0;743;train
8;23;0.0;5;True;1;23.96;69.0;6.0;178;train
2;21;0.0;4;True;0;12.68;51.0;15.0;222;train
10;0;0.0;0;False;0;10.8;71.0;17.0;111;train
3;0;0.0;4;True;0;12.68;62.0;22.0;46;train
8;6;0.0;0;False;0;22.08;65.0;11.0;16;train
4;7;0.0;1;True;0;7.98;66.0;26.0;306;train
11;3;0.0;3;True;1;5.16;52.0;22.0;11;train
1;3;0.0;2;True;0;6.1;45.0;15.0;2;train
2;5;0.0;6;False;0;3.28;81.0;6.0;4;train
11;2;0.0;0;False;0;5.16;81.0;7.0;73;train
6;8;0.0;3;True;1;21.14;73.0;35.0;713;train
4;2;0.0;5;True;0;12.68;88.0;13.0;21;train
8;5;0.0;6;False;0;21.14;88.0;7.0;11;train
9;16;0.0;1;True;1;22.08;69.0;17.0;453;train
2;12;1.0;1;False;0;5.16;45.0;15.0;281;train
12;5;0.0;3;True;0;4.22;75.0;6.0;31;train
11;6;0.0;0;False;0;5.16;81.0;11.0;15;train
10;2;0.0;0;False;0;11.74;62.0;9.0;74;train
8;2;0.0;2;True;1;23.96;83.0;13.0;11;train
10;11;0.0;3;True;0;23.02;78.0;11.0;230;train
2;7;0.0;0;False;0;-4.24;53.0;13.0;18;train
6;4;0.0;6;False;1;21.14;94.0;0.0;18;train
4;17;0.0;3;True;0;23.02;41.0;20.0;744;train
5;7;0.0;3;True;1;17.38;88.0;13.0;358;train
2;22;0.0;4;True;1;7.04;81.0;0.0;111;train
6;4;0.0;0;False;0;17.38;64.0;6.0;18;train
3;15;0.0;5;True;3;11.74;54.0;0.0;280;train
10;4;0.0;4;True;0;10.8;50.0;17.0;10;train
11;0;0.0;5;True;1;7.04;66.0;7.0;65;train
11;17;1.0;1;False;0;18.32;64.0;19.0;596;train
9;23;1.0;1;False;1;24.9;84.0;17.0;70;train
10;3;0.0;3;True;1;6.1;81.0;7.0;3;train
9;1;0.0;1;True;0;13.62;67.0;9.0;18;train
5;7;0.0;4;True;0;20.2;83.0;7.0;415;train
2;23;0.0;1;True;0;6.1;65.0;9.0;46;train
1;13;1.0;1;False;1;3.28;41.0;28.0;228;train
12;17;0.0;1;True;0;16.44;63.0;7.0;708;train
6;4;0.0;2;True;1;20.2;78.0;9.0;10;train
9;8;0.0;3;True;0;18.32;73.0;20.0;838;train
11;2;0.0;2;True;0;3.28;65.0;6.0;2;train
1;2;0.0;4;True;0;-1.42;50.0;9.0;3;train
8;8;0.0;5;True;1;24.9;74.0;0.0;690;train
10;21;0.0;4;True;0;11.74;62.0;9.0;260;train
12;1;0.0;4;True;0;4.22;48.0;19.0;16;train
2;3;0.0;3;True;0;5.16;70.0;6.0;2;train
6;22;0.0;0;False;0;24.9;65.0;11.0;159;train
8;5;0.0;5;True;3;24.9;84.0;19.0;33;train
10;15;0.0;5;True;0;25.84;39.0;17.0;470;train
5;21;0.0;5;True;0;22.08;69.0;13.0;235;train
1;13;0.0;1;True;0;6.1;31.0;13.0;132;train
6;3;0.0;2;True;3;15.5;82.0;13.0;5;train
12;13;0.0;4;True;0;6.1;49.0;31.0;118;train
10;0;0.0;6;False;0;18.32;83.0;11.0;191;train
12;17;0.0;0;False;1;9.86;82.0;7.0;243;train
12;8;0.0;3;True;1;12.68;58.0;19.0;759;train
5;18;0.0;2;True;0;29.6;49.0;33.0;710;train
7;13;0.0;5;True;0;34.3;27.0;7.0;293;train
1;0;0.0;5;True;0;2.34;75.0;6.0;25;train
12;9;0.0;6;False;1;4.22;81.0;0.0;49;train
4;2;0.0;2;True;0;7.04;81.0;13.0;3;train
11;17;0.0;0;False;0;5.16;41.0;11.0;181;train
9;22;0.0;2;True;0;18.32;64.0;7.0;216;train
1;9;0.0;2;True;1;0.46;93.0;11.0;195;train
3;7;0.0;2;True;1;13.62;82.0;19.0;308;train
4;7;0.0;5;True;0;7.98;61.0;15.0;296;train
9;23;0.0;2;True;1;18.32;83.0;15.0;78;train
11;11;0.0;6;False;0;10.8;58.0;7.0;466;train
4;2;0.0;1;True;1;7.04;87.0;22.0;4;train
2;6;1.0;1;False;0;3.28;52.0;28.0;10;train
9;16;0.0;2;True;3;20.2;88.0;20.0;141;train
2;18;0.0;2;True;0;9.86;40.0;30.0;425;train
7;14;0.0;0;False;0;25.84;66.0;7.0;616;train
9;15;0.0;5;True;1;25.84;48.0;9.0;367;train
8;6;0.0;3;True;0;21.14;73.0;0.0;187;train
8;23;0.0;1;True;1;20.2;83.0;0.0;102;train
2;5;1.0;1;False;1;3.28;60.0;24.0;6;train
9;9;0.0;6;False;1;27.72;58.0;13.0;237;train
1;12;0.0;6;False;0;6.1;61.0;19.0;314;train
7;16;0.0;3;True;0;29.6;38.0;13.0;411;train
7;20;0.0;0;False;0;27.72;70.0;6.0;285;train
1;10;0.0;0;False;0;-1.42;54.0;19.0;126;train
3;16;0.0;4;True;0;16.44;36.0;22.0;388;train
11;14;0.0;4;True;0;12.68;18.0;28.0;182;train
7;10;0.0;2;True;0;30.54;43.0;15.0;209;train
12;15;0.0;6;False;1;3.28;87.0;0.0;129;train
4;23;0.0;6;False;0;13.62;23.0;15.0;118;train
7;5;0.0;1;True;1;25.84;51.0;0.0;40;train
12;10;0.0;0;False;1;10.8;87.0;19.0;219;train
11;13;0.0;2;True;1;12.68;58.0;0.0;267;train
6;7;0.0;6;False;0;19.26;64.0;7.0;87;train
6;13;0.0;6;False;0;30.54;34.0;13.0;564;train
4;6;0.0;2;True;0;20.2;46.0;17.0;144;train
9;18;0.0;0;False;0;17.38;37.0;13.0;540;train
9;19;0.0;3;True;0;22.08;50.0;13.0;635;train
4;4;0.0;2;True;0;6.1;70.0;13.0;3;train
1;0;0.0;1;True;0;3.28;60.0;15.0;15;train
11;1;0.0;3;True;1;5.16;61.0;17.0;92;train
7;2;0.0;3;True;0;22.08;89.0;0.0;5;train
10;3;0.0;2;True;3;8.92;87.0;19.0;3;train
7;0;0.0;0;False;1;20.2;88.0;7.0;113;train
12;16;0.0;1;True;3;10.8;94.0;17.0;302;train
4;13;0.0;4;True;0;14.56;36.0;30.0;203;train
1;9;0.0;6;False;0;-1.42;50.0;7.0;81;train
12;18;0.0;4;True;1;7.98;71.0;13.0;381;train
7;2;0.0;4;True;0;26.78;51.0;0.0;18;train
1;16;0.0;5;True;0;12.68;51.0;37.0;267;train
7;12;0.0;0;False;1;24.9;70.0;7.0;504;train
9;3;0.0;3;True;0;15.5;77.0;6.0;7;train
9;14;0.0;2;True;3;20.2;94.0;31.0;143;train
5;0;0.0;4;True;0;20.2;78.0;9.0;79;train
3;5;0.0;6;False;1;8.92;93.0;6.0;2;train
3;14;0.0;5;True;0;11.74;28.0;31.0;178;train
4;13;0.0;3;True;3;13.62;59.0;0.0;64;train
11;12;0.0;3;True;0;7.98;46.0;0.0;240;train
6;18;0.0;6;False;1;25.84;37.0;15.0;571;train
6;1;0.0;1;True;0;23.02;74.0;11.0;24;train
6;3;0.0;3;True;0;23.02;83.0;9.0;8;train
6;15;0.0;6;False;0;26.78;35.0;17.0;583;train
6;19;0.0;3;True;0;18.32;73.0;20.0;538;train
6;6;0.0;5;True;1;26.78;66.0;0.0;122;train
3;0;0.0;6;False;0;9.86;82.0;13.0;92;train
6;1;0.0;0;False;0;18.32;60.0;11.0;88;train
3;9;0.0;0;False;0;6.1;49.0;30.0;118;train
12;7;0.0;1;True;0;-0.48;64.0;9.0;85;train
7;17;0.0;2;True;0;29.6;52.0;22.0;869;train
1;10;0.0;2;True;0;7.04;93.0;6.0;116;train
1;21;0.0;5;True;0;3.28;41.0;19.0;102;train
2;1;1.0;1;False;1;3.28;87.0;6.0;15;train
8;2;0.0;5;True;0;23.02;89.0;9.0;20;train
1;7;0.0;2;True;0;-1.42;59.0;17.0;170;train
12;11;0.0;0;False;0;4.22;41.0;28.0;136;train
1;18;0.0;2;True;0;13.62;63.0;30.0;463;train
1;1;0.0;2;True;0;6.1;42.0;20.0;8;train
2;12;0.0;4;True;0;15.5;42.0;17.0;224;train
4;8;0.0;0;False;1;8.92;76.0;6.0;125;train
1;18;0.0;0;False;3;13.62;59.0;17.0;106;train
5;9;0.0;3;True;1;21.14;78.0;0.0;297;train
1;5;0.0;6;False;0;-1.42;50.0;9.0;4;train
5;3;0.0;4;True;0;13.62;88.0;15.0;3;train
12;13;0.0;6;False;3;1.4;100.0;0.0;84;train
1;11;0.0;2;True;0;7.98;87.0;9.0;153;train
5;7;0.0;0;False;0;16.44;68.0;11.0;60;train
8;14;0.0;6;False;0;29.6;49.0;20.0;538;train
2;5;0.0;5;True;1;10.8;87.0;13.0;26;train
12;6;0.0;2;True;1;7.98;71.0;20.0;118;train
10;9;0.0;4;True;1;16.44;83.0;13.0;343;train
10;19;0.0;6;False;0;14.56;55.0;15.0;341;train
4;2;0.0;3;True;1;15.5;42.0;13.0;9;train
1;2;0.0;4;True;3;8.92;93.0;17.0;2;train
2;15;0.0;6;False;1;6.1;61.0;20.0;124;train
2;18;0.0;0;False;0;7.98;36.0;19.0;216;train
2;8;0.0;2;True;1;3.28;70.0;0.0;513;train
10;8;0.0;5;True;1;17.38;88.0;9.0;734;train
8;1;0.0;2;True;0;23.96;79.0;17.0;27;train
2;17;0.0;2;True;0;12.68;35.0;13.0;509;train
1;19;0.0;5;True;0;8.92;50.0;26.0;251;train
2;4;0.0;3;True;0;5.16;70.0;7.0;1;train
5;19;0.0;3;True;0;17.38;77.0;17.0;504;train
4;10;0.0;4;True;1;13.62;94.0;11.0;139;train
8;17;0.0;0;False;0;22.08;89.0;15.0;233;train
9;10;0.0;5;True;1;23.96;65.0;0.0;246;train
3;10;0.0;1;True;1;3.28;60.0;0.0;86;train
12;20;1.0;2;False;1;7.04;66.0;19.0;40;train
2;6;0.0;0;False;0;3.28;52.0;22.0;5;train
10;15;0.0;6;False;0;18.32;43.0;0.0;711;train
9;12;0.0;6;False;0;29.6;55.0;33.0;694;train
7;7;0.0;0;False;0;29.6;66.0;0.0;52;train
6;10;0.0;1;True;0;27.72;55.0;11.0;184;train
11;20;0.0;0;False;0;3.28;60.0;0.0;119;train
11;8;0.0;5;True;0;7.04;57.0;7.0;687;train
8;13;0.0;3;True;1;28.66;49.0;13.0;294;train
6;3;0.0;5;True;0;17.38;60.0;6.0;8;train
3;4;0.0;3;True;0;14.56;67.0;6.0;5;train
11;9;0.0;5;True;0;3.28;75.0;6.0;330;train
12;1;0.0;1;True;0;2.34;69.0;0.0;11;train
9;5;0.0;4;True;0;16.44;83.0;0.0;57;train
2;17;0.0;4;True;0;11.74;54.0;33.0;450;train
10;11;0.0;6;False;0;11.74;35.0;9.0;527;train
8;20;0.0;1;True;0;27.72;66.0;11.0;457;train
2;22;0.0;0;False;0;-1.42;43.0;11.0;28;train
8;17;0.0;1;True;0;30.54;41.0;0.0;858;train
1;23;0.0;2;True;0;7.04;76.0;0.0;99;train
2;14;0.0;3;True;0;12.68;54.0;22.0;177;train
6;9;0.0;3;True;1;22.08;69.0;39.0;352;train
11;13;0.0;3;True;0;12.68;35.0;15.0;365;train
9;11;0.0;3;True;0;22.08;61.0;17.0;227;train
8;22;0.0;6;False;0;21.14;83.0;24.0;182;train
7;17;0.0;0;False;0;28.66;59.0;0.0;270;train
11;17;0.0;0;False;0;8.92;43.0;13.0;327;train
3;10;0.0;5;True;1;10.8;87.0;6.0;180;train
10;1;0.0;5;True;1;16.44;88.0;6.0;36;train
12;17;0.0;5;True;0;3.28;60.0;9.0;271;train
6;14;0.0;3;True;0;22.08;38.0;0.0;302;train
9;11;0.0;6;False;0;18.32;52.0;19.0;663;train
4;1;0.0;0;False;1;13.62;82.0;22.0;73;train
9;5;0.0;2;True;0;11.74;77.0;6.0;47;train
11;20;0.0;2;True;0;6.1;49.0;24.0;223;train
12;11;0.0;3;True;0;10.8;54.0;15.0;200;train
5;2;0.0;6;False;0;15.5;51.0;7.0;69;train
11;15;0.0;6;False;1;8.92;46.0;30.0;448;train
5;3;0.0;3;True;3;21.14;88.0;9.0;5;train
12;1;0.0;1;True;1;8.92;100.0;0.0;4;train
4;4;0.0;1;True;0;12.68;24.0;13.0;5;train
9;8;0.0;1;True;0;18.32;60.0;19.0;730;train
2;17;0.0;2;True;0;9.86;40.0;30.0;432;train
4;12;0.0;0;False;0;22.08;44.0;19.0;635;train
1;11;1.0;1;False;0;-0.48;59.0;17.0;179;train
3;9;0.0;0;False;1;10.8;94.0;17.0;118;train
4;0;0.0;0;False;1;8.92;76.0;17.0;67;train
8;12;0.0;4;True;0;31.48;44.0;7.0;277;train
2;4;0.0;3;True;0;7.98;71.0;11.0;2;train
6;14;0.0;1;True;1;19.26;68.0;13.0;219;train
8;6;0.0;4;True;0;23.02;83.0;0.0;183;train
7;2;0.0;6;False;0;27.72;72.0;11.0;58;train
10;3;0.0;5;True;1;18.32;83.0;0.0;5;train
12;5;1.0;2;False;1;2.34;93.0;9.0;3;train
12;3;0.0;6;False;1;4.22;81.0;9.0;15;train
8;17;0.0;1;True;0;29.6;46.0;15.0;845;train
11;0;0.0;4;True;3;5.16;61.0;15.0;15;train
5;13;0.0;3;True;1;22.08;53.0;17.0;266;train
1;17;0.0;2;True;0;13.62;63.0;30.0;462;train
10;2;0.0;0;False;0;10.8;76.0;6.0;66;train
4;19;0.0;1;True;1;17.38;64.0;17.0;471;train
12;15;0.0;4;True;1;4.22;56.0;30.0;120;train
6;8;0.0;1;True;1;17.38;83.0;13.0;474;train
12;2;0.0;6;False;0;4.22;81.0;0.0;69;train
6;5;0.0;4;True;0;24.9;84.0;7.0;40;train
8;0;0.0;3;True;0;21.14;83.0;7.0;55;train
12;23;0.0;0;False;0;1.4;51.0;15.0;49;train
3;5;0.0;0;False;1;7.98;46.0;15.0;5;train
3;23;0.0;2;True;0;5.16;61.0;15.0;54;train
4;22;0.0;1;True;1;16.44;55.0;11.0;134;train
4;11;0.0;0;False;0;15.5;25.0;19.0;404;train
8;1;0.0;1;True;0;21.14;88.0;6.0;7;train
5;9;0.0;2;True;0;25.84;70.0;17.0;257;train
4;18;0.0;5;True;0;15.5;22.0;31.0;484;train
6;7;0.0;6;False;0;17.38;68.0;13.0;78;train
2;8;0.0;2;True;0;4.22;48.0;19.0;559;train
8;10;0.0;4;True;0;25.84;54.0;0.0;234;train
8;11;0.0;0;False;0;26.78;42.0;11.0;449;train
5;15;0.0;4;True;0;23.02;61.0;13.0;283;train
12;7;0.0;0;False;0;-0.48;64.0;6.0;19;train
1;14;1.0;1;False;0;6.1;36.0;28.0;151;train
3;22;0.0;6;False;3;12.68;100.0;17.0;83;train
8;23;0.0;3;True;0;25.84;70.0;9.0;136;train
3;18;0.0;4;True;0;23.02;65.0;11.0;801;train
4;11;0.0;5;True;0;13.62;36.0;9.0;233;train
6;23;0.0;6;False;0;23.96;61.0;11.0;230;train
7;5;0.0;5;True;1;23.02;56.0;6.0;34;train
5;10;0.0;4;True;0;22.08;65.0;9.0;185;train
5;4;0.0;3;True;3;19.26;83.0;13.0;3;train
6;17;0.0;1;True;0;22.08;38.0;30.0;834;train
12;8;0.0;0;False;0;-1.42;69.0;7.0;48;train
1;22;0.0;4;True;0;9.86;76.0;20.0;133;train
7;4;0.0;3;True;0;25.84;70.0;9.0;6;train
4;5;0.0;1;True;0;9.86;62.0;17.0;20;train
5;10;0.0;2;True;0;21.14;78.0;17.0;174;train
10;10;0.0;2;True;0;17.38;60.0;0.0;221;train
11;0;0.0;1;True;1;6.1;56.0;13.0;23;train
12;0;0.0;3;True;1;5.16;65.0;17.0;9;train
12;12;0.0;5;True;0;8.92;50.0;13.0;273;train
7;3;0.0;4;True;0;25.84;70.0;7.0;5;train
4;7;0.0;2;True;0;7.04;66.0;6.0;341;train
11;15;0.0;6;False;0;16.44;45.0;0.0;567;train
7;2;0.0;1;True;0;24.9;74.0;7.0;15;train
10;3;0.0;6;False;0;7.04;66.0;15.0;15;train
9;22;0.0;1;True;0;17.38;52.0;9.0;159;train
4;15;0.0;5;True;0;16.44;29.0;33.0;324;train
8;0;0.0;0;False;0;26.78;70.0;19.0;153;train
10;9;0.0;4;True;0;10.8;43.0;26.0;355;train
6;6;0.0;4;True;1;24.9;84.0;6.0;150;train
10;21;0.0;0;False;0;9.86;87.0;7.0;113;train
9;17;0.0;3;True;0;24.9;41.0;20.0;925;train
8;3;0.0;6;False;0;23.02;69.0;6.0;38;train
9;11;0.0;0;False;1;26.78;70.0;0.0;489;train
9;7;0.0;5;True;1;18.32;94.0;0.0;394;train
1;12;0.0;2;True;0;11.74;38.0;20.0;140;train
10;3;0.0;6;False;0;17.38;77.0;15.0;56;train
3;12;0.0;5;True;0;8.92;34.0;28.0;201;train
1;17;0.0;3;True;1;1.4;40.0;13.0;281;train
11;5;0.0;5;True;0;1.4;80.0;0.0;40;train
11;8;0.0;0;False;1;2.34;51.0;13.0;34;train
5;20;0.0;3;True;3;15.5;82.0;15.0;51;train
8;10;0.0;4;True;0;29.6;55.0;0.0;181;train
3;22;0.0;6;False;1;9.86;71.0;17.0;156;train
9;10;0.0;4;True;1;24.9;51.0;19.0;208;train
9;2;0.0;6;False;0;18.32;88.0;17.0;83;train
1;0;0.0;4;True;1;5.16;75.0;7.0;25;train
6;16;0.0;1;True;1;29.6;41.0;28.0;427;train
1;14;0.0;1;True;3;2.34;93.0;13.0;61;train
7;11;0.0;2;True;1;31.48;53.0;22.0;201;train
6;2;0.0;6;False;1;17.38;88.0;0.0;41;train
11;17;0.0;2;True;1;10.8;71.0;11.0;590;train
2;15;0.0;5;True;0;9.86;40.0;0.0;216;train
9;19;0.0;1;True;1;21.14;73.0;7.0;486;train
10;3;0.0;3;True;1;20.2;94.0;0.0;7;train
7;13;0.0;0;False;1;24.9;65.0;6.0;626;train
12;18;0.0;0;False;3;8.92;93.0;6.0;198;train
10;20;0.0;5;True;0;11.74;47.0;9.0;308;train
5;2;0.0;4;True;0;22.08;65.0;6.0;14;train
1;15;0.0;0;False;0;2.34;27.0;13.0;206;train
6;21;0.0;2;True;0;17.38;56.0;11.0;283;train
1;22;0.0;0;False;0;7.04;26.0;26.0;64;train
6;16;0.0;6;False;0;31.48;26.0;20.0;513;train
3;4;0.0;2;True;0;3.28;32.0;24.0;3;train
6;19;0.0;5;True;0;24.9;42.0;11.0;467;train
3;3;0.0;0;False;1;12.68;88.0;9.0;18;train
4;20;0.0;1;True;1;16.44;59.0;13.0;309;train
8;18;0.0;1;True;0;27.72;52.0;19.0;812;train
10;8;0.0;0;False;1;15.5;59.0;37.0;173;train
12;4;0.0;2;True;1;7.98;76.0;19.0;8;train
6;18;0.0;0;False;0;24.9;34.0;17.0;496;train
9;9;0.0;0;False;0;16.44;63.0;7.0;285;train
6;5;0.0;1;True;0;22.08;78.0;9.0;37;train
3;11;0.0;3;True;1;21.14;41.0;11.0;220;train
10;17;0.0;3;True;0;24.9;65.0;0.0;917;train
8;17;0.0;2;True;3;27.72;66.0;17.0;812;train
8;16;0.0;4;True;0;30.54;46.0;13.0;406;train
7;3;0.0;2;True;0;25.84;66.0;0.0;3;train
10;0;0.0;3;True;1;6.1;81.0;7.0;16;train
2;4;0.0;5;True;0;4.22;56.0;6.0;2;train
12;23;0.0;0;False;3;8.92;100.0;6.0;51;train
6;19;0.0;4;True;0;31.48;30.0;20.0;571;train
8;23;0.0;3;True;0;23.96;65.0;7.0;138;train
4;11;1.0;1;False;0;22.08;65.0;17.0;251;train
12;8;0.0;0;False;1;4.22;93.0;6.0;93;train
4;1;0.0;6;False;0;8.92;50.0;20.0;67;train
7;8;0.0;2;True;0;25.84;74.0;9.0;649;train
7;13;0.0;2;True;0;29.6;55.0;19.0;288;train
2;17;0.0;3;True;3;3.28;87.0;7.0;155;train
2;19;0.0;0;False;0;6.1;52.0;15.0;69;train
11;18;0.0;3;True;0;7.04;53.0;11.0;567;train
12;16;0.0;4;True;0;7.04;42.0;0.0;331;train
7;2;0.0;3;True;0;26.78;66.0;9.0;8;train
4;12;0.0;0;False;1;11.74;67.0;15.0;445;train
1;12;0.0;2;True;1;7.04;87.0;19.0;86;train
6;22;0.0;1;True;0;18.32;52.0;19.0;168;train
5;7;0.0;0;False;0;21.14;88.0;11.0;52;train
5;22;0.0;2;True;3;20.2;78.0;17.0;147;train
2;3;0.0;3;True;0;4.22;65.0;0.0;1;train
7;0;0.0;5;True;1;24.9;54.0;11.0;95;train
9;0;0.0;5;True;0;22.08;89.0;9.0;96;train
7;11;0.0;2;True;1;32.42;47.0;0.0;206;train
10;10;0.0;3;True;0;8.92;71.0;19.0;168;train
4;11;0.0;0;False;0;21.14;46.0;20.0;528;train
8;22;0.0;5;True;1;24.9;61.0;0.0;251;train
11;3;0.0;4;True;0;7.98;61.0;9.0;15;train
12;17;0.0;6;False;0;5.16;41.0;20.0;114;train
11;4;0.0;3;True;0;2.34;69.0;13.0;6;train
5;0;0.0;6;False;0;16.44;42.0;11.0;136;train
5;16;0.0;0;False;0;25.84;42.0;17.0;564;train
7;11;1.0;3;False;0;30.54;46.0;9.0;485;train
11;15;0.0;5;True;0;14.56;41.0;17.0;447;train
4;23;0.0;1;True;1;16.44;55.0;15.0;60;train
3;19;0.0;2;True;0;7.98;46.0;20.0;287;train
8;18;0.0;2;True;0;27.72;62.0;19.0;854;train
7;16;0.0;6;False;0;32.42;39.0;15.0;487;train
10;5;0.0;3;True;0;15.5;82.0;0.0;53;train
1;10;0.0;4;True;1;6.1;81.0;9.0;108;train
3;8;0.0;2;True;0;13.62;82.0;19.0;593;train
12;22;0.0;6;False;1;9.86;94.0;7.0;160;train
9;12;0.0;5;True;1;24.9;54.0;17.0;380;train
7;10;0.0;6;False;3;19.26;88.0;17.0;268;train
2;10;0.0;1;True;0;7.04;45.0;17.0;104;train
7;17;0.0;6;False;3;20.2;88.0;11.0;241;train
12;12;0.0;3;True;0;10.8;54.0;19.0;236;train
12;20;0.0;1;True;1;13.62;77.0;0.0;300;train
8;6;0.0;5;True;0;21.14;78.0;9.0;157;train
7;9;0.0;3;True;0;25.84;37.0;20.0;342;train
3;1;0.0;5;True;3;18.32;52.0;33.0;26;train
10;19;0.0;3;True;0;24.9;65.0;0.0;593;train
7;22;0.0;5;True;0;29.6;55.0;13.0;288;train
4;10;0.0;5;True;0;8.92;40.0;22.0;238;train
10;9;0.0;3;True;1;16.44;77.0;6.0;373;train
4;2;0.0;1;True;0;11.74;71.0;9.0;8;train
1;20;0.0;6;False;0;15.5;39.0;17.0;170;train
4;17;0.0;1;True;0;17.38;32.0;28.0;632;train
1;15;0.0;2;True;0;12.68;62.0;33.0;129;train
7;7;0.0;4;True;0;27.72;55.0;0.0;343;train
1;12;0.0;3;True;0;7.04;53.0;9.0;193;train
12;2;1.0;2;False;1;4.22;87.0;11.0;7;train
4;12;0.0;1;True;1;12.68;47.0;9.0;225;train
9;15;0.0;4;True;0;23.02;47.0;13.0;291;train
4;1;0.0;2;True;0;11.74;50.0;15.0;9;train
5;8;0.0;3;True;1;20.2;73.0;11.0;671;train
6;2;0.0;4;True;1;21.14;53.0;17.0;9;train
11;10;0.0;1;True;0;7.04;49.0;0.0;147;train
3;15;0.0;6;False;0;14.56;29.0;20.0;399;train
4;22;0.0;2;True;0;10.8;37.0;33.0;127;train
9;1;0.0;2;True;3;20.2;94.0;13.0;5;train
11;15;0.0;6;False;0;11.74;35.0;20.0;549;train
6;3;0.0;6;False;1;22.08;89.0;0.0;23;train
11;14;0.0;4;True;1;10.8;50.0;15.0;185;train
1;5;0.0;6;False;0;4.22;75.0;7.0;9;train
8;2;0.0;5;True;0;23.02;61.0;9.0;19;train
11;18;0.0;1;True;0;8.92;50.0;11.0;521;train
11;20;0.0;5;True;0;7.04;66.0;0.0;245;train
7;18;0.0;0;False;0;33.36;32.0;24.0;370;train
8;15;0.0;2;True;0;30.54;34.0;20.0;317;train
7;12;0.0;1;True;1;26.78;58.0;9.0;266;train
3;21;0.0;0;False;0;5.16;36.0;15.0;79;train
1;8;0.0;3;True;0;3.28;70.0;17.0;513;train
6;9;0.0;2;True;0;22.08;73.0;6.0;328;train
6;3;0.0;6;False;0;18.32;60.0;6.0;27;train
11;18;0.0;1;True;0;7.98;46.0;15.0;542;train
3;5;0.0;3;True;1;15.5;88.0;9.0;39;train
8;8;0.0;2;True;1;23.02;89.0;6.0;618;train
9;4;0.0;5;True;0;15.5;77.0;0.0;10;train
4;23;0.0;4;True;0;11.74;35.0;13.0;94;train
7;22;1.0;3;False;0;30.54;56.0;15.0;502;train
9;20;0.0;2;True;1;20.2;88.0;13.0;290;train
5;0;0.0;5;True;0;20.2;78.0;22.0;89;train
12;4;0.0;4;True;0;2.34;55.0;20.0;9;train
4;3;0.0;6;False;0;15.5;82.0;15.0;29;train
4;17;0.0;2;True;0;16.44;22.0;26.0;691;train
3;7;0.0;4;True;0;13.62;51.0;24.0;367;train
8;0;0.0;4;True;0;22.08;78.0;0.0;60;train
1;8;0.0;6;False;0;-2.36;54.0;7.0;92;train
5;3;0.0;0;False;1;17.38;83.0;13.0;28;train
11;13;0.0;1;True;0;8.92;40.0;17.0;222;train
9;13;0.0;3;True;0;29.6;63.0;11.0;234;train
2;23;0.0;4;True;0;12.68;54.0;0.0;85;train
10;16;0.0;0;False;3;14.56;67.0;31.0;293;train
1;0;0.0;2;True;0;1.4;51.0;17.0;13;train
4;6;0.0;1;True;0;8.92;71.0;31.0;110;train
8;15;0.0;1;True;0;25.84;54.0;17.0;309;train
3;1;0.0;0;False;1;11.74;100.0;17.0;89;train
2;23;0.0;3;True;1;13.62;41.0;19.0;62;train
7;7;0.0;2;True;0;26.78;58.0;0.0;483;train
3;23;0.0;3;True;0;12.68;62.0;22.0;62;train
1;16;0.0;0;False;0;8.92;21.0;28.0;322;train
8;3;0.0;3;True;0;22.08;83.0;7.0;7;train
6;5;0.0;0;False;0;17.38;68.0;9.0;17;train
1;1;0.0;0;False;1;-0.48;47.0;20.0;42;train
8;6;0.0;5;True;1;22.08;89.0;11.0;108;train
2;12;0.0;1;True;0;10.8;37.0;20.0;177;train
3;16;0.0;4;True;0;19.26;32.0;20.0;361;train
10;15;0.0;5;True;0;16.44;42.0;30.0;455;train
5;3;0.0;6;False;0;21.14;88.0;7.0;31;train
4;16;0.0;3;True;1;11.74;77.0;15.0;235;train
12;20;0.0;4;True;3;7.98;76.0;11.0;50;train
12;9;0.0;6;False;1;9.86;94.0;0.0;170;train
2;11;0.0;1;True;0;4.22;70.0;9.0;116;train
4;14;0.0;1;True;3;8.92;62.0;30.0;114;train
8;12;0.0;4;True;0;29.6;33.0;7.0;343;train
7;15;0.0;4;True;0;31.48;47.0;6.0;292;train
3;22;0.0;5;True;1;12.68;94.0;0.0;148;train
4;8;0.0;6;False;0;8.92;71.0;9.0;160;train
4;5;0.0;0;False;0;9.86;46.0;0.0;12;train
9;3;0.0;5;True;0;17.38;77.0;0.0;14;train
11;17;0.0;6;False;0;4.22;41.0;26.0;126;train
4;19;0.0;4;True;0;14.56;31.0;17.0;487;train
5;12;0.0;1;True;1;20.2;83.0;17.0;170;train
2;20;0.0;2;True;0;10.8;30.0;9.0;204;train
12;20;0.0;2;True;0;8.92;50.0;17.0;268;train
5;2;0.0;5;True;0;13.62;44.0;11.0;31;train
6;15;0.0;1;True;1;20.2;69.0;13.0;237;train
2;9;1.0;1;False;0;1.4;59.0;24.0;110;train
5;11;0.0;1;True;1;20.2;83.0;11.0;106;train
3;10;0.0;4;True;0;15.5;68.0;31.0;138;train
7;18;0.0;6;False;0;36.18;29.0;6.0;277;train
1;6;0.0;3;True;0;7.98;36.0;35.0;88;train
5;6;0.0;4;True;1;20.2;88.0;11.0;156;train
8;4;0.0;0;False;1;22.08;89.0;13.0;16;train
12;17;0.0;2;True;0;7.04;53.0;15.0;601;train
9;6;0.0;3;True;0;24.9;79.0;19.0;210;train
4;23;0.0;0;False;0;23.02;50.0;26.0;90;train
5;2;0.0;2;True;1;19.26;83.0;7.0;11;train
11;1;0.0;2;True;3;12.68;88.0;43.0;5;train
6;9;0.0;5;True;1;22.08;83.0;15.0;298;train
11;9;0.0;2;True;3;7.04;81.0;22.0;110;train
1;10;0.0;6;False;0;5.16;75.0;6.0;203;train
11;8;1.0;4;False;0;3.28;75.0;9.0;97;train
3;7;0.0;6;False;1;8.92;93.0;9.0;16;train
6;3;0.0;1;True;0;23.96;69.0;17.0;5;train
9;10;0.0;6;False;0;26.78;70.0;26.0;422;train
9;17;0.0;3;True;0;27.72;66.0;17.0;863;train
10;12;0.0;2;True;1;14.56;69.0;13.0;260;train
11;11;0.0;3;True;1;7.04;51.0;24.0;147;train
6;16;0.0;6;False;0;22.08;38.0;17.0;644;train
5;9;0.0;2;True;1;17.38;88.0;13.0;349;train
1;16;0.0;5;True;0;16.44;27.0;19.0;294;train
7;11;0.0;1;True;1;28.66;55.0;9.0;215;train
10;13;0.0;3;True;0;18.32;49.0;0.0;297;train
12;16;0.0;3;True;3;4.22;87.0;24.0;13;train
6;10;0.0;5;True;0;29.6;52.0;24.0;185;train
12;19;0.0;3;True;0;9.86;43.0;24.0;414;train
7;8;0.0;6;False;0;26.78;66.0;11.0;163;train
5;1;0.0;0;False;0;18.32;52.0;0.0;130;train
2;12;0.0;3;True;0;12.68;54.0;7.0;179;train
2;10;0.0;3;True;0;10.8;62.0;9.0;133;train
12;15;0.0;6;False;0;7.04;33.0;39.0;153;train
10;4;0.0;3;True;1;13.62;88.0;7.0;6;train
10;0;0.0;0;False;0;12.68;54.0;11.0;154;train
11;4;0.0;0;False;0;7.04;81.0;7.0;11;train
5;12;0.0;3;True;0;24.9;54.0;13.0;330;train
3;0;0.0;6;False;0;19.26;68.0;0.0;156;train
8;9;0.0;2;True;1;24.9;74.0;9.0;327;train
12;18;0.0;2;True;0;9.86;46.0;22.0;525;train
3;5;0.0;3;True;0;5.16;56.0;20.0;18;train
6;10;0.0;3;True;0;30.54;52.0;9.0;167;train
2;22;0.0;3;True;0;7.98;49.0;7.0;107;train
2;6;0.0;3;True;3;10.8;54.0;11.0;67;train
4;20;0.0;2;True;0;18.32;24.0;9.0;379;train
2;0;0.0;1;True;0;3.28;65.0;9.0;21;train
7;11;0.0;0;False;1;23.02;74.0;0.0;505;train
12;4;0.0;3;True;0;3.28;75.0;9.0;7;train
1;18;0.0;3;True;1;1.4;37.0;9.0;289;train
10;19;1.0;1;False;1;10.8;71.0;17.0;371;train
5;9;0.0;0;False;0;20.2;56.0;9.0;222;train
7;3;0.0;5;True;1;23.96;61.0;0.0;9;train
7;14;0.0;4;True;0;34.3;47.0;17.0;213;train
12;11;0.0;0;False;1;8.92;87.0;9.0;295;train
10;15;0.0;4;True;0;21.14;65.0;9.0;305;train
10;18;0.0;2;True;3;6.1;87.0;9.0;143;train
2;8;0.0;3;True;3;8.92;73.0;7.0;520;train
1;3;1.0;1;False;0;-2.36;50.0;0.0;3;train
8;20;0.0;4;True;0;28.66;66.0;0.0;427;train
11;4;0.0;3;True;1;5.16;52.0;20.0;9;train
1;4;0.0;0;False;0;5.16;81.0;6.0;8;train
6;10;0.0;3;True;1;22.08;65.0;28.0;198;train
5;22;0.0;6;False;0;18.32;68.0;9.0;274;train
12;22;0.0;3;True;3;3.28;93.0;30.0;11;train
1;20;0.0;6;False;0;1.4;44.0;17.0;103;train
6;18;0.0;3;True;0;25.84;32.0;30.0;744;train
12;22;0.0;5;True;0;5.16;75.0;7.0;138;train
3;4;0.0;5;True;0;7.04;61.0;0.0;2;train
5;23;0.0;6;False;0;24.9;74.0;17.0;150;train
6;7;0.0;1;True;3;16.44;94.0;15.0;145;train
12;17;0.0;0;False;0;4.22;41.0;22.0;123;train
5;22;0.0;6;False;0;22.08;47.0;0.0;338;train
4;14;0.0;4;True;0;13.62;33.0;11.0;287;train
6;6;0.0;2;True;1;20.2;88.0;9.0;136;train
2;7;0.0;3;True;0;7.04;76.0;6.0;302;train
7;0;0.0;5;True;0;25.84;70.0;0.0;97;train
8;1;0.0;4;True;0;21.14;83.0;0.0;25;train
5;19;0.0;0;False;1;20.2;64.0;11.0;383;train
4;15;0.0;0;False;0;21.14;17.0;24.0;486;train
11;5;0.0;2;True;1;7.98;66.0;9.0;34;train
6;21;0.0;3;True;0;26.78;35.0;9.0;367;train
5;11;0.0;6;False;0;21.14;41.0;6.0;522;train
11;20;0.0;5;True;1;8.92;46.0;28.0;221;train
4;23;0.0;6;False;1;17.38;56.0;13.0;196;train
3;16;0.0;0;False;0;8.92;29.0;33.0;299;train
2;9;0.0;1;True;0;4.22;60.0;13.0;230;train
5;18;0.0;3;True;3;16.44;77.0;39.0;372;train
12;13;0.0;3;True;0;13.62;41.0;19.0;214;train
2;14;0.0;1;True;0;7.98;23.0;7.0;135;train
6;8;0.0;3;True;1;24.9;79.0;7.0;643;train
5;21;0.0;2;True;1;22.08;65.0;19.0;223;train
10;17;0.0;0;False;0;16.44;39.0;17.0;491;train
2;16;0.0;6;False;0;7.04;26.0;39.0;195;train
8;7;0.0;5;True;1;22.08;78.0;0.0;425;train
4;16;0.0;3;True;0;12.68;33.0;20.0;307;train
11;21;0.0;2;True;0;8.92;71.0;0.0;157;train
12;13;0.0;0;False;1;9.86;87.0;19.0;285;train
10;4;0.0;2;True;0;11.74;67.0;11.0;7;train
9;22;0.0;1;True;3;21.14;83.0;17.0;129;train
6;20;0.0;4;True;0;23.02;36.0;20.0;478;train
4;3;0.0;0;False;1;8.92;87.0;13.0;16;train
6;0;0.0;2;True;1;24.9;58.0;15.0;28;train
7;12;0.0;0;False;0;34.3;37.0;15.0;433;train
11;8;0.0;2;True;0;7.98;71.0;9.0;665;train
9;5;0.0;1;True;0;13.62;63.0;0.0;37;train
2;6;0.0;5;True;0;3.28;65.0;11.0;88;train
7;0;0.0;5;True;3;23.02;89.0;6.0;34;train
3;5;0.0;1;True;0;1.4;55.0;6.0;18;train
2;18;0.0;6;False;0;13.62;38.0;20.0;246;train
3;7;0.0;4;True;1;14.56;100.0;6.0;361;train
10;13;0.0;2;True;0;16.44;45.0;19.0;328;train
5;21;0.0;1;True;1;19.26;83.0;6.0;152;train
1;6;0.0;0;False;0;4.22;93.0;9.0;2;train
4;8;0.0;4;True;0;8.92;46.0;15.0;638;train
5;8;0.0;2;True;1;16.44;94.0;19.0;557;train
8;11;0.0;5;True;1;27.72;48.0;7.0;281;train
5;19;0.0;3;True;1;21.14;83.0;11.0;376;train
9;9;0.0;6;False;0;22.08;69.0;17.0;377;train
12;20;0.0;0;False;0;4.22;65.0;0.0;52;train
3;8;0.0;3;True;0;5.16;61.0;20.0;566;train
8;12;0.0;4;True;0;28.66;38.0;0.0;332;train
8;13;0.0;6;False;1;25.84;51.0;24.0;517;train
9;0;0.0;2;True;3;20.2;94.0;17.0;13;train
7;19;0.0;2;True;3;26.78;62.0;24.0;614;train
7;20;0.0;2;True;3;24.9;70.0;13.0;452;train
6;6;0.0;3;True;0;20.2;83.0;15.0;194;train
12;12;0.0;6;False;1;10.8;87.0;15.0;486;train
12;18;0.0;0;False;0;6.1;45.0;11.0;93;train
11;7;1.0;1;False;0;10.8;87.0;0.0;264;train
6;23;0.0;3;True;0;23.96;47.0;9.0;159;train
10;4;0.0;0;False;0;11.74;77.0;19.0;12;train
5;13;0.0;4;True;0;21.14;41.0;13.0;327;train
3;14;0.0;4;True;0;20.2;73.0;7.0;257;train
2;22;0.0;2;True;1;8.92;50.0;7.0;77;train
7;14;0.0;1;True;1;26.78;55.0;17.0;242;train
4;19;0.0;0;False;3;8.92;87.0;35.0;35;train
11;22;0.0;4;True;0;4.22;70.0;6.0;151;train
2;15;0.0;0;False;0;8.92;29.0;0.0;353;train
1;5;1.0;1;False;0;5.16;45.0;22.0;4;train
8;6;0.0;2;True;0;18.32;83.0;7.0;169;train
6;16;0.0;2;True;0;25.84;26.0;33.0;416;train
6;12;0.0;5;True;1;24.9;74.0;24.0;310;train
10;17;0.0;6;False;0;17.38;49.0;26.0;610;train
5;18;0.0;4;True;0;25.84;58.0;9.0;706;train
7;23;0.0;5;True;1;21.14;83.0;19.0;166;train
6;2;0.0;2;True;0;18.32;43.0;19.0;9;train
9;1;0.0;0;False;0;17.38;52.0;24.0;142;train
11;8;0.0;3;True;0;3.28;60.0;19.0;692;train
11;16;0.0;1;True;0;11.74;58.0;17.0;380;train
3;11;0.0;2;True;0;19.26;83.0;9.0;230;train
7;18;0.0;0;False;0;29.6;41.0;20.0;419;train
9;7;0.0;6;False;0;19.26;78.0;17.0;77;train
6;18;0.0;2;True;0;20.2;43.0;13.0;790;train
3;10;0.0;6;False;1;15.5;77.0;6.0;443;train
10;18;0.0;5;True;0;22.08;57.0;9.0;761;train
10;22;0.0;2;True;1;21.14;94.0;7.0;240;train
12;21;0.0;0;False;1;8.92;100.0;7.0;96;train
11;5;0.0;4;True;0;1.4;69.0;0.0;42;train
4;14;0.0;4;True;1;17.38;77.0;13.0;169;train
11;3;0.0;5;True;0;4.22;70.0;0.0;1;train
12;10;0.0;4;True;0;5.16;56.0;35.0;75;train
6;20;0.0;1;True;0;25.84;30.0;30.0;475;train
9;0;0.0;0;False;1;23.02;89.0;6.0;99;train
5;8;0.0;4;True;0;21.14;73.0;9.0;692;train
1;9;1.0;1;False;0;3.28;35.0;0.0;68;train
12;10;0.0;1;True;0;12.68;77.0;9.0;136;train
1;12;0.0;0;False;0;7.04;26.0;15.0;288;train
2;3;0.0;1;True;0;3.28;75.0;11.0;2;train
9;15;0.0;1;True;0;20.2;31.0;0.0;300;train
12;21;0.0;3;True;1;6.1;87.0;20.0;20;train
12;7;0.0;1;True;1;9.86;94.0;17.0;294;train
11;20;0.0;3;True;0;6.1;52.0;6.0;267;train
7;3;0.0;1;True;1;25.84;54.0;28.0;5;train
6;11;0.0;5;True;1;24.9;74.0;19.0;235;train
2;9;0.0;4;True;0;1.4;59.0;15.0;238;train
4;19;0.0;0;False;0;20.2;23.0;26.0;276;train
5;2;1.0;1;False;0;20.2;83.0;15.0;48;train
3;18;0.0;1;True;0;12.68;26.0;30.0;684;train
11;7;0.0;4;True;0;5.16;36.0;26.0;423;train
8;1;0.0;3;True;0;23.02;83.0;6.0;33;train
4;19;0.0;3;True;1;11.74;77.0;9.0;368;train
4;21;1.0;1;False;0;23.96;51.0;17.0;271;train
8;12;0.0;2;True;1;29.6;55.0;9.0;283;train
5;0;0.0;1;True;3;19.26;88.0;20.0;40;train
7;9;0.0;2;True;0;31.48;53.0;0.0;339;train
4;16;0.0;3;True;0;20.2;20.0;22.0;376;train
12;4;0.0;5;True;0;1.4;75.0;6.0;10;train
7;12;0.0;6;False;1;26.78;66.0;6.0;499;train
11;16;0.0;3;True;0;7.98;46.0;7.0;321;train
1;15;0.0;6;False;0;3.28;38.0;20.0;226;train
2;13;0.0;4;True;0;6.1;42.0;22.0;154;train
7;9;0.0;1;True;1;26.78;70.0;0.0;293;train
5;20;0.0;3;True;0;16.44;77.0;17.0;338;train
9;6;0.0;6;False;0;17.38;49.0;28.0;33;train
8;14;0.0;4;True;0;28.66;46.0;15.0;305;train
10;11;0.0;5;True;0;24.9;48.0;13.0;304;train
9;9;0.0;1;True;0;19.26;68.0;9.0;299;train
6;3;0.0;6;False;0;21.14;57.0;0.0;40;train
12;4;0.0;0;False;1;7.98;87.0;0.0;11;train
1;19;0.0;2;True;0;13.62;63.0;28.0;308;train
11;15;0.0;3;True;0;13.62;36.0;6.0;449;train
6;3;0.0;4;True;0;23.02;50.0;6.0;7;train
8;17;0.0;4;True;0;27.72;45.0;15.0;820;train
3;8;0.0;3;True;0;12.68;82.0;0.0;662;train
1;15;1.0;1;False;0;4.22;44.0;30.0;192;train
9;8;0.0;6;False;1;27.72;58.0;17.0;162;train
10;23;0.0;1;True;3;17.38;77.0;0.0;105;train
2;15;0.0;6;False;1;7.04;66.0;15.0;305;train
7;20;0.0;4;True;0;26.78;48.0;15.0;514;train
8;3;0.0;5;True;0;23.96;79.0;15.0;6;train
2;18;0.0;4;True;0;7.98;31.0;11.0;417;train
4;9;0.0;3;True;0;11.74;54.0;0.0;321;train
4;22;0.0;5;True;0;12.68;62.0;7.0;215;train
3;3;0.0;1;True;0;13.62;82.0;13.0;1;train
12;3;0.0;4;True;1;4.22;56.0;19.0;2;train
6;0;0.0;1;True;0;19.26;53.0;0.0;49;train
5;14;0.0;6;False;0;23.02;36.0;13.0;615;train
4;18;0.0;6;False;0;17.38;18.0;20.0;517;train
12;2;0.0;0;False;1;7.98;87.0;6.0;87;train
10;8;0.0;6;False;0;15.5;77.0;17.0;213;train
9;4;0.0;2;True;1;23.02;89.0;0.0;8;train
7;22;0.0;6;False;0;24.9;79.0;13.0;225;train
5;13;0.0;6;False;0;22.08;36.0;13.0;659;train
11;10;0.0;2;True;0;6.1;49.0;13.0;230;train
5;12;0.0;5;True;0;18.32;28.0;28.0;348;train
7;16;0.0;1;True;0;31.48;36.0;19.0;365;train
10;22;0.0;1;True;0;13.62;82.0;9.0;183;train
6;12;0.0;2;True;0;24.9;65.0;6.0;292;train
8;19;0.0;2;True;3;21.14;73.0;7.0;476;train
5;17;0.0;4;True;0;20.2;31.0;26.0;732;train
3;0;0.0;0;False;1;12.68;94.0;19.0;80;train
2;0;0.0;4;True;1;6.1;70.0;9.0;23;train
7;14;0.0;4;True;0;35.24;33.0;22.0;241;train
5;15;0.0;2;True;1;24.9;61.0;6.0;256;train
3;21;0.0;3;True;0;12.68;62.0;17.0;188;train
8;16;0.0;1;True;0;25.84;54.0;17.0;460;train
4;8;0.0;3;True;0;6.1;49.0;15.0;595;train
2;17;0.0;0;False;0;8.92;32.0;15.0;287;train
6;21;0.0;5;True;1;32.42;53.0;13.0;236;train
3;22;0.0;6;False;0;17.38;68.0;0.0;211;train
4;22;0.0;6;False;0;14.56;20.0;13.0;182;train
7;4;0.0;1;True;0;23.02;83.0;0.0;5;train
2;20;0.0;1;True;0;14.56;33.0;24.0;219;train
5;22;0.0;0;False;0;18.32;73.0;11.0;157;train
3;22;0.0;5;True;0;7.98;31.0;33.0;107;train
7;16;1.0;3;False;0;35.24;35.0;17.0;389;train
11;11;0.0;4;True;0;8.92;37.0;15.0;163;train
9;3;0.0;6;False;1;16.44;59.0;13.0;29;train
12;8;0.0;2;True;1;12.68;88.0;11.0;721;train
12;6;0.0;4;True;0;2.34;55.0;20.0;124;train
4;7;0.0;5;True;0;6.1;49.0;19.0;246;train
9;14;0.0;1;True;0;20.2;28.0;0.0;303;train
6;15;0.0;1;True;0;23.02;39.0;20.0;292;train
3;15;0.0;4;True;0;16.44;39.0;24.0;307;train
5;23;0.0;1;True;1;17.38;45.0;13.0;113;train
1;5;0.0;6;False;0;3.28;75.0;6.0;10;train
3;18;0.0;1;True;3;5.16;55.0;44.0;375;train
5;14;0.0;0;False;1;20.2;64.0;7.0;518;train
12;11;0.0;0;False;0;3.28;52.0;13.0;152;train
11;2;0.0;4;True;1;4.22;70.0;11.0;7;train
12;12;0.0;1;True;3;12.68;100.0;15.0;173;train
6;12;0.0;3;True;1;23.96;44.0;28.0;334;train
12;4;0.0;4;True;1;6.1;70.0;6.0;6;train
7;1;0.0;0;False;1;23.96;89.0;9.0;168;train
9;6;0.0;0;False;0;16.44;77.0;13.0;35;train
8;13;0.0;2;True;0;30.54;43.0;20.0;288;train
11;17;0.0;0;False;1;9.86;66.0;17.0;280;train
8;2;0.0;4;True;0;22.08;69.0;13.0;15;train
4;7;0.0;0;False;0;15.5;63.0;7.0;46;train
12;18;0.0;2;True;0;15.5;63.0;15.0;731;train
7;8;0.0;6;False;0;30.54;63.0;13.0;152;train
3;10;0.0;4;True;0;16.44;55.0;11.0;133;train
4;5;0.0;2;True;0;6.1;70.0;13.0;22;train
8;5;0.0;3;True;0;20.2;78.0;0.0;40;train
7;9;0.0;1;True;1;26.78;74.0;9.0;345;train
9;11;0.0;3;True;1;28.66;62.0;11.0;217;train
12;20;0.0;5;True;1;3.28;65.0;7.0;97;train
7;3;0.0;6;False;3;20.2;88.0;17.0;25;train
10;6;1.0;1;False;0;7.98;76.0;7.0;59;train
7;14;0.0;3;True;0;29.6;29.0;9.0;247;train
11;19;0.0;5;True;1;13.62;47.0;11.0;154;train
12;9;0.0;1;True;1;11.74;100.0;15.0;284;train
10;1;0.0;2;True;0;13.62;77.0;11.0;17;train
9;1;0.0;5;True;3;20.2;88.0;0.0;13;train
6;21;0.0;6;False;1;22.08;50.0;15.0;290;train
9;23;0.0;3;True;1;20.2;78.0;17.0;115;train
11;20;0.0;4;True;0;9.86;29.0;31.0;245;train
5;5;0.0;5;True;0;11.74;47.0;11.0;26;train
4;17;0.0;0;False;0;16.44;55.0;19.0;555;train
8;0;0.0;3;True;0;24.9;61.0;13.0;60;train
11;16;0.0;5;True;1;14.56;41.0;7.0;357;train
8;14;0.0;3;True;0;30.54;46.0;11.0;263;train
7;22;0.0;2;True;0;23.96;79.0;13.0;177;train
7;12;0.0;5;True;0;33.36;28.0;7.0;331;train
11;7;0.0;0;False;1;2.34;51.0;7.0;21;train
10;19;0.0;0;False;3;11.74;94.0;24.0;54;train
3;16;0.0;0;False;0;15.5;31.0;24.0;509;train
3;1;0.0;3;True;0;6.1;61.0;20.0;5;train
8;18;0.0;3;True;3;27.72;62.0;15.0;891;train
3;12;0.0;6;False;0;14.56;67.0;0.0;621;train
11;1;0.0;5;True;0;3.28;70.0;6.0;19;train
12;5;0.0;3;True;1;2.34;69.0;19.0;11;train
6;8;0.0;1;True;0;20.2;49.0;15.0;665;train
2;13;0.0;1;True;0;7.04;22.0;15.0;140;train
3;10;0.0;4;True;0;13.62;47.0;30.0;166;train
12;11;0.0;1;True;1;10.8;87.0;6.0;170;train
11;16;0.0;3;True;1;7.04;53.0;24.0;273;train
2;15;0.0;3;True;0;20.2;35.0;19.0;194;train
10;21;0.0;2;True;1;6.1;87.0;7.0;64;train
7;0;0.0;1;True;1;23.96;89.0;6.0;39;train
2;12;0.0;0;False;1;4.22;65.0;13.0;248;train
3;7;0.0;6;False;1;8.92;87.0;11.0;44;train
7;20;0.0;5;True;0;26.78;48.0;9.0;389;train
11;7;0.0;4;True;1;8.92;57.0;11.0;420;train
4;10;0.0;6;False;1;9.86;40.0;11.0;291;train
9;2;0.0;1;True;0;17.38;60.0;24.0;17;train
12;2;0.0;3;True;1;4.22;65.0;20.0;1;train
12;0;0.0;0;False;0;2.34;47.0;19.0;27;train
4;10;0.0;5;True;0;12.68;38.0;13.0;192;train
8;18;0.0;4;True;0;26.78;48.0;15.0;941;train
4;9;0.0;3;True;1;14.56;55.0;9.0;363;train
5;14;0.0;6;False;0;25.84;30.0;6.0;730;train
12;21;0.0;6;False;0;2.34;51.0;19.0;53;train
2;0;0.0;5;True;1;6.1;87.0;0.0;34;train
4;20;0.0;0;False;0;18.32;28.0;28.0;211;train
10;23;0.0;5;True;0;19.26;78.0;15.0;171;train
8;20;0.0;2;True;0;22.08;73.0;0.0;358;train
9;22;0.0;5;True;0;20.2;73.0;13.0;295;train
12;6;0.0;4;True;0;4.22;56.0;17.0;114;train
5;9;0.0;1;True;3;18.32;88.0;15.0;186;train
6;16;0.0;3;True;0;22.08;41.0;9.0;452;train
9;7;0.0;4;True;0;17.38;77.0;0.0;571;train
3;19;0.0;5;True;1;13.62;88.0;0.0;296;train
8;4;0.0;3;True;1;22.08;78.0;9.0;4;train
2;21;0.0;5;True;0;7.98;49.0;7.0;134;train
1;8;0.0;2;True;1;0.46;93.0;11.0;471;train
7;5;0.0;0;False;0;21.14;78.0;13.0;17;train
7;16;0.0;1;True;0;29.6;49.0;19.0;425;train
1;3;0.0;6;False;0;4.22;60.0;6.0;17;train
4;6;0.0;0;False;1;12.68;72.0;22.0;12;train
7;17;0.0;2;True;1;32.42;30.0;11.0;722;train
9;11;0.0;6;False;0;24.9;58.0;19.0;626;train
9;6;1.0;1;False;0;23.02;94.0;0.0;15;train
9;5;0.0;6;False;0;19.26;60.0;35.0;16;train
1;23;1.0;1;False;0;2.34;44.0;17.0;34;train
2;11;0.0;6;False;0;7.04;57.0;9.0;286;train
9;17;0.0;1;True;1;22.08;65.0;15.0;842;train
4;4;0.0;5;True;0;7.98;49.0;17.0;5;train
10;19;0.0;3;True;1;10.8;50.0;13.0;410;train
7;8;0.0;4;True;1;24.9;74.0;17.0;729;train
8;3;0.0;4;True;0;21.14;73.0;17.0;4;train
5;19;0.0;2;True;0;23.02;69.0;15.0;364;train
5;3;0.0;3;True;0;20.2;78.0;7.0;5;train
10;7;0.0;4;True;0;8.92;50.0;17.0;478;train
5;15;0.0;4;True;0;27.72;33.0;20.0;290;train
12;23;0.0;1;True;0;4.22;65.0;9.0;49;train
11;2;0.0;5;True;0;7.04;66.0;11.0;10;train
2;21;0.0;0;False;0;-1.42;43.0;20.0;36;train
2;8;0.0;4;True;1;6.1;70.0;6.0;498;train
9;9;0.0;5;True;1;21.14;78.0;11.0;347;train
2;10;0.0;4;True;0;2.34;51.0;15.0;97;train
9;11;0.0;2;True;0;20.2;46.0;20.0;218;train
10;11;0.0;5;True;0;20.2;83.0;13.0;252;train
7;20;0.0;1;True;0;28.66;43.0;9.0;395;train
2;12;0.0;5;True;1;10.8;76.0;9.0;228;train
11;9;0.0;6;False;0;7.98;49.0;15.0;248;train
2;20;0.0;3;True;3;3.28;87.0;9.0;125;train
3;2;0.0;3;True;0;15.5;88.0;9.0;10;train
4;5;0.0;6;False;0;7.98;46.0;9.0;5;train
6;12;0.0;1;True;0;22.08;41.0;30.0;282;train
11;21;0.0;3;True;0;6.1;39.0;11.0;223;train
7;18;0.0;0;False;3;25.84;79.0;24.0;312;train
3;23;0.0;1;True;0;2.34;37.0;39.0;31;train
6;16;0.0;2;True;0;20.2;43.0;13.0;473;train
12;1;0.0;2;True;0;11.74;82.0;7.0;25;train
9;15;0.0;4;True;1;27.72;45.0;0.0;296;train
10;19;0.0;2;True;1;15.5;68.0;13.0;115;train
9;6;0.0;1;True;0;15.5;72.0;9.0;180;train
11;7;0.0;1;True;1;8.92;66.0;20.0;386;train
7;15;0.0;6;False;0;29.6;55.0;11.0;560;train
1;21;0.0;4;True;0;4.22;60.0;9.0;97;train
8;7;0.0;0;False;1;21.14;69.0;9.0;41;train
12;14;0.0;1;True;1;5.16;45.0;15.0;247;train
3;23;0.0;2;True;0;8.92;37.0;13.0;64;train
10;23;0.0;6;False;0;11.74;58.0;0.0;163;train
3;9;0.0;3;True;1;15.5;88.0;11.0;293;train
5;4;0.0;5;True;0;18.32;88.0;13.0;4;train
10;18;0.0;6;False;0;13.62;44.0;9.0;473;train
3;1;0.0;2;True;1;16.44;59.0;15.0;16;train
8;15;0.0;6;False;0;29.6;46.0;19.0;562;train
3;18;0.0;4;True;1;21.14;38.0;37.0;590;train
7;10;0.0;5;True;0;32.42;30.0;0.0;210;train
10;20;0.0;6;False;0;14.56;55.0;17.0;247;train
2;6;0.0;1;True;0;-3.3;54.0;15.0;72;train
11;4;1.0;4;False;0;2.34;80.0;9.0;3;train
2;0;0.0;2;True;0;6.1;70.0;13.0;23;train
3;6;0.0;0;False;0;3.28;70.0;11.0;10;train
3;21;0.0;4;True;0;11.74;47.0;31.0;197;train
2;9;0.0;5;True;3;8.92;81.0;17.0;244;train
4;22;0.0;5;True;0;11.74;38.0;17.0;158;train
3;16;0.0;6;False;0;15.5;27.0;20.0;467;train
5;14;0.0;2;True;0;30.54;52.0;28.0;238;train
12;17;0.0;6;False;0;9.86;87.0;9.0;345;train
7;1;0.0;0;False;1;20.2;88.0;11.0;130;train
8;16;0.0;3;True;0;29.6;55.0;19.0;479;train
5;7;0.0;1;True;1;14.56;82.0;7.0;385;train
1;7;0.0;0;False;1;-0.48;74.0;15.0;13;train
9;22;0.0;3;True;3;21.14;69.0;13.0;215;train
8;23;0.0;1;True;0;24.9;70.0;15.0;128;train
5;20;0.0;2;True;3;22.08;73.0;9.0;263;train
3;9;0.0;1;True;0;15.5;72.0;11.0;331;train
5;8;0.0;6;False;0;16.44;48.0;0.0;178;train
5;13;0.0;0;False;0;23.96;54.0;17.0;602;train
8;22;0.0;0;False;0;21.14;88.0;6.0;114;train
6;16;0.0;5;True;0;37.12;36.0;0.0;351;train
9;17;0.0;6;False;1;23.02;36.0;17.0;729;train
4;23;0.0;6;False;1;13.62;82.0;19.0;91;train
1;18;0.0;1;True;0;7.98;23.0;11.0;410;train
4;7;0.0;1;True;0;10.8;50.0;13.0;349;train
2;2;0.0;4;True;0;2.34;80.0;9.0;2;train
10;0;0.0;4;True;3;22.08;89.0;0.0;76;train
12;1;0.0;1;True;0;10.8;82.0;9.0;13;train
7;15;0.0;5;True;0;32.42;41.0;15.0;323;train
5;5;0.0;2;True;1;16.44;72.0;6.0;17;train
4;18;0.0;1;True;1;18.32;60.0;15.0;664;train
3;21;0.0;5;True;0;9.86;66.0;9.0;220;train
3;7;0.0;0;False;3;11.74;88.0;11.0;42;train
8;16;0.0;5;True;1;32.42;41.0;15.0;492;train
1;6;0.0;4;True;1;5.16;81.0;0.0;88;train
10;11;0.0;4;True;0;13.62;36.0;0.0;251;train
6;22;0.0;6;False;0;28.66;62.0;11.0;172;train
3;20;0.0;6;False;0;18.32;64.0;13.0;271;train
10;0;0.0;1;True;0;13.62;72.0;7.0;45;train
5;22;0.0;5;True;0;18.32;35.0;15.0;234;train
8;15;0.0;2;True;0;30.54;46.0;15.0;283;train
8;22;0.0;5;True;0;27.72;70.0;17.0;202;train
3;5;0.0;3;True;0;12.68;82.0;9.0;27;train
3;23;0.0;5;True;1;8.92;87.0;0.0;23;train
10;19;0.0;4;True;0;23.02;57.0;7.0;534;train
7;11;0.0;1;True;0;31.48;53.0;15.0;182;train
12;16;1.0;2;False;1;8.92;50.0;17.0;86;train
3;21;0.0;0;False;0;16.44;72.0;6.0;173;train
6;10;0.0;4;True;0;31.48;49.0;7.0;150;train
3;19;0.0;1;True;0;4.22;53.0;15.0;226;train
3;21;0.0;3;True;0;17.38;83.0;7.0;251;train
5;1;0.0;6;False;0;15.5;48.0;0.0;93;train
1;18;1.0;1;False;0;4.22;33.0;17.0;126;train
8;17;0.0;3;True;0;28.66;35.0;15.0;870;train
7;10;0.0;6;False;0;30.54;52.0;15.0;395;train
12;0;0.0;6;False;0;4.22;81.0;0.0;108;train
11;19;0.0;3;True;0;9.86;43.0;13.0;243;train
7;1;0.0;1;True;0;23.02;89.0;13.0;27;train
11;1;0.0;0;False;0;6.1;70.0;13.0;95;train
6;20;0.0;3;True;0;27.72;31.0;13.0;445;train
2;3;0.0;3;True;1;7.98;71.0;15.0;4;train
2;15;0.0;1;True;0;16.44;25.0;28.0;174;train
3;13;0.0;0;False;1;11.74;88.0;11.0;367;train
8;17;0.0;5;True;1;26.78;51.0;15.0;812;train
5;12;0.0;0;False;0;23.96;36.0;22.0;637;train
6;0;0.0;4;True;0;16.44;77.0;9.0;59;train
7;6;0.0;1;True;1;23.96;89.0;6.0;157;train
4;7;1.0;1;False;0;16.44;83.0;9.0;387;train
9;10;0.0;4;True;0;22.08;61.0;6.0;212;train
4;1;0.0;6;False;0;10.8;58.0;9.0;70;train
6;21;0.0;6;False;0;30.54;52.0;11.0;213;train
1;11;0.0;1;True;0;4.22;38.0;0.0;99;train
8;14;0.0;2;True;0;31.48;38.0;22.0;251;train
1;22;0.0;0;False;0;0.46;37.0;6.0;60;train
8;14;0.0;3;True;1;27.72;52.0;20.0;255;train
9;4;0.0;0;False;0;15.5;72.0;0.0;8;train
6;9;0.0;6;False;0;22.08;57.0;11.0;340;train
12;4;0.0;1;True;1;9.86;94.0;7.0;12;train
11;11;0.0;6;False;1;8.92;46.0;26.0;340;train
6;13;0.0;4;True;0;23.96;57.0;11.0;284;train
11;1;0.0;0;False;0;2.34;44.0;13.0;36;train
7;17;0.0;0;False;0;30.54;41.0;11.0;531;train
12;1;0.0;0;False;1;10.8;87.0;7.0;102;train
2;21;0.0;5;True;0;9.86;37.0;13.0;129;train
3;2;0.0;1;True;0;9.86;54.0;7.0;9;train
4;16;0.0;2;True;0;21.14;21.0;11.0;485;train
5;3;1.0;1;False;0;21.14;73.0;11.0;18;train
7;19;0.0;0;False;0;25.84;70.0;11.0;522;train
11;23;0.0;1;True;0;4.22;60.0;9.0;53;train
9;2;0.0;0;False;0;23.02;89.0;0.0;84;train
1;13;0.0;3;True;3;7.04;76.0;0.0;65;train
4;10;0.0;1;True;1;11.74;41.0;11.0;157;train
7;10;0.0;4;True;0;26.78;48.0;11.0;214;train
2;10;0.0;1;True;0;2.34;75.0;7.0;116;train
10;15;0.0;2;True;0;23.96;41.0;15.0;346;train
2;9;0.0;2;True;0;7.04;49.0;0.0;289;train
8;6;0.0;5;True;1;21.14;83.0;0.0;151;train
7;23;0.0;1;True;0;25.84;66.0;11.0;114;train
6;16;0.0;6;False;0;30.54;24.0;13.0;534;train
5;4;0.0;2;True;0;23.02;78.0;15.0;5;train
8;21;0.0;4;True;0;27.72;66.0;15.0;342;train
5;11;0.0;1;True;1;18.32;83.0;15.0;79;train
11;4;0.0;4;True;1;7.98;66.0;7.0;10;train
1;16;0.0;5;True;1;1.4;37.0;11.0;174;train
6;19;0.0;2;True;0;23.96;83.0;13.0;491;train
8;12;0.0;1;True;1;28.66;55.0;6.0;285;train
10;8;0.0;3;True;1;10.8;76.0;0.0;817;train
9;20;0.0;1;True;1;21.14;73.0;9.0;340;train
10;13;0.0;2;True;1;15.5;67.0;9.0;238;train
2;13;0.0;1;True;0;10.8;43.0;19.0;182;train
3;17;0.0;1;True;1;21.14;38.0;28.0;644;train
11;0;0.0;4;True;0;8.92;57.0;6.0;60;train
11;21;0.0;1;True;0;6.1;52.0;19.0;152;train
10;17;0.0;4;True;0;20.2;69.0;11.0;886;train
6;12;0.0;6;False;0;23.96;41.0;7.0;603;train
4;10;0.0;2;True;0;12.68;33.0;0.0;219;train
1;10;0.0;0;False;1;-0.48;74.0;19.0;129;train
12;16;0.0;0;False;0;7.98;34.0;13.0;190;train
9;13;0.0;5;True;0;24.9;54.0;11.0;421;train
6;4;0.0;6;False;1;22.08;83.0;11.0;19;train
10;2;0.0;4;True;0;13.62;82.0;13.0;14;train
4;22;1.0;1;False;0;23.96;51.0;17.0;214;train
12;14;0.0;5;True;1;8.92;71.0;11.0;215;train
8;13;0.0;3;True;0;27.72;48.0;7.0;316;train
3;21;0.0;1;True;1;17.38;56.0;15.0;205;train
9;10;0.0;2;True;3;23.96;79.0;43.0;160;train
7;6;0.0;1;True;0;23.02;83.0;11.0;161;train
7;12;0.0;2;True;1;34.3;35.0;0.0;254;train
3;20;0.0;6;False;0;7.04;33.0;9.0;121;train
2;5;0.0;1;True;0;-3.3;58.0;9.0;17;train
12;5;0.0;1;True;1;9.86;94.0;7.0;27;train
12;7;0.0;0;False;1;3.28;93.0;9.0;31;train
2;20;0.0;4;True;0;13.62;44.0;9.0;269;train
2;16;1.0;1;False;0;8.92;29.0;7.0;280;train
11;22;0.0;6;False;0;3.28;44.0;17.0;76;train
4;1;0.0;3;True;0;16.44;34.0;13.0;14;train
8;1;0.0;1;True;0;25.84;79.0;6.0;11;train
4;9;0.0;0;False;0;12.68;26.0;15.0;179;train
3;10;0.0;3;True;1;16.44;83.0;11.0;154;train
10;23;0.0;0;False;0;12.68;54.0;0.0;66;train
12;3;0.0;6;False;1;3.28;75.0;0.0;6;train
9;21;0.0;2;True;0;20.2;56.0;20.0;297;train
4;7;0.0;2;True;0;20.2;43.0;17.0;461;train
1;14;0.0;4;True;1;10.8;71.0;7.0;128;train
9;20;1.0;1;False;0;25.84;76.0;7.0;261;train
12;15;0.0;0;False;3;8.92;93.0;11.0;225;train
12;6;0.0;0;False;3;10.8;94.0;7.0;6;train
1;10;0.0;2;True;1;0.46;93.0;11.0;83;train
11;19;1.0;1;False;0;17.38;73.0;19.0;353;train
1;2;0.0;6;False;0;-0.48;47.0;11.0;38;train
7;14;0.0;3;True;0;29.6;41.0;15.0;241;train
11;9;0.0;0;False;0;7.04;53.0;0.0;217;train
2;6;0.0;6;False;3;2.34;93.0;9.0;9;train
5;17;0.0;3;True;1;22.08;53.0;9.0;705;train
7;21;0.0;5;True;0;25.84;54.0;0.0;299;train
9;20;0.0;0;False;1;24.9;84.0;11.0;104;train
1;13;0.0;5;True;0;4.22;33.0;35.0;154;train
10;22;0.0;0;False;0;18.32;73.0;26.0;125;train
4;14;0.0;0;False;0;24.9;39.0;19.0;628;train
11;13;0.0;6;False;0;7.04;36.0;22.0;225;train
7;5;0.0;0;False;0;23.96;89.0;9.0;9;train
12;6;0.0;4;True;0;3.28;70.0;33.0;45;train
9;21;0.0;0;False;0;15.5;68.0;0.0;123;train
12;22;0.0;4;True;1;3.28;60.0;19.0;44;train
4;9;0.0;1;True;1;10.8;43.0;13.0;268;train
4;1;0.0;2;True;1;7.04;81.0;9.0;7;train
6;14;0.0;5;True;0;33.36;39.0;15.0;263;train
11;20;0.0;0;False;0;7.04;53.0;24.0;141;train
6;10;0.0;4;True;0;22.08;65.0;28.0;179;train
3;4;0.0;5;True;1;15.5;94.0;7.0;3;train
5;7;0.0;0;False;0;16.44;68.0;13.0;90;train
10;3;0.0;5;True;0;17.38;73.0;0.0;16;train
7;2;0.0;0;False;1;20.2;88.0;7.0;122;train
5;6;0.0;0;False;0;16.44;68.0;11.0;21;train
3;3;0.0;6;False;0;17.38;77.0;7.0;32;train
7;10;0.0;0;False;1;23.02;74.0;0.0;379;train
4;6;0.0;4;True;0;8.92;46.0;22.0;126;train
12;13;0.0;4;True;1;8.92;57.0;13.0;217;train
12;21;0.0;2;True;1;15.5;63.0;17.0;280;train
11;1;0.0;2;True;1;7.04;70.0;9.0;6;train
5;4;0.0;6;False;0;21.14;88.0;9.0;2;train
4;23;0.0;4;True;0;10.8;50.0;9.0;136;train
10;12;0.0;4;True;0;13.62;36.0;0.0;326;train
7;8;0.0;1;True;1;23.02;83.0;11.0;455;train
7;2;0.0;0;False;0;30.54;52.0;7.0;70;train
4;16;0.0;5;True;0;16.44;29.0;17.0;440;train
1;12;1.0;1;False;0;5.16;36.0;17.0;202;train
9;23;0.0;4;True;3;21.14;83.0;11.0;45;train
1;1;0.0;1;True;0;4.22;60.0;24.0;9;train
4;5;0.0;3;True;0;5.16;56.0;13.0;27;train
10;23;0.0;4;True;0;11.74;58.0;6.0;186;train
12;3;0.0;2;True;1;10.8;87.0;9.0;4;train
11;12;0.0;2;True;3;5.16;87.0;26.0;76;train
12;8;0.0;1;True;0;-1.42;69.0;9.0;196;train
5;8;0.0;2;True;1;17.38;73.0;20.0;641;train
11;9;0.0;2;True;1;8.92;71.0;0.0;326;train
5;4;0.0;6;False;0;14.56;59.0;6.0;14;train
2;18;0.0;2;True;0;11.74;28.0;11.0;449;train
10;6;0.0;0;False;1;12.68;54.0;13.0;23;train
3;21;0.0;2;True;0;7.04;49.0;13.0;148;train
12;10;0.0;3;True;1;6.1;56.0;11.0;136;train
4;15;0.0;3;True;3;11.74;77.0;13.0;98;train
9;8;0.0;2;True;0;24.9;84.0;11.0;632;train
1;13;0.0;4;True;0;7.98;42.0;20.0;118;train
3;13;0.0;1;True;0;21.14;61.0;17.0;263;train
1;18;0.0;5;True;0;15.5;29.0;17.0;419;train
7;10;0.0;1;True;1;23.02;83.0;13.0;175;train
5;6;0.0;0;False;0;15.5;63.0;9.0;25;train
6;13;0.0;2;True;1;20.2;46.0;11.0;267;train
3;2;0.0;6;False;1;12.68;88.0;0.0;42;train
6;10;0.0;5;True;0;23.02;47.0;17.0;249;train
4;3;0.0;5;True;0;7.98;61.0;11.0;11;train
8;16;0.0;3;True;1;29.6;49.0;19.0;441;train
1;10;0.0;6;False;0;4.22;70.0;9.0;191;train
4;21;0.0;3;True;1;11.74;82.0;6.0;189;train
5;18;0.0;5;True;0;22.08;38.0;15.0;669;train
1;19;0.0;0;False;3;11.74;67.0;26.0;105;train
9;23;0.0;0;False;0;18.32;52.0;19.0;92;train
5;11;0.0;2;True;0;27.72;62.0;20.0;197;train
5;3;0.0;2;True;3;19.26;83.0;9.0;6;train
12;13;0.0;3;True;3;2.34;87.0;22.0;15;train
2;14;0.0;3;True;0;21.14;33.0;15.0;192;train
9;17;0.0;6;False;0;20.2;38.0;24.0;712;train
5;19;0.0;6;False;0;24.9;39.0;9.0;432;train
4;14;0.0;6;False;0;24.9;45.0;19.0;609;train
9;0;0.0;6;False;0;23.02;89.0;17.0;150;train
8;20;0.0;0;False;0;25.84;45.0;0.0;300;train
8;9;0.0;6;False;0;28.66;65.0;15.0;278;train
8;16;0.0;5;True;0;34.3;27.0;17.0;528;train
12;2;0.0;1;True;0;-0.48;59.0;11.0;11;train
3;6;0.0;0;False;1;10.8;100.0;17.0;18;train
1;17;0.0;4;True;1;4.22;44.0;22.0;385;train
2;7;1.0;1;False;1;2.34;55.0;22.0;44;train
3;20;0.0;1;True;0;4.22;37.0;31.0;179;train
12;11;0.0;0;False;1;7.04;81.0;11.0;355;train
3;18;0.0;6;False;1;12.68;72.0;31.0;341;train
9;23;0.0;1;True;3;20.2;94.0;17.0;70;train
2;23;0.0;3;True;3;11.74;94.0;17.0;33;train
6;11;0.0;6;False;0;23.02;39.0;11.0;566;train
6;23;0.0;2;True;0;21.14;41.0;9.0;131;train
7;9;0.0;3;True;0;30.54;56.0;0.0;297;train
10;16;0.0;3;True;0;20.2;40.0;15.0;566;train
2;13;0.0;3;True;1;8.92;93.0;24.0;76;train
2;19;0.0;3;True;0;17.38;52.0;19.0;335;train
3;11;0.0;6;False;0;6.1;33.0;22.0;274;train
3;4;0.0;4;True;0;12.68;72.0;19.0;2;train
1;19;0.0;3;True;0;2.34;37.0;26.0;256;train
4;18;0.0;6;False;1;21.14;35.0;15.0;481;train
6;5;0.0;6;False;1;22.08;83.0;13.0;12;train
1;19;0.0;6;False;0;16.44;42.0;7.0;215;train
3;11;0.0;5;True;1;8.92;34.0;24.0;187;train
6;18;0.0;4;True;0;24.9;34.0;19.0;813;train
10;20;0.0;2;True;1;15.5;72.0;11.0;360;train
2;19;0.0;4;True;0;7.04;33.0;7.0;295;train
8;9;0.0;0;False;0;23.96;79.0;17.0;263;train
6;5;0.0;3;True;0;20.2;43.0;19.0;36;train
6;23;0.0;1;True;3;20.2;78.0;13.0;74;train
2;20;0.0;0;False;0;5.16;56.0;13.0;50;train
2;17;1.0;1;False;0;9.86;27.0;17.0;253;train
10;13;0.0;2;True;1;22.08;44.0;0.0;303;train
7;6;0.0;1;True;0;23.96;79.0;9.0;140;train
9;23;0.0;5;True;0;21.14;78.0;6.0;195;train
1;23;0.0;4;True;1;10.8;82.0;0.0;91;train
6;17;0.0;0;False;0;30.54;41.0;19.0;521;train
8;17;0.0;3;True;1;29.6;55.0;19.0;858;train
4;1;0.0;3;True;0;7.98;39.0;19.0;12;train
6;4;0.0;3;True;0;23.02;83.0;6.0;7;train
5;0;0.0;6;False;0;22.08;83.0;11.0;116;train
9;3;0.0;2;True;1;21.14;94.0;19.0;6;train
1;16;0.0;0;False;1;-0.48;80.0;13.0;155;train
10;12;0.0;3;True;0;17.38;56.0;15.0;390;train
5;9;0.0;1;True;1;15.5;82.0;15.0;350;train
4;15;0.0;3;True;1;22.08;44.0;19.0;268;train
8;19;0.0;3;True;0;24.9;61.0;9.0;649;train
6;14;0.0;1;True;1;30.54;34.0;19.0;259;train
4;7;0.0;0;False;1;7.98;87.0;9.0;27;train
6;18;0.0;5;True;0;37.12;31.0;0.0;464;train
2;19;0.0;0;False;0;-0.48;40.0;19.0;80;train
9;1;0.0;2;True;0;23.96;82.0;9.0;24;train
6;11;0.0;6;False;0;27.72;48.0;15.0;516;train
8;9;0.0;1;True;1;26.78;45.0;0.0;305;train
4;22;0.0;3;True;0;7.98;57.0;22.0;134;train
8;22;0.0;0;False;0;24.9;58.0;9.0;181;train
5;17;0.0;6;False;0;26.78;30.0;6.0;626;train
6;5;0.0;2;True;3;20.2;88.0;9.0;29;train
7;8;0.0;2;True;1;29.6;55.0;0.0;661;train
1;22;1.0;1;False;1;2.34;44.0;19.0;39;train
5;10;0.0;0;False;0;23.02;34.0;20.0;432;train
2;11;0.0;0;False;1;4.22;70.0;13.0;182;train
12;7;0.0;6;False;1;3.28;75.0;6.0;48;train
1;11;0.0;6;False;1;0.46;86.0;7.0;63;train
1;3;0.0;6;False;0;-1.42;54.0;7.0;20;train
2;8;0.0;3;True;0;7.04;61.0;24.0;515;train
6;12;0.0;4;True;0;34.3;35.0;13.0;215;train
7;13;0.0;3;True;0;28.66;31.0;11.0;312;train
2;15;1.0;1;False;0;7.98;34.0;15.0;289;train
5;20;0.0;0;False;0;20.2;64.0;13.0;276;train
6;19;0.0;1;True;1;27.72;48.0;22.0;596;train
2;6;0.0;4;True;3;8.92;90.0;0.0;74;train
2;10;1.0;1;False;0;2.34;55.0;30.0;143;train
1;1;0.0;2;True;1;2.34;93.0;7.0;5;train
5;22;0.0;3;True;0;23.02;69.0;7.0;217;train
5;15;0.0;6;False;0;27.72;66.0;19.0;513;train
1;20;0.0;3;True;1;1.4;40.0;13.0;123;train
9;12;0.0;0;False;0;23.02;47.0;0.0;757;train
4;9;0.0;4;True;3;13.62;88.0;11.0;201;train
12;3;0.0;0;False;0;1.4;51.0;9.0;9;train
3;14;0.0;4;True;1;21.14;43.0;43.0;203;train
11;6;0.0;6;False;0;3.28;44.0;19.0;10;train
11;13;0.0;3;True;0;8.92;43.0;17.0;214;train
6;2;0.0;0;False;1;23.96;51.0;0.0;114;train
11;3;0.0;3;True;0;5.16;87.0;7.0;2;train
9;23;0.0;3;True;0;18.32;68.0;7.0;127;train
10;1;0.0;4;True;0;13.62;82.0;15.0;14;train
11;5;0.0;0;False;0;6.1;87.0;9.0;12;train
7;22;0.0;0;False;3;26.78;70.0;6.0;122;train
1;14;0.0;2;True;0;8.92;81.0;15.0;173;train
5;18;0.0;0;False;1;23.96;44.0;24.0;389;train
11;23;0.0;5;True;0;7.98;53.0;20.0;119;train
9;21;0.0;0;False;1;16.44;48.0;7.0;196;train
1;9;0.0;6;False;0;2.34;80.0;9.0;130;train
3;2;0.0;4;True;0;13.62;63.0;26.0;11;train
7;11;0.0;0;False;0;33.36;39.0;15.0;377;train
7;3;0.0;0;False;0;29.6;59.0;7.0;35;train
7;0;0.0;1;True;1;27.72;58.0;15.0;43;train
1;11;0.0;5;True;1;14.56;94.0;9.0;105;train
2;13;0.0;6;False;1;4.22;81.0;19.0;235;train
11;23;0.0;5;True;0;7.04;53.0;15.0;128;train
6;11;0.0;1;True;0;29.6;43.0;22.0;181;train
4;0;0.0;5;True;0;17.38;68.0;37.0;73;train
7;16;0.0;0;False;0;26.78;66.0;7.0;628;train
5;19;0.0;5;True;0;24.9;51.0;9.0;452;train
8;22;0.0;3;True;0;22.08;73.0;0.0;281;train
11;7;0.0;0;False;0;5.16;81.0;13.0;42;train
11;10;0.0;0;False;0;10.8;69.0;7.0;405;train
7;14;0.0;1;True;0;29.6;49.0;15.0;254;train
9;1;0.0;5;True;0;16.44;72.0;0.0;49;train
1;9;1.0;1;False;0;-3.3;58.0;11.0;96;train
6;14;0.0;5;True;0;37.12;36.0;15.0;233;train
9;5;0.0;5;True;0;15.5;82.0;0.0;49;train
1;18;0.0;1;True;1;3.28;93.0;9.0;282;train
7;13;0.0;6;False;3;20.2;83.0;11.0;354;train
2;1;0.0;5;True;1;6.1;93.0;0.0;18;train
5;9;0.0;4;True;0;15.5;59.0;31.0;361;train
12;18;0.0;5;True;1;4.22;56.0;20.0;243;train
2;5;0.0;4;True;1;6.1;70.0;0.0;20;train
2;6;0.0;4;True;0;8.92;87.0;13.0;91;train
2;11;0.0;3;True;0;8.92;53.0;19.0;138;train
3;0;0.0;4;True;0;17.38;49.0;9.0;60;train
10;22;0.0;4;True;0;22.08;47.0;9.0;232;train
5;11;0.0;3;True;1;21.14;59.0;20.0;201;train
2;19;0.0;6;False;0;4.22;33.0;30.0;149;train
11;11;0.0;2;True;3;6.1;87.0;20.0;65;train
6;16;0.0;0;False;0;24.9;34.0;20.0;662;train
10;16;0.0;3;True;1;25.84;58.0;0.0;478;train
12;5;0.0;6;False;1;3.28;75.0;6.0;3;train
11;7;0.0;6;False;1;7.04;49.0;17.0;59;train
8;16;0.0;2;True;0;27.72;37.0;0.0;467;train
3;14;0.0;3;True;0;16.44;36.0;22.0;175;train
1;3;0.0;3;True;0;-7.06;34.0;19.0;1;train
12;23;0.0;6;False;1;7.04;81.0;0.0;126;train
4;22;0.0;1;True;0;11.74;44.0;13.0;123;train
4;2;0.0;5;True;0;8.92;50.0;26.0;11;train
4;15;0.0;4;True;0;20.2;43.0;0.0;262;train
11;19;0.0;3;True;0;6.1;52.0;11.0;396;train
8;9;0.0;0;False;0;29.6;59.0;24.0;229;train
3;17;0.0;0;False;0;7.98;31.0;37.0;263;train
9;9;0.0;6;False;0;24.9;74.0;26.0;348;train
1;2;0.0;0;False;0;5.16;26.0;22.0;51;train
9;13;0.0;6;False;0;21.14;41.0;20.0;686;train
10;6;0.0;6;False;0;6.1;61.0;13.0;28;train
12;20;0.0;6;False;0;7.04;81.0;0.0;198;train
12;1;0.0;6;False;0;4.22;44.0;30.0;35;train
8;21;0.0;1;True;0;26.78;70.0;13.0;317;train
11;17;0.0;6;False;0;9.86;40.0;11.0;403;train
10;23;0.0;2;True;1;14.56;77.0;6.0;84;train
3;12;0.0;1;True;0;14.56;39.0;15.0;221;train
4;9;0.0;0;False;1;8.92;81.0;9.0;275;train
9;12;0.0;6;False;0;23.02;36.0;24.0;706;train
10;21;1.0;1;False;1;10.8;76.0;15.0;151;train
8;19;0.0;6;False;0;24.9;45.0;11.0;488;train
9;17;0.0;2;True;0;24.9;28.0;0.0;970;train
9;14;0.0;4;True;1;27.72;45.0;6.0;258;train
3;0;0.0;5;True;0;7.98;53.0;11.0;46;train
9;1;0.0;4;True;1;24.9;84.0;0.0;18;train
12;0;0.0;5;True;0;3.28;70.0;7.0;48;train
10;11;0.0;4;True;1;24.9;70.0;7.0;214;train
11;3;0.0;1;True;1;6.1;56.0;15.0;4;train
2;23;0.0;0;False;0;-1.42;43.0;15.0;23;train
10;1;0.0;5;True;0;17.38;68.0;7.0;46;train
1;21;0.0;6;False;0;8.92;29.0;24.0;127;train
7;16;0.0;2;True;0;29.6;43.0;15.0;435;train
1;18;0.0;4;True;0;12.68;67.0;13.0;421;train
11;12;0.0;4;True;0;8.92;40.0;11.0;236;train
9;22;0.0;4;True;0;17.38;73.0;7.0;287;train
9;6;0.0;3;True;0;15.5;72.0;6.0;205;train
8;6;0.0;4;True;0;20.2;83.0;11.0;163;train
4;3;0.0;3;True;0;6.1;49.0;15.0;2;train
6;10;0.0;0;False;0;27.72;40.0;0.0;452;train
9;10;0.0;0;False;0;17.38;45.0;17.0;489;train
10;10;0.0;4;True;0;12.68;41.0;24.0;204;train
1;3;0.0;1;True;1;0.46;86.0;0.0;1;train
11;6;0.0;0;False;0;5.16;61.0;9.0;16;train
1;7;0.0;1;True;3;1.4;86.0;0.0;122;train
10;3;0.0;5;True;1;16.44;88.0;11.0;13;train
7;3;0.0;3;True;0;22.08;89.0;9.0;5;train
5;3;0.0;1;True;1;18.32;88.0;20.0;2;train
10;16;0.0;6;False;0;15.5;31.0;13.0;637;train
2;10;0.0;2;True;0;7.98;46.0;11.0;116;train
2;5;0.0;5;True;0;4.22;60.0;15.0;17;train
8;10;0.0;0;False;0;24.9;51.0;11.0;328;train
12;21;0.0;4;True;0;5.16;48.0;0.0;213;train
9;14;0.0;5;True;1;25.84;45.0;11.0;371;train
10;7;0.0;2;True;1;12.68;77.0;7.0;531;train
6;14;0.0;4;True;0;33.36;37.0;11.0;176;train
1;15;0.0;4;True;0;12.68;72.0;9.0;188;train
10;0;0.0;2;True;0;13.62;63.0;26.0;48;train
12;9;0.0;0;False;1;10.8;87.0;17.0;103;train
11;18;1.0;4;False;0;10.8;43.0;0.0;70;train
10;18;0.0;4;True;1;18.32;64.0;22.0;788;train
10;10;0.0;3;True;1;13.62;67.0;0.0;228;train
1;10;0.0;2;True;3;6.1;87.0;17.0;62;train
2;11;0.0;2;True;0;7.98;36.0;17.0;163;train
6;15;0.0;2;True;1;19.26;46.0;9.0;272;train
9;12;1.0;1;False;1;27.72;62.0;20.0;543;train
6;23;0.0;4;True;0;29.6;59.0;6.0;146;train
1;9;0.0;3;True;0;5.16;52.0;22.0;202;train
5;21;0.0;0;False;0;22.08;69.0;26.0;233;train
3;2;0.0;6;False;0;4.22;41.0;17.0;42;train
10;15;0.0;2;True;3;6.1;87.0;17.0;124;train
12;9;0.0;4;True;0;4.22;60.0;33.0;133;train
4;5;0.0;6;False;0;7.04;33.0;11.0;2;train
3;20;0.0;1;True;1;18.32;49.0;15.0;286;train
7;6;1.0;3;False;0;23.02;69.0;0.0;32;train
3;7;0.0;3;True;0;8.92;46.0;22.0;358;train
8;5;0.0;3;True;1;23.96;89.0;11.0;43;train
11;15;0.0;3;True;0;8.92;43.0;19.0;260;train
7;22;0.0;1;True;0;26.78;51.0;11.0;188;train
2;20;0.0;0;False;0;7.04;42.0;11.0;88;train
5;6;0.0;2;True;3;18.32;94.0;15.0;24;train
2;0;0.0;4;True;0;13.62;59.0;9.0;31;train
1;10;0.0;1;True;1;1.4;93.0;0.0;149;train
9;8;0.0;0;False;0;14.56;67.0;7.0;144;train
11;9;0.0;2;True;0;4.22;60.0;11.0;363;train
7;18;0.0;6;False;0;25.84;79.0;9.0;351;train
3;23;0.0;6;False;0;15.5;77.0;11.0;185;train
8;5;0.0;3;True;0;20.2;73.0;13.0;40;train
12;16;0.0;0;False;3;8.92;93.0;11.0;253;train
1;9;0.0;5;True;0;2.34;47.0;26.0;263;train
6;17;0.0;6;False;0;33.36;32.0;9.0;362;train
3;12;0.0;6;False;3;16.44;94.0;15.0;183;train
7;23;0.0;4;True;3;23.02;89.0;15.0;65;train
12;9;0.0;6;False;0;4.22;48.0;26.0;90;train
9;15;0.0;3;True;0;25.84;37.0;9.0;318;train
6;1;0.0;6;False;1;18.32;83.0;7.0;76;train
12;11;1.0;2;False;0;6.1;75.0;6.0;86;train
10;14;0.0;3;True;0;26.78;30.0;17.0;301;train
3;13;0.0;0;False;0;8.92;37.0;24.0;364;train
5;4;0.0;6;False;0;18.32;88.0;7.0;9;train
7;5;0.0;2;True;0;23.02;83.0;11.0;45;train
5;23;0.0;0;False;0;16.44;77.0;13.0;102;train
9;15;0.0;3;True;0;21.14;35.0;0.0;311;train
12;0;0.0;0;False;1;4.22;60.0;11.0;41;train
9;3;0.0;4;True;0;24.9;84.0;7.0;9;train
10;10;0.0;6;False;0;16.44;52.0;9.0;423;train
9;17;0.0;0;False;0;24.9;37.0;17.0;671;train
1;0;0.0;2;True;1;4.22;70.0;22.0;12;train
10;2;0.0;1;True;1;19.26;64.0;24.0;6;train
9;4;0.0;5;True;0;17.38;77.0;0.0;12;train
6;3;0.0;1;True;1;18.32;60.0;11.0;5;train
12;14;0.0;4;True;0;6.1;42.0;6.0;212;train
3;9;0.0;2;True;1;17.38;88.0;11.0;325;train
7;1;0.0;5;True;0;28.66;55.0;15.0;29;train
7;16;0.0;2;True;0;27.72;58.0;15.0;402;train
1;19;0.0;4;True;1;11.74;71.0;11.0;330;train
2;2;0.0;5;True;3;11.74;77.0;19.0;5;train
3;23;0.0;1;True;0;7.98;25.0;35.0;48;train
11;7;0.0;1;True;0;3.28;65.0;0.0;365;train
9;13;0.0;5;True;1;24.9;54.0;13.0;408;train
2;14;0.0;3;True;0;11.74;41.0;24.0;134;train
3;6;0.0;2;True;0;0.46;51.0;7.0;102;train
7;4;0.0;6;False;3;23.02;61.0;7.0;9;train
8;1;0.0;2;True;1;20.2;83.0;9.0;33;train
5;13;0.0;4;True;0;20.2;69.0;13.0;265;train
4;12;0.0;5;True;0;11.74;35.0;20.0;337;train
10;15;1.0;1;False;3;11.74;58.0;13.0;370;train
9;1;0.0;6;False;0;17.38;60.0;15.0;101;train
7;4;0.0;0;False;0;20.2;88.0;0.0;16;train
7;14;0.0;1;True;1;28.66;59.0;11.0;271;train
2;18;0.0;6;False;1;2.34;47.0;44.0;108;train
11;10;0.0;2;True;3;7.04;81.0;13.0;57;train
9;11;0.0;0;False;0;18.32;46.0;17.0;570;train
4;18;0.0;2;True;0;20.2;26.0;11.0;800;train
12;7;0.0;1;True;1;7.98;93.0;0.0;396;train
6;1;0.0;1;True;0;24.9;65.0;15.0;31;train
6;2;0.0;3;True;0;23.02;83.0;11.0;6;train
12;22;0.0;2;True;0;6.1;56.0;15.0;106;train
6;19;0.0;4;True;0;24.9;34.0;19.0;602;train
7;4;0.0;2;True;0;25.84;62.0;0.0;7;train
2;8;0.0;4;True;0;7.98;87.0;13.0;560;train
2;7;0.0;2;True;0;7.04;45.0;0.0;299;train
7;8;0.0;0;False;0;31.48;53.0;9.0;130;train
3;3;0.0;4;True;0;19.26;28.0;17.0;5;train
12;11;0.0;6;False;3;1.4;93.0;6.0;45;train
12;16;0.0;2;True;0;19.26;49.0;19.0;435;train
3;23;0.0;5;True;1;12.68;94.0;0.0;126;train
4;19;0.0;2;True;0;20.2;26.0;17.0;537;train
11;17;0.0;4;True;1;8.92;57.0;15.0;563;train
4;4;0.0;6;False;0;15.5;82.0;17.0;9;train
12;15;0.0;4;True;1;7.98;57.0;13.0;249;train
10;13;0.0;4;True;0;21.14;53.0;24.0;332;train
7;23;0.0;0;False;0;24.9;70.0;0.0;100;train
11;23;1.0;4;False;0;6.1;70.0;0.0;36;train
1;0;0.0;5;True;1;4.22;48.0;20.0;27;train
8;5;0.0;3;True;0;22.08;78.0;7.0;39;train
2;10;0.0;3;True;0;7.98;71.0;6.0;139;train
2;9;0.0;0;False;0;2.34;47.0;15.0;87;train
4;4;0.0;0;False;1;8.92;87.0;9.0;4;train
1;15;0.0;6;False;0;19.26;37.0;20.0;449;train
8;23;0.0;4;True;0;24.9;54.0;7.0;226;train
12;13;0.0;6;False;0;9.86;54.0;17.0;456;train
2;20;0.0;5;True;1;7.04;57.0;0.0;151;train
10;2;0.0;3;True;0;17.38;68.0;0.0;6;train
5;15;0.0;3;True;1;22.08;53.0;7.0;259;train
5;12;1.0;1;False;0;27.72;62.0;9.0;525;train
12;18;0.0;6;False;0;9.86;58.0;11.0;272;train
1;2;0.0;2;True;0;6.1;42.0;15.0;2;train
5;13;0.0;3;True;1;23.02;74.0;11.0;270;train
3;19;0.0;4;True;0;23.02;61.0;0.0;586;train
10;17;0.0;3;True;1;10.8;58.0;11.0;723;train
11;13;1.0;4;False;0;13.62;31.0;0.0;269;train
1;6;0.0;0;False;0;1.4;40.0;7.0;5;train
6;11;0.0;6;False;0;33.36;30.0;17.0;452;train
1;22;0.0;3;True;0;6.1;65.0;6.0;113;train
12;7;0.0;1;True;1;8.92;93.0;9.0;319;train
3;5;0.0;6;False;1;16.44;83.0;11.0;4;train
3;13;0.0;2;True;0;6.1;39.0;9.0;164;train
5;19;0.0;4;True;0;24.9;61.0;13.0;522;train
2;21;0.0;6;False;0;12.68;33.0;20.0;114;train
11;17;0.0;1;True;0;11.74;32.0;0.0;553;train
3;0;0.0;5;True;0;10.8;47.0;20.0;59;train
7;13;1.0;3;False;0;34.3;35.0;0.0;499;train
5;5;0.0;6;False;0;18.32;88.0;6.0;22;train
11;7;0.0;3;True;1;4.22;56.0;13.0;409;train
1;7;0.0;3;True;0;1.4;80.0;9.0;256;train
6;4;0.0;1;True;0;23.02;78.0;17.0;4;train
8;11;0.0;1;True;0;23.02;65.0;7.0;241;train
8;14;0.0;0;False;0;34.3;42.0;31.0;526;train
1;1;0.0;0;False;1;0.46;74.0;20.0;50;train
1;8;1.0;1;False;0;-3.3;58.0;11.0;78;train
12;23;0.0;2;True;0;7.98;49.0;6.0;81;train
12;7;0.0;6;False;0;4.22;44.0;28.0;20;train
1;10;0.0;0;False;0;3.28;35.0;9.0;191;train
11;23;0.0;5;True;0;11.74;38.0;30.0;67;train
6;4;0.0;3;True;0;13.62;82.0;7.0;10;train
10;13;0.0;2;True;1;20.2;88.0;9.0;154;train
1;15;0.0;5;True;0;14.56;51.0;22.0;197;train
1;4;0.0;5;True;0;2.34;60.0;7.0;3;train
3;7;0.0;4;True;0;12.68;72.0;6.0;381;train
9;23;0.0;5;True;1;18.32;56.0;13.0;190;train
4;22;0.0;2;True;0;17.38;30.0;17.0;162;train
5;22;0.0;1;True;1;21.14;73.0;11.0;142;train
11;17;0.0;6;False;1;8.92;46.0;20.0;410;train
9;4;0.0;6;False;0;24.9;70.0;0.0;12;train
11;9;0.0;6;False;0;8.92;66.0;13.0;259;train
2;11;0.0;4;True;3;7.04;70.0;7.0;71;train
10;15;0.0;4;True;0;25.84;54.0;19.0;325;train
10;2;0.0;5;True;0;10.8;66.0;6.0;16;train
8;10;0.0;3;True;0;25.84;48.0;11.0;178;train
1;12;0.0;3;True;3;6.1;81.0;0.0;55;train
5;10;0.0;6;False;0;23.02;65.0;9.0;432;train
10;19;0.0;2;True;0;21.14;57.0;6.0;482;train
11;16;0.0;0;False;0;10.8;40.0;22.0;435;train
1;17;0.0;3;True;0;4.22;33.0;30.0;346;train
10;18;0.0;1;True;0;17.38;64.0;7.0;786;train
3;11;0.0;2;True;0;4.22;41.0;11.0;130;train
6;15;0.0;3;True;0;22.08;38.0;0.0;300;train
4;9;0.0;4;True;0;8.92;57.0;24.0;287;train
7;7;0.0;1;True;0;24.9;79.0;6.0;469;train
7;21;0.0;1;True;1;26.78;55.0;6.0;331;train
2;6;0.0;2;True;0;1.4;75.0;0.0;86;train
10;0;0.0;3;True;0;9.86;76.0;0.0;49;train
5;7;0.0;2;True;3;18.32;88.0;7.0;324;train
1;6;0.0;1;True;1;1.4;86.0;0.0;42;train
6;18;0.0;1;True;1;21.14;69.0;11.0;642;train
2;15;0.0;5;True;3;10.8;87.0;13.0;94;train
1;17;0.0;6;False;1;1.4;80.0;26.0;106;train
9;4;0.0;4;True;0;18.32;94.0;9.0;8;train
4;12;0.0;0;False;3;9.86;87.0;22.0;61;train
1;17;0.0;0;False;0;2.34;25.0;17.0;146;train
8;3;0.0;3;True;0;21.14;73.0;7.0;9;train
12;1;0.0;6;False;1;8.92;93.0;9.0;100;train
5;16;0.0;5;True;0;27.72;48.0;11.0;440;train
2;0;0.0;0;False;3;-3.3;68.0;26.0;21;train
2;15;0.0;3;True;0;11.74;41.0;15.0;171;train
1;6;0.0;5;True;0;3.28;60.0;19.0;68;train
6;23;0.0;0;False;0;19.26;64.0;13.0;108;train
10;17;0.0;6;False;0;17.38;37.0;15.0;731;train
7;10;0.0;1;True;0;29.6;43.0;17.0;174;train
12;23;0.0;5;True;0;4.22;44.0;19.0;40;train
10;20;0.0;0;False;0;10.8;82.0;9.0;116;train
4;15;0.0;2;True;0;20.2;20.0;13.0;316;train
11;12;0.0;4;True;3;9.86;62.0;11.0;221;train
11;14;0.0;4;True;0;8.92;43.0;15.0;187;train
11;19;0.0;6;False;0;7.98;53.0;6.0;253;train
1;11;0.0;3;True;1;4.22;87.0;6.0;99;train
4;11;0.0;4;True;1;11.74;38.0;15.0;268;train
2;13;0.0;6;False;0;10.8;43.0;19.0;384;train
10;16;0.0;2;True;0;23.96;44.0;6.0;541;train
8;2;0.0;1;True;0;22.08;69.0;7.0;9;train
8;14;0.0;3;True;0;27.72;40.0;6.0;301;train
10;3;0.0;4;True;1;16.44;88.0;9.0;8;train
6;10;0.0;5;True;1;23.02;78.0;19.0;204;train
11;14;0.0;5;True;1;10.8;40.0;7.0;251;train
12;5;0.0;0;False;1;4.22;48.0;20.0;2;train
9;20;0.0;4;True;1;22.08;69.0;15.0;457;train
9;21;0.0;6;False;0;22.08;57.0;17.0;261;train
10;4;0.0;5;True;0;17.38;77.0;0.0;11;train
8;13;0.0;4;True;0;32.42;44.0;15.0;310;train
10;22;1.0;1;False;3;10.8;76.0;17.0;107;train
2;2;1.0;1;False;1;3.28;87.0;6.0;20;train
2;7;0.0;6;False;0;3.28;70.0;0.0;41;train
4;22;0.0;0;False;3;7.98;87.0;35.0;13;train
11;8;0.0;5;True;1;7.04;57.0;9.0;711;train
5;10;0.0;3;True;1;21.14;69.0;19.0;177;train
4;17;0.0;0;False;0;21.14;22.0;20.0;411;train
3;0;0.0;1;True;0;9.86;54.0;13.0;24;train
5;14;0.0;5;True;0;23.02;34.0;9.0;350;train
6;7;0.0;6;False;0;22.08;83.0;11.0;78;train
3;18;0.0;6;False;3;13.62;94.0;15.0;137;train
8;16;0.0;4;True;0;32.42;39.0;17.0;417;train
7;13;0.0;1;True;0;31.48;49.0;19.0;239;train
12;20;0.0;4;True;1;3.28;60.0;7.0;227;train
3;11;0.0;5;True;1;12.68;77.0;0.0;207;train
9;22;0.0;4;True;0;20.2;69.0;9.0;251;train
3;3;0.0;6;False;1;12.68;88.0;0.0;26;train
5;4;0.0;2;True;1;18.32;88.0;11.0;7;train
9;1;0.0;6;False;1;23.02;89.0;19.0;117;train
9;18;0.0;0;False;0;16.44;59.0;30.0;401;train
10;7;0.0;6;False;0;14.56;83.0;13.0;86;train
1;20;0.0;1;True;0;6.1;39.0;11.0;181;train
6;11;0.0;5;True;0;23.02;50.0;13.0;286;train
5;11;0.0;2;True;1;23.02;65.0;19.0;229;train
6;13;0.0;5;True;0;36.18;38.0;13.0;239;train
10;18;0.0;3;True;0;23.02;44.0;0.0;858;train
11;2;0.0;1;True;0;1.4;69.0;0.0;5;train
4;9;0.0;0;False;3;10.8;82.0;17.0;79;train
3;19;0.0;5;True;0;10.8;62.0;15.0;395;train
2;4;0.0;6;False;0;3.28;81.0;6.0;6;train
2;11;0.0;2;True;0;8.92;46.0;13.0;129;train
4;7;0.0;0;False;0;9.86;27.0;11.0;37;train
7;16;0.0;2;True;0;29.6;55.0;20.0;455;train
12;6;0.0;6;False;1;3.28;75.0;0.0;11;train
12;11;0.0;0;False;1;10.8;87.0;20.0;250;train
12;4;0.0;6;False;1;3.28;75.0;6.0;3;train
2;3;0.0;4;True;1;6.1;61.0;0.0;1;train
10;19;0.0;1;True;3;16.44;83.0;6.0;239;train
1;19;0.0;5;True;0;13.62;33.0;19.0;272;train
4;22;0.0;3;True;1;11.74;77.0;6.0;162;train
4;6;0.0;4;True;1;14.56;63.0;17.0;127;train
1;8;0.0;0;False;0;0.46;40.0;9.0;70;train
5;1;0.0;4;True;0;22.08;69.0;6.0;26;train
4;10;0.0;6;False;0;13.62;51.0;11.0;406;train
12;18;1.0;2;False;1;7.04;66.0;17.0;43;train
11;4;0.0;5;True;0;3.28;75.0;7.0;4;train
10;11;0.0;1;True;0;19.26;46.0;0.0;272;train
3;19;0.0;4;True;1;20.2;40.0;30.0;416;train
5;14;0.0;5;True;0;21.14;23.0;15.0;334;train
6;7;0.0;0;False;0;20.2;78.0;7.0;62;train
10;15;0.0;6;False;0;20.2;46.0;28.0;620;train
5;18;0.0;0;False;0;24.9;51.0;22.0;474;train
6;15;0.0;5;True;3;25.84;66.0;19.0;258;train
3;15;0.0;6;False;1;16.44;59.0;19.0;605;train
2;0;0.0;2;True;0;4.22;65.0;0.0;12;train
3;5;0.0;6;False;0;10.8;82.0;15.0;5;train
4;15;0.0;6;False;0;25.84;39.0;17.0;628;train
7;5;0.0;4;True;1;25.84;70.0;7.0;40;train
2;19;1.0;1;False;0;7.98;34.0;15.0;172;train
9;21;0.0;5;True;3;20.2;53.0;13.0;237;train
11;23;0.0;6;False;0;8.92;71.0;7.0;146;train
4;18;0.0;4;True;0;20.2;43.0;6.0;776;train
3;22;0.0;2;True;0;8.92;37.0;9.0;134;train
12;5;0.0;1;True;0;-0.48;64.0;13.0;9;train
7;17;0.0;5;True;0;35.24;29.0;0.0;576;train
2;3;0.0;0;False;0;3.28;41.0;13.0;21;train
12;16;0.0;4;True;1;7.98;53.0;22.0;302;train
3;17;0.0;4;True;0;16.44;38.0;26.0;703;train
3;23;0.0;4;True;1;18.32;49.0;30.0;94;train
12;6;0.0;1;True;0;8.92;93.0;0.0;138;train
12;14;0.0;6;False;1;8.92;71.0;0.0;479;train
6;19;0.0;3;True;0;24.9;34.0;26.0;671;train
1;11;0.0;4;True;1;7.98;81.0;7.0;119;train
4;14;0.0;5;True;0;14.56;29.0;26.0;490;train
7;16;0.0;1;True;0;30.54;52.0;9.0;457;train
4;0;1.0;1;False;0;22.08;53.0;22.0;41;train
2;17;0.0;1;True;0;8.92;23.0;13.0;407;train
1;9;0.0;3;True;0;3.28;70.0;17.0;236;train
10;3;0.0;4;True;1;21.14;88.0;0.0;11;train
3;6;0.0;6;False;1;16.44;83.0;11.0;28;train
4;8;0.0;5;True;0;10.8;50.0;0.0;592;train
2;17;0.0;1;True;0;17.38;24.0;30.0;529;train
6;19;0.0;0;False;0;23.96;34.0;19.0;453;train
6;19;0.0;6;False;0;22.08;36.0;11.0;554;train
10;10;0.0;1;True;0;17.38;56.0;0.0;179;train
4;17;0.0;1;True;3;6.1;82.0;22.0;232;train
11;18;0.0;0;False;0;8.92;66.0;15.0;276;train
12;8;0.0;6;False;1;4.22;75.0;6.0;119;train
11;20;0.0;6;False;0;7.98;53.0;9.0;181;train
9;23;0.0;0;False;0;14.56;72.0;6.0;57;train
11;2;0.0;4;True;0;7.04;66.0;9.0;20;train
9;12;0.0;6;False;0;21.14;41.0;20.0;682;train
4;13;0.0;0;False;0;19.26;23.0;11.0;483;train
11;21;0.0;6;False;0;7.98;53.0;7.0;166;train
5;18;0.0;2;True;1;22.08;69.0;19.0;710;train
10;5;0.0;0;False;0;10.8;82.0;13.0;11;train
5;23;0.0;4;True;1;22.08;78.0;9.0;167;train
3;23;0.0;3;True;0;18.32;43.0;11.0;91;train
4;0;0.0;0;False;1;13.62;82.0;13.0;117;train
1;11;0.0;3;True;0;6.1;42.0;26.0;114;train
8;22;0.0;3;True;0;25.84;74.0;7.0;233;train
11;13;0.0;4;True;1;9.86;54.0;7.0;217;train
6;22;0.0;3;True;0;21.14;50.0;20.0;238;train
9;8;0.0;5;True;0;23.02;83.0;7.0;719;train
2;23;0.0;0;False;0;4.22;56.0;11.0;64;train
6;20;0.0;5;True;0;23.96;44.0;13.0;385;train
3;18;0.0;6;False;0;8.92;21.0;6.0;297;train
11;22;0.0;4;True;0;7.98;42.0;20.0;161;train
12;21;0.0;0;False;1;12.68;77.0;15.0;99;train
4;21;0.0;4;True;0;11.74;47.0;13.0;234;train
6;8;0.0;6;False;0;17.38;64.0;11.0;210;train
1;14;0.0;5;True;0;4.22;33.0;37.0;129;train
8;6;0.0;2;True;1;23.02;89.0;7.0;147;train
7;11;0.0;5;True;0;31.48;32.0;6.0;233;train
6;11;0.0;4;True;0;29.6;31.0;13.0;211;train
9;18;0.0;1;True;0;21.14;35.0;20.0;968;train
12;19;0.0;6;False;1;7.04;81.0;0.0;249;train
6;8;0.0;0;False;0;24.9;58.0;0.0;141;train
3;11;0.0;5;True;1;21.14;73.0;7.0;318;train
10;13;0.0;4;True;1;18.32;78.0;0.0;313;train
3;22;0.0;1;True;0;8.92;25.0;24.0;93;train
4;3;0.0;2;True;0;18.32;83.0;6.0;6;train
7;9;0.0;2;True;0;29.6;49.0;11.0;272;train
10;8;0.0;4;True;0;13.62;82.0;17.0;834;train
4;16;0.0;4;True;1;16.44;83.0;15.0;318;train
1;2;0.0;3;True;0;5.16;70.0;13.0;6;train
4;0;0.0;2;True;1;7.04;76.0;9.0;13;train
8;11;0.0;5;True;3;23.96;79.0;9.0;251;train
1;6;0.0;2;True;0;5.16;52.0;11.0;104;train
7;7;0.0;1;True;0;26.78;51.0;7.0;398;train
9;14;0.0;1;True;1;22.08;65.0;17.0;332;train
5;3;0.0;2;True;1;16.44;68.0;19.0;6;train
12;14;0.0;3;True;3;2.34;93.0;17.0;20;train
9;14;0.0;6;False;0;20.2;40.0;17.0;750;train
10;16;0.0;2;True;3;21.14;88.0;9.0;374;train
9;17;0.0;3;True;0;20.2;38.0;15.0;886;train
10;12;0.0;0;False;1;14.56;59.0;33.0;491;train
8;8;0.0;6;False;0;26.78;72.0;13.0;181;train
6;8;0.0;2;True;1;14.56;77.0;15.0;710;train
6;3;0.0;2;True;1;23.02;69.0;17.0;12;train
12;12;0.0;1;True;1;10.8;87.0;0.0;232;train
8;0;0.0;5;True;0;24.9;65.0;6.0;85;train
3;16;0.0;6;False;0;22.08;50.0;0.0;685;train
3;14;0.0;1;True;0;14.56;33.0;30.0;217;train
9;14;0.0;2;True;0;23.96;30.0;6.0;255;train
10;4;0.0;4;True;0;12.68;88.0;15.0;5;train
8;19;0.0;0;False;0;24.9;84.0;15.0;185;train
2;5;0.0;2;True;0;7.04;42.0;24.0;21;train
4;9;0.0;1;True;0;13.62;31.0;24.0;286;train
12;0;0.0;5;True;3;11.74;88.0;20.0;17;train
11;21;0.0;5;True;0;7.98;76.0;0.0;199;train
3;0;0.0;5;True;1;19.26;49.0;31.0;54;train
5;19;0.0;6;False;1;26.78;66.0;15.0;373;train
7;19;0.0;5;True;1;22.08;83.0;19.0;402;train
10;4;0.0;1;True;0;11.74;82.0;7.0;10;train
11;7;0.0;2;True;0;1.4;69.0;11.0;387;train
3;3;0.0;6;False;0;10.8;82.0;17.0;31;train
3;12;0.0;1;True;0;20.2;64.0;17.0;282;train
7;17;0.0;2;True;0;35.24;29.0;0.0;770;train
12;9;0.0;3;True;1;12.68;51.0;15.0;388;train
7;18;0.0;5;True;0;28.66;46.0;13.0;631;train
9;18;0.0;4;True;0;23.96;57.0;17.0;852;train
3;15;0.0;3;True;1;21.14;41.0;20.0;199;train
6;8;0.0;2;True;1;21.14;88.0;15.0;613;train
5;14;0.0;5;True;0;26.78;58.0;9.0;367;train
4;9;1.0;1;False;0;21.14;69.0;15.0;297;train
8;9;0.0;3;True;1;25.84;62.0;13.0;367;train
11;21;0.0;4;True;0;8.92;37.0;26.0;233;train
6;20;0.0;2;True;0;18.32;49.0;15.0;415;train
9;4;0.0;4;True;1;24.9;84.0;6.0;8;train
8;11;0.0;3;True;0;25.84;45.0;0.0;253;train
5;9;0.0;3;True;1;18.32;88.0;0.0;315;train
6;15;0.0;0;False;0;24.9;34.0;0.0;644;train
3;6;0.0;0;False;1;10.8;94.0;7.0;11;train
12;7;0.0;1;True;0;1.4;69.0;0.0;30;train
11;0;0.0;2;True;0;7.04;70.0;9.0;29;train
10;4;0.0;0;False;1;15.5;63.0;24.0;20;train
2;23;0.0;3;True;0;13.62;63.0;6.0;97;train
1;18;0.0;4;True;1;11.74;71.0;0.0;406;train
2;11;0.0;2;True;1;6.1;45.0;11.0;112;train
8;6;0.0;2;True;1;24.9;79.0;13.0;179;train
3;19;0.0;4;True;0;14.56;39.0;19.0;468;train
2;1;0.0;4;True;1;13.62;55.0;0.0;17;train
8;15;0.0;6;False;0;33.36;42.0;28.0;489;train
12;2;0.0;2;True;0;11.74;88.0;6.0;8;train
1;18;0.0;3;True;0;7.04;66.0;9.0;439;train
1;9;0.0;5;True;3;15.5;88.0;19.0;107;train
9;22;0.0;6;False;0;15.5;63.0;7.0;221;train
6;13;0.0;5;True;0;25.84;70.0;20.0;316;train
3;17;0.0;6;False;0;14.56;67.0;28.0;543;train
12;9;0.0;3;True;3;1.4;86.0;22.0;23;train
2;17;0.0;3;True;1;10.8;87.0;11.0;253;train
3;17;0.0;3;True;0;24.9;28.0;6.0;782;train
12;8;0.0;5;True;1;7.04;57.0;19.0;472;train
10;21;0.0;3;True;1;23.02;74.0;0.0;209;train
12;3;0.0;1;True;1;8.92;93.0;0.0;3;train
9;7;0.0;0;False;0;23.02;94.0;6.0;42;train
8;7;0.0;4;True;0;22.08;69.0;15.0;464;train
12;6;1.0;2;False;1;2.34;93.0;9.0;7;train
10;9;0.0;6;False;0;20.2;73.0;13.0;395;train
12;15;0.0;0;False;0;7.98;34.0;9.0;137;train
10;10;0.0;2;True;1;12.68;75.0;15.0;164;train
4;8;0.0;6;False;0;9.86;40.0;9.0;158;train
1;5;0.0;2;True;0;6.1;49.0;13.0;22;train
12;9;0.0;5;True;1;7.04;45.0;37.0;267;train
8;7;0.0;5;True;0;24.9;74.0;7.0;421;train
3;16;0.0;6;False;1;15.5;63.0;20.0;535;train
6;3;0.0;3;True;0;13.62;82.0;0.0;8;train
11;12;0.0;0;False;1;4.22;41.0;15.0;202;train
7;12;0.0;0;False;0;27.72;55.0;22.0;511;train
8;10;0.0;3;True;1;25.84;62.0;13.0;233;train
12;23;0.0;3;True;1;5.16;56.0;15.0;79;train
9;15;0.0;1;True;0;23.02;31.0;26.0;346;train
7;18;0.0;1;True;0;30.54;46.0;7.0;741;train
2;18;0.0;3;True;1;14.56;41.0;22.0;525;train
5;20;0.0;2;True;0;22.08;73.0;17.0;373;train
2;9;0.0;3;True;1;8.92;71.0;13.0;276;train
5;14;0.0;3;True;0;25.84;42.0;9.0;252;train
7;21;0.0;6;False;0;24.9;84.0;15.0;269;train
4;21;0.0;2;True;1;13.62;28.0;11.0;226;train
6;8;0.0;3;True;0;17.38;68.0;0.0;668;train
9;2;0.0;3;True;1;19.26;64.0;19.0;17;train
8;8;0.0;6;False;1;23.02;74.0;17.0;162;train
3;16;0.0;4;True;0;22.08;65.0;13.0;425;train
5;1;0.0;0;False;0;23.02;74.0;15.0;78;train
4;18;0.0;2;True;0;15.5;18.0;0.0;632;train
8;7;0.0;2;True;1;23.02;83.0;7.0;269;train
10;18;0.0;2;True;0;21.14;53.0;6.0;826;train
3;0;0.0;0;False;0;4.22;44.0;6.0;69;train
6;9;0.0;3;True;1;25.84;74.0;0.0;316;train
11;21;0.0;1;True;0;7.98;49.0;0.0;181;train
7;13;0.0;6;False;1;27.72;62.0;6.0;591;train
5;17;0.0;6;False;1;28.66;52.0;17.0;462;train
7;6;0.0;4;True;0;23.02;78.0;17.0;181;train
11;10;0.0;5;True;1;6.1;65.0;0.0;169;train
11;23;0.0;3;True;0;3.28;70.0;9.0;87;train
11;5;0.0;4;True;1;6.1;42.0;15.0;35;train
6;0;0.0;4;True;0;26.78;70.0;6.0;69;train
7;8;0.0;4;True;0;23.96;65.0;9.0;702;train
11;18;0.0;4;True;0;7.04;49.0;11.0;537;train
9;3;0.0;2;True;1;23.02;89.0;6.0;10;train
3;20;0.0;6;False;1;10.8;71.0;22.0;208;train
5;11;0.0;3;True;0;22.08;73.0;0.0;197;train
1;15;0.0;1;True;3;2.34;75.0;11.0;69;train
9;15;0.0;0;False;0;22.08;36.0;17.0;649;train
1;1;0.0;0;False;0;8.92;66.0;9.0;93;train
7;9;0.0;4;True;1;27.72;58.0;19.0;318;train
3;18;0.0;3;True;0;24.9;32.0;0.0;749;train
5;12;0.0;1;True;1;18.32;88.0;19.0;185;train
10;20;0.0;6;False;0;10.8;54.0;6.0;255;train
5;3;0.0;1;True;1;19.26;68.0;22.0;2;train
7;5;0.0;1;True;0;23.02;83.0;7.0;47;train
11;6;0.0;2;True;3;7.04;81.0;31.0;50;train
12;8;0.0;6;False;0;4.22;44.0;41.0;29;train
12;5;0.0;1;True;1;9.86;87.0;0.0;24;train
8;11;0.0;3;True;0;27.72;58.0;6.0;234;train
5;2;0.0;6;False;0;22.08;89.0;9.0;64;train
9;15;0.0;5;True;0;29.6;55.0;17.0;331;train
5;19;0.0;4;True;0;25.84;34.0;11.0;591;train
4;1;0.0;6;False;0;16.44;77.0;15.0;88;train
7;10;0.0;2;True;0;25.84;66.0;0.0;227;train
7;0;0.0;3;True;0;27.72;66.0;11.0;53;train
1;12;0.0;4;True;0;6.1;49.0;17.0;120;train
9;23;0.0;0;False;1;15.5;59.0;7.0;100;train
7;13;0.0;0;False;0;35.24;33.0;17.0;420;train
5;20;0.0;0;False;0;26.78;55.0;11.0;392;train
12;21;0.0;5;True;0;4.22;41.0;28.0;70;train
5;21;0.0;3;True;3;15.5;82.0;11.0;34;train
11;20;0.0;4;True;0;6.1;52.0;11.0;252;train
7;6;0.0;3;True;0;22.08;65.0;13.0;190;train
8;0;0.0;5;True;0;23.96;57.0;11.0;88;train
2;0;0.0;6;False;0;7.98;42.0;11.0;86;train
11;2;0.0;6;False;0;7.04;39.0;41.0;32;train
6;8;0.0;6;False;0;19.26;64.0;11.0;204;train
2;1;0.0;6;False;3;5.16;81.0;9.0;45;train
6;5;0.0;4;True;0;14.56;82.0;6.0;34;train
1;12;0.0;4;True;1;7.98;81.0;7.0;144;train
6;21;0.0;0;False;0;27.72;55.0;15.0;253;train
1;23;0.0;5;True;0;0.46;47.0;13.0;65;train
6;1;0.0;1;True;3;18.32;60.0;11.0;14;train
8;14;0.0;1;True;0;25.84;54.0;11.0;275;train
11;8;0.0;0;False;0;6.1;75.0;17.0;119;train
10;9;0.0;4;True;1;15.5;77.0;11.0;387;train
3;22;0.0;0;False;0;4.22;41.0;17.0;62;train
12;5;0.0;5;True;1;7.98;76.0;28.0;13;train
4;3;0.0;0;False;1;7.98;81.0;9.0;25;train
1;20;0.0;4;True;0;6.1;49.0;0.0;177;train
9;20;0.0;2;True;0;19.26;56.0;9.0;461;train
12;20;0.0;5;True;0;7.04;61.0;9.0;221;train
2;3;0.0;5;True;0;5.16;56.0;20.0;4;train
4;20;0.0;6;False;3;15.5;82.0;20.0;39;train
7;23;0.0;0;False;0;25.84;79.0;9.0;91;train
9;0;0.0;1;True;0;18.32;52.0;19.0;41;train
8;19;0.0;4;True;0;29.6;55.0;13.0;623;train
2;14;0.0;3;True;1;8.92;93.0;24.0;56;train
12;13;0.0;6;False;1;10.8;87.0;11.0;547;train
2;13;0.0;2;True;0;12.68;38.0;17.0;184;train
2;14;0.0;0;False;0;6.1;61.0;11.0;243;train
10;13;0.0;2;True;3;6.1;81.0;24.0;116;train
3;1;0.0;5;True;0;7.98;49.0;15.0;20;train
1;10;0.0;0;False;0;6.1;81.0;7.0;70;train
2;22;0.0;2;True;0;7.04;57.0;13.0;118;train
12;3;0.0;0;False;1;4.22;56.0;28.0;15;train
7;10;0.0;3;True;1;25.84;62.0;9.0;195;train
7;0;0.0;0;False;0;27.72;66.0;0.0;149;train
1;23;0.0;0;False;1;-0.48;93.0;7.0;37;train
11;9;0.0;4;True;3;8.92;57.0;7.0;331;train
4;18;0.0;2;True;0;22.08;25.0;19.0;775;train
10;23;0.0;4;True;1;17.38;83.0;9.0;135;train
6;1;0.0;4;True;0;16.44;77.0;11.0;22;train
7;10;0.0;1;True;1;28.66;62.0;0.0;200;train
6;16;0.0;0;False;0;31.48;36.0;19.0;508;train
1;15;0.0;2;True;1;10.8;71.0;11.0;208;train
5;14;0.0;3;True;0;25.84;42.0;6.0;263;train
8;6;0.0;1;True;0;21.14;73.0;6.0;159;train
7;10;0.0;3;True;0;34.3;42.0;13.0;138;train
10;23;0.0;3;True;1;23.02;78.0;0.0;220;train
5;8;0.0;5;True;0;18.32;88.0;0.0;618;train
9;5;0.0;6;False;1;23.02;94.0;17.0;15;train
6;0;0.0;4;True;0;23.02;50.0;7.0;54;train
5;5;0.0;2;True;1;16.44;72.0;19.0;20;train
8;10;0.0;2;True;0;23.02;61.0;7.0;178;train
4;22;0.0;0;False;0;15.5;45.0;0.0;108;train
5;23;0.0;4;True;0;23.02;54.0;15.0;140;train
8;8;0.0;1;True;1;25.84;51.0;6.0;673;train
5;13;0.0;5;True;0;20.2;26.0;26.0;363;train
6;20;0.0;5;True;1;27.72;55.0;35.0;202;train
7;6;0.0;3;True;0;22.08;89.0;9.0;185;train
9;4;1.0;1;False;0;23.02;89.0;6.0;11;train
1;1;0.0;5;True;1;9.86;76.0;20.0;12;train
10;22;0.0;3;True;0;8.92;57.0;9.0;165;train
6;15;0.0;1;True;0;28.66;38.0;31.0;233;train
9;8;0.0;6;False;0;24.9;79.0;22.0;230;train
6;13;0.0;4;True;0;24.9;37.0;19.0;315;train
10;7;0.0;1;True;0;9.86;66.0;6.0;452;train
3;7;0.0;1;True;0;0.46;59.0;9.0;260;train
6;16;0.0;3;True;0;34.3;35.0;7.0;335;train
7;15;0.0;1;True;0;31.48;36.0;13.0;234;train
12;16;0.0;5;True;1;6.1;39.0;22.0;281;train
8;19;0.0;4;True;0;27.72;40.0;7.0;677;train
8;2;0.0;4;True;0;21.14;73.0;0.0;17;train
2;21;0.0;4;True;1;7.98;81.0;7.0;145;train
12;9;0.0;3;True;1;5.16;61.0;9.0;285;train
6;15;0.0;5;True;0;25.84;39.0;13.0;377;train
1;16;1.0;1;False;0;4.22;35.0;28.0;154;train
1;15;0.0;2;True;0;-0.48;37.0;28.0;77;train
9;15;1.0;1;False;0;26.78;70.0;15.0;449;train
3;1;0.0;6;False;1;10.8;76.0;13.0;82;train
3;7;0.0;6;False;1;10.8;100.0;9.0;86;train
8;11;0.0;1;True;0;26.78;66.0;13.0;229;train
3;4;0.0;6;False;1;11.74;94.0;0.0;2;train
11;19;0.0;6;False;0;4.22;41.0;17.0;83;train
5;12;0.0;2;True;0;22.08;73.0;13.0;264;train
6;22;0.0;6;False;0;24.9;58.0;11.0;214;train
12;3;0.0;4;True;1;3.28;87.0;15.0;1;train
2;17;0.0;4;True;0;7.98;34.0;9.0;399;train
11;21;0.0;4;True;0;4.22;65.0;9.0;208;train
3;4;0.0;6;False;0;3.28;41.0;24.0;4;train
3;13;0.0;1;True;1;17.38;32.0;17.0;250;train
7;16;0.0;0;False;0;29.6;43.0;9.0;521;train
8;5;0.0;5;True;0;23.02;83.0;11.0;37;train
1;5;0.0;4;True;1;6.1;75.0;7.0;28;train
1;23;0.0;0;False;0;4.22;56.0;17.0;30;train
1;6;0.0;0;False;1;-0.48;74.0;15.0;4;train
9;19;0.0;4;True;0;22.08;65.0;9.0;674;train
11;4;0.0;0;False;1;6.1;81.0;13.0;12;train
7;4;0.0;1;True;3;23.02;89.0;26.0;2;train
11;20;0.0;3;True;0;7.98;61.0;7.0;136;train
10;10;0.0;1;True;1;20.2;73.0;26.0;168;train
9;3;0.0;0;False;0;13.62;67.0;6.0;58;train
5;4;0.0;1;True;3;18.32;88.0;20.0;7;train
10;8;0.0;3;True;1;21.14;88.0;7.0;809;train
5;21;1.0;1;False;0;27.72;66.0;19.0;247;train
10;0;0.0;6;False;0;15.5;88.0;9.0;142;train
6;23;0.0;6;False;0;20.2;53.0;20.0;183;train
5;1;0.0;2;True;1;16.44;59.0;15.0;9;train
2;11;0.0;5;True;0;8.92;62.0;28.0;142;train
8;10;0.0;2;True;1;26.78;70.0;9.0;250;train
8;8;0.0;3;True;1;26.78;72.0;6.0;737;train
12;3;0.0;1;True;0;-0.48;59.0;7.0;1;train
11;12;0.0;4;True;0;10.8;24.0;33.0;235;train
9;22;1.0;1;False;1;24.9;84.0;9.0;121;train
9;23;0.0;1;True;0;13.62;63.0;9.0;94;train
12;7;1.0;2;False;1;2.34;93.0;11.0;6;train
9;12;0.0;1;True;0;22.08;44.0;26.0;332;train
11;11;0.0;5;True;1;7.98;53.0;6.0;201;train
2;20;0.0;3;True;1;12.68;47.0;13.0;274;train
10;22;0.0;2;True;1;14.56;77.0;6.0;162;train
5;12;0.0;5;True;3;21.14;78.0;24.0;171;train
9;1;1.0;1;False;1;23.96;89.0;11.0;55;train
11;23;0.0;0;False;0;2.34;69.0;6.0;41;train
7;0;0.0;2;True;0;23.96;79.0;9.0;38;train
10;9;0.0;0;False;0;13.62;55.0;11.0;269;train
1;22;0.0;6;False;0;12.68;38.0;17.0;109;train
5;11;0.0;6;False;0;21.14;38.0;6.0;586;train
4;14;0.0;0;False;0;20.2;18.0;30.0;503;train
11;5;0.0;5;True;1;6.1;65.0;6.0;36;train
1;18;0.0;2;True;0;-1.42;26.0;35.0;224;train
12;23;0.0;6;False;0;2.34;51.0;13.0;40;train
11;18;0.0;4;True;1;10.8;50.0;11.0;678;train
12;22;0.0;1;True;0;11.74;82.0;7.0;144;train
8;16;0.0;4;True;0;29.6;43.0;11.0;482;train
4;1;0.0;1;True;0;11.74;77.0;6.0;24;train
3;3;0.0;2;True;1;17.38;88.0;0.0;3;train
3;19;0.0;3;True;0;22.08;33.0;11.0;472;train
1;8;0.0;1;True;0;1.4;47.0;15.0;493;train
1;19;1.0;1;False;0;3.28;38.0;15.0;93;train
4;20;0.0;1;True;0;15.5;36.0;30.0;276;train
5;7;0.0;2;True;0;23.02;78.0;15.0;450;train
2;11;0.0;2;True;1;4.22;70.0;19.0;86;train
6;18;0.0;0;False;0;30.54;34.0;17.0;534;train
12;17;0.0;5;True;0;7.98;57.0;11.0;622;train
5;9;0.0;2;True;1;18.32;68.0;24.0;295;train
2;18;0.0;0;False;0;6.1;52.0;17.0;181;train
1;21;0.0;5;True;1;1.4;37.0;6.0;104;train
10;15;0.0;0;False;1;15.5;63.0;33.0;301;train
2;23;0.0;6;False;0;3.28;41.0;28.0;91;train
6;20;0.0;2;True;0;29.6;55.0;17.0;458;train
8;1;0.0;5;True;0;24.9;74.0;13.0;43;train
4;10;0.0;6;False;0;20.2;64.0;19.0;482;train
11;6;0.0;6;False;0;3.28;93.0;6.0;16;train
4;1;0.0;0;False;1;8.92;81.0;9.0;42;train
6;4;0.0;2;True;0;17.38;45.0;20.0;10;train
2;20;0.0;6;False;0;4.22;30.0;37.0;105;train
12;16;0.0;6;False;0;6.1;39.0;30.0;147;train
3;8;0.0;2;True;1;16.44;88.0;7.0;516;train
3;10;0.0;4;True;0;16.44;68.0;7.0;164;train
11;16;0.0;1;True;0;8.92;43.0;19.0;360;train
5;3;0.0;4;True;0;20.2;73.0;17.0;3;train
12;2;0.0;3;True;0;13.62;67.0;11.0;9;train
9;12;0.0;0;False;0;23.02;44.0;11.0;656;train
11;4;0.0;1;True;1;6.1;52.0;17.0;16;train
4;13;0.0;4;True;0;18.32;46.0;0.0;238;train
1;12;0.0;3;True;1;-3.3;46.0;13.0;84;train
12;15;0.0;3;True;0;14.56;33.0;19.0;285;train
8;1;0.0;3;True;0;25.84;79.0;0.0;23;train
4;4;0.0;2;True;0;7.04;66.0;6.0;1;train
11;11;0.0;2;True;0;7.04;70.0;17.0;155;train
1;7;0.0;6;False;0;2.34;87.0;13.0;20;train
1;22;0.0;3;True;0;0.46;47.0;17.0;78;train
6;14;0.0;0;False;0;22.08;53.0;0.0;582;train
6;4;0.0;0;False;1;23.02;65.0;0.0;13;train
8;8;0.0;3;True;1;24.9;65.0;19.0;682;train
9;16;0.0;5;True;1;25.84;51.0;0.0;563;train
2;15;0.0;4;True;0;13.62;67.0;11.0;174;train
11;23;0.0;3;True;3;5.16;65.0;15.0;40;train
11;9;0.0;4;True;1;7.04;61.0;13.0;323;train
2;4;0.0;5;True;1;5.16;93.0;13.0;1;train
8;19;0.0;3;True;0;24.9;54.0;13.0;643;train
7;15;0.0;2;True;0;29.6;41.0;15.0;265;train
4;22;0.0;0;False;0;23.96;44.0;24.0;134;train
10;23;0.0;5;True;0;8.92;57.0;13.0;100;train
12;15;0.0;0;False;0;5.16;38.0;22.0;138;train
10;10;0.0;0;False;1;11.74;67.0;13.0;185;train
12;17;0.0;3;True;1;7.04;53.0;15.0;561;train
1;15;0.0;0;False;0;8.92;25.0;19.0;310;train
12;2;0.0;6;False;1;4.22;81.0;0.0;50;train
9;20;0.0;6;False;0;16.44;55.0;13.0;315;train
1;9;0.0;1;True;1;2.34;64.0;0.0;197;train
1;2;0.0;5;True;0;2.34;69.0;11.0;5;train
9;6;0.0;1;True;0;13.62;59.0;0.0;168;train
3;13;0.0;5;True;3;10.8;50.0;0.0;242;train
4;17;0.0;2;True;0;21.14;17.0;13.0;757;train
7;22;0.0;4;True;3;23.02;89.0;17.0;68;train
2;9;0.0;2;True;1;4.22;56.0;6.0;262;train
4;0;0.0;4;True;1;14.56;63.0;0.0;43;train
8;17;0.0;2;True;1;28.66;62.0;9.0;868;train
1;17;0.0;0;False;0;9.86;40.0;15.0;219;train
5;5;0.0;1;True;1;17.38;77.0;11.0;26;train
9;7;0.0;6;False;0;14.56;67.0;19.0;73;train
1;8;0.0;6;False;0;3.28;75.0;7.0;64;train
4;4;0.0;0;False;0;10.8;40.0;0.0;7;train
5;23;0.0;0;False;3;20.2;78.0;24.0;86;train
5;5;1.0;1;False;0;20.2;78.0;9.0;9;train
1;2;0.0;6;False;0;4.22;60.0;0.0;41;train
3;15;0.0;2;True;0;11.74;20.0;0.0;200;train
3;5;0.0;5;True;3;10.8;66.0;19.0;29;train
1;18;0.0;5;True;0;10.8;50.0;33.0;383;train
11;4;0.0;4;True;1;6.1;45.0;19.0;10;train
2;12;0.0;3;True;1;5.16;65.0;19.0;138;train
7;12;0.0;1;True;0;31.48;49.0;9.0;237;train
6;11;0.0;2;True;1;18.32;56.0;13.0;227;train
3;13;0.0;2;True;0;8.92;27.0;0.0;211;train
5;18;0.0;4;True;0;18.32;35.0;35.0;770;train
9;3;0.0;4;True;0;20.2;78.0;0.0;7;train
11;0;0.0;0;False;0;7.98;81.0;6.0;124;train
10;21;0.0;2;True;0;13.62;63.0;0.0;195;train
7;5;0.0;5;True;1;23.02;89.0;9.0;42;train
5;1;0.0;3;True;0;20.2;83.0;11.0;32;train
5;5;0.0;3;True;1;21.14;78.0;9.0;41;train
10;22;0.0;0;False;0;11.74;54.0;0.0;113;train
3;10;0.0;6;False;1;10.8;76.0;9.0;313;train
7;20;0.0;2;True;3;27.72;55.0;33.0;376;train
10;15;0.0;6;False;1;18.32;60.0;19.0;711;train
5;23;0.0;6;False;1;18.32;83.0;19.0;149;train
5;4;0.0;4;True;1;20.2;88.0;11.0;5;train
4;14;0.0;1;True;0;13.62;31.0;28.0;268;train
1;13;0.0;4;True;0;11.74;77.0;11.0;183;train
9;2;0.0;2;True;3;20.2;94.0;13.0;4;train
10;0;0.0;5;True;0;10.8;66.0;7.0;68;train
12;11;0.0;5;True;1;5.16;52.0;15.0;178;train
1;8;0.0;5;True;0;2.34;64.0;17.0;425;train
12;16;0.0;3;True;1;7.98;46.0;9.0;329;train
7;3;0.0;6;False;0;26.78;74.0;9.0;31;train
3;12;0.0;2;True;0;20.2;78.0;17.0;261;train
11;15;0.0;2;True;0;10.8;40.0;20.0;217;train
12;19;0.0;3;True;0;9.86;50.0;26.0;336;train
4;17;0.0;0;False;0;21.14;27.0;20.0;522;train
4;5;0.0;4;True;0;6.1;61.0;15.0;21;train
3;16;0.0;3;True;3;21.14;43.0;6.0;221;train
11;23;0.0;5;True;0;7.04;81.0;6.0;162;train
12;2;0.0;3;True;0;5.16;65.0;6.0;3;train
10;17;0.0;2;True;0;23.96;41.0;0.0;938;train
7;3;0.0;4;True;0;25.84;54.0;13.0;7;train
6;13;0.0;6;False;0;30.54;24.0;19.0;585;train
4;18;0.0;5;True;0;21.14;50.0;19.0;668;train
12;13;0.0;5;True;1;7.04;39.0;28.0;240;train
5;9;0.0;5;True;0;14.56;41.0;20.0;322;train
9;19;0.0;2;True;0;21.14;41.0;13.0;596;train
3;15;0.0;6;False;0;22.08;53.0;9.0;679;train
12;5;0.0;2;True;0;9.86;87.0;6.0;36;train
8;17;0.0;6;False;0;27.72;37.0;15.0;635;train
9;13;0.0;6;False;0;30.54;52.0;35.0;668;train
4;17;0.0;6;False;0;17.38;19.0;28.0;567;test
9;13;0.0;5;True;1;24.9;51.0;17.0;410;test
5;18;0.0;6;False;1;27.72;52.0;13.0;415;test
10;20;0.0;6;False;1;16.44;72.0;15.0;296;test
10;10;0.0;4;True;1;16.44;68.0;15.0;218;test
1;5;0.0;1;True;1;1.4;64.0;6.0;21;test
6;19;0.0;6;False;1;24.9;42.0;13.0;461;test
5;13;1.0;1;False;0;29.6;63.0;19.0;556;test
11;4;0.0;5;True;0;6.1;70.0;7.0;7;test
3;2;0.0;1;True;0;13.62;88.0;11.0;8;test
4;2;0.0;6;False;0;16.44;77.0;9.0;81;test
12;23;0.0;1;True;0;13.62;88.0;17.0;84;test
7;13;0.0;4;True;0;32.42;53.0;20.0;242;test
9;12;0.0;0;False;0;18.32;43.0;7.0;776;test
9;6;0.0;5;True;1;18.32;94.0;6.0;138;test
12;13;0.0;3;True;1;7.98;42.0;0.0;238;test
7;13;0.0;0;False;0;29.6;49.0;15.0;483;test
2;23;0.0;2;True;0;7.04;66.0;15.0;47;test
11;13;0.0;5;True;0;13.62;38.0;20.0;299;test
11;21;0.0;5;True;0;7.98;49.0;13.0;178;test
2;0;0.0;3;True;0;7.04;57.0;0.0;22;test
12;14;0.0;0;False;1;9.86;87.0;13.0;232;test
1;19;0.0;6;False;1;0.46;80.0;26.0;85;test
3;6;0.0;5;True;1;15.5;88.0;0.0;116;test
3;21;0.0;5;True;3;8.92;87.0;6.0;101;test
6;0;0.0;4;True;0;20.2;53.0;20.0;48;test
10;7;0.0;5;True;3;17.38;94.0;0.0;154;test
11;22;0.0;6;False;1;7.04;57.0;7.0;145;test
5;13;0.0;4;True;0;26.78;35.0;9.0;293;test
12;18;0.0;1;True;3;3.28;93.0;7.0;26;test
5;21;0.0;4;True;3;22.08;78.0;11.0;285;test
12;7;0.0;3;True;0;4.22;75.0;9.0;363;test
11;7;0.0;5;True;0;3.28;81.0;0.0;77;test
7;12;0.0;0;False;0;35.24;42.0;13.0;376;test
9;18;0.0;0;False;0;21.14;50.0;11.0;481;test
7;17;0.0;1;True;0;31.48;32.0;9.0;747;test
9;0;0.0;4;True;0;15.5;63.0;0.0;58;test
10;6;0.0;2;True;0;11.74;67.0;11.0;172;test
9;22;0.0;6;False;0;21.14;57.0;13.0;239;test
11;7;0.0;6;False;0;4.22;87.0;7.0;71;test
11;19;1.0;4;False;0;8.92;76.0;0.0;44;test
9;21;0.0;1;True;3;21.14;83.0;15.0;233;test
1;7;0.0;2;True;1;0.46;93.0;11.0;222;test
10;17;0.0;4;True;1;19.26;64.0;22.0;890;test
8;19;0.0;5;True;1;29.6;63.0;15.0;469;test
12;18;0.0;1;True;0;15.5;68.0;6.0;692;test
9;13;0.0;3;True;0;24.9;58.0;15.0;340;test
5;19;0.0;5;True;0;21.14;41.0;13.0;483;test
11;18;0.0;4;True;0;10.8;24.0;28.0;507;test
8;4;0.0;1;True;0;22.08;69.0;7.0;11;test
1;4;0.0;6;False;3;-0.48;86.0;6.0;1;test
7;1;0.0;6;False;1;21.14;83.0;17.0;72;test
2;0;0.0;0;False;1;3.28;87.0;9.0;61;test
5;13;0.0;5;True;1;22.08;73.0;0.0;278;test
10;6;0.0;6;False;0;11.74;71.0;0.0;31;test
3;12;0.0;3;True;1;22.08;29.0;0.0;267;test
6;9;0.0;5;True;0;21.14;53.0;11.0;382;test
8;14;0.0;4;True;0;33.36;32.0;15.0;247;test
8;10;0.0;3;True;0;25.84;66.0;6.0;236;test
1;22;0.0;1;True;0;5.16;48.0;15.0;94;test
9;2;0.0;4;True;0;20.2;78.0;6.0;16;test
11;9;0.0;5;True;0;5.16;75.0;7.0;112;test
5;17;0.0;4;True;0;25.84;54.0;9.0;704;test
12;3;0.0;5;True;3;13.62;94.0;26.0;3;test
9;3;0.0;3;True;1;16.44;63.0;17.0;5;test
3;10;0.0;6;False;0;4.22;35.0;28.0;223;test
9;16;0.0;0;False;0;22.08;36.0;15.0;648;test
12;9;0.0;6;False;1;4.22;93.0;17.0;193;test
1;23;0.0;1;True;0;4.22;60.0;13.0;52;test
4;6;0.0;0;False;0;7.98;87.0;9.0;7;test
4;11;0.0;1;True;1;7.04;70.0;24.0;101;test
8;16;0.0;0;False;3;22.08;89.0;19.0;173;test
6;19;0.0;2;True;0;29.6;59.0;15.0;514;test
7;18;0.0;2;True;3;24.9;74.0;15.0;819;test
1;0;0.0;0;False;0;6.1;33.0;15.0;96;test
3;1;0.0;6;False;0;6.1;36.0;17.0;51;test
10;5;0.0;6;False;0;6.1;61.0;13.0;11;test
12;12;0.0;2;True;3;14.56;48.0;17.0;313;test
8;13;0.0;0;False;3;22.08;83.0;9.0;162;test
8;3;0.0;1;True;0;21.14;88.0;6.0;4;test
2;14;0.0;6;False;0;12.68;35.0;24.0;427;test
3;17;0.0;6;False;3;15.5;88.0;15.0;115;test
2;23;0.0;3;True;1;3.28;87.0;11.0;60;test
7;20;0.0;6;False;0;25.84;84.0;6.0;356;test
2;1;0.0;5;True;1;5.16;61.0;6.0;13;test
12;7;0.0;2;True;0;7.98;66.0;28.0;380;test
5;0;0.0;2;True;0;24.9;79.0;13.0;45;test
10;1;0.0;6;False;1;15.5;88.0;9.0;146;test
9;3;0.0;1;True;0;15.5;77.0;6.0;7;test
3;14;0.0;3;True;1;18.32;78.0;0.0;225;test
10;21;0.0;1;True;0;14.56;67.0;6.0;174;test
7;20;0.0;4;True;1;32.42;41.0;15.0;321;test
5;12;0.0;4;True;0;25.84;37.0;13.0;292;test
1;17;0.0;1;True;3;2.34;87.0;0.0;152;test
5;2;0.0;0;False;1;17.38;83.0;19.0;93;test
4;16;0.0;1;True;3;6.1;81.0;24.0;103;test
11;0;0.0;3;True;1;4.22;75.0;17.0;23;test
5;0;0.0;1;True;1;16.44;77.0;9.0;34;test
6;7;0.0;0;False;0;16.44;72.0;6.0;48;test
11;3;0.0;5;True;1;6.1;65.0;9.0;6;test
7;17;0.0;4;True;0;32.42;41.0;0.0;771;test
4;4;0.0;1;True;3;6.1;81.0;19.0;3;test
7;14;0.0;2;True;1;31.48;53.0;15.0;244;test
9;8;0.0;3;True;0;18.32;64.0;7.0;770;test
8;7;0.0;1;True;3;25.84;70.0;13.0;407;test
3;9;0.0;4;True;1;15.5;94.0;6.0;318;test
10;9;0.0;0;False;1;14.56;67.0;19.0;223;test
6;14;0.0;1;True;0;21.14;41.0;33.0;270;test
3;8;0.0;1;True;0;12.68;62.0;15.0;657;test
4;16;0.0;2;True;0;23.96;22.0;24.0;370;test
6;17;0.0;1;True;1;20.2;73.0;13.0;723;test
4;23;0.0;5;True;0;10.8;40.0;17.0;116;test
10;19;0.0;2;True;3;21.14;94.0;0.0;395;test
9;12;0.0;4;True;1;26.78;48.0;9.0;335;test
2;16;0.0;6;False;1;7.98;61.0;11.0;143;test
5;22;0.0;6;False;0;24.9;74.0;17.0;204;test
3;1;0.0;1;True;0;13.62;88.0;7.0;15;test
8;19;0.0;0;False;0;26.78;40.0;9.0;465;test
1;18;0.0;5;True;0;4.22;38.0;20.0;301;test
5;2;0.0;4;True;1;13.62;88.0;9.0;17;test
11;5;0.0;2;True;1;7.98;87.0;19.0;18;test
3;19;0.0;6;False;3;13.62;94.0;9.0;133;test
9;22;0.0;4;True;3;21.14;83.0;20.0;47;test
5;20;0.0;4;True;0;20.2;40.0;13.0;446;test
4;3;0.0;2;True;0;9.86;46.0;0.0;3;test
3;11;0.0;5;True;1;8.92;53.0;0.0;201;test
11;6;0.0;2;True;1;6.1;81.0;11.0;100;test
3;23;0.0;0;False;0;10.8;50.0;11.0;52;test
6;6;0.0;0;False;0;21.14;73.0;0.0;30;test
7;17;0.0;3;True;0;29.6;31.0;0.0;913;test
7;20;0.0;0;False;0;24.9;74.0;11.0;378;test
2;6;0.0;2;True;0;6.1;45.0;22.0;101;test
1;16;0.0;2;True;0;13.62;63.0;37.0;219;test
10;6;0.0;2;True;1;9.86;82.0;17.0;143;test
9;21;0.0;4;True;0;22.08;89.0;11.0;272;test
4;23;1.0;1;False;0;24.9;45.0;20.0;121;test
12;20;0.0;6;False;1;6.1;56.0;37.0;66;test
12;8;0.0;1;True;0;2.34;69.0;0.0;66;test
8;9;0.0;3;True;1;27.72;66.0;0.0;341;test
1;15;0.0;6;False;3;1.4;80.0;13.0;119;test
9;15;0.0;2;True;0;23.02;36.0;22.0;303;test
5;2;0.0;2;True;1;15.5;72.0;6.0;8;test
9;17;0.0;0;False;0;27.72;66.0;6.0;503;test
9;0;0.0;5;True;3;20.2;88.0;11.0;17;test
5;8;0.0;4;True;0;21.14;57.0;17.0;693;test
4;10;0.0;0;False;0;19.26;53.0;15.0;421;test
6;12;0.0;6;False;0;29.6;43.0;13.0;602;test
7;11;0.0;4;True;0;34.3;35.0;20.0;244;test
11;13;0.0;6;False;0;16.44;39.0;0.0;651;test
5;23;0.0;5;True;0;20.2;83.0;6.0;256;test
5;19;0.0;5;True;0;26.78;62.0;17.0;404;test
12;18;0.0;4;True;0;5.16;45.0;11.0;565;test
5;20;1.0;1;False;0;28.66;62.0;20.0;317;test
10;13;0.0;0;False;0;22.08;41.0;30.0;619;test
5;15;0.0;6;False;0;23.96;24.0;13.0;590;test
4;0;0.0;4;True;0;16.44;23.0;28.0;45;test
4;18;0.0;0;False;3;8.92;93.0;30.0;39;test
4;10;0.0;4;True;0;10.8;50.0;20.0;141;test
4;3;0.0;6;False;0;8.92;32.0;17.0;28;test
12;8;0.0;0;False;1;8.92;87.0;9.0;88;test
5;18;0.0;2;True;0;23.96;61.0;9.0;785;test
1;0;0.0;1;True;1;7.04;26.0;28.0;10;test
1;23;0.0;3;True;3;7.98;87.0;15.0;9;test
5;4;0.0;4;True;0;13.62;77.0;13.0;2;test
1;11;0.0;4;True;0;-0.48;55.0;11.0;99;test
11;0;0.0;2;True;1;16.44;83.0;19.0;23;test
3;13;0.0;6;False;0;7.04;29.0;19.0;357;test
9;9;0.0;5;True;0;19.26;68.0;9.0;383;test
9;19;0.0;4;True;0;23.02;65.0;9.0;559;test
2;14;0.0;2;True;0;10.8;28.0;7.0;134;test
3;14;0.0;5;True;1;25.84;42.0;7.0;432;test
10;0;0.0;6;False;0;13.62;82.0;9.0;123;test
3;21;0.0;2;True;0;18.32;73.0;0.0;277;test
10;21;0.0;0;False;0;11.74;54.0;11.0;166;test
1;4;0.0;2;True;1;1.4;86.0;11.0;4;test
11;21;0.0;0;False;0;6.1;52.0;20.0;87;test
1;0;0.0;2;True;1;2.34;87.0;7.0;14;test
7;3;0.0;2;True;0;23.96;79.0;0.0;3;test
6;18;0.0;6;False;0;33.36;35.0;0.0;339;test
2;6;0.0;4;True;1;6.1;70.0;6.0;87;test
2;0;0.0;0;False;1;7.98;39.0;24.0;74;test
7;22;0.0;1;True;0;26.78;62.0;13.0;209;test
6;5;0.0;0;False;0;21.14;69.0;6.0;13;test
4;8;0.0;4;True;3;13.62;82.0;13.0;362;test
11;9;0.0;5;True;0;7.98;53.0;28.0;327;test
12;14;0.0;1;True;1;15.5;94.0;15.0;210;test
11;16;1.0;1;False;0;18.32;64.0;11.0;434;test
7;0;0.0;3;True;1;23.02;83.0;9.0;44;test
7;18;0.0;2;True;0;34.3;33.0;13.0;772;test
5;16;0.0;3;True;0;25.84;45.0;7.0;446;test
10;11;0.0;6;False;0;22.08;65.0;17.0;647;test
8;4;0.0;5;True;0;22.08;73.0;11.0;9;test
5;21;0.0;3;True;0;23.96;57.0;7.0;304;test
11;2;0.0;2;True;3;8.92;87.0;30.0;11;test
4;8;0.0;6;False;0;7.98;34.0;17.0;123;test
1;8;0.0;1;True;1;2.34;55.0;6.0;420;test
8;17;0.0;5;True;0;30.54;36.0;22.0;791;test
2;15;0.0;4;True;0;7.04;36.0;20.0;134;test
1;14;0.0;2;True;0;15.5;29.0;22.0;160;test
2;9;0.0;6;False;0;2.34;80.0;7.0;138;test
2;21;0.0;0;False;0;6.1;45.0;9.0;83;test
2;15;0.0;2;True;0;12.68;38.0;13.0;146;test
9;12;0.0;6;False;1;29.6;55.0;11.0;471;test
2;19;0.0;1;True;0;8.92;43.0;17.0;291;test
12;10;0.0;4;True;0;3.28;52.0;13.0;145;test
5;19;0.0;3;True;0;25.84;54.0;11.0;556;test
4;3;0.0;1;True;0;12.68;30.0;11.0;3;test
11;4;0.0;2;True;1;7.98;66.0;13.0;6;test
11;6;1.0;1;False;0;9.86;87.0;7.0;71;test
1;22;0.0;3;True;1;1.4;47.0;6.0;52;test
6;17;0.0;6;False;0;31.48;24.0;0.0;495;test
4;19;0.0;4;True;0;19.26;46.0;9.0;586;test
6;4;0.0;3;True;0;20.2;83.0;9.0;10;test
9;12;0.0;3;True;0;28.66;70.0;7.0;266;test
6;4;0.0;5;True;0;24.9;65.0;11.0;10;test
8;8;0.0;1;True;0;23.02;83.0;6.0;699;test
6;0;0.0;1;True;0;24.9;65.0;7.0;41;test
11;2;0.0;2;True;1;7.04;70.0;11.0;5;test
11;12;1.0;1;False;0;18.32;64.0;15.0;419;test
7;0;0.0;1;True;3;25.84;79.0;7.0;43;test
10;9;0.0;2;True;0;14.56;55.0;17.0;355;test
1;4;0.0;5;True;0;2.34;69.0;9.0;3;test
11;20;0.0;1;True;1;9.86;62.0;17.0;259;test
6;23;0.0;4;True;1;21.14;69.0;11.0;172;test
4;13;0.0;1;True;0;13.62;36.0;20.0;281;test
10;7;0.0;3;True;0;15.5;88.0;6.0;526;test
1;8;0.0;2;True;0;4.22;60.0;7.0;512;test
12;2;0.0;4;True;0;7.04;66.0;0.0;8;test
9;21;0.0;6;False;1;20.2;83.0;11.0;181;test
3;17;0.0;2;True;0;12.68;16.0;0.0;614;test
12;12;0.0;0;False;0;5.16;36.0;39.0;144;test
3;18;0.0;4;True;0;23.02;44.0;19.0;746;test
12;3;0.0;6;False;0;4.22;48.0;30.0;7;test
2;11;0.0;0;False;0;5.16;41.0;19.0;227;test
1;9;0.0;4;True;1;6.1;81.0;0.0;274;test
5;14;0.0;2;True;1;26.78;48.0;17.0;204;test
1;2;0.0;5;True;0;4.22;48.0;9.0;11;test
3;15;0.0;3;True;1;18.32;78.0;0.0;243;test
11;7;0.0;4;True;0;1.4;64.0;0.0;362;test
9;18;0.0;2;True;1;20.2;88.0;11.0;281;test
3;15;0.0;6;False;3;15.5;94.0;28.0;290;test
1;14;0.0;5;True;0;13.62;36.0;13.0;178;test
4;13;0.0;2;True;0;18.32;19.0;17.0;345;test
10;21;0.0;2;True;1;14.56;77.0;9.0;225;test
2;1;0.0;0;False;0;3.28;44.0;22.0;55;test
7;6;0.0;2;True;0;23.02;83.0;9.0;190;test
5;17;0.0;3;True;0;26.78;48.0;6.0;839;test
12;16;0.0;3;True;0;11.74;50.0;24.0;334;test
11;2;0.0;0;False;0;6.1;65.0;0.0;37;test
7;8;0.0;1;True;0;27.72;52.0;13.0;568;test
1;12;0.0;1;True;1;2.34;93.0;0.0;62;test
12;6;0.0;5;True;1;7.98;57.0;39.0;80;test
4;16;0.0;2;True;0;15.5;23.0;13.0;362;test
11;21;0.0;0;False;0;12.68;67.0;15.0;171;test
12;18;0.0;0;False;3;9.86;82.0;7.0;107;test
7;14;0.0;5;True;0;34.3;31.0;11.0;275;test
8;14;0.0;6;False;3;23.02;65.0;17.0;482;test
6;10;0.0;5;True;0;22.08;57.0;11.0;216;test
5;16;0.0;6;False;0;26.78;30.0;7.0;642;test
7;2;0.0;2;True;0;24.9;74.0;9.0;16;test
10;14;0.0;5;True;0;18.32;37.0;31.0;371;test
12;21;0.0;4;True;3;7.98;76.0;11.0;26;test
2;2;0.0;1;True;0;2.34;75.0;0.0;3;test
8;20;0.0;5;True;1;24.9;65.0;15.0;363;test
10;21;0.0;1;True;0;16.44;59.0;22.0;206;test
8;21;0.0;6;False;0;29.6;59.0;17.0;289;test
10;4;0.0;3;True;1;6.1;87.0;13.0;5;test
9;9;0.0;4;True;0;18.32;60.0;6.0;355;test
12;20;0.0;0;False;3;8.92;100.0;6.0;108;test
4;20;0.0;0;False;1;15.5;59.0;15.0;232;test
2;17;0.0;0;False;0;0.46;37.0;28.0;87;test
4;6;0.0;2;True;0;6.1;61.0;6.0;100;test
10;19;0.0;0;False;0;15.5;42.0;11.0;266;test
12;6;0.0;5;True;1;5.16;75.0;11.0;84;test
6;18;0.0;4;True;0;32.42;41.0;13.0;640;test
12;2;0.0;5;True;1;4.22;70.0;9.0;11;test
1;20;0.0;1;True;1;1.4;86.0;6.0;132;test
7;18;0.0;1;True;0;31.48;32.0;11.0;730;test
11;1;0.0;6;False;0;7.98;42.0;33.0;20;test
7;1;0.0;3;True;0;27.72;66.0;7.0;16;test
10;2;0.0;0;False;0;10.8;62.0;11.0;132;test
4;13;1.0;1;False;0;26.78;45.0;20.0;263;test
4;23;0.0;2;True;0;15.5;59.0;0.0;79;test
12;8;0.0;4;True;1;6.1;70.0;0.0;599;test
4;23;0.0;4;True;0;15.5;63.0;7.0;144;test
8;2;0.0;3;True;0;23.96;65.0;0.0;8;test
7;2;0.0;5;True;0;27.72;62.0;9.0;17;test
12;18;0.0;6;False;0;4.22;44.0;31.0;82;test
10;6;0.0;0;False;0;10.8;82.0;11.0;24;test
8;21;0.0;3;True;0;26.78;66.0;7.0;381;test
5;18;1.0;1;False;0;29.6;59.0;20.0;383;test
7;2;0.0;4;True;1;23.02;65.0;6.0;9;test
4;14;0.0;6;False;0;15.5;22.0;20.0;578;test
7;17;0.0;4;True;0;34.3;45.0;28.0;738;test
4;8;0.0;3;True;0;8.92;76.0;6.0;654;test
6;4;0.0;5;True;1;21.14;73.0;6.0;6;test
4;14;0.0;2;True;0;17.38;24.0;13.0;224;test
1;11;0.0;6;False;0;7.98;57.0;15.0;324;test
7;23;0.0;2;True;1;22.08;89.0;7.0;103;test
1;2;0.0;2;True;3;5.16;75.0;17.0;12;test
1;7;0.0;1;True;0;2.34;44.0;19.0;225;test
9;11;0.0;0;False;0;22.08;47.0;11.0;559;test
2;17;0.0;3;True;0;16.44;32.0;26.0;529;test
8;15;0.0;3;True;0;27.72;40.0;13.0;338;test
11;9;0.0;3;True;0;6.1;52.0;26.0;332;test
6;0;0.0;6;False;1;18.32;83.0;9.0;86;test
4;10;0.0;2;True;0;20.2;38.0;28.0;217;test
11;7;0.0;0;False;0;4.22;65.0;7.0;50;test
5;23;0.0;0;False;1;21.14;57.0;15.0;74;test
1;6;0.0;5;True;1;4.22;75.0;15.0;73;test
12;7;0.0;6;False;1;4.22;70.0;9.0;18;test
6;20;0.0;2;True;0;24.9;30.0;19.0;505;test
4;11;0.0;6;False;0;21.14;61.0;22.0;608;test
9;16;0.0;4;True;1;25.84;58.0;22.0;472;test
4;5;0.0;1;True;3;6.1;81.0;19.0;14;test
11;23;0.0;5;True;1;6.1;75.0;6.0;110;test
3;16;0.0;4;True;1;21.14;41.0;43.0;342;test
7;16;0.0;0;False;1;29.6;66.0;15.0;291;test
7;12;1.0;3;False;0;32.42;41.0;15.0;494;test
5;5;0.0;3;True;0;17.38;90.0;9.0;33;test
4;2;0.0;4;True;0;7.04;61.0;19.0;4;test
10;12;0.0;4;True;1;20.2;53.0;17.0;377;test
7;11;0.0;0;False;0;35.24;42.0;20.0;389;test
8;20;0.0;6;False;3;23.02;89.0;28.0;160;test
1;22;0.0;0;False;0;4.22;60.0;7.0;58;test
12;10;0.0;1;True;1;12.68;94.0;15.0;133;test
10;3;0.0;0;False;0;11.74;77.0;20.0;28;test
3;2;0.0;5;True;1;11.74;82.0;13.0;4;test
11;7;0.0;5;True;1;6.1;61.0;11.0;367;test
6;14;0.0;0;False;0;23.96;36.0;22.0;678;test
5;9;0.0;5;True;1;22.08;89.0;9.0;340;test
12;11;0.0;3;True;1;7.04;49.0;15.0;172;test
3;16;0.0;5;True;3;14.56;77.0;0.0;129;test
2;21;0.0;1;True;0;13.62;36.0;19.0;195;test
10;18;0.0;6;False;0;16.44;48.0;28.0;495;test
5;11;0.0;5;True;0;23.96;79.0;9.0;283;test
4;17;0.0;1;True;0;18.32;60.0;11.0;683;test
6;0;0.0;3;True;0;16.44;59.0;6.0;49;test
2;0;0.0;5;True;1;5.16;65.0;6.0;43;test
8;6;0.0;1;True;1;20.2;78.0;9.0;161;test
10;11;0.0;5;True;1;18.32;78.0;11.0;290;test
5;8;0.0;4;True;0;16.44;55.0;30.0;634;test
8;6;0.0;3;True;0;20.2;73.0;13.0;181;test
7;23;0.0;5;True;0;27.72;66.0;0.0;189;test
10;14;0.0;2;True;3;6.1;81.0;24.0;126;test
7;9;0.0;1;True;0;28.66;46.0;17.0;295;test
7;5;0.0;2;True;0;23.02;83.0;9.0;42;test
5;2;0.0;0;False;1;17.38;68.0;11.0;82;test
3;12;0.0;6;False;0;6.1;33.0;22.0;329;test
10;19;0.0;1;True;1;17.38;68.0;7.0;516;test
1;12;0.0;0;False;1;-0.48;80.0;15.0;185;test
8;22;0.0;1;True;1;20.2;83.0;0.0;161;test
1;12;0.0;0;False;0;9.86;43.0;15.0;351;test
9;15;0.0;5;True;1;23.96;54.0;19.0;392;test
7;8;0.0;2;True;0;26.78;70.0;13.0;743;test
8;15;0.0;0;False;3;22.08;89.0;19.0;391;test
1;19;0.0;1;True;1;4.22;93.0;11.0;220;test
11;22;0.0;1;True;0;7.04;61.0;0.0;104;test
4;2;0.0;3;True;0;13.62;51.0;0.0;5;test
3;22;0.0;6;False;0;12.68;21.0;9.0;134;test
1;13;0.0;2;True;0;7.98;87.0;11.0;203;test
1;21;0.0;2;True;0;8.92;71.0;0.0;172;test
8;15;0.0;1;True;0;30.54;46.0;9.0;274;test
2;6;0.0;6;False;1;6.1;42.0;20.0;13;test
10;0;0.0;3;True;3;21.14;94.0;0.0;52;test
2;16;0.0;1;True;0;8.92;23.0;13.0;211;test
2;11;0.0;1;True;0;2.34;37.0;13.0;90;test
1;15;0.0;5;True;1;2.34;35.0;13.0;156;test
4;0;0.0;6;False;0;16.44;77.0;15.0;142;test
5;10;0.0;4;True;1;16.44;77.0;0.0;168;test
6;9;0.0;5;True;0;27.72;55.0;11.0;300;test
7;1;1.0;3;False;0;23.96;74.0;0.0;123;test
7;8;0.0;1;True;1;25.84;74.0;7.0;751;test
2;6;0.0;0;False;0;-3.3;49.0;26.0;2;test
5;14;0.0;3;True;0;21.14;69.0;6.0;240;test
3;1;0.0;2;True;0;17.38;88.0;0.0;15;test
6;9;0.0;4;True;0;19.26;68.0;0.0;337;test
8;13;0.0;3;True;1;29.6;52.0;0.0;313;test
6;20;0.0;0;False;0;21.14;57.0;13.0;302;test
7;21;0.0;0;False;0;27.72;70.0;9.0;207;test
7;0;0.0;4;True;1;23.96;61.0;0.0;56;test
2;16;0.0;0;False;1;7.04;45.0;19.0;212;test
1;22;0.0;2;True;0;12.68;35.0;20.0;129;test
11;19;0.0;0;False;0;8.92;66.0;11.0;210;test
5;10;0.0;5;True;1;21.14;73.0;9.0;199;test
10;13;0.0;6;False;0;18.32;43.0;11.0;714;test
11;16;1.0;4;False;0;13.62;33.0;0.0;182;test
7;4;0.0;0;False;0;24.9;79.0;13.0;4;test
10;21;0.0;6;False;0;10.8;58.0;13.0;204;test
2;13;0.0;4;True;0;16.44;39.0;13.0;218;test
7;6;0.0;5;True;0;26.78;66.0;13.0;131;test
1;10;0.0;3;True;1;3.28;87.0;9.0;97;test
7;5;0.0;6;False;0;23.96;79.0;11.0;14;test
12;22;0.0;6;False;1;6.1;87.0;0.0;147;test
11;18;0.0;0;False;0;16.44;45.0;9.0;405;test
5;14;0.0;4;True;0;27.72;31.0;13.0;254;test
12;12;0.0;0;False;1;10.8;82.0;20.0;315;test
6;12;0.0;3;True;0;27.72;29.0;20.0;322;test
4;19;0.0;6;False;3;8.92;71.0;9.0;139;test
3;14;0.0;0;False;1;15.5;77.0;6.0;521;test
8;13;0.0;4;True;0;32.42;41.0;7.0;281;test
11;5;0.0;5;True;0;6.1;56.0;13.0;27;test
1;10;0.0;3;True;1;4.22;70.0;22.0;141;test
1;5;0.0;5;True;1;1.4;80.0;9.0;13;test
9;21;0.0;0;False;0;20.2;46.0;15.0;206;test
12;10;0.0;6;False;0;7.04;61.0;11.0;273;test
7;12;0.0;2;True;0;33.36;28.0;13.0;272;test
2;23;0.0;4;True;0;7.04;81.0;6.0;73;test
5;20;0.0;5;True;0;24.9;65.0;11.0;350;test
4;7;0.0;3;True;0;5.16;52.0;9.0;321;test
4;1;0.0;4;True;3;11.74;77.0;7.0;13;test
4;8;0.0;5;True;0;12.68;94.0;0.0;700;test
8;5;0.0;5;True;0;22.08;89.0;11.0;29;test
11;5;0.0;1;True;0;2.34;69.0;11.0;41;test
8;18;0.0;3;True;3;23.02;61.0;15.0;683;test
3;18;0.0;2;True;0;24.9;34.0;20.0;734;test
10;2;0.0;5;True;0;17.38;73.0;6.0;11;test
7;2;0.0;5;True;1;23.02;89.0;6.0;19;test
1;23;0.0;0;False;0;-0.48;43.0;6.0;29;test
7;13;0.0;5;True;1;29.6;38.0;9.0;374;test
2;17;0.0;6;False;3;2.34;69.0;31.0;144;test
9;13;0.0;0;False;0;22.08;41.0;11.0;694;test
9;10;0.0;6;False;0;21.14;41.0;26.0;442;test
2;23;0.0;0;False;0;3.28;70.0;9.0;42;test
11;6;0.0;5;True;1;6.1;61.0;6.0;130;test
4;23;0.0;0;False;0;15.5;39.0;17.0;51;test
4;4;0.0;4;True;0;6.1;61.0;15.0;1;test
3;5;0.0;1;True;0;12.68;77.0;11.0;36;test
9;4;0.0;4;True;0;12.68;77.0;7.0;6;test
10;8;0.0;0;False;0;11.74;67.0;0.0;143;test
3;13;0.0;4;True;0;19.26;78.0;6.0;298;test
1;4;0.0;6;False;0;-1.42;50.0;9.0;3;test
12;11;0.0;5;True;1;7.04;42.0;28.0;162;test
9;5;0.0;5;True;0;18.32;88.0;0.0;38;test
12;5;0.0;6;False;0;3.28;87.0;6.0;13;test
8;15;0.0;6;False;0;27.72;37.0;15.0;596;test
6;16;0.0;6;False;1;25.84;37.0;7.0;542;test
4;11;0.0;2;True;0;13.62;31.0;26.0;184;test
5;14;0.0;6;False;0;27.72;66.0;15.0;564;test
1;9;0.0;2;True;1;7.04;87.0;6.0;255;test
5;2;0.0;5;True;1;21.14;83.0;0.0;23;test
6;22;0.0;2;True;0;23.02;34.0;17.0;245;test
5;3;0.0;4;True;0;21.14;69.0;6.0;8;test
2;12;0.0;0;False;0;-1.42;39.0;43.0;140;test
4;14;0.0;0;False;0;17.38;34.0;0.0;653;test
8;1;0.0;5;True;0;24.9;65.0;7.0;41;test
8;11;0.0;0;False;0;26.78;66.0;24.0;482;test
7;3;0.0;2;True;0;23.02;83.0;11.0;6;test
11;9;0.0;2;True;1;7.04;81.0;9.0;268;test
6;12;0.0;2;True;3;23.02;83.0;17.0;95;test
5;12;0.0;2;True;1;21.14;78.0;7.0;254;test
3;11;0.0;1;True;0;12.68;44.0;15.0;150;test
11;18;0.0;5;True;1;13.62;44.0;0.0;208;test
8;18;0.0;1;True;1;21.14;78.0;17.0;815;test
9;2;0.0;0;False;0;17.38;77.0;19.0;96;test
5;0;0.0;4;True;3;15.5;77.0;11.0;33;test
12;7;0.0;4;True;0;3.28;60.0;15.0;385;test
8;7;0.0;0;False;0;22.08;89.0;13.0;34;test
3;4;0.0;1;True;0;12.68;94.0;0.0;3;test
12;3;0.0;3;True;0;14.56;67.0;9.0;7;test
4;6;0.0;3;True;0;5.16;56.0;7.0;106;test
3;5;0.0;1;True;0;12.68;94.0;0.0;31;test
4;9;0.0;6;False;0;10.8;30.0;17.0;276;test
5;5;0.0;6;False;0;11.74;67.0;9.0;13;test
4;8;0.0;0;False;0;16.44;59.0;0.0;97;test
12;11;0.0;4;True;0;4.22;48.0;11.0;178;test
10;6;0.0;1;True;0;12.68;77.0;7.0;155;test
6;23;0.0;2;True;3;23.02;94.0;15.0;89;test
8;4;0.0;4;True;1;23.96;89.0;9.0;10;test
9;22;0.0;0;False;0;14.56;72.0;0.0;91;test
4;4;0.0;3;True;0;11.74;67.0;6.0;1;test
7;20;0.0;1;True;0;25.84;70.0;15.0;462;test
10;17;0.0;2;True;3;6.1;87.0;15.0;124;test
4;9;0.0;3;True;1;7.04;49.0;20.0;302;test
4;16;0.0;0;False;0;22.08;19.0;22.0;476;test
6;11;0.0;5;True;0;24.9;42.0;17.0;264;test
12;19;0.0;1;True;1;11.74;88.0;9.0;340;test
6;2;0.0;5;True;0;26.78;79.0;0.0;12;test
5;18;0.0;3;True;0;26.78;48.0;11.0;796;test
11;17;0.0;5;True;0;11.74;44.0;9.0;654;test
4;13;0.0;3;True;0;18.32;26.0;15.0;228;test
3;12;0.0;4;True;1;21.14;50.0;9.0;265;test
5;5;0.0;6;False;0;21.14;83.0;17.0;10;test
2;23;0.0;6;False;1;8.92;40.0;26.0;74;test
2;12;0.0;2;True;0;8.92;34.0;9.0;183;test
8;22;0.0;5;True;0;25.84;74.0;19.0;218;test
9;19;0.0;4;True;0;19.26;60.0;15.0;603;test
11;6;0.0;5;True;0;6.1;70.0;11.0;122;test
12;3;0.0;0;False;1;7.98;87.0;13.0;38;test
5;13;0.0;6;False;0;26.78;55.0;9.0;524;test
10;10;0.0;5;True;0;16.44;36.0;20.0;275;test
3;13;0.0;3;True;0;23.02;27.0;15.0;254;test
9;4;0.0;3;True;0;18.32;73.0;17.0;14;test
2;4;0.0;6;False;0;6.1;42.0;22.0;2;test
7;21;0.0;5;True;3;21.14;83.0;22.0;122;test
7;9;0.0;3;True;1;24.9;74.0;9.0;328;test
1;3;0.0;3;True;1;12.68;51.0;33.0;4;test
7;16;0.0;0;False;0;32.42;41.0;15.0;495;test
3;11;0.0;4;True;0;15.5;45.0;28.0;220;test
4;20;0.0;6;False;1;18.32;46.0;9.0;321;test
10;11;0.0;2;True;1;14.56;69.0;13.0;193;test
7;4;0.0;4;True;0;25.84;70.0;7.0;8;test
2;9;0.0;6;False;0;3.28;81.0;9.0;157;test
3;15;0.0;0;False;0;8.92;32.0;35.0;334;test
7;9;0.0;2;True;0;26.78;66.0;9.0;331;test
10;0;1.0;1;False;0;9.86;76.0;19.0;51;test
9;14;0.0;0;False;0;20.2;38.0;13.0;666;test
6;5;0.0;3;True;0;14.56;77.0;0.0;38;test
2;0;0.0;3;True;0;7.04;53.0;7.0;32;test
10;18;0.0;2;True;1;15.5;72.0;15.0;784;test
7;4;0.0;0;False;0;28.66;66.0;7.0;13;test
11;11;0.0;0;False;0;9.86;62.0;19.0;359;test
8;6;0.0;0;False;0;21.14;88.0;20.0;21;test
1;5;0.0;4;True;0;-2.36;55.0;17.0;19;test
3;18;0.0;5;True;3;8.92;87.0;13.0;160;test
4;16;0.0;4;True;0;14.56;31.0;19.0;353;test
10;6;0.0;0;False;1;15.5;59.0;22.0;39;test
7;16;0.0;2;True;0;35.24;29.0;11.0;381;test
1;11;0.0;4;True;0;6.1;49.0;0.0;84;test
11;7;0.0;2;True;3;6.1;81.0;9.0;293;test
4;23;0.0;0;False;3;13.62;72.0;0.0;63;test
3;10;0.0;3;True;0;8.92;50.0;20.0;147;test
4;0;0.0;0;False;3;8.92;81.0;9.0;36;test
1;12;0.0;0;False;0;10.8;62.0;19.0;201;test
10;20;0.0;1;True;1;16.44;72.0;26.0;256;test
10;20;0.0;3;True;1;21.14;61.0;6.0;441;test
2;14;0.0;4;True;0;17.38;37.0;17.0;192;test
6;3;0.0;5;True;0;18.32;83.0;11.0;5;test
10;5;0.0;4;True;3;22.08;89.0;7.0;39;test
6;19;0.0;0;False;0;22.08;53.0;11.0;390;test
6;0;0.0;2;True;0;21.14;33.0;22.0;37;test
8;7;0.0;1;True;0;23.02;65.0;9.0;436;test
11;3;0.0;4;True;1;4.22;70.0;6.0;2;test
1;17;0.0;5;True;1;2.34;32.0;6.0;349;test
7;21;0.0;4;True;0;25.84;48.0;15.0;373;test
11;22;0.0;6;False;0;9.86;71.0;6.0;193;test
6;20;0.0;2;True;0;23.96;83.0;13.0;386;test
1;4;0.0;2;True;3;7.04;66.0;22.0;2;test
8;5;0.0;5;True;0;22.08;73.0;7.0;36;test
12;1;0.0;6;False;1;3.28;75.0;6.0;37;test
11;23;0.0;2;True;1;4.22;81.0;17.0;67;test
3;1;0.0;1;True;0;9.86;50.0;9.0;10;test
10;10;0.0;6;False;0;10.8;43.0;0.0;347;test
9;4;0.0;6;False;0;18.32;83.0;19.0;15;test
12;11;0.0;4;True;0;7.98;42.0;17.0;189;test
10;4;0.0;3;True;0;8.92;81.0;6.0;4;test
10;2;0.0;6;False;0;7.98;53.0;13.0;67;test
9;3;0.0;4;True;0;16.44;83.0;0.0;11;test
10;6;0.0;4;True;0;12.68;88.0;20.0;153;test
12;8;0.0;2;True;0;9.86;94.0;0.0;662;test
4;8;0.0;1;True;0;8.92;57.0;22.0;589;test
10;2;0.0;3;True;1;13.62;88.0;0.0;8;test
1;19;0.0;0;False;0;7.04;29.0;17.0;159;test
7;15;0.0;5;True;1;29.6;36.0;7.0;353;test
2;14;0.0;1;True;0;13.62;36.0;19.0;158;test
5;4;0.0;0;False;1;17.38;68.0;13.0;9;test
1;3;0.0;0;False;0;4.22;28.0;13.0;21;test
11;12;0.0;5;True;0;12.68;38.0;17.0;379;test
8;20;0.0;1;True;0;26.78;62.0;15.0;432;test
3;22;0.0;5;True;0;20.2;64.0;19.0;271;test
2;1;0.0;2;True;1;4.22;56.0;0.0;6;test
1;22;0.0;6;False;1;0.46;74.0;20.0;59;test
7;15;1.0;3;False;0;35.24;35.0;20.0;454;test
3;20;0.0;3;True;0;15.5;51.0;17.0;260;test
12;8;0.0;1;True;0;8.92;93.0;0.0;731;test
4;2;0.0;4;True;0;13.62;33.0;30.0;18;test
5;6;0.0;6;False;1;17.38;94.0;0.0;42;test
8;17;0.0;2;True;0;26.78;51.0;19.0;878;test
9;5;0.0;4;True;1;24.9;84.0;13.0;38;test
1;20;0.0;4;True;1;10.8;82.0;9.0;224;test
5;3;0.0;5;True;0;13.62;72.0;6.0;14;test
1;13;0.0;2;True;0;11.74;38.0;20.0;178;test
8;22;0.0;5;True;3;23.02;83.0;13.0;213;test
6;1;0.0;6;False;0;23.02;78.0;9.0;123;test
7;6;0.0;0;False;0;22.08;73.0;11.0;18;test
12;23;0.0;5;True;0;5.16;75.0;6.0;134;test
3;20;0.0;2;True;0;11.74;17.0;6.0;294;test
1;18;0.0;6;False;0;11.74;41.0;15.0;241;test
3;15;0.0;0;False;1;12.68;88.0;13.0;421;test
7;22;0.0;0;False;0;25.84;74.0;7.0;130;test
2;7;0.0;0;False;0;1.4;51.0;20.0;22;test
12;5;0.0;4;True;0;2.34;55.0;19.0;32;test
3;5;0.0;4;True;0;11.74;77.0;15.0;29;test
11;20;0.0;1;True;0;7.98;49.0;0.0;277;test
8;13;0.0;2;True;0;26.78;40.0;0.0;331;test
4;12;0.0;1;True;0;12.68;44.0;30.0;281;test
7;21;0.0;6;False;1;20.2;88.0;11.0;163;test
12;22;0.0;4;True;0;4.22;60.0;6.0;148;test
12;21;0.0;4;True;1;3.28;60.0;17.0;63;test
1;10;0.0;0;False;0;7.98;49.0;11.0;208;test
5;10;0.0;1;True;1;16.44;77.0;13.0;190;test
10;19;0.0;0;False;0;18.32;64.0;15.0;336;test
12;19;0.0;6;False;1;6.1;61.0;17.0;97;test
3;11;0.0;4;True;1;17.38;60.0;31.0;204;test
8;19;0.0;1;True;0;26.78;70.0;15.0;573;test
5;10;0.0;3;True;0;23.02;61.0;0.0;192;test
8;22;0.0;2;True;0;22.08;78.0;0.0;232;test
10;8;0.0;3;True;1;16.44;83.0;7.0;801;test
2;11;0.0;5;True;0;7.04;53.0;20.0;164;test
10;12;0.0;6;False;0;12.68;35.0;0.0;573;test
9;19;0.0;0;False;3;15.5;72.0;9.0;257;test
2;12;0.0;2;True;0;10.8;40.0;22.0;172;test
11;2;0.0;5;True;0;3.28;75.0;0.0;12;test
7;20;0.0;5;True;0;32.42;39.0;7.0;336;test
12;11;0.0;4;True;1;7.98;57.0;15.0;190;test
6;18;0.0;2;True;0;29.6;55.0;11.0;795;test
4;19;0.0;5;True;0;14.56;23.0;20.0;412;test
4;4;0.0;5;True;0;11.74;94.0;7.0;3;test
9;10;0.0;0;False;1;25.84;79.0;0.0;388;test
2;7;0.0;6;False;1;3.28;87.0;9.0;28;test
7;20;0.0;3;True;0;26.78;62.0;6.0;366;test
5;4;0.0;4;True;0;21.14;69.0;0.0;8;test
3;22;0.0;4;True;0;18.32;49.0;22.0;153;test
12;9;0.0;1;True;1;3.28;65.0;7.0;85;test
8;22;0.0;4;True;0;26.78;70.0;13.0;262;test
3;10;0.0;2;True;0;4.22;35.0;15.0;138;test
1;20;0.0;2;True;0;-2.36;33.0;17.0;115;test
1;20;0.0;4;True;0;4.22;52.0;30.0;191;test
4;18;0.0;0;False;0;16.44;52.0;20.0;432;test
11;11;0.0;1;True;1;9.86;66.0;17.0;197;test
10;22;0.0;2;True;0;18.32;68.0;7.0;194;test
12;11;0.0;2;True;1;8.92;53.0;24.0;173;test
7;17;0.0;3;True;0;26.78;70.0;17.0;370;test
7;14;0.0;5;True;3;24.9;84.0;11.0;229;test
4;14;0.0;6;False;0;11.74;38.0;7.0;440;test
4;12;0.0;4;True;0;17.38;49.0;0.0;264;test
5;14;0.0;3;True;1;22.08;53.0;17.0;243;test
3;18;0.0;2;True;0;11.74;17.0;6.0;644;test
1;3;0.0;4;True;1;5.16;75.0;6.0;6;test
2;4;0.0;2;True;0;2.34;64.0;0.0;2;test
9;19;0.0;5;True;0;22.08;65.0;17.0;588;test
11;21;0.0;5;True;0;6.1;75.0;6.0;183;test
11;17;0.0;1;True;0;7.98;46.0;15.0;638;test
12;15;0.0;1;True;1;5.16;45.0;9.0;315;test
5;11;0.0;4;True;0;19.26;49.0;15.0;279;test
4;21;0.0;1;True;3;14.56;41.0;28.0;165;test
4;15;0.0;0;False;0;18.32;37.0;9.0;603;test
4;0;0.0;2;True;0;10.8;43.0;9.0;33;test
8;14;0.0;5;True;0;34.3;25.0;15.0;436;test
7;15;0.0;1;True;0;32.42;47.0;17.0;237;test
5;5;0.0;0;False;3;16.44;83.0;11.0;11;test
12;22;0.0;3;True;0;7.04;45.0;26.0;105;test
4;14;0.0;2;True;0;15.5;25.0;26.0;216;test
9;8;0.0;4;True;0;18.32;73.0;0.0;758;test
5;23;0.0;4;True;0;14.56;48.0;7.0;135;test
3;14;0.0;2;True;1;20.2;73.0;11.0;248;test
7;19;0.0;0;False;0;27.72;55.0;11.0;443;test
2;15;0.0;1;True;0;8.92;27.0;9.0;155;test
8;16;0.0;5;True;1;31.48;32.0;30.0;488;test
12;5;0.0;5;True;0;1.4;69.0;7.0;34;test
8;12;0.0;6;False;0;27.72;37.0;13.0;654;test
11;1;0.0;1;True;0;1.4;69.0;0.0;10;test
10;1;0.0;3;True;1;6.1;81.0;6.0;8;test
1;3;0.0;5;True;0;3.28;52.0;7.0;4;test
10;4;0.0;2;True;0;11.74;77.0;7.0;7;test
4;19;0.0;3;True;0;10.8;40.0;24.0;384;test
12;5;0.0;0;False;1;7.98;87.0;0.0;9;test
6;23;0.0;6;False;0;18.32;52.0;7.0;238;test
2;19;0.0;2;True;1;8.92;50.0;11.0;281;test
2;9;0.0;2;True;0;5.16;45.0;24.0;232;test
8;6;0.0;0;False;0;25.84;79.0;17.0;19;test
5;2;0.0;1;True;3;18.32;94.0;17.0;11;test
11;11;0.0;0;False;0;13.62;59.0;9.0;504;test
2;16;0.0;0;False;0;6.1;56.0;15.0;296;test
8;8;0.0;0;False;0;27.72;66.0;22.0;108;test
10;14;0.0;0;False;0;18.32;35.0;13.0;640;test
11;13;0.0;4;True;1;10.8;58.0;11.0;248;test
9;12;0.0;0;False;3;26.78;70.0;0.0;545;test
6;13;0.0;2;True;0;26.78;58.0;9.0;272;test
1;20;0.0;0;False;0;6.1;52.0;11.0;126;test
11;19;0.0;5;True;0;8.92;46.0;15.0;332;test
12;23;0.0;5;True;1;3.28;65.0;6.0;59;test
3;3;0.0;0;False;0;3.28;60.0;9.0;66;test
9;9;0.0;6;False;0;20.2;43.0;28.0;342;test
1;23;0.0;4;True;0;3.28;70.0;7.0;60;test
1;19;0.0;1;True;0;6.1;45.0;7.0;306;test
3;18;0.0;5;True;0;12.68;26.0;35.0;470;test
1;2;0.0;1;True;0;3.28;56.0;9.0;5;test
10;16;0.0;1;True;0;21.14;33.0;11.0;524;test
4;14;0.0;3;True;0;8.92;57.0;13.0;135;test
8;4;0.0;4;True;0;21.14;73.0;0.0;8;test
5;5;0.0;3;True;3;18.32;88.0;17.0;35;test
5;18;0.0;3;True;0;18.32;73.0;15.0;813;test
10;5;0.0;5;True;0;16.44;77.0;0.0;41;test
6;4;0.0;5;True;0;16.44;63.0;0.0;10;test
3;19;0.0;6;False;0;13.62;33.0;11.0;225;test
10;6;0.0;6;False;0;17.38;88.0;17.0;30;test
4;12;0.0;3;True;1;8.92;46.0;26.0;182;test
10;10;0.0;0;False;1;14.56;51.0;28.0;434;test
2;1;0.0;5;True;0;12.68;62.0;13.0;18;test
6;12;0.0;5;True;0;31.48;49.0;9.0;254;test
4;14;0.0;4;True;0;19.26;43.0;0.0;237;test
12;10;0.0;3;True;0;7.04;70.0;7.0;164;test
11;13;0.0;4;True;0;12.68;18.0;28.0;228;test
3;19;0.0;0;False;0;15.5;72.0;17.0;375;test
12;11;0.0;6;False;0;7.98;61.0;6.0;393;test
5;17;0.0;0;False;0;28.66;49.0;20.0;522;test
9;12;0.0;6;False;0;25.84;54.0;20.0;688;test
5;4;0.0;1;True;1;13.62;88.0;9.0;2;test
9;3;0.0;1;True;0;13.62;63.0;11.0;5;test
9;19;0.0;3;True;0;26.78;70.0;11.0;662;test
11;9;0.0;1;True;1;6.1;52.0;19.0;257;test
5;8;1.0;1;False;0;23.02;69.0;0.0;155;test
12;2;0.0;2;True;1;12.68;88.0;15.0;7;test
6;1;0.0;1;True;0;17.38;77.0;15.0;14;test
9;17;0.0;2;True;0;23.02;39.0;19.0;967;test
2;19;0.0;2;True;0;11.74;26.0;0.0;306;test
9;19;0.0;6;False;0;24.9;58.0;13.0;407;test
11;16;0.0;3;True;0;12.68;33.0;9.0;469;test
10;21;0.0;0;False;3;12.68;88.0;28.0;46;test
2;6;0.0;5;True;1;10.8;87.0;11.0;82;test
11;20;0.0;0;False;0;12.68;62.0;11.0;200;test
12;9;0.0;4;True;1;6.1;70.0;0.0;317;test
11;21;0.0;6;False;1;7.04;57.0;7.0;139;test
7;20;0.0;2;True;0;26.78;66.0;11.0;523;test
4;0;0.0;3;True;0;17.38;32.0;11.0;38;test
5;8;0.0;1;True;1;15.5;82.0;13.0;639;test
1;10;1.0;1;False;1;-1.42;59.0;13.0;126;test
11;4;0.0;2;True;0;2.34;69.0;6.0;7;test
12;15;0.0;1;True;0;20.2;56.0;0.0;268;test
11;7;0.0;3;True;0;4.22;87.0;6.0;273;test
11;11;0.0;5;True;0;11.74;41.0;28.0;221;test
11;2;0.0;6;False;0;7.04;81.0;0.0;44;test
6;2;0.0;4;True;0;16.44;77.0;6.0;12;test
7;1;0.0;3;True;0;22.08;89.0;0.0;14;test
11;3;0.0;2;True;3;8.92;87.0;24.0;5;test
6;4;0.0;6;False;0;17.38;68.0;9.0;8;test
1;0;0.0;3;True;0;4.22;81.0;0.0;28;test
7;9;0.0;6;False;1;19.26;83.0;13.0;207;test
6;12;0.0;6;False;0;29.6;29.0;17.0;531;test
5;15;0.0;5;True;0;27.72;62.0;13.0;466;test
7;0;0.0;2;True;0;24.9;74.0;9.0;64;test
9;4;0.0;0;False;0;13.62;67.0;6.0;7;test
4;13;0.0;3;True;1;20.2;46.0;17.0;251;test
3;17;0.0;1;True;0;22.08;53.0;15.0;721;test
5;17;0.0;0;False;1;21.14;65.0;9.0;511;test
4;9;0.0;4;True;1;13.62;72.0;0.0;301;test
3;6;0.0;4;True;0;13.62;59.0;17.0;117;test
4;22;0.0;3;True;0;18.32;22.0;11.0;181;test
6;6;0.0;6;False;0;22.08;83.0;6.0;47;test
9;1;0.0;2;True;0;12.68;72.0;9.0;13;test
12;21;0.0;2;True;0;8.92;50.0;15.0;168;test
12;4;0.0;6;False;0;4.22;48.0;13.0;5;test
6;12;0.0;4;True;1;23.02;61.0;15.0;265;test
7;13;0.0;2;True;0;30.54;38.0;13.0;280;test
11;4;0.0;0;False;0;2.34;44.0;0.0;2;test
1;10;0.0;5;True;3;14.56;100.0;11.0;126;test
9;8;0.0;5;True;1;20.2;78.0;11.0;766;test
5;16;0.0;0;False;1;21.14;61.0;0.0;544;test
7;21;0.0;2;True;0;23.96;79.0;13.0;352;test
2;7;0.0;4;True;1;6.1;70.0;9.0;288;test
9;9;0.0;0;False;0;21.14;61.0;17.0;299;test
10;4;0.0;5;True;1;18.32;83.0;0.0;6;test
9;15;0.0;4;True;0;25.84;42.0;7.0;352;test
2;13;1.0;1;False;0;6.1;42.0;19.0;312;test
11;16;0.0;6;False;0;10.8;40.0;15.0;469;test
9;18;0.0;4;True;1;23.02;69.0;15.0;899;test
11;23;0.0;2;True;0;6.1;56.0;15.0;205;test
6;15;0.0;6;False;0;31.48;30.0;22.0;483;test
11;6;0.0;4;True;1;6.1;65.0;17.0;147;test
3;16;0.0;0;False;0;14.56;77.0;0.0;492;test
8;2;0.0;3;True;0;22.08;83.0;7.0;13;test
10;8;0.0;6;False;0;18.32;83.0;13.0;206;test
6;19;0.0;5;True;3;21.14;88.0;24.0;45;test
2;3;1.0;1;False;1;3.28;81.0;13.0;8;test
8;12;0.0;5;True;1;26.78;66.0;24.0;315;test
3;9;0.0;3;True;0;6.1;61.0;22.0;264;test
8;9;0.0;0;False;0;24.9;48.0;15.0;217;test
12;7;0.0;6;False;1;8.92;100.0;6.0;39;test
6;18;0.0;0;False;0;22.08;53.0;13.0;513;test
8;5;0.0;6;False;0;20.2;78.0;17.0;9;test
7;7;0.0;2;True;1;26.78;70.0;0.0;526;test
11;22;0.0;1;True;0;5.16;56.0;13.0;115;test
12;0;0.0;4;True;1;5.16;52.0;15.0;32;test
5;11;1.0;1;False;0;25.84;66.0;9.0;476;test
2;9;0.0;5;True;0;3.28;65.0;13.0;270;test
12;0;0.0;4;True;0;7.04;61.0;9.0;42;test
6;12;0.0;0;False;0;21.14;57.0;0.0;615;test
12;12;0.0;6;False;3;1.4;100.0;0.0;48;test
8;21;0.0;0;False;0;25.84;79.0;7.0;208;test
6;13;0.0;2;True;3;23.02;83.0;13.0;59;test
1;0;1.0;1;False;0;-1.42;46.0;9.0;25;test
9;21;0.0;3;True;0;15.5;59.0;11.0;349;test
11;9;1.0;4;False;0;6.1;65.0;0.0;119;test
5;3;0.0;2;True;0;23.96;79.0;19.0;3;test
12;22;0.0;1;True;1;11.74;94.0;9.0;54;test
8;9;0.0;6;False;0;23.96;79.0;13.0;271;test
8;13;0.0;5;True;0;31.48;36.0;26.0;357;test
6;19;0.0;0;False;0;30.54;28.0;19.0;375;test
7;18;0.0;0;False;0;28.66;62.0;7.0;253;test
8;7;0.0;6;False;0;25.84;77.0;11.0;67;test
3;4;0.0;1;True;0;12.68;82.0;11.0;4;test
9;19;0.0;3;True;0;18.32;43.0;15.0;611;test
8;10;0.0;1;True;0;25.84;74.0;9.0;206;test
6;14;0.0;0;False;0;31.48;30.0;20.0;551;test
11;15;0.0;5;True;1;11.74;38.0;7.0;296;test
9;22;0.0;3;True;0;15.5;63.0;6.0;229;test
10;15;0.0;2;True;0;17.38;41.0;22.0;346;test
8;13;0.0;5;True;1;27.72;58.0;24.0;290;test
6;5;0.0;1;True;0;16.44;68.0;0.0;35;test
7;7;0.0;4;True;0;22.08;73.0;9.0;512;test
3;0;0.0;4;True;0;17.38;68.0;13.0;48;test
9;3;0.0;5;True;0;15.5;77.0;6.0;12;test
4;3;0.0;0;False;1;16.44;59.0;9.0;45;test
10;9;0.0;3;True;0;17.38;60.0;19.0;366;test
1;8;0.0;2;True;3;6.1;81.0;19.0;93;test
2;0;0.0;6;False;0;4.22;70.0;7.0;86;test
3;19;0.0;0;False;0;15.5;31.0;19.0;258;test
9;13;0.0;2;True;1;24.9;74.0;39.0;114;test
4;8;0.0;5;True;0;9.86;46.0;11.0;563;test
9;17;0.0;1;True;0;23.02;34.0;22.0;871;test
1;9;0.0;1;True;1;1.4;86.0;6.0;211;test
8;15;0.0;4;True;0;29.6;33.0;17.0;260;test
1;20;0.0;0;False;0;-0.48;37.0;7.0;95;test
12;20;0.0;3;True;0;7.98;46.0;26.0;293;test
7;5;0.0;2;True;0;23.02;83.0;7.0;50;test
11;10;0.0;2;True;1;10.8;66.0;6.0;176;test
7;23;0.0;4;True;0;29.6;55.0;11.0;131;test
1;7;0.0;3;True;0;-7.06;44.0;13.0;152;test
12;15;0.0;3;True;3;4.22;87.0;24.0;13;test
9;8;0.0;5;True;0;17.38;73.0;9.0;757;test
7;18;0.0;2;True;0;27.72;62.0;22.0;877;test
5;21;0.0;0;False;1;22.08;53.0;13.0;169;test
11;22;0.0;4;True;0;8.92;57.0;11.0;202;test
9;10;0.0;4;True;0;19.26;53.0;6.0;190;test
11;17;0.0;2;True;0;7.04;53.0;15.0;627;test
6;1;0.0;3;True;0;20.2;43.0;11.0;23;test
12;16;0.0;0;False;0;5.16;38.0;28.0;133;test
1;19;0.0;2;True;0;-2.36;28.0;28.0;156;test
2;14;0.0;3;True;1;6.1;56.0;11.0;108;test
4;10;0.0;1;True;0;10.8;50.0;35.0;204;test
4;5;0.0;6;False;0;8.92;66.0;7.0;7;test
10;22;0.0;3;True;0;13.62;88.0;17.0;215;test
6;11;0.0;6;False;0;19.26;46.0;19.0;536;test
6;17;0.0;6;False;0;22.08;36.0;0.0;586;test
11;1;0.0;5;True;1;6.1;65.0;6.0;21;test
1;20;0.0;0;False;0;6.1;39.0;15.0;111;test
3;20;0.0;0;False;0;16.44;77.0;9.0;198;test
2;19;0.0;5;True;1;12.68;88.0;7.0;233;test
4;2;0.0;0;False;0;13.62;72.0;19.0;56;test
2;2;0.0;4;True;1;11.74;67.0;9.0;9;test
12;7;0.0;5;True;0;2.34;64.0;11.0;112;test
10;8;0.0;3;True;0;15.5;77.0;11.0;839;test
9;6;0.0;3;True;0;17.38;73.0;13.0;182;test
11;3;0.0;0;False;0;7.98;81.0;0.0;48;test
1;21;0.0;0;False;1;12.68;67.0;17.0;71;test
4;3;0.0;4;True;0;11.74;41.0;20.0;5;test
10;11;0.0;3;True;1;8.92;66.0;15.0;189;test
5;9;0.0;2;True;1;20.2;83.0;7.0;333;test
11;22;0.0;0;False;0;11.74;71.0;13.0;134;test
1;3;0.0;2;True;0;-0.48;55.0;19.0;2;test
7;20;0.0;0;False;0;31.48;39.0;9.0;332;test
12;23;0.0;4;True;0;4.22;60.0;0.0;120;test
8;19;0.0;3;True;0;27.72;66.0;15.0;686;test
5;10;0.0;0;False;1;17.38;77.0;7.0;333;test
1;1;0.0;3;True;0;-6.12;38.0;20.0;3;test
2;9;0.0;0;False;1;3.28;70.0;15.0;92;test
11;7;0.0;3;True;1;4.22;56.0;20.0;319;test
6;11;0.0;0;False;0;21.14;57.0;7.0;546;test
10;9;0.0;1;True;1;16.44;63.0;0.0;340;test
3;15;0.0;5;True;3;13.62;82.0;7.0;107;test
10;0;0.0;0;False;0;12.68;62.0;11.0;127;test
1;9;0.0;6;False;0;2.34;80.0;0.0;158;test
1;11;0.0;6;False;0;6.1;56.0;9.0;296;test
1;22;0.0;2;True;0;7.04;81.0;0.0;125;test
1;3;0.0;0;False;0;7.98;42.0;9.0;32;test
8;19;0.0;3;True;1;23.02;74.0;0.0;580;test
2;18;0.0;3;True;3;3.28;87.0;7.0;167;test
5;20;0.0;4;True;0;16.44;40.0;22.0;374;test
11;11;0.0;3;True;0;10.8;50.0;13.0;241;test
2;20;0.0;2;True;1;9.86;46.0;9.0;184;test
9;2;0.0;4;True;0;17.38;77.0;0.0;9;test
3;15;0.0;4;True;0;21.14;69.0;13.0;304;test
5;11;0.0;0;False;0;21.14;57.0;17.0;428;test
6;17;0.0;5;True;3;24.9;70.0;17.0;227;test
12;16;0.0;5;True;0;6.1;49.0;9.0;250;test
10;7;0.0;4;True;1;16.44;88.0;13.0;495;test
7;2;0.0;6;False;0;25.84;70.0;0.0;90;test
5;1;0.0;1;True;1;20.2;60.0;19.0;11;test
7;17;0.0;1;True;0;30.54;52.0;9.0;847;test
9;21;0.0;2;True;0;18.32;60.0;7.0;310;test
2;1;0.0;4;True;1;12.68;58.0;19.0;15;test
6;6;0.0;5;True;0;17.38;83.0;9.0;151;test
8;2;0.0;0;False;0;22.08;69.0;9.0;86;test
3;14;0.0;5;True;1;12.68;44.0;19.0;205;test
10;17;1.0;1;False;1;11.74;66.0;17.0;497;test
4;17;0.0;5;True;0;22.08;47.0;19.0;819;test
6;9;0.0;0;False;0;25.84;51.0;0.0;232;test
9;11;0.0;2;True;0;22.08;33.0;6.0;247;test
3;5;0.0;1;True;0;7.98;61.0;13.0;16;test
7;16;0.0;5;True;1;23.96;83.0;22.0;436;test
1;14;0.0;0;False;0;10.8;40.0;13.0;328;test
1;18;0.0;2;True;0;10.8;62.0;6.0;423;test
2;20;0.0;4;True;1;7.04;87.0;9.0;216;test
5;14;1.0;1;False;0;29.6;63.0;19.0;465;test
1;4;0.0;5;True;1;10.8;100.0;20.0;4;test
3;5;0.0;2;True;1;16.44;94.0;0.0;20;test
5;21;0.0;5;True;0;24.9;65.0;9.0;255;test
2;9;0.0;2;True;0;1.4;75.0;7.0;217;test
12;8;0.0;3;True;3;1.4;86.0;22.0;31;test
11;22;0.0;5;True;0;7.98;71.0;7.0;163;test
1;14;0.0;5;True;0;15.5;55.0;37.0;176;test
12;20;0.0;0;False;0;2.34;47.0;22.0;72;test
8;2;0.0;6;False;1;23.02;74.0;6.0;79;test
11;23;0.0;2;True;0;4.22;56.0;20.0;84;test
4;13;0.0;6;False;1;10.8;37.0;0.0;389;test
3;19;0.0;0;False;0;6.1;36.0;33.0;132;test
11;15;0.0;2;True;0;7.98;46.0;17.0;272;test
8;6;0.0;4;True;0;20.2;78.0;11.0;165;test
4;20;0.0;4;True;0;18.32;49.0;15.0;404;test
7;15;0.0;1;True;0;29.6;55.0;13.0;281;test
1;9;0.0;0;False;0;7.04;53.0;9.0;125;test
4;13;0.0;5;True;0;12.68;33.0;22.0;411;test
8;11;0.0;5;True;0;27.72;52.0;19.0;303;test
5;19;0.0;3;True;0;24.9;54.0;19.0;590;test
7;17;0.0;1;True;3;27.72;66.0;39.0;755;test
1;16;0.0;2;True;0;17.38;26.0;30.0;307;test
10;23;0.0;0;False;1;18.32;68.0;19.0;105;test
4;2;0.0;3;True;0;7.04;45.0;19.0;2;test
3;17;0.0;1;True;0;13.62;24.0;30.0;664;test
6;23;0.0;3;True;0;16.44;77.0;0.0;123;test
7;3;0.0;0;False;0;23.02;69.0;15.0;55;test
5;5;0.0;4;True;0;13.62;72.0;20.0;24;test
11;9;0.0;4;True;0;7.04;31.0;24.0;275;test
10;5;0.0;3;True;1;21.14;94.0;7.0;34;test
3;8;0.0;4;True;0;12.68;77.0;26.0;585;test
7;7;0.0;4;True;0;26.78;58.0;19.0;473;test
2;22;0.0;3;True;3;11.74;94.0;17.0;55;test
8;17;0.0;6;False;0;33.36;37.0;20.0;492;test
11;21;0.0;4;True;1;7.04;66.0;7.0;224;test
4;21;0.0;5;True;0;12.68;33.0;20.0;208;test
10;15;0.0;0;False;3;11.74;77.0;9.0;306;test
8;2;0.0;2;True;0;23.96;83.0;17.0;15;test
11;8;0.0;2;True;3;7.04;87.0;17.0;211;test
3;20;0.0;2;True;0;19.26;68.0;6.0;377;test
3;20;0.0;3;True;0;18.32;78.0;6.0;374;test
6;22;0.0;1;True;0;23.02;29.0;26.0;187;test
2;10;0.0;2;True;1;4.22;60.0;9.0;98;test
6;0;0.0;5;True;1;27.72;70.0;7.0;93;test
3;9;0.0;0;False;1;11.74;88.0;6.0;178;test
12;2;0.0;5;True;3;13.62;94.0;26.0;3;test
10;22;0.0;4;True;0;10.8;66.0;11.0;177;test
1;18;0.0;0;False;0;0.46;29.0;15.0;120;test
3;12;0.0;2;True;0;4.22;41.0;7.0;138;test
11;17;0.0;4;True;3;10.8;50.0;15.0;689;test
12;22;0.0;1;True;0;4.22;56.0;9.0;61;test
3;4;0.0;2;True;1;13.62;82.0;13.0;1;test
4;19;0.0;0;False;0;16.44;55.0;15.0;346;test
10;23;0.0;3;True;1;19.26;68.0;6.0;123;test
6;10;0.0;6;False;0;22.08;47.0;13.0;435;test
7;5;0.0;5;True;0;24.9;84.0;0.0;37;test
11;14;0.0;0;False;0;10.8;62.0;20.0;428;test
9;15;0.0;4;True;0;26.78;66.0;13.0;270;test
1;3;0.0;1;True;0;3.28;48.0;13.0;4;test
10;11;0.0;4;True;1;17.38;83.0;7.0;238;test
8;21;0.0;3;True;0;24.9;61.0;13.0;315;test
8;12;0.0;5;True;0;32.42;26.0;17.0;410;test
7;15;0.0;3;True;0;28.66;31.0;6.0;317;test
5;10;0.0;0;False;0;23.96;74.0;17.0;424;test
2;16;0.0;2;True;0;12.68;35.0;17.0;276;test
2;5;0.0;3;True;0;10.8;50.0;11.0;18;test
12;18;0.0;1;True;1;4.22;48.0;9.0;122;test
4;20;0.0;6;False;1;9.86;66.0;0.0;102;test
2;5;0.0;0;False;1;4.22;48.0;20.0;2;test
4;11;0.0;0;False;0;13.62;51.0;0.0;411;test
9;1;0.0;0;False;0;23.02;89.0;0.0;73;test
1;1;0.0;6;False;0;9.86;46.0;11.0;62;test
10;20;0.0;4;True;1;16.44;88.0;9.0;347;test
11;22;0.0;5;True;0;12.68;33.0;35.0;79;test
5;6;0.0;4;True;0;12.68;72.0;15.0;139;test
2;10;0.0;3;True;1;4.22;70.0;15.0;108;test
7;11;0.0;1;True;1;29.6;52.0;11.0;198;test
3;23;0.0;4;True;0;14.56;72.0;13.0;97;test
5;22;0.0;3;True;0;15.5;82.0;15.0;173;test
9;20;0.0;6;False;3;27.72;67.0;17.0;207;test
10;15;0.0;3;True;0;24.9;39.0;7.0;308;test
9;3;0.0;0;False;0;23.02;89.0;6.0;42;test
1;1;0.0;6;False;2;-1.42;86.0;13.0;23;test
8;6;0.0;5;True;3;22.08;89.0;20.0;44;test
11;17;1.0;4;False;0;12.68;35.0;0.0;109;test
8;5;0.0;6;False;1;22.08;73.0;11.0;14;test
11;18;0.0;5;True;1;7.98;61.0;0.0;509;test
5;10;0.0;2;True;0;21.14;78.0;7.0;171;test
9;0;0.0;1;True;0;17.38;68.0;11.0;45;test
2;13;0.0;6;False;0;7.04;31.0;33.0;226;test
10;19;0.0;6;False;0;15.5;45.0;9.0;345;test
12;7;0.0;5;True;3;5.16;81.0;11.0;215;test
2;4;0.0;5;True;0;10.8;87.0;9.0;2;test
7;12;0.0;5;True;1;27.72;40.0;7.0;379;test
9;21;0.0;6;False;0;16.44;55.0;9.0;292;test
1;12;0.0;2;True;0;0.46;37.0;35.0;74;test
5;22;0.0;3;True;3;14.56;82.0;7.0;67;test
5;11;0.0;5;True;1;24.9;61.0;0.0;258;test
6;1;0.0;2;True;1;23.96;65.0;11.0;16;test
9;4;0.0;5;True;0;21.14;88.0;0.0;8;test
6;22;0.0;3;True;0;25.84;39.0;6.0;297;test
8;4;0.0;4;True;0;23.02;83.0;0.0;9;test
3;6;0.0;0;False;1;6.1;52.0;20.0;5;test
4;16;0.0;0;False;0;16.44;52.0;17.0;511;test
4;4;1.0;1;False;0;17.38;77.0;15.0;6;test
5;16;0.0;4;True;0;27.72;33.0;19.0;487;test
1;20;0.0;0;False;3;-0.48;86.0;11.0;74;test
9;15;0.0;5;True;0;24.9;54.0;15.0;423;test
7;21;0.0;0;False;0;24.9;79.0;7.0;345;test
11;2;0.0;4;True;0;2.34;64.0;0.0;7;test
12;17;0.0;5;True;1;9.86;66.0;0.0;568;test
10;13;0.0;0;False;1;14.56;59.0;28.0;391;test
2;7;0.0;0;False;1;3.28;75.0;11.0;16;test
9;5;0.0;3;True;0;15.5;72.0;6.0;48;test
7;7;0.0;3;True;0;23.02;50.0;22.0;507;test
9;13;0.0;4;True;1;25.84;79.0;7.0;191;test
1;1;1.0;1;False;0;8.92;43.0;28.0;12;test
6;12;0.0;1;True;1;29.6;43.0;13.0;261;test
8;12;0.0;2;True;0;29.6;49.0;19.0;297;test
2;21;0.0;5;True;0;11.74;35.0;54.0;152;test
9;4;0.0;3;True;0;15.5;72.0;6.0;5;test
5;21;0.0;6;False;1;25.84;62.0;13.0;251;test
6;7;0.0;0;False;0;15.5;68.0;7.0;35;test
5;11;0.0;2;True;1;20.2;64.0;26.0;217;test
5;13;0.0;4;True;0;17.38;39.0;30.0;318;test
5;3;0.0;0;False;0;22.08;73.0;11.0;36;test
7;18;0.0;4;True;1;34.3;39.0;22.0;607;test
6;9;0.0;1;True;0;24.9;65.0;9.0;316;test
8;16;0.0;6;False;0;29.6;46.0;20.0;531;test
1;16;0.0;4;True;0;13.62;67.0;13.0;281;test
6;18;0.0;0;False;0;30.54;38.0;15.0;490;test
3;9;0.0;0;False;0;4.22;60.0;15.0;90;test
9;6;0.0;5;True;0;17.38;88.0;0.0;152;test
4;1;0.0;3;True;0;11.74;41.0;0.0;25;test
12;16;0.0;0;False;1;12.68;67.0;7.0;443;test
11;12;0.0;3;True;1;7.04;53.0;19.0;212;test
6;2;0.0;5;True;0;22.08;57.0;15.0;16;test
12;4;0.0;4;True;1;4.22;56.0;13.0;8;test
7;4;0.0;6;False;0;26.78;74.0;11.0;16;test
12;19;0.0;2;True;0;9.86;46.0;26.0;353;test
3;10;0.0;3;True;0;18.32;56.0;7.0;188;test
10;12;0.0;0;False;0;17.38;39.0;22.0;675;test
6;2;0.0;0;False;0;16.44;59.0;7.0;89;test
12;6;0.0;1;True;0;1.4;75.0;0.0;17;test
9;12;0.0;0;False;0;21.14;41.0;20.0;680;test
6;23;0.0;4;True;0;18.32;52.0;9.0;177;test
3;2;0.0;6;False;1;11.74;77.0;17.0;69;test
8;18;0.0;0;False;1;22.08;89.0;6.0;264;test
1;23;0.0;3;True;0;-0.48;47.0;20.0;38;test
8;13;0.0;1;True;0;29.6;49.0;15.0;289;test
5;17;0.0;2;True;0;23.96;65.0;7.0;678;test
12;5;0.0;0;False;0;1.4;51.0;0.0;6;test
3;9;0.0;6;False;1;12.68;88.0;6.0;321;test
6;6;0.0;5;True;1;24.9;61.0;11.0;163;test
8;19;0.0;5;True;0;29.6;49.0;9.0;452;test
3;13;0.0;6;False;0;20.2;60.0;7.0;686;test
5;15;0.0;2;True;0;30.54;49.0;26.0;256;test
5;12;0.0;0;False;1;20.2;64.0;6.0;558;test
9;0;0.0;4;True;0;20.2;78.0;6.0;65;test
1;21;0.0;3;True;0;6.1;65.0;0.0;185;test
8;18;0.0;2;True;0;28.66;40.0;17.0;818;test
11;21;0.0;3;True;1;7.04;49.0;20.0;126;test
10;1;0.0;0;False;0;12.68;54.0;15.0;109;test
6;21;0.0;5;True;0;24.9;37.0;9.0;339;test
1;2;1.0;1;False;0;-1.42;46.0;0.0;17;test
2;17;0.0;5;True;1;7.98;42.0;13.0;396;test
3;2;0.0;2;True;0;17.38;88.0;6.0;10;test
7;9;0.0;5;True;1;24.9;79.0;9.0;373;test
10;0;0.0;1;True;3;12.68;88.0;24.0;22;test
3;9;0.0;2;True;0;2.34;47.0;0.0;233;test
5;23;0.0;3;True;0;20.2;83.0;9.0;106;test
3;5;0.0;4;True;0;14.56;88.0;11.0;18;test
3;6;0.0;3;True;0;5.16;61.0;26.0;108;test
4;10;0.0;3;True;1;17.38;45.0;9.0;167;test
4;12;0.0;4;True;0;13.62;41.0;30.0;259;test
9;17;0.0;0;False;0;21.14;35.0;19.0;575;test
8;23;0.0;3;True;0;22.08;83.0;0.0;140;test
1;5;0.0;3;True;0;1.4;80.0;9.0;22;test
2;19;0.0;1;True;0;7.98;25.0;9.0;263;test
7;11;0.0;6;False;1;25.84;70.0;7.0;439;test
10;13;0.0;0;False;1;12.68;72.0;6.0;320;test
5;2;0.0;2;True;1;16.44;63.0;20.0;16;test
8;21;0.0;4;True;0;26.78;48.0;13.0;356;test
3;22;0.0;1;True;1;18.32;73.0;11.0;148;test
6;9;0.0;3;True;0;23.02;41.0;24.0;282;test
7;11;0.0;0;False;0;30.54;52.0;11.0;451;test
10;16;0.0;5;True;0;13.62;41.0;24.0;520;test
9;19;0.0;5;True;3;21.14;50.0;17.0;508;test
9;1;0.0;4;True;0;17.38;77.0;6.0;28;test
6;10;0.0;1;True;3;17.38;88.0;7.0;91;test
7;15;0.0;3;True;3;35.24;35.0;24.0;194;test
6;15;0.0;0;False;0;23.02;50.0;15.0;463;test
5;19;0.0;6;False;1;22.08;36.0;11.0;439;test
2;4;0.0;6;False;3;3.28;87.0;15.0;4;test
1;5;0.0;3;True;0;7.98;46.0;35.0;29;test
8;17;0.0;2;True;0;29.6;35.0;26.0;864;test
5;5;0.0;2;True;3;18.32;88.0;13.0;17;test
4;19;0.0;5;True;0;15.5;27.0;26.0;441;test
4;5;0.0;0;False;0;7.98;87.0;0.0;6;test
3;16;0.0;1;True;0;21.14;35.0;30.0;332;test
10;7;0.0;3;True;1;20.2;94.0;13.0;515;test
11;11;0.0;3;True;0;7.04;49.0;17.0;151;test
8;7;0.0;3;True;0;22.08;65.0;6.0;554;test
3;12;0.0;1;True;1;4.22;52.0;0.0;137;test
3;19;0.0;1;True;1;18.32;49.0;15.0;446;test
7;4;0.0;2;True;0;23.02;83.0;6.0;6;test
9;10;0.0;6;False;1;28.66;55.0;13.0;417;test
7;9;0.0;5;True;0;30.54;36.0;9.0;304;test
10;21;0.0;5;True;0;15.5;77.0;0.0;206;test
1;13;0.0;5;True;0;2.34;32.0;20.0;156;test
3;3;0.0;6;False;1;8.92;93.0;11.0;21;test
2;11;0.0;3;True;3;6.1;87.0;13.0;10;test
1;6;0.0;6;False;0;3.28;70.0;0.0;15;test
11;5;0.0;3;True;0;2.34;69.0;13.0;39;test
12;18;0.0;3;True;1;7.04;49.0;15.0;540;test
2;4;0.0;1;True;0;-2.36;54.0;6.0;2;test
9;2;1.0;1;False;0;23.02;89.0;7.0;40;test
2;13;0.0;0;False;0;6.1;49.0;11.0;261;test
12;18;0.0;3;True;3;5.16;93.0;20.0;43;test
7;9;0.0;2;True;0;25.84;70.0;7.0;333;test
6;22;0.0;2;True;0;23.02;94.0;7.0;207;test
2;13;0.0;2;True;0;8.92;32.0;7.0;190;test
12;4;0.0;5;True;0;4.22;75.0;7.0;10;test
5;22;0.0;4;True;1;22.08;78.0;7.0;243;test
4;19;0.0;5;True;0;20.2;53.0;13.0;492;test
1;14;0.0;0;False;0;12.68;54.0;20.0;267;test
10;21;0.0;4;True;0;21.14;69.0;0.0;321;test
11;5;0.0;0;False;1;2.34;47.0;11.0;3;test
2;18;0.0;4;True;0;10.8;43.0;31.0;410;test
1;16;0.0;6;False;0;11.74;44.0;24.0;407;test
8;14;0.0;4;True;0;32.42;41.0;9.0;225;test
6;11;0.0;0;False;0;27.72;40.0;9.0;506;test
6;4;0.0;4;True;0;24.9;84.0;6.0;12;test
7;22;0.0;1;True;1;25.84;58.0;7.0;224;test
10;21;0.0;2;True;0;18.32;68.0;0.0;295;test
8;23;0.0;3;True;0;23.02;57.0;0.0;157;test
5;8;0.0;2;True;1;18.32;88.0;9.0;590;test
11;11;0.0;0;False;1;4.22;41.0;15.0;204;test
1;5;0.0;0;False;0;5.16;81.0;7.0;5;test
8;12;0.0;0;False;0;32.42;47.0;35.0;491;test
12;3;0.0;2;True;0;11.74;88.0;13.0;5;test
11;14;0.0;1;True;0;12.68;54.0;17.0;217;test
11;13;0.0;3;True;0;7.98;42.0;13.0;214;test
10;12;0.0;3;True;1;16.44;48.0;11.0;332;test
6;14;0.0;6;False;0;30.54;23.0;13.0;593;test
6;1;0.0;6;False;0;18.32;56.0;0.0;95;test
9;22;0.0;5;True;0;24.9;74.0;15.0;299;test
7;15;0.0;0;False;0;34.3;37.0;19.0;345;test
3;23;0.0;6;False;0;11.74;24.0;0.0;106;test
1;22;0.0;6;False;0;7.98;34.0;13.0;103;test
10;14;0.0;0;False;1;12.68;67.0;0.0;314;test
5;17;0.0;1;True;3;18.32;88.0;17.0;229;test
9;9;0.0;2;True;1;23.02;83.0;39.0;293;test
6;4;0.0;2;True;3;15.5;82.0;13.0;5;test
11;18;0.0;5;True;0;7.98;53.0;11.0;505;test
11;4;0.0;6;False;0;3.28;70.0;13.0;7;test
6;14;0.0;0;False;0;31.48;30.0;9.0;500;test
2;10;0.0;5;True;0;5.16;56.0;19.0;129;test
5;19;0.0;1;True;0;19.26;56.0;22.0;546;test
7;9;0.0;0;False;0;32.42;50.0;7.0;242;test
6;7;0.0;4;True;0;21.14;61.0;7.0;508;test
12;17;0.0;0;False;3;8.92;93.0;9.0;229;test
9;17;0.0;4;True;0;26.78;70.0;17.0;808;test
6;23;0.0;6;False;0;28.66;62.0;6.0;152;test
9;23;0.0;6;False;0;17.38;60.0;0.0;229;test
12;13;0.0;5;True;0;8.92;50.0;15.0;313;test
10;17;0.0;5;True;0;13.62;38.0;26.0;837;test
11;13;0.0;4;True;0;9.86;32.0;9.0;224;test
11;14;0.0;2;True;3;5.16;87.0;24.0;94;test
1;7;0.0;0;False;0;-2.36;54.0;19.0;17;test
3;23;0.0;1;True;1;18.32;78.0;9.0;54;test
2;7;0.0;2;True;0;2.34;64.0;0.0;279;test
9;4;0.0;2;True;1;21.14;94.0;24.0;7;test
7;7;0.0;6;False;0;22.08;78.0;19.0;48;test
10;18;0.0;1;True;3;18.32;64.0;7.0;613;test
6;22;0.0;3;True;0;30.54;46.0;7.0;257;test
2;20;0.0;6;False;3;3.28;93.0;13.0;77;test
10;16;0.0;3;True;0;18.32;52.0;13.0;466;test
2;21;0.0;2;True;1;8.92;50.0;7.0;109;test
2;0;0.0;2;True;1;4.22;60.0;0.0;14;test
6;23;0.0;3;True;0;28.66;59.0;7.0;123;test
8;15;0.0;5;True;0;34.3;27.0;20.0;526;test
12;22;0.0;6;False;0;8.92;62.0;13.0;156;test
8;8;0.0;6;False;0;22.08;69.0;17.0;189;test
12;12;1.0;2;False;0;7.04;76.0;6.0;114;test
4;22;0.0;6;False;1;8.92;71.0;9.0;83;test
1;15;0.0;2;True;0;17.38;26.0;30.0;177;test
6;9;0.0;6;False;0;20.2;60.0;6.0;367;test
12;14;0.0;3;True;0;14.56;33.0;33.0;218;test
9;1;0.0;3;True;0;24.9;84.0;13.0;13;test
9;20;0.0;3;True;0;16.44;48.0;11.0;409;test
1;16;0.0;2;True;0;10.8;71.0;9.0;278;test
3;9;0.0;6;False;3;9.86;87.0;6.0;94;test
6;13;0.0;6;False;0;25.84;34.0;11.0;617;test
10;3;0.0;6;False;0;15.5;88.0;11.0;26;test
7;18;0.0;1;True;0;27.72;48.0;9.0;872;test
7;18;0.0;3;True;1;27.72;62.0;9.0;643;test
5;1;0.0;1;True;1;16.44;77.0;13.0;9;test
4;22;0.0;4;True;0;16.44;83.0;11.0;183;test
1;4;0.0;2;True;0;6.1;49.0;13.0;1;test
5;23;0.0;3;True;3;14.56;82.0;13.0;55;test
8;16;0.0;0;False;0;30.54;46.0;17.0;421;test
6;15;0.0;5;True;0;34.3;35.0;24.0;284;test
1;1;0.0;3;True;0;3.28;87.0;6.0;7;test
2;16;0.0;2;True;0;11.74;35.0;20.0;266;test
6;11;0.0;2;True;0;22.08;36.0;28.0;235;test
5;9;0.0;5;True;0;18.32;56.0;7.0;361;test
2;11;0.0;0;False;0;-2.36;42.0;20.0;124;test
12;20;0.0;2;True;0;7.04;53.0;15.0;257;test
6;13;0.0;0;False;0;31.48;28.0;9.0;492;test
7;12;0.0;2;True;0;29.6;41.0;9.0;272;test
1;7;0.0;6;False;0;-1.42;50.0;9.0;24;test
11;16;0.0;2;True;1;6.1;75.0;20.0;257;test
9;3;0.0;6;False;0;24.9;70.0;7.0;35;test
5;17;0.0;1;True;1;23.02;69.0;17.0;508;test
10;6;0.0;5;True;0;7.98;81.0;6.0;143;test
8;12;0.0;6;False;3;25.84;54.0;26.0;584;test
6;14;0.0;1;True;0;28.66;43.0;17.0;251;test
1;10;0.0;5;True;0;3.28;44.0;30.0;103;test
8;10;0.0;3;True;1;29.6;52.0;9.0;214;test
4;14;0.0;1;True;1;15.5;55.0;9.0;218;test
4;16;0.0;6;False;0;17.38;19.0;26.0;615;test
5;10;0.0;2;True;0;26.78;70.0;20.0;183;test
6;6;0.0;3;True;0;19.26;46.0;19.0;200;test
12;17;0.0;1;True;1;14.56;82.0;19.0;616;test
1;14;0.0;3;True;0;7.98;49.0;6.0;160;test
12;7;0.0;2;True;0;11.74;88.0;9.0;502;test
4;6;0.0;2;True;0;6.1;70.0;15.0;120;test
10;5;0.0;5;True;1;16.44;88.0;7.0;50;test
3;3;0.0;5;True;1;10.8;87.0;19.0;3;test
10;11;0.0;0;False;1;15.5;51.0;26.0;462;test
12;18;0.0;1;True;1;13.62;88.0;19.0;564;test
12;19;0.0;2;True;0;14.56;67.0;15.0;460;test
11;0;0.0;2;True;1;7.04;66.0;6.0;26;test
12;4;0.0;5;True;1;3.28;60.0;7.0;4;test
10;2;0.0;3;True;1;6.1;81.0;9.0;7;test
6;3;0.0;2;True;1;20.2;78.0;7.0;8;test
9;1;0.0;2;True;0;15.5;63.0;0.0;10;test
9;14;0.0;5;True;0;29.6;59.0;17.0;253;test
6;20;0.0;4;True;0;23.02;65.0;17.0;435;test
2;18;0.0;5;True;3;6.1;61.0;9.0;359;test
4;14;0.0;3;True;3;12.68;72.0;7.0;51;test
7;9;0.0;0;False;1;23.02;69.0;0.0;258;test
6;5;0.0;5;True;0;24.9;61.0;7.0;45;test
1;13;0.0;3;True;0;7.98;49.0;9.0;212;test
8;6;0.0;4;True;0;23.02;83.0;11.0;167;test
6;15;0.0;3;True;0;34.3;35.0;0.0;179;test
6;2;0.0;3;True;0;18.32;49.0;9.0;14;test
3;19;0.0;5;True;0;23.02;50.0;13.0;686;test
8;11;0.0;1;True;0;27.72;40.0;6.0;245;test
9;7;0.0;6;False;0;17.38;52.0;19.0;73;test
9;14;0.0;3;True;0;26.78;48.0;19.0;277;test
4;14;0.0;3;True;1;21.14;46.0;13.0;258;test
3;8;0.0;5;True;0;7.04;66.0;11.0;593;test
11;14;0.0;1;True;0;11.74;35.0;0.0;228;test
9;19;0.0;4;True;0;23.96;74.0;17.0;558;test
11;10;0.0;4;True;0;5.16;65.0;6.0;178;test
7;12;0.0;6;False;0;31.48;41.0;15.0;487;test
4;7;0.0;2;True;0;7.04;66.0;19.0;390;test
6;23;0.0;0;False;0;19.26;53.0;7.0;108;test
8;18;0.0;3;True;0;26.78;42.0;11.0;812;test
8;1;0.0;6;False;0;25.84;84.0;13.0;122;test
5;16;0.0;6;False;1;23.96;65.0;26.0;540;test
8;19;0.0;4;True;0;27.72;48.0;9.0;610;test
11;22;0.0;3;True;0;7.98;49.0;0.0;88;test
6;19;0.0;6;False;0;31.48;44.0;17.0;374;test
10;10;0.0;6;False;0;17.38;73.0;19.0;479;test
5;13;0.0;6;False;0;27.72;66.0;13.0;539;test
1;21;0.0;6;False;0;12.68;44.0;15.0;140;test
12;19;0.0;0;False;1;10.8;82.0;13.0;174;test
8;1;0.0;1;True;0;20.2;83.0;11.0;10;test
8;0;0.0;4;True;0;23.02;69.0;0.0;76;test
8;4;0.0;5;True;0;23.02;83.0;17.0;12;test
3;8;0.0;4;True;0;11.74;94.0;9.0;594;test
7;2;0.0;6;False;3;20.2;88.0;19.0;60;test
8;5;0.0;5;True;0;22.08;78.0;0.0;38;test
8;2;0.0;5;True;0;24.9;74.0;11.0;20;test
11;15;0.0;3;True;1;7.04;53.0;20.0;198;test
8;0;0.0;6;False;1;24.9;61.0;0.0;135;test
3;19;0.0;3;True;0;20.2;64.0;0.0;582;test
4;2;0.0;6;False;0;9.86;66.0;9.0;56;test
9;16;0.0;0;False;0;22.08;44.0;11.0;596;test
6;0;0.0;6;False;0;22.08;53.0;7.0;206;test
9;20;0.0;4;True;0;23.02;78.0;15.0;406;test
10;22;0.0;1;True;0;15.5;59.0;19.0;126;test
9;7;0.0;3;True;0;16.44;63.0;15.0;545;test
2;17;0.0;3;True;0;19.26;43.0;13.0;539;test
12;4;1.0;2;False;1;3.28;87.0;6.0;1;test
8;16;0.0;3;True;0;27.72;48.0;13.0;431;test
11;8;0.0;1;True;1;8.92;66.0;20.0;663;test
12;4;0.0;0;False;1;10.8;94.0;7.0;12;test
4;21;0.0;1;True;0;13.62;28.0;9.0;238;test
11;13;0.0;0;False;0;10.8;62.0;22.0;447;test
10;10;0.0;6;False;0;21.14;69.0;19.0;539;test
4;23;0.0;2;True;0;8.92;40.0;28.0;62;test
9;7;0.0;2;True;0;12.68;77.0;13.0;556;test
1;8;0.0;3;True;0;6.1;52.0;28.0;489;test
12;12;0.0;0;False;1;9.86;82.0;13.0;417;test
4;8;0.0;1;True;0;10.8;43.0;13.0;596;test
9;17;0.0;4;True;0;25.84;42.0;13.0;884;test
2;12;0.0;5;True;0;9.86;46.0;26.0;198;test
7;7;1.0;3;False;0;23.96;65.0;0.0;72;test
3;14;0.0;4;True;0;15.5;42.0;24.0;238;test
1;20;0.0;4;True;1;11.74;71.0;13.0;240;test
7;4;0.0;4;True;0;25.84;58.0;0.0;7;test
1;16;0.0;1;True;3;2.34;87.0;6.0;49;test
5;23;0.0;5;True;0;16.44;55.0;0.0;174;test
12;18;0.0;0;False;1;12.68;72.0;7.0;203;test
4;4;0.0;0;False;1;12.68;77.0;11.0;7;test
4;1;0.0;5;True;0;8.92;62.0;9.0;38;test
12;4;0.0;6;False;0;4.22;81.0;6.0;5;test
2;22;0.0;1;True;0;12.68;44.0;17.0;92;test
10;5;0.0;0;False;1;15.5;63.0;20.0;28;test
8;13;0.0;1;True;0;28.66;40.0;11.0;254;test
2;5;0.0;3;True;0;3.28;70.0;6.0;20;test
10;20;0.0;3;True;0;15.5;72.0;9.0;414;test
2;3;0.0;5;True;0;11.74;82.0;9.0;5;test
3;19;0.0;4;True;0;14.56;41.0;22.0;328;test
12;1;0.0;4;True;1;5.16;52.0;19.0;23;test
1;1;0.0;1;True;0;3.28;60.0;9.0;5;test
10;8;0.0;5;True;1;17.38;94.0;7.0;467;test
2;2;0.0;4;True;1;6.1;70.0;6.0;7;test
3;21;0.0;1;True;0;20.2;64.0;11.0;223;test
3;20;0.0;2;True;0;20.2;49.0;11.0;351;test
2;0;0.0;4;True;1;3.28;87.0;11.0;26;test
2;2;0.0;3;True;0;6.1;61.0;0.0;4;test
12;15;0.0;5;True;1;8.92;71.0;11.0;303;test
6;17;0.0;1;True;1;29.6;41.0;24.0;800;test
6;4;0.0;6;False;0;17.38;68.0;19.0;13;test
2;1;0.0;4;True;1;3.28;87.0;9.0;12;test
3;16;0.0;2;True;0;21.14;66.0;15.0;431;test
1;14;0.0;2;True;0;11.74;38.0;20.0;106;test
3;10;0.0;5;True;1;7.98;36.0;33.0;159;test
5;11;0.0;3;True;1;23.02;65.0;13.0;208;test
1;12;0.0;5;True;1;15.5;88.0;11.0;180;test
3;4;0.0;5;True;1;10.8;87.0;17.0;3;test
12;7;0.0;0;False;0;3.28;56.0;24.0;13;test
5;12;0.0;4;True;0;16.44;48.0;28.0;272;test
10;8;0.0;4;True;0;22.08;89.0;0.0;738;test
9;4;0.0;0;False;0;23.02;89.0;0.0;22;test
2;11;0.0;3;True;0;8.92;66.0;11.0;171;test
5;7;0.0;5;True;0;11.74;50.0;17.0;351;test
9;20;0.0;2;True;0;26.78;70.0;17.0;385;test
7;1;0.0;1;True;3;24.9;89.0;7.0;18;test
11;10;0.0;0;False;0;7.98;66.0;20.0;329;test
2;18;0.0;4;True;3;7.98;87.0;9.0;353;test
10;18;0.0;4;True;0;23.02;57.0;7.0;887;test
6;22;0.0;0;False;0;21.14;50.0;26.0;226;test
7;6;0.0;2;True;0;25.84;66.0;7.0;213;test
10;22;0.0;3;True;0;13.62;55.0;20.0;197;test
3;19;0.0;0;False;0;18.32;64.0;11.0;352;test
5;15;0.0;1;True;1;21.14;53.0;20.0;262;test
4;10;0.0;1;True;0;15.5;27.0;33.0;178;test
9;16;0.0;3;True;0;27.72;70.0;17.0;430;test
12;15;0.0;6;False;1;10.8;62.0;0.0;484;test
8;10;0.0;1;True;1;27.72;40.0;0.0;199;test
11;19;0.0;6;False;0;8.92;50.0;11.0;239;test
3;7;0.0;6;False;1;15.5;88.0;9.0;70;test
2;16;0.0;5;True;0;10.8;37.0;7.0;311;test
6;1;0.0;2;True;0;20.2;35.0;26.0;30;test
7;8;0.0;2;True;0;24.9;79.0;9.0;760;test
5;17;0.0;5;True;0;22.08;23.0;17.0;779;test
12;7;0.0;3;True;3;13.62;59.0;20.0;398;test
12;7;0.0;0;False;3;10.8;87.0;15.0;23;test
1;6;0.0;4;True;0;-2.36;54.0;11.0;86;test
5;4;0.0;2;True;3;18.32;94.0;0.0;5;test
11;22;0.0;2;True;0;4.22;56.0;22.0;135;test
6;2;0.0;6;False;1;22.08;89.0;0.0;61;test
8;20;0.0;4;True;0;24.9;54.0;19.0;478;test
7;10;0.0;5;True;0;31.48;47.0;0.0;231;test
9;7;0.0;2;True;1;22.08;89.0;30.0;356;test
7;5;0.0;4;True;0;25.84;62.0;0.0;29;test
1;17;0.0;5;True;0;13.62;36.0;15.0;476;test
10;9;0.0;1;True;0;13.62;63.0;6.0;360;test
7;19;0.0;0;False;0;28.66;62.0;11.0;250;test
8;17;0.0;6;False;3;26.78;66.0;24.0;512;test
3;6;0.0;2;True;3;13.62;82.0;13.0;113;test
5;2;0.0;2;True;1;18.32;88.0;9.0;4;test
6;17;0.0;2;True;1;23.02;89.0;19.0;681;test
12;19;0.0;6;False;0;10.8;87.0;0.0;246;test
4;1;0.0;0;False;0;12.68;24.0;15.0;64;test
1;11;0.0;5;True;0;3.28;38.0;41.0;114;test
9;2;0.0;6;False;1;17.38;56.0;15.0;92;test
12;22;0.0;3;True;1;6.1;52.0;15.0;122;test
11;1;0.0;0;False;0;7.98;76.0;6.0;108;test
11;2;0.0;3;True;0;3.28;60.0;20.0;1;test
5;2;0.0;2;True;0;23.96;83.0;9.0;8;test
8;0;0.0;2;True;1;20.2;83.0;6.0;59;test
11;20;0.0;0;False;0;8.92;66.0;11.0;129;test
6;13;0.0;3;True;0;21.14;41.0;6.0;303;test
12;5;0.0;5;True;1;4.22;81.0;7.0;26;test
12;23;0.0;6;False;1;4.22;60.0;0.0;32;test
2;3;0.0;3;True;0;5.16;75.0;0.0;3;test
2;23;0.0;1;True;0;5.16;41.0;0.0;36;test
10;19;0.0;3;True;1;18.32;46.0;39.0;566;test
3;22;0.0;4;True;0;11.74;44.0;19.0;152;test
7;21;0.0;0;False;0;25.84;79.0;6.0;223;test
5;11;0.0;1;True;1;17.38;73.0;13.0;213;test
2;2;0.0;0;False;1;6.1;36.0;19.0;48;test
12;2;0.0;6;False;1;3.28;70.0;0.0;19;test
12;23;0.0;1;True;3;3.28;93.0;0.0;11;test
5;2;0.0;0;False;0;22.08;73.0;15.0;61;test
5;6;0.0;2;True;0;15.5;77.0;20.0;165;test
2;20;0.0;5;True;0;12.68;62.0;28.0;167;test
9;14;0.0;6;False;1;32.42;44.0;11.0;514;test
6;7;0.0;4;True;0;20.2;60.0;19.0;506;test
7;17;0.0;4;True;0;27.72;43.0;15.0;795;test
2;3;0.0;1;True;0;-2.36;54.0;7.0;1;test
6;15;0.0;3;True;0;25.84;32.0;33.0;281;test
2;17;0.0;6;False;3;6.1;70.0;13.0;67;test
10;20;0.0;2;True;0;13.62;55.0;0.0;432;test
2;5;0.0;0;False;0;2.34;44.0;15.0;5;test
7;10;0.0;0;False;0;27.72;66.0;9.0;382;test
1;11;0.0;4;True;1;6.1;87.0;7.0;111;test
12;10;0.0;0;False;1;6.1;87.0;0.0;293;test
12;13;0.0;2;True;0;15.5;42.0;19.0;286;test
3;14;0.0;5;True;1;14.56;72.0;0.0;202;test
2;5;0.0;2;True;0;1.4;69.0;0.0;15;test
1;19;0.0;4;True;1;4.22;48.0;20.0;234;test
10;7;0.0;3;True;1;6.1;87.0;9.0;337;test
6;23;0.0;4;True;0;26.78;48.0;9.0;171;test
1;3;0.0;5;True;0;2.34;69.0;7.0;4;test
4;8;0.0;2;True;0;20.2;43.0;15.0;673;test
9;6;0.0;6;False;0;15.5;63.0;17.0;37;test
9;20;0.0;5;True;3;20.2;53.0;11.0;336;test
2;14;0.0;5;True;0;10.8;37.0;24.0;170;test
6;21;0.0;4;True;0;27.72;55.0;13.0;398;test
10;8;0.0;1;True;1;20.2;64.0;26.0;737;test
10;5;0.0;3;True;1;13.62;88.0;6.0;40;test
11;10;0.0;5;True;0;9.86;46.0;20.0;204;test
6;10;0.0;4;True;0;20.2;64.0;6.0;210;test
5;18;0.0;6;False;0;26.78;33.0;6.0;645;test
4;16;0.0;4;True;0;15.5;31.0;13.0;402;test
6;11;0.0;1;True;1;17.38;88.0;11.0;121;test
3;8;0.0;1;True;0;1.4;59.0;7.0;428;test
10;6;0.0;3;True;1;13.62;88.0;6.0;175;test
2;3;0.0;4;True;1;11.74;67.0;9.0;2;test
6;23;0.0;5;True;1;23.02;74.0;0.0;174;test
7;0;0.0;2;True;0;25.84;84.0;7.0;53;test
11;16;0.0;6;False;0;17.38;37.0;0.0;605;test
10;7;1.0;1;False;1;7.98;76.0;11.0;154;test
5;13;0.0;6;False;0;24.9;37.0;9.0;704;test
4;23;0.0;0;False;3;8.92;81.0;31.0;17;test
2;21;0.0;6;False;3;3.28;93.0;9.0;78;test
12;4;0.0;3;True;0;4.22;60.0;0.0;4;test
9;19;1.0;1;False;0;25.84;74.0;13.0;374;test
2;5;0.0;2;True;1;4.22;65.0;7.0;22;test
4;0;0.0;2;True;1;12.68;47.0;19.0;26;test
7;4;0.0;5;True;1;23.02;89.0;11.0;9;test
7;22;0.0;3;True;0;24.9;58.0;9.0;278;test
6;6;0.0;4;True;0;13.62;88.0;7.0;170;test
11;13;0.0;3;True;1;7.04;53.0;17.0;181;test
12;19;0.0;6;False;0;8.92;62.0;9.0;257;test
8;22;0.0;4;True;1;23.96;61.0;7.0;198;test
8;9;0.0;2;True;1;24.9;79.0;11.0;395;test
4;15;0.0;1;True;1;16.44;55.0;7.0;231;test
2;19;0.0;3;True;3;3.28;87.0;7.0;161;test
6;16;0.0;4;True;0;25.84;34.0;15.0;466;test
4;19;0.0;1;True;1;7.98;76.0;15.0;298;test
1;14;0.0;4;True;0;3.28;44.0;13.0;119;test
12;23;0.0;4;True;0;3.28;65.0;11.0;93;test
7;15;0.0;3;True;0;29.6;41.0;17.0;276;test
7;1;0.0;2;True;0;23.96;79.0;11.0;17;test
7;12;0.0;6;False;3;20.2;83.0;15.0;457;test
3;13;0.0;3;True;0;15.5;34.0;28.0;205;test
5;15;0.0;3;True;1;25.84;48.0;7.0;274;test
2;19;0.0;6;False;0;12.68;44.0;11.0;188;test
8;3;0.0;6;False;3;21.14;83.0;11.0;21;test
2;4;0.0;1;True;0;0.46;80.0;7.0;2;test
3;15;0.0;2;True;0;7.98;36.0;20.0;166;test
7;22;0.0;2;True;0;29.6;55.0;15.0;244;test
6;9;0.0;4;True;0;29.6;55.0;13.0;256;test
4;21;0.0;2;True;0;18.32;26.0;20.0;297;test
2;22;0.0;5;True;0;7.98;49.0;7.0;119;test
12;1;0.0;5;True;0;2.34;69.0;6.0;26;test
9;18;0.0;6;False;3;19.26;83.0;9.0;167;test
4;9;0.0;6;False;0;11.74;54.0;9.0;265;test
8;2;0.0;3;True;0;21.14;78.0;0.0;17;test
6;20;0.0;5;True;3;21.14;94.0;17.0;39;test
8;22;0.0;0;False;1;21.14;78.0;11.0;56;test
10;5;0.0;6;False;0;17.38;83.0;13.0;10;test
7;6;0.0;2;True;1;23.96;79.0;7.0;187;test
6;21;0.0;0;False;0;21.14;43.0;11.0;246;test
7;13;0.0;6;False;1;37.12;31.0;17.0;360;test
6;13;0.0;1;True;0;25.84;51.0;20.0;260;test
8;18;0.0;6;False;0;26.78;37.0;11.0;554;test
3;16;0.0;2;True;0;8.92;32.0;19.0;250;test
2;3;0.0;0;False;1;6.1;36.0;15.0;15;test
5;1;0.0;3;True;1;20.2;78.0;17.0;14;test
4;9;0.0;3;True;3;14.56;44.0;20.0;265;test
2;22;1.0;1;False;0;6.1;45.0;6.0;62;test
5;0;0.0;6;False;0;20.2;83.0;0.0;153;test
9;6;0.0;4;True;0;15.5;82.0;0.0;195;test
5;16;0.0;0;False;0;28.66;52.0;19.0;501;test
7;2;0.0;0;False;1;23.96;89.0;11.0;115;test
3;7;0.0;3;True;3;14.56;94.0;13.0;372;test
8;22;0.0;3;True;0;24.9;61.0;11.0;226;test
7;14;0.0;5;True;1;29.6;38.0;0.0;369;test
12;18;0.0;3;True;0;11.74;35.0;30.0;609;test
3;8;0.0;5;True;1;10.8;87.0;15.0;562;test
5;15;0.0;2;True;3;21.14;73.0;17.0;134;test
11;22;0.0;3;True;3;6.1;56.0;17.0;60;test
8;22;0.0;4;True;1;23.02;69.0;15.0;259;test
1;14;0.0;6;False;3;1.4;80.0;13.0;95;test
9;2;0.0;0;False;0;16.44;48.0;17.0;95;test
4;21;0.0;5;True;0;12.68;26.0;9.0;190;test
2;18;0.0;4;True;0;17.38;37.0;9.0;522;test
11;0;0.0;6;False;0;10.8;37.0;28.0;42;test
1;18;0.0;0;False;0;7.98;23.0;24.0;168;test
1;1;0.0;6;False;0;6.1;52.0;11.0;58;test
12;20;0.0;6;False;0;3.28;48.0;11.0;61;test
1;0;0.0;4;True;0;-1.42;50.0;13.0;16;test
3;18;0.0;6;False;0;21.14;57.0;20.0;560;test
9;8;0.0;1;True;0;15.5;55.0;13.0;750;test
3;5;0.0;5;True;0;7.04;61.0;6.0;26;test
8;7;0.0;2;True;0;20.2;78.0;7.0;519;test
10;12;0.0;1;True;1;20.2;43.0;11.0;323;test
11;1;0.0;5;True;0;5.16;81.0;6.0;13;test
11;11;0.0;6;False;0;9.86;43.0;13.0;423;test
5;16;0.0;5;True;0;23.02;34.0;17.0;568;test
2;21;0.0;1;True;0;5.16;45.0;9.0;147;test
6;20;0.0;6;False;0;27.72;35.0;15.0;363;test
3;21;0.0;6;False;1;10.8;71.0;22.0;143;test
11;11;0.0;2;True;1;11.74;67.0;6.0;205;test
8;0;0.0;2;True;0;24.9;74.0;15.0;60;test
1;19;0.0;6;False;1;11.74;41.0;37.0;206;test
1;15;1.0;1;False;0;5.16;38.0;30.0;168;test
9;0;0.0;2;True;0;16.44;59.0;7.0;32;test
1;3;0.0;6;False;0;7.04;57.0;7.0;20;test
8;13;0.0;3;True;0;29.6;52.0;11.0;280;test
11;1;0.0;4;True;1;4.22;65.0;7.0;16;test
5;13;0.0;1;True;1;20.2;53.0;22.0;272;test
9;17;0.0;1;True;0;19.26;30.0;0.0;898;test
11;14;0.0;2;True;0;9.86;46.0;26.0;203;test
9;8;0.0;4;True;0;15.5;68.0;6.0;790;test
5;15;0.0;0;False;1;21.14;61.0;7.0;571;test
6;4;0.0;6;False;0;21.14;57.0;0.0;8;test
3;2;0.0;5;True;0;7.98;53.0;19.0;6;test
9;0;0.0;6;False;0;17.38;60.0;15.0;149;test
11;16;0.0;4;True;0;11.74;16.0;26.0;339;test
11;6;0.0;5;True;0;3.28;81.0;0.0;20;test
10;13;0.0;5;True;0;18.32;37.0;26.0;381;test
2;7;0.0;6;False;3;2.34;93.0;9.0;19;test
3;15;0.0;0;False;0;17.38;68.0;6.0;554;test
5;5;0.0;5;True;1;21.14;88.0;6.0;30;test
10;1;0.0;4;True;0;19.26;68.0;0.0;28;test
11;6;1.0;4;False;0;4.22;70.0;7.0;17;test
5;20;0.0;2;True;3;24.9;61.0;35.0;204;test
3;15;0.0;5;True;1;11.74;50.0;20.0;78;test
3;3;0.0;3;True;0;7.98;42.0;22.0;5;test
6;4;0.0;0;False;0;15.5;72.0;6.0;13;test
11;21;1.0;1;False;3;17.38;73.0;15.0;155;test
5;7;0.0;2;True;3;18.32;94.0;9.0;92;test
10;16;0.0;6;False;0;17.38;42.0;19.0;691;test
5;12;0.0;5;True;0;25.84;66.0;7.0;321;test
3;0;0.0;3;True;0;5.16;65.0;19.0;15;test
11;10;0.0;6;False;0;8.92;46.0;17.0;320;test
1;8;0.0;0;False;0;6.1;52.0;9.0;57;test
2;5;0.0;0;False;3;4.22;81.0;13.0;4;test
9;9;0.0;3;True;0;20.2;64.0;9.0;328;test
8;16;0.0;2;True;3;27.72;66.0;19.0;445;test
3;6;0.0;3;True;0;12.68;82.0;6.0;121;test
1;17;0.0;2;True;0;11.74;38.0;17.0;460;test
2;3;0.0;5;True;0;4.22;56.0;6.0;5;test
10;10;0.0;1;True;0;15.5;55.0;0.0;212;test
7;3;0.0;3;True;0;26.78;66.0;9.0;4;test
2;19;0.0;4;True;0;9.86;43.0;35.0;327;test
10;11;1.0;1;False;1;10.8;62.0;6.0;308;test
5;19;0.0;0;False;0;23.02;61.0;28.0;402;test
4;3;0.0;4;True;0;7.04;61.0;17.0;5;test
1;23;0.0;4;True;0;10.8;76.0;22.0;67;test
7;3;0.0;5;True;1;26.78;70.0;13.0;7;test
8;1;0.0;5;True;1;22.08;73.0;0.0;42;test
11;3;0.0;6;False;0;4.22;65.0;13.0;21;test
8;19;0.0;6;False;0;30.54;52.0;24.0;397;test
11;4;0.0;3;True;1;4.22;70.0;13.0;4;test
5;21;0.0;4;True;0;15.5;42.0;13.0;230;test
4;15;0.0;4;True;0;15.5;31.0;7.0;269;test
7;19;1.0;3;False;0;32.42;47.0;15.0;432;test
12;20;0.0;3;True;0;8.92;57.0;15.0;241;test
9;19;0.0;0;False;1;24.9;84.0;15.0;292;test
7;21;0.0;2;True;3;22.08;89.0;7.0;90;test
4;7;0.0;1;True;0;11.74;28.0;13.0;331;test
2;16;0.0;4;True;0;18.32;32.0;0.0;343;test
11;16;0.0;5;True;0;13.62;38.0;11.0;434;test
5;10;0.0;6;False;0;23.96;79.0;15.0;437;test
11;16;0.0;0;False;1;10.8;62.0;22.0;372;test
12;15;1.0;2;False;0;8.92;50.0;17.0;107;test
9;6;0.0;2;True;1;22.08;89.0;22.0;167;test
10;3;0.0;4;True;0;11.74;47.0;20.0;3;test
7;15;0.0;4;True;0;29.6;36.0;13.0;271;test
9;6;0.0;2;True;0;12.68;77.0;15.0;194;test
7;7;0.0;6;False;1;19.26;88.0;17.0;37;test
10;14;0.0;2;True;3;20.2;88.0;9.0;163;test
3;17;0.0;0;False;0;15.5;72.0;6.0;419;test
2;22;0.0;4;True;0;12.68;54.0;17.0;137;test
8;17;0.0;5;True;0;29.6;52.0;19.0;730;test
11;22;0.0;2;True;0;3.28;81.0;11.0;97;test
9;9;1.0;1;False;1;24.9;84.0;9.0;229;test
6;2;0.0;0;False;0;18.32;56.0;6.0;74;test
2;8;0.0;6;False;0;4.22;48.0;20.0;93;test
12;7;0.0;4;True;0;3.28;70.0;15.0;90;test
9;3;0.0;0;False;0;14.56;55.0;20.0;54;test
5;8;0.0;0;False;1;15.5;88.0;9.0;114;test
8;9;0.0;4;True;0;24.9;58.0;0.0;396;test
12;1;0.0;0;False;0;2.34;47.0;13.0;20;test
5;4;0.0;3;True;3;18.32;88.0;15.0;5;test
11;7;0.0;6;False;0;3.28;70.0;13.0;78;test
9;14;0.0;5;True;1;24.9;54.0;17.0;399;test
7;15;0.0;2;True;0;35.24;31.0;11.0;244;test
3;0;0.0;2;True;1;18.32;78.0;6.0;29;test
11;13;0.0;6;False;0;11.74;38.0;17.0;525;test
6;20;0.0;4;True;0;32.42;44.0;13.0;436;test
2;22;0.0;4;True;1;6.1;56.0;0.0;107;test
6;10;0.0;5;True;0;34.3;39.0;20.0;171;test
11;14;0.0;6;False;0;7.04;33.0;31.0;207;test
12;15;0.0;2;True;1;20.2;49.0;17.0;300;test
5;18;0.0;6;False;1;23.02;69.0;24.0;434;test
4;3;0.0;0;False;1;12.68;82.0;11.0;40;test
2;8;0.0;5;True;1;4.22;100.0;0.0;520;test
5;16;0.0;1;True;1;20.2;53.0;26.0;388;test
2;18;0.0;1;True;0;7.98;25.0;17.0;405;test
9;14;0.0;3;True;0;30.54;56.0;7.0;211;test
10;1;0.0;3;True;1;13.62;88.0;0.0;8;test
12;6;0.0;1;True;0;-0.48;64.0;11.0;40;test
6;12;0.0;0;False;0;23.02;39.0;20.0;684;test
7;1;0.0;2;True;0;23.02;83.0;9.0;21;test
5;23;0.0;1;True;0;21.14;73.0;19.0;97;test
4;23;0.0;3;True;1;11.74;77.0;0.0;70;test
10;1;0.0;3;True;0;17.38;68.0;0.0;27;test
3;14;0.0;6;False;0;7.98;27.0;19.0;379;test
12;9;0.0;1;True;1;10.8;87.0;0.0;282;test
4;0;0.0;3;True;0;14.56;48.0;0.0;41;test
11;16;0.0;4;True;0;8.92;40.0;15.0;370;test
10;12;0.0;5;True;0;25.84;42.0;11.0;468;test
3;3;0.0;1;True;0;13.62;88.0;6.0;2;test
8;5;0.0;4;True;0;21.14;83.0;0.0;37;test
3;13;0.0;2;True;0;20.2;60.0;26.0;233;test
3;22;0.0;0;False;0;10.8;54.0;13.0;94;test
8;2;0.0;1;True;1;25.84;79.0;9.0;5;test
7;15;0.0;5;True;0;35.24;29.0;13.0;285;test
3;6;0.0;5;True;1;10.8;87.0;11.0;99;test
1;7;0.0;6;False;3;-0.48;93.0;11.0;13;test
10;1;0.0;6;False;0;18.32;83.0;17.0;141;test
4;5;0.0;4;True;1;14.56;63.0;9.0;17;test
1;3;0.0;4;True;0;-2.36;54.0;7.0;4;test
2;21;0.0;3;True;1;14.56;33.0;19.0;239;test
12;5;0.0;4;True;0;3.28;75.0;11.0;11;test
1;11;0.0;3;True;1;6.1;61.0;20.0;157;test
4;15;0.0;0;False;0;15.5;55.0;17.0;573;test
3;18;0.0;4;True;0;17.38;34.0;24.0;525;test
11;16;0.0;6;False;0;5.16;38.0;30.0;170;test
7;4;0.0;5;True;0;24.9;79.0;0.0;8;test
7;22;0.0;5;True;1;21.14;83.0;13.0;135;test
5;17;0.0;2;True;0;25.84;54.0;0.0;785;test
4;2;0.0;1;True;0;13.62;31.0;13.0;6;test
11;13;0.0;0;False;0;17.38;45.0;7.0;686;test
2;9;0.0;6;False;3;2.34;93.0;7.0;90;test
10;1;0.0;2;True;3;8.92;87.0;15.0;13;test
10;6;0.0;0;False;0;10.8;62.0;0.0;26;test
2;4;0.0;2;True;1;6.1;70.0;0.0;3;test
11;20;0.0;3;True;0;7.04;36.0;9.0;263;test
11;19;0.0;1;True;0;7.04;49.0;11.0;372;test
7;13;0.0;4;True;0;35.24;33.0;15.0;310;test
6;14;0.0;6;False;0;25.84;37.0;15.0;573;test
6;17;0.0;1;True;0;29.6;24.0;31.0;833;test
9;15;0.0;2;True;3;20.2;88.0;17.0;36;test
7;18;0.0;5;True;0;30.54;46.0;11.0;622;test
3;10;0.0;0;False;1;11.74;88.0;7.0;351;test
8;1;0.0;0;False;0;21.14;78.0;9.0;113;test
4;15;0.0;5;True;0;17.38;28.0;17.0;352;test
11;20;0.0;6;False;0;3.28;44.0;19.0;58;test
4;22;0.0;2;True;0;12.68;35.0;7.0;157;test
7;7;0.0;2;True;0;24.9;74.0;11.0;516;test
7;21;0.0;2;True;1;24.9;70.0;19.0;196;test
9;0;0.0;3;True;0;25.84;74.0;17.0;37;test
4;6;0.0;6;False;0;15.5;82.0;15.0;31;test
9;6;0.0;3;True;0;16.44;63.0;17.0;172;test
12;10;0.0;5;True;1;7.04;76.0;11.0;166;test
4;17;0.0;2;True;0;22.08;25.0;20.0;781;test
8;22;0.0;2;True;0;24.9;54.0;0.0;216;test
11;20;0.0;5;True;0;13.62;41.0;6.0;142;test
5;0;0.0;0;False;1;23.96;69.0;11.0;137;test
7;8;0.0;5;True;1;24.9;54.0;0.0;713;test
10;15;0.0;0;False;0;18.32;35.0;22.0;623;test
7;16;0.0;6;False;0;39.0;19.0;11.0;294;test
10;4;0.0;2;True;1;18.32;83.0;6.0;10;test
3;6;0.0;6;False;0;2.34;44.0;19.0;12;test
10;8;0.0;1;True;0;12.68;67.0;0.0;728;test
9;14;1.0;1;False;0;26.78;70.0;20.0;512;test
9;0;0.0;6;False;0;20.2;83.0;7.0;207;test
8;21;0.0;5;True;0;26.78;66.0;17.0;286;test
7;16;0.0;5;True;0;31.48;47.0;15.0;499;test
8;18;0.0;5;True;0;32.42;36.0;17.0;546;test
11;16;0.0;5;True;0;11.74;35.0;19.0;383;test
3;5;0.0;4;True;0;15.5;45.0;15.0;32;test
5;0;0.0;4;True;0;22.08;69.0;9.0;61;test
8;2;0.0;3;True;0;21.14;73.0;9.0;6;test
1;1;0.0;3;True;0;6.1;70.0;15.0;13;test
10;3;0.0;5;True;0;8.92;76.0;6.0;6;test
9;22;0.0;0;False;0;19.26;49.0;17.0;189;test
9;19;0.0;3;True;0;24.9;54.0;11.0;627;test
11;18;0.0;1;True;1;10.8;58.0;17.0;580;test
11;10;0.0;5;True;0;7.98;53.0;13.0;198;test
3;23;0.0;5;True;0;8.92;71.0;0.0;123;test
8;17;0.0;3;True;0;26.78;55.0;19.0;851;test
7;5;0.0;0;False;0;28.66;62.0;0.0;6;test
1;15;0.0;1;True;1;2.34;100.0;15.0;74;test
9;7;0.0;5;True;0;22.08;89.0;7.0;486;test
7;23;0.0;4;True;1;24.9;51.0;15.0;211;test
4;16;0.0;0;False;0;20.2;28.0;13.0;587;test
6;2;0.0;5;True;0;18.32;56.0;0.0;19;test
11;12;0.0;1;True;1;10.8;62.0;19.0;242;test
9;18;1.0;1;False;0;26.78;66.0;11.0;482;test
8;3;0.0;2;True;0;18.32;88.0;0.0;3;test
9;4;0.0;3;True;0;24.9;79.0;19.0;5;test
1;6;0.0;6;False;0;4.22;75.0;7.0;7;test
4;9;0.0;0;False;0;10.8;71.0;9.0;185;test
3;15;0.0;2;True;1;21.14;69.0;7.0;244;test
1;4;0.0;1;True;1;1.4;80.0;0.0;1;test
8;15;0.0;0;False;1;22.08;65.0;0.0;276;test
10;17;0.0;6;False;1;18.32;64.0;19.0;618;test
9;0;0.0;2;True;0;13.62;67.0;11.0;64;test
3;22;0.0;6;False;0;4.22;44.0;11.0;100;test
4;7;0.0;6;False;0;7.98;49.0;11.0;55;test
9;4;0.0;2;True;0;14.56;72.0;7.0;9;test
5;8;0.0;1;True;3;18.32;88.0;17.0;270;test
4;10;0.0;1;True;1;7.04;70.0;22.0;100;test
2;22;0.0;1;True;0;6.1;65.0;9.0;87;test
4;21;0.0;0;False;0;16.44;48.0;9.0;204;test
9;10;0.0;2;True;0;18.32;52.0;20.0;170;test
4;0;0.0;1;True;3;12.68;82.0;7.0;17;test
1;21;0.0;2;True;0;13.62;67.0;31.0;180;test
9;14;0.0;6;False;0;27.72;48.0;19.0;654;test
4;10;0.0;5;True;0;15.5;77.0;13.0;237;test
3;7;0.0;3;True;0;4.22;65.0;26.0;344;test
1;0;0.0;3;True;1;13.62;77.0;22.0;17;test
6;8;0.0;0;False;0;22.08;73.0;6.0;181;test
3;7;0.0;2;True;3;16.44;94.0;15.0;170;test
1;2;0.0;2;True;1;7.04;93.0;15.0;8;test
11;12;0.0;5;True;0;10.8;43.0;19.0;290;test
6;9;0.0;0;False;0;18.32;68.0;11.0;274;test
1;5;0.0;1;True;0;1.4;51.0;9.0;26;test
8;11;0.0;5;True;1;31.48;49.0;19.0;263;test
10;7;0.0;0;False;1;15.5;59.0;20.0;65;test
